,0,1,2,3,4,5,6,7,8,9,10,11,12,13,14,15,16,17,18,19,20,21,22,23,24,25,26,27,28,29,30,31,32,33,34,35,36,37,38,39,40,41,42,43,44,45,46,47,48,49,50,51,52,53,54,55,56,57,58,59,60,61,62,63,64,65,66,67,68,69,70,71,72,73,74,75,76,77,78,79,80,81,82,83,84,85,86,87,88,89,90,91,92,93,94,95,96,97,98,99,100,101,102,103,104,105,106,107,108,109,110,111,112,113,114,115,116,117,118,119,120,121,122,123,124,125,126,127,128,129,130,131,132,133,134,135,136,137,138,139,140,141,142,143,144,145,146,147,148,149,150,151,152,153,154,155,156,157,158,159,160,161,162,163,164,165,166,167,168,169,170,171,172,173,174,175,176,177,178,179,180,181,182,183,184,185,186,187,188,189,190,191,192,193,194,195,196,197,198,199,200,201,202,203,204,205,206,207,208,209,210,211,212,213,214,215,216,217,218,219,220,221,222,223,224,225,226,227,228,229,230,231,232,233,234,235,236,237,238,239,240,241,242,243,244,245,246,247,248,249,250,251,252,253,254,255,256,257,258,259,260,261,262,263,264,265,266,267,268,269,270,271,272,273,274,275,276,277,278,279,280,281,282,283,284,285,286,287,288,289,290,291,292,293,294,295,296,297,298,299,300,301,302,303,304,305,306,307,308,309,310,311,312,313,314,315,316,317,318,319,320,321,322,323,324,325,326,327,328,329,330,331,332,333,334,335,336,337,338,339,340,341,342,343,344,345,346,347,348,349,350,351,352,353,354,355,356,357,358,359,360,361,362,363,364,365,366,367,368,369,370,371,372,373,374,375,376,377,378,379,380,381,382,383,384,385,386,387,388,389,390,391,392,393,394,395,396,397,398,399,400,401,402,403,404,405,406,407,408,409,410,411,412,413,414,415,416,417,418,419,420,421,422,423,424,425,426,427,428,429,430,431,432,433,434,435,436,437,438,439,440,441,442,443,444,445,446,447,448,449,450,451,452,453,454,455,456,457,458,459,460,461,462,463,464,465,466,467,468,469,470,471,472,473,474,475,476,477,478,479,480,481,482,483,484,485,486,487,488,489,490,491,492,493,494,495,496,497,498,499,500,501,502,503,504,505,506,507,508,509,510,511,512,513,514,515,516,517,518,519,520,521,522,523,524,525,526,527,528,529,530,531,532,533,534,535,536,537,538,539,540,541,542,543,544,545,546,547,548,549,550,551,552,553,554,555,556,557,558,559,560,561,562,563,564,565,566,567,568,569,570,571,572,573,574,575,576,577,578,579,580,581,582,583,584,585,586,587,588,589,590,591,592,593,594,595,596,597,598,599,600,601,602,603,604,605,606,607,608,609,610,611,612,613,614,615,616,617,618,619,620,621,622,623,624,625,626,627,628,629,630,631,632,633,634,635,636,637,638,639,640,641,642,643,644,645,646,647,648,649,650,651,652,653,654,655,656,657,658,659,660,661,662,663,664,665,666,667,668,669,670,671,672,673,674,675,676,677,678,679,680,681,682,683,684,685,686,687,688,689,690,691,692,693,694,695,696,697,698,699,700,701,702,703,704,705,706,707,708,709,710,711,712,713,714,715,716,717,718,719,720,721,722,723,724,725,726,727,728,729,730,731,732,733,734,735,736,737,738,739,740,741,742,743,744,745,746,747,748,749,750,751,752,753,754,755,756,757,758,759,760,761,762,763,764,765,766,767,768,769,770,771,772,773,774,775,776,777,778,779,780,781,782,783,784,785,786,787,788,789,790,791,792,793,794,795,796,797,798,799,800,801,802,803,804,805,806,807,808,809,810,811,812,813,814,815,816,817,818,819,820,821,822,823,824,825,826,827,828,829,830,831,832,833,834,835,836,837,838,839,840,841,842,843,844,845,846,847,848,849,850,851,852,853,854,855,856,857,858,859,860,861,862,863,864,865,866,867,868,869,870,871,872,873,874,875,876,877,878,879,880,881,882,883,884,885,886,887,888,889,890,891,892,893,894,895,896,897,898,899,900,901,902,903,904,905,906,907,908,909,910,911,912,913,914,915,916,917,918,919,920,921,922,923,924,925,926,927,928,929,930,931,932,933,934,935,936,937,938,939,940,941,942,943,944,945,946,947,948,949,950,951,952,953,954,955,956,957,958,959,960,961,962,963,964,965,966,967,968,969,970,971,972,973,974,975,976,977,978,979,980,981,982,983,984,985,986,987,988,989,990,991,992,993,994,995,996,997,998,999,1000,1001,1002,1003,1004,1005,1006,1007,1008,1009,1010,1011,1012,1013,1014,1015,1016,1017,1018,1019,1020,1021,1022,1023,1024
0,4,5,6,4,4,5,5,4,5,4,3,3,3,4,3,4,4,4,4,4,4,6,4,3,5,5,6,6,5,5,3,3,4,5,5,6,5,4,4,3,3,3,3,2,2,3,4,6,5,6,5,6,7,8,6,4,4,6,5,3,4,6,6,3,3,4,5,5,6,7,6,4,4,4,4,4,6,6,6,6,5,4,3,6,8,6,4,3,3,4,4,5,5,7,6,1,2,1,1,3,4,5,3,4,5,7,7,4,4,4,4,4,6,4,5,6,5,4,5,4,3,5,5,3,4,4,4,5,4,4,5,5,5,6,7,6,6,5,5,3,2,4,6,3,3,4,3,3,4,5,5,5,4,4,6,6,5,4,4,4,6,7,6,5,4,5,5,3,4,6,6,6,4,4,4,3,6,5,3,2,4,5,4,3,4,4,4,3,2,2,2,2,4,4,4,4,5,4,4,4,5,6,6,5,5,5,4,4,4,5,5,4,3,5,5,5,4,4,5,5,5,5,4,3,3,4,3,2,2,2,3,6,5,4,4,4,2,3,3,2,2,4,4,3,4,4,4,4,4,4,5,5,4,3,4,4,5,5,4,3,4,4,2,1,1,2,3,2,3,4,5,6,4,3,4,4,3,2,3,4,4,4,4,4,6,6,4,2,3,5,5,4,4,5,4,4,2,2,3,5,5,5,4,3,3,3,3,3,3,3,4,5,6,5,4,3,4,4,4,3,2,2,3,4,3,4,2,1,3,4,4,3,3,3,2,3,3,3,4,5,5,6,6,5,4,5,6,5,4,6,4,1,3,4,4,3,4,5,4,3,5,5,5,4,4,4,4,5,4,3,4,5,6,6,5,3,6,7,5,4,4,5,4,4,5,5,5,5,4,3,3,2,2,3,4,3,3,1,3,3,3,4,4,3,4,5,5,3,3,5,5,5,6,4,3,4,5,5,4,4,5,5,6,4,3,2,2,3,1,4,3,4,3,7,8,5,3,4,6,7,6,4,4,4,5,5,4,2,3,4,4,3,5,3,3,5,5,6,6,6,6,5,4,3,3,3,3,5,6,5,4,4,3,2,3,4,5,5,3,3,4,5,5,5,5,4,4,4,3,2,2,4,5,5,5,4,4,4,4,5,5,5,4,4,4,4,4,4,4,4,4,3,3,2,2,3,2,3,3,2,2,2,3,4,4,4,4,5,7,7,6,5,5,6,8,3,2,4,5,5,4,3,2,4,4,4,5,5,4,4,5,5,5,5,5,5,5,5,2,3,3,3,3,3,4,3,4,3,2,3,3,4,3,4,4,4,4,5,4,2,3,4,5,6,6,4,4,3,2,4,4,5,5,4,4,3,5,5,5,4,3,4,5,5,4,5,6,6,5,3,2,4,4,4,5,3,3,2,3,3,2,2,2,2,3,4,4,4,4,4,4,3,3,3,5,4,5,5,3,2,2,2,2,2,2,3,3,5,5,5,5,4,3,3,4,4,3,3,2,3,4,5,4,3,4,5,6,5,4,3,2,3,4,3,3,3,3,5,4,3,3,3,2,1,2,3,3,4,5,5,4,4,4,3,3,4,3,3,3,3,3,3,4,5,6,3,4,4,5,5,4,2,2,4,3,3,5,5,3,2,3,3,2,2,2,3,4,3,3,3,4,4,4,3,4,5,5,6,6,5,4,3,3,3,3,3,3,3,3,3,3,4,5,6,6,5,3,4,5,5,5,3,5,5,4,3,4,3,2,3,3,3,2,4,3,1,3,3,6,6,7,5,3,0,2,3,3,4,4,3,3,4,4,4,4,4,4,4,4,4,3,3,3,5,6,6,6,5,5,5,5,5,5,6,6,5,4,4,4,4,4,5,5,3,4,4,5,4,4,3,0,3,7,5,3,4,4,3,4,6,7,5,5,4,2,2,1,2,3,4,5,5,4,4,4,4,5,4,4,4,3,3,2,3,5,4,3,3,3,2,3,3,3,3,5,5,2,4,3,3,4,3,3,4,5,5,4,3,2,2,2,2,2,2,2,4,4,1,2,4,3,1,1,3,4,4,5,4,3,5,4,3,3,3,3,3,3,3,3,2,1,0,3,3,3,0,3,1,3,4,4,3,3,3,4,4,3,3,3,3,3,3,4,5,5,5,5,6,6,4,5,4,3,3,4,4,4,4,2,2,1,3,5,4,4,5,6,5,5,4,2,2,4,4,4,3,3,3,4,4,4,3,2,2,3,3,2,3,3,2,4,4,4,5,3,2,4,4,3,2,2,1,1,2,2,3,3,2,3,2,2,3,5,5,4,5,5,5,5,5,5,4,4,4,5
1,3,3,3,3,3,3,3,2,1,1,1,1,1,1,2,3,3,3,2,1,2,2,3,3,2,2,2,2,3,3,2,3,3,3,3,3,3,5,9,6,5,5,3,1,2,2,2,2,2,2,3,3,4,3,4,6,6,5,3,3,3,3,4,1,1,1,2,1,2,1,1,0,0,1,2,2,1,2,1,1,1,1,1,2,1,2,2,1,1,2,2,1,1,1,1,3,3,4,3,3,3,3,4,4,4,3,3,3,4,4,4,3,2,2,3,3,3,2,1,2,2,2,2,2,2,2,3,2,3,3,3,2,2,2,3,3,4,3,3,3,2,2,1,2,2,3,2,2,3,3,3,2,2,2,3,3,3,3,3,2,3,3,3,3,3,3,2,3,4,2,2,2,2,2,3,3,3,3,3,3,2,3,2,3,3,3,3,3,3,3,3,3,3,3,4,4,4,4,4,3,3,3,3,3,4,4,4,5,4,5,4,3,4,3,3,2,2,4,3,4,2,4,3,2,3,3,3,3,3,5,2,1,2,2,4,4,2,2,3,1,1,2,3,3,2,2,2,2,2,2,2,2,2,2,3,3,3,3,3,3,3,3,3,2,2,2,2,2,2,3,3,3,3,3,3,3,4,3,1,2,4,5,4,3,1,1,2,3,3,2,2,3,3,3,2,2,1,2,2,2,3,3,3,3,3,3,3,3,3,3,3,3,3,3,3,3,3,3,3,3,4,4,3,2,1,2,3,3,2,2,1,1,1,2,3,2,2,1,1,1,2,2,2,3,3,2,3,4,5,3,1,3,3,2,1,1,3,4,5,4,3,3,3,3,3,3,3,3,2,0,2,3,2,0,1,3,3,1,1,3,4,4,2,1,1,1,2,2,2,2,3,3,2,2,3,3,3,2,1,3,3,3,3,3,3,3,3,3,2,2,2,2,2,3,3,4,3,1,1,3,4,4,4,2,3,3,3,3,3,3,3,3,3,3,3,3,3,3,3,2,1,2,2,2,3,3,4,2,2,2,1,1,3,3,3,1,0,1,2,2,2,3,3,4,3,4,3,2,2,3,3,3,3,4,4,3,1,1,2,1,1,1,1,1,1,1,1,1,0,2,4,4,5,3,4,4,3,3,3,3,3,3,3,2,2,2,2,2,2,2,2,3,3,4,3,3,3,3,3,2,4,3,3,4,4,4,4,2,2,3,3,3,4,4,3,1,2,2,2,3,3,2,1,1,1,2,2,3,3,4,4,3,3,3,3,3,3,2,2,2,2,3,3,3,4,3,3,2,2,3,3,4,4,3,3,1,1,2,3,2,1,1,2,3,3,2,3,3,4,4,4,3,3,3,3,4,4,3,4,3,3,3,3,1,2,1,1,4,3,3,3,3,4,5,5,3,3,3,3,3,3,3,3,3,2,2,2,2,2,2,3,1,1,1,1,1,2,4,4,2,2,2,2,2,2,2,2,2,4,3,1,2,3,3,2,1,2,2,2,1,1,1,2,2,2,3,3,4,4,4,4,2,2,2,2,2,2,2,2,2,2,2,3,3,3,3,3,2,1,2,2,2,2,1,0,3,2,2,2,1,2,2,3,3,2,3,4,4,4,3,2,1,1,1,2,3,3,3,3,2,1,1,1,2,2,1,1,2,2,3,4,3,3,2,2,2,3,3,3,2,2,3,4,1,1,1,1,2,2,2,2,2,2,3,4,3,3,3,3,3,3,3,3,3,3,3,3,3,2,2,4,5,6,4,2,2,3,3,3,2,3,3,2,2,2,2,3,2,3,2,2,1,2,3,3,3,2,1,1,3,3,3,3,3,3,3,3,2,2,2,2,2,2,2,3,2,2,2,2,2,2,2,2,2,2,2,2,2,2,2,2,3,3,3,3,3,3,3,3,5,4,4,4,3,3,2,2,2,2,2,2,2,2,2,2,2,2,1,1,3,4,3,2,4,4,4,3,3,2,3,3,3,3,3,3,3,3,3,3,2,2,2,2,3,3,3,3,2,2,2,2,2,2,2,2,1,2,3,3,3,3,2,2,2,2,1,1,1,1,2,2,1,2,3,3,3,3,2,2,3,3,3,3,3,3,3,2,2,3,4,4,4,4,3,3,3,3,3,3,3,3,3,3,3,3,3,3,3,3,3,3,2,1,0,1,1,3,4,4,4,3,3,2,2,3,5,6,4,4,4,3,2,2,2,2,0,1,1,3,4,3,1,1,2,2,2,3,3,3,3,3,2,3,3,3,3,2,2,1,2,2,3,3,3,2,2,1,2,2,2,2,2,2,2,2,1,1,1,1,2,2,2,2,2,2
2,2,2,2,2,2,2,3,2,2,2,3,3,3,3,2,1,2,2,3,3,2,1,2,5,3,2,1,1,2,2,3,3,3,3,3,3,3,3,3,2,2,3,3,3,3,3,4,2,2,1,1,1,2,2,1,2,4,2,2,2,3,2,3,3,2,2,2,2,3,3,2,3,4,3,3,3,3,3,3,2,1,2,2,3,3,3,4,2,1,1,2,1,1,1,1,3,2,2,2,2,2,2,1,0,1,1,1,2,2,2,2,1,2,2,2,3,3,3,2,2,3,2,3,3,3,3,4,3,3,2,3,2,2,3,2,4,4,4,3,4,3,4,3,2,3,2,2,2,2,3,3,3,3,3,3,4,3,4,4,4,4,4,3,3,4,5,5,3,3,4,4,3,3,3,4,2,2,4,4,3,2,2,4,3,2,2,2,2,2,2,2,2,2,2,3,2,3,3,4,3,4,4,4,4,4,4,4,3,2,4,5,5,3,2,3,1,1,2,0,0,1,2,3,1,1,2,2,3,4,3,2,2,2,2,3,4,4,4,4,2,1,2,3,3,2,2,2,2,2,3,3,2,3,3,4,3,3,4,4,4,5,5,4,4,4,3,4,2,3,3,4,4,2,2,2,2,2,4,3,1,3,3,4,5,4,4,3,3,4,4,2,2,2,3,1,1,1,1,1,1,1,1,1,2,2,2,2,2,3,3,4,4,3,3,3,2,2,2,2,4,4,2,2,2,3,4,5,5,5,4,3,3,2,0,2,2,2,1,1,1,1,1,1,3,2,1,2,1,2,1,2,2,2,2,2,2,2,3,3,3,2,2,3,3,3,4,4,4,2,1,2,4,2,0,2,3,1,1,2,2,2,3,3,5,5,4,4,3,3,3,3,5,4,4,3,3,4,3,3,1,1,2,2,4,4,4,3,1,2,3,3,3,3,3,3,3,1,1,3,3,3,3,2,2,3,2,2,3,3,3,3,3,4,3,3,4,4,3,3,3,3,2,2,3,2,2,2,2,2,2,2,2,2,2,2,3,4,4,3,3,3,4,3,2,2,2,2,2,2,2,2,2,2,2,2,2,2,2,2,1,1,2,2,2,2,2,1,4,4,4,3,3,3,3,2,0,1,2,1,1,1,2,2,3,4,5,4,4,3,4,4,3,5,4,3,2,2,3,2,2,2,1,2,2,2,2,3,2,2,2,2,2,2,2,2,4,4,4,4,3,4,4,4,5,2,1,2,2,3,3,3,2,3,3,3,3,3,3,3,2,2,2,2,3,3,3,3,3,2,3,3,3,3,2,2,1,2,4,5,5,3,2,2,1,1,3,3,4,4,3,3,2,1,3,3,3,4,2,2,2,4,4,3,3,3,3,3,3,3,3,3,3,3,2,1,2,2,2,1,1,1,2,2,3,3,3,3,3,4,4,4,4,4,3,3,3,3,3,3,4,3,2,4,4,4,3,3,5,5,5,7,6,5,4,3,1,1,1,1,1,1,1,1,4,6,4,4,4,5,6,6,3,2,2,2,2,2,2,2,1,1,1,1,1,1,1,1,2,2,2,2,2,2,1,1,2,2,2,2,2,2,1,1,4,3,3,3,3,3,3,3,3,3,3,2,2,2,3,3,2,2,2,3,3,3,3,3,3,2,2,2,2,2,2,2,0,0,2,3,4,4,2,0,1,2,2,2,2,2,2,2,3,2,2,2,3,3,3,4,3,2,2,1,3,3,4,4,4,3,2,2,2,2,2,3,2,3,4,3,3,1,2,3,4,4,4,4,4,4,4,4,6,5,3,4,4,4,3,3,1,1,2,2,2,2,1,1,1,1,1,1,2,3,2,2,1,1,1,1,1,1,1,1,3,3,3,3,3,3,3,4,3,4,4,3,2,2,2,1,2,2,2,2,2,2,2,2,2,2,3,3,3,3,3,3,3,3,3,3,3,3,3,4,3,3,3,3,3,3,3,4,4,3,3,3,3,3,3,2,2,2,2,2,2,2,2,3,4,3,2,2,2,2,1,2,2,1,1,1,1,1,1,0,1,3,4,3,3,2,3,3,2,2,2,2,2,2,2,3,2,2,3,3,3,4,4,4,1,2,2,2,2,2,3,3,1,3,3,3,4,4,3,3,1,1,2,2,2,2,1,1,2,2,2,2,3,3,3,3,1,1,1,1,1,1,1,1,1,1,2,2,2,1,1,1,1,2,2,3,2,3,3,4,5,4,3,3,3,3,2,3,3,3,2,2,3,3,2,2,3,3,3,3,3,3,3,3,1,2,2,2,2,3,3,3,4,2,2,4,4,4,3,2,1,3
3,4,4,4,4,2,2,2,3,3,3,2,0,1,2,4,3,2,2,2,2,1,2,2,3,3,2,1,2,2,3,3,3,3,4,4,4,3,3,4,4,6,5,4,2,1,3,3,3,2,2,2,2,2,2,2,2,2,2,2,3,3,3,3,2,1,1,1,3,4,3,2,0,2,3,3,2,3,3,3,1,0,3,4,5,5,2,1,2,2,2,2,2,2,2,2,2,2,2,2,2,2,3,2,3,3,3,1,2,2,3,3,1,1,3,3,3,4,3,3,3,5,4,3,4,5,4,3,3,3,3,3,3,3,3,3,3,2,3,3,3,3,3,3,1,1,1,1,1,1,1,1,2,2,2,2,1,1,1,2,3,3,2,2,2,3,3,2,1,1,2,2,2,2,2,2,4,4,3,3,3,3,3,3,2,2,2,2,3,3,3,3,3,3,2,3,3,4,4,4,3,3,3,2,3,4,4,3,0,1,2,2,2,3,3,3,3,3,2,2,3,3,3,2,3,3,3,3,3,3,3,3,3,3,4,4,2,2,1,1,3,4,4,4,3,3,3,2,3,2,2,2,2,2,2,2,3,3,3,3,3,3,3,3,1,1,1,1,2,2,2,2,2,3,3,3,3,3,4,4,2,2,2,2,2,2,2,3,4,4,4,4,3,3,2,3,3,3,3,3,3,3,3,3,3,3,4,4,3,3,3,3,3,3,3,2,2,2,3,3,2,2,2,2,2,2,2,3,4,3,3,3,3,2,2,3,4,4,3,3,4,4,3,3,3,3,3,2,3,2,2,3,5,3,2,2,2,2,2,3,3,3,3,3,3,3,3,3,4,4,4,4,4,4,4,4,2,2,2,2,2,2,2,2,2,2,2,2,2,1,1,1,2,3,4,4,4,4,3,3,3,3,3,3,3,3,3,3,2,2,3,3,3,2,3,3,3,3,3,3,3,3,3,3,2,2,2,2,2,2,2,2,2,1,1,2,2,3,3,4,3,1,1,1,1,1,1,1,0,2,4,3,2,2,3,3,3,2,3,3,2,2,2,1,3,3,3,1,1,1,3,3,3,3,1,0,2,2,2,3,3,3,3,3,3,3,3,3,3,2,2,3,3,2,2,2,2,1,1,1,2,2,2,2,1,1,2,2,2,3,3,3,3,3,3,3,2,2,2,2,1,1,1,1,1,1,1,1,4,3,3,3,3,3,2,1,4,4,2,2,2,2,3,4,6,6,6,5,4,3,3,3,3,4,6,6,5,3,3,4,2,2,3,3,3,4,5,4,4,4,3,3,3,3,3,3,3,4,3,3,3,3,3,2,4,4,5,5,5,6,6,5,3,2,1,1,2,2,3,3,2,2,2,2,2,2,2,2,3,3,3,2,2,2,2,2,3,3,3,4,4,4,3,3,4,4,4,4,4,4,4,4,3,3,3,3,4,4,4,3,3,2,2,2,3,3,3,2,3,3,2,1,1,2,3,3,0,1,2,1,1,2,3,2,1,2,1,1,2,3,4,4,1,1,1,1,2,2,2,2,2,2,2,2,2,2,2,2,3,4,2,1,1,1,3,4,2,1,2,2,3,3,3,2,3,3,3,3,3,3,3,3,2,2,2,1,2,3,4,4,3,3,3,3,3,3,3,3,3,3,1,1,1,1,2,3,4,3,3,3,3,3,3,3,3,3,2,2,3,3,3,3,2,2,2,2,2,2,3,3,2,2,2,2,2,2,2,2,3,3,3,3,3,2,3,3,3,3,3,3,3,3,3,3,2,3,3,3,4,4,4,3,1,3,4,4,4,3,4,4,3,3,3,3,3,3,3,3,3,2,2,2,2,3,3,3,2,2,3,3,4,4,3,3,4,3,3,3,3,4,4,4,2,2,2,2,2,3,3,2,3,3,3,3,4,4,3,2,2,1,1,1,1,1,1,1,1,1,3,4,4,2,2,1,1,1,1,1,1,1,1,1,1,2,3,3,3,3,4,4,1,0,2,2,3,3,3,4,4,3,3,3,3,3,3,3,2,2,2,3,2,3,3,2,1,2,4,4,4,2,2,3,2,2,2,2,2,2,2,2,3,2,2,2,2,2,2,2,1,2,2,2,2,3,3,3,3,2,2,1,1,2,3,5,2,2,2,2,2,2,2,2,3,3,3,3,3,3,3,3,4,5,4,4,4,3,1,1,2,2,1,2,3,2,2,2,2,2,2,2,2,2,2,2,2,2,2,2,2,2,2,2,3,3,3,3,2,2,1,2,3,3,3,4,4,3,3,3,2,2,1,2,2,2,2,2,2,2,2,2,2,2,2,2,2,2
4,2,2,2,2,2,2,2,2,2,2,2,3,3,4,4,3,3,3,3,2,3,3,3,3,3,3,4,4,3,3,2,2,2,2,2,3,3,3,3,4,3,3,2,2,3,3,4,2,3,2,1,1,3,4,4,3,1,2,1,1,1,3,4,1,2,4,4,5,4,3,1,0,1,1,2,3,3,3,3,2,2,2,2,2,2,2,2,2,3,3,3,3,2,1,2,2,1,2,2,0,0,3,3,2,3,3,4,3,3,2,3,5,4,2,1,1,2,3,3,4,3,2,1,2,3,4,3,0,1,2,2,2,4,4,4,4,4,4,4,4,4,4,4,3,4,4,3,2,2,3,3,3,2,2,2,2,2,2,2,2,2,2,2,2,1,2,1,3,5,4,3,3,3,3,2,3,3,3,3,3,3,3,3,2,2,2,2,2,2,3,3,3,4,4,3,3,3,3,4,3,3,2,1,1,1,1,1,3,4,3,3,2,2,3,3,3,2,3,2,3,3,3,3,1,1,1,1,1,1,1,1,3,3,4,3,2,1,3,5,3,1,1,1,2,2,3,4,2,2,3,3,1,0,1,1,4,4,4,3,3,3,3,4,4,4,4,4,4,4,3,3,2,1,1,2,3,3,2,2,1,1,4,4,4,4,1,1,2,3,2,2,3,3,5,3,3,2,3,3,3,3,3,2,2,1,2,3,2,3,3,2,1,1,2,2,2,2,1,1,3,3,3,3,2,2,2,2,3,3,3,3,2,3,3,4,3,2,3,3,3,3,3,3,3,3,3,2,2,2,3,3,3,3,4,4,5,4,4,5,1,1,1,1,1,1,1,1,2,2,1,1,1,1,1,1,2,2,3,3,2,3,3,3,2,2,2,3,3,3,4,3,3,2,2,2,2,2,3,2,5,6,5,5,5,4,4,4,4,3,3,3,3,4,5,4,2,3,4,5,5,4,3,3,5,5,5,5,4,3,2,2,2,3,3,3,3,2,2,2,3,4,3,4,3,3,3,3,3,3,3,3,3,3,3,3,3,3,3,4,4,5,4,3,3,3,3,4,3,3,2,2,5,4,2,1,3,3,4,3,2,3,2,2,3,3,3,3,3,2,2,2,2,2,2,2,5,5,4,4,4,5,5,5,3,3,3,3,3,3,3,3,2,2,3,2,1,1,2,3,2,1,1,1,3,3,2,2,2,3,3,3,3,3,3,3,2,2,2,2,3,3,3,3,3,2,2,3,3,3,3,3,1,2,1,2,2,2,2,3,3,3,3,3,3,3,3,3,4,3,2,2,3,3,3,3,3,3,3,3,3,3,2,2,2,3,2,2,2,2,1,2,3,2,3,3,3,3,3,3,2,3,3,3,3,3,3,4,4,3,4,4,3,3,3,3,3,3,4,3,2,2,2,3,3,3,3,3,4,3,4,3,2,2,1,2,1,2,2,2,3,3,3,4,2,2,1,2,3,3,4,4,4,3,2,2,1,2,2,3,3,3,2,2,3,3,3,3,3,3,3,3,2,3,2,2,1,1,2,3,4,2,2,2,3,3,2,4,4,2,4,3,2,3,2,3,2,1,1,2,3,2,1,1,2,2,3,3,3,3,2,2,3,3,4,3,4,4,4,3,3,4,4,4,3,3,3,2,0,2,3,3,2,1,1,1,2,3,3,3,3,2,3,2,1,2,2,2,4,4,3,3,3,3,3,3,3,3,4,4,1,1,1,1,1,1,1,2,3,2,3,3,3,3,2,3,3,2,2,2,2,3,3,4,3,3,4,4,3,3,3,3,2,2,3,1,1,1,0,1,4,3,5,5,4,2,2,5,3,3,3,3,4,4,4,2,2,3,3,4,3,3,3,2,2,2,2,3,3,3,3,3,2,2,2,3,3,3,3,3,2,2,2,2,3,3,3,2,3,4,1,2,3,2,4,4,4,3,2,2,2,2,1,2,4,4,3,2,2,3,4,4,3,3,3,3,3,3,3,3,2,4,4,2,2,4,4,2,2,2,3,3,3,3,3,2,3,1,0,1,1,1,1,0,3,3,3,2,1,1,3,4,2,2,2,2,2,3,3,3,3,2,2,1,1,2,2,3,3,3,3,3,3,3,3,3,3,3,3,3,3,3,3,3,2,2,2,2,2,3,2,2,3,3,3,3,2,2,2,2,2,2,3,3,2,1,2,2,3,3,3,3,3,3,3,3,2,2,2,2,2,3,3,3,5,4,3,3,3,3,4,5,3,3,2,2,2,1,1,1,2,2,1,1,1,1,2,2,2,2,3,3,3,3,4,4,3,3,3,3,3,3,3,3,2,3
5,2,2,2,2,2,2,2,2,2,2,2,2,2,2,3,1,2,2,1,1,1,3,3,5,5,3,3,3,4,4,2,2,3,4,4,3,3,4,5,3,4,4,4,4,4,5,4,4,5,3,2,1,1,3,5,4,3,3,4,4,4,5,5,3,2,2,2,3,3,2,2,2,1,1,1,1,2,1,1,4,5,5,5,5,4,5,6,3,2,2,3,4,4,4,5,1,1,1,1,1,1,1,1,2,3,3,3,3,2,2,3,3,3,2,2,2,2,2,2,2,2,2,2,3,4,4,4,3,3,2,2,3,3,3,2,1,1,1,1,1,1,3,2,0,1,3,4,4,4,3,2,2,3,4,3,4,3,3,4,2,1,2,3,2,3,3,3,4,3,4,4,4,3,3,2,3,3,2,4,5,5,3,3,4,3,3,4,2,3,3,4,2,1,1,1,1,2,2,3,3,3,2,2,3,4,4,3,3,2,3,3,3,2,3,5,5,4,4,3,2,2,3,3,3,2,2,2,2,2,2,3,3,4,4,3,3,3,3,4,3,2,2,2,3,4,3,4,3,2,2,2,3,3,2,2,3,2,1,1,2,3,3,3,4,4,3,3,3,2,2,2,2,1,1,2,3,3,1,1,1,1,3,4,4,4,3,2,1,1,1,1,2,2,2,2,4,3,3,3,2,2,2,3,3,5,6,5,5,3,3,3,2,2,3,3,3,4,3,3,3,3,4,3,3,3,3,3,3,2,2,2,2,3,3,3,2,2,1,2,2,3,3,2,2,2,3,3,3,3,3,3,4,3,2,2,2,2,3,3,3,3,3,3,3,4,4,4,3,2,3,3,3,3,2,2,3,3,2,3,4,4,5,6,3,1,3,4,4,2,3,3,4,4,3,3,3,3,3,2,4,5,6,4,4,3,5,6,3,3,3,2,2,1,1,1,1,1,2,2,2,4,6,6,6,6,6,5,5,3,3,2,1,2,2,2,2,2,1,2,3,3,3,3,3,3,3,3,1,2,3,3,3,2,1,1,3,2,2,2,2,3,4,4,3,3,3,3,3,3,3,3,2,2,2,3,3,3,4,3,2,3,3,3,3,2,3,2,2,2,3,3,3,3,3,3,1,2,2,3,3,3,4,2,0,2,2,1,1,1,3,3,3,2,2,2,2,2,3,2,2,3,3,3,1,1,2,3,3,2,2,2,3,2,1,3,4,2,2,2,2,2,3,2,3,3,3,3,3,3,3,2,0,1,1,2,2,2,2,2,3,6,5,2,2,3,2,2,4,3,3,3,3,3,3,4,5,4,3,3,3,4,5,4,3,4,5,5,5,3,3,3,3,3,3,3,3,3,3,3,2,2,2,3,3,3,3,3,3,3,3,3,3,3,3,3,3,3,2,2,2,2,3,3,3,4,2,3,3,2,4,3,4,4,3,3,2,3,3,4,3,2,1,2,3,4,3,2,2,2,2,2,2,2,2,2,2,2,2,2,2,2,1,1,1,1,2,1,2,2,4,5,3,1,1,1,3,5,2,0,3,3,2,2,2,2,1,1,2,2,2,2,2,2,3,3,3,4,5,2,0,0,4,7,3,2,1,2,4,5,5,4,1,1,2,2,2,2,2,2,2,2,2,2,2,2,2,2,1,1,4,3,3,3,2,2,2,2,2,2,2,2,2,2,3,3,2,1,1,2,3,3,2,3,3,4,4,2,2,1,3,3,3,3,3,4,4,4,3,2,2,2,2,2,2,3,2,2,2,2,2,2,2,2,1,2,1,1,2,4,4,2,2,2,2,1,2,2,2,2,1,1,1,1,1,1,1,1,2,2,2,1,1,1,1,1,2,3,3,3,2,2,2,3,4,4,5,5,4,4,2,2,2,3,3,3,2,2,3,3,2,3,4,4,5,4,5,4,2,2,3,3,3,3,3,3,3,3,2,3,2,3,3,3,2,1,2,3,4,5,6,4,1,2,3,2,1,2,3,4,0,1,2,3,2,1,1,2,1,3,3,3,4,3,3,2,1,4,5,4,2,2,3,3,2,2,2,2,2,2,2,2,2,1,1,1,1,2,3,2,2,2,2,2,2,2,2,2,2,3,3,3,3,3,3,3,3,3,3,3,3,3,3,4,3,2,2,1,2,1,1,2,3,3,2,1,2,3,3,2,3,2,2,2,2,2,1,2,4,3,3,3,2,1,2,2,1,2,1,1,1,2,2,2,2,2,3,3,3,3,2,3,4,2,2,3,3,3,2,3,1,1,3,2,1,3,3,2,3,3,3,3,3,2,1,2,4,3,2,3,3,4,5,4,3,4
6,1,1,2,2,2,3,1,2,3,3,2,3,4,4,3,3,3,2,1,1,1,2,4,6,4,4,4,2,2,3,3,3,2,3,5,4,3,3,3,3,3,3,3,3,3,3,3,2,2,2,2,3,3,3,2,2,4,5,4,4,4,3,3,3,3,3,2,2,2,2,3,2,3,3,4,5,4,3,2,3,3,3,3,3,3,3,3,1,2,2,1,0,0,1,2,1,2,1,1,1,1,3,4,4,4,4,4,4,2,2,3,5,5,4,3,2,2,2,3,3,2,2,3,4,2,4,3,4,3,4,4,4,3,2,3,2,3,2,2,1,2,1,0,2,2,2,2,2,1,1,1,3,3,2,3,3,2,3,3,3,4,3,1,2,3,3,1,5,5,4,4,4,3,1,1,0,0,1,2,3,4,5,4,2,2,2,4,4,4,4,3,1,1,1,2,2,2,2,2,3,3,4,4,4,3,3,3,2,3,3,2,3,3,3,2,2,2,3,4,4,4,4,3,6,4,3,3,3,2,2,4,4,3,3,3,3,3,3,3,4,4,3,3,3,4,4,4,2,2,2,2,2,2,2,3,3,3,3,3,3,3,3,3,3,3,3,3,3,3,3,2,0,1,1,2,2,3,3,4,2,3,5,4,3,2,1,1,3,3,3,3,3,3,3,3,2,2,2,2,2,2,2,3,3,3,3,3,3,3,3,3,4,4,4,4,4,4,4,4,3,3,4,4,3,3,3,2,3,2,1,2,2,3,3,4,3,4,2,3,4,5,5,4,2,3,3,3,3,3,3,3,3,3,2,1,1,1,1,2,4,4,3,2,2,2,3,4,3,2,2,1,2,1,1,3,3,2,3,3,3,3,3,3,2,2,2,2,2,2,1,1,2,2,2,2,3,2,2,1,2,4,4,4,4,4,4,5,3,3,3,3,3,3,3,3,3,3,3,3,3,3,2,3,3,2,2,2,2,2,2,2,3,3,2,2,3,5,4,2,2,2,2,2,3,3,3,3,3,3,3,3,3,3,3,3,4,5,4,4,4,3,4,3,3,3,3,2,3,3,3,3,3,3,3,2,2,2,2,2,1,1,2,2,2,2,2,2,2,3,3,4,5,4,2,2,0,1,1,2,3,3,3,3,1,1,1,1,1,1,1,1,2,3,3,2,1,2,3,1,2,1,2,3,3,4,3,3,2,1,2,1,1,1,1,1,2,2,2,2,3,3,3,3,3,3,3,3,3,3,4,4,4,4,4,4,4,4,4,4,3,2,3,3,2,2,2,2,2,2,2,2,2,2,2,2,2,2,3,3,3,1,2,3,5,3,1,3,3,2,4,4,2,2,2,2,2,2,2,2,3,3,3,3,3,3,3,3,4,4,4,4,4,4,4,3,2,2,2,2,2,2,2,2,1,2,3,3,3,3,2,1,1,1,1,1,1,1,2,2,1,1,2,3,3,2,1,1,1,1,2,2,2,2,3,3,3,2,2,2,2,2,3,3,1,1,1,1,2,2,2,2,2,2,1,1,1,1,1,1,1,1,1,1,2,2,2,2,3,2,2,2,3,3,3,2,1,1,2,2,2,2,3,3,2,1,1,1,1,1,1,1,1,1,2,4,4,3,2,3,1,2,2,3,3,3,3,2,3,3,3,3,3,3,3,3,4,4,2,2,3,3,2,2,2,3,2,2,2,2,2,2,2,2,2,2,3,3,3,3,4,4,4,4,3,4,6,5,3,3,3,3,3,3,3,3,3,3,3,3,2,2,2,2,2,1,1,1,1,2,2,1,3,3,3,3,2,2,2,2,2,1,3,3,3,3,3,1,1,3,4,4,4,3,2,1,2,2,1,0,1,2,2,4,2,1,4,6,6,6,3,0,0,0,1,1,1,2,3,3,4,5,4,3,3,3,3,3,2,2,2,1,2,3,3,1,1,2,2,4,5,5,5,4,3,3,2,2,3,3,2,2,4,4,3,2,2,4,4,3,2,2,2,2,2,2,2,2,3,4,4,5,5,3,3,3,2,3,3,2,3,3,3,3,4,5,4,5,4,2,3,3,2,2,2,1,2,1,1,1,1,1,1,1,1,1,1,1,1,1,2,2,2,3,3,2,3,3,2,2,2,3,4,3,3,4,1,1,2,3,3,3,1,0,0,0,1,1,1,1,3,2,2,2,2,2,3,3,2,1,2,2,4,4,2,2,3,3,3,3,3,3,3,3,2,3,2,2,2,2,2,2,3,4,1,1,2,3,3,1,3,4,4,4,4,4,4,4,4,3,0,0,2,4,4,0,2,3,3,3,3,3,5,5,2,2
7,2,3,3,2,2,3,2,2,2,2,3,3,3,1,0,3,1,1,2,2,2,2,0,3,3,2,2,2,2,2,3,1,1,2,2,1,2,2,2,3,4,5,4,3,2,3,4,6,5,3,4,5,4,3,3,1,2,2,2,2,3,4,5,3,4,3,3,3,3,3,2,2,3,3,3,3,4,4,4,4,4,4,3,3,4,4,4,2,2,2,2,2,2,2,2,3,4,3,2,2,2,2,2,2,1,1,1,1,3,3,4,3,3,3,2,3,3,3,3,3,3,2,2,2,2,2,2,2,2,2,2,3,3,2,2,2,2,2,2,2,2,3,2,3,2,2,2,1,1,1,2,4,3,4,3,3,4,4,4,1,2,2,2,2,2,1,2,2,3,4,4,3,3,4,4,4,3,3,3,3,3,3,3,4,4,4,4,3,2,3,3,2,3,3,3,4,3,2,1,1,2,2,3,3,3,4,3,2,3,3,3,3,3,4,3,2,2,3,3,3,3,3,2,3,4,5,3,2,2,2,3,4,4,3,3,3,4,4,4,1,1,2,2,2,2,4,1,2,3,2,3,3,3,2,3,5,3,3,3,3,2,1,1,2,3,2,2,3,2,1,3,4,3,3,3,2,2,1,2,2,2,3,3,3,3,3,2,2,2,3,3,3,5,5,6,5,3,3,3,3,3,3,3,2,4,3,3,3,2,1,1,2,2,2,2,2,3,3,3,3,2,2,2,2,2,2,2,3,3,3,3,3,3,3,3,2,2,2,2,2,2,2,2,4,5,3,3,5,5,4,4,3,3,3,3,4,3,3,3,1,1,1,2,3,3,3,2,4,5,5,5,4,3,4,2,1,1,2,2,3,3,3,3,3,2,2,2,2,2,2,1,3,3,4,4,2,1,1,2,2,2,3,3,4,4,6,6,2,2,3,2,2,3,3,4,3,3,3,2,2,2,2,1,3,3,3,3,3,2,2,2,2,2,3,6,7,4,2,1,2,2,3,3,4,4,4,4,4,4,4,2,0,0,0,1,2,2,2,3,5,5,4,4,3,3,3,3,3,3,3,2,1,2,2,2,1,1,2,2,4,3,2,2,3,4,5,5,2,2,2,2,2,2,2,2,3,3,3,3,3,3,3,2,2,2,3,2,2,3,3,3,4,2,2,3,4,3,3,3,4,3,3,3,2,2,2,3,3,3,3,3,3,1,1,2,2,4,5,5,4,3,3,3,3,4,3,2,1,2,3,4,4,3,5,3,1,2,2,3,1,1,1,1,0,1,4,4,4,2,3,4,4,4,2,3,4,4,5,5,5,4,3,3,3,3,2,3,3,3,2,3,3,2,2,2,2,2,2,2,2,2,2,2,2,2,2,2,5,4,4,3,3,3,2,2,2,2,2,3,4,4,4,4,3,1,1,1,2,2,2,2,4,4,4,4,5,5,5,5,2,0,1,4,5,6,5,3,2,4,3,2,2,2,4,4,3,2,0,0,0,1,2,0,1,2,4,5,4,4,3,3,2,1,2,1,1,2,2,2,1,1,2,3,3,3,3,3,3,3,3,3,3,3,3,3,4,4,3,3,3,3,2,2,3,4,3,3,3,3,3,3,3,2,2,3,3,2,3,3,2,2,3,3,4,3,3,2,2,2,2,2,2,2,2,2,4,4,3,2,2,2,3,4,3,2,1,2,4,5,5,4,5,4,2,2,3,4,4,4,2,1,1,1,1,1,2,2,2,2,1,1,1,1,1,2,3,2,2,1,2,2,2,1,1,3,2,3,2,2,2,1,1,1,2,3,3,3,3,3,3,3,3,3,2,2,2,2,3,3,3,3,3,3,3,3,3,3,3,3,3,3,3,3,4,4,3,2,2,2,2,2,2,1,1,1,2,2,2,1,4,5,4,4,4,3,3,2,3,3,2,3,4,4,3,1,2,2,2,2,2,2,2,2,4,4,4,4,4,3,3,2,3,3,3,3,3,3,3,3,3,2,2,2,2,2,2,3,2,0,2,2,2,2,2,1,4,4,4,4,3,3,3,3,4,4,3,3,3,4,4,3,5,5,3,2,2,2,3,4,1,1,1,1,1,1,1,1,4,4,4,3,4,3,3,3,3,3,3,3,4,4,4,4,3,2,1,2,2,2,2,2,1,1,2,2,3,3,3,4,3,3,3,3,2,2,2,3,3,3,2,1,2,2,3,4,3,2,2,2,3,4,4,3,3,3,3,2,2,2,3,3,4,3,4,4,2,2,3,4,3,2,4,4,2,2,2,3,4,4,4,4,4,4,4,4,5,3,2,1,1,2,2,3,2,2
8,2,2,2,3,3,2,2,3,3,3,3,3,3,3,3,3,3,3,3,3,3,3,3,4,4,3,2,2,2,2,2,3,4,4,3,4,4,1,2,5,4,3,3,2,1,1,2,4,4,3,3,3,2,1,2,3,3,3,3,3,3,3,3,1,2,2,2,2,2,3,2,2,4,4,3,3,2,2,3,4,4,4,4,4,4,4,4,3,1,1,3,4,3,1,1,4,4,4,4,4,4,4,3,2,2,2,2,2,2,2,2,4,4,4,4,4,5,5,5,3,3,4,4,4,4,5,4,2,2,2,2,2,2,2,3,4,4,4,4,3,3,3,3,4,4,6,5,5,4,4,3,3,4,4,3,2,2,1,1,2,2,2,2,3,3,3,3,2,3,3,3,3,3,2,2,2,3,3,3,2,2,2,1,2,2,2,2,3,3,2,2,2,2,2,2,3,3,3,3,2,2,2,2,2,2,2,2,3,2,2,2,2,4,4,4,4,4,3,1,2,4,4,3,4,4,2,2,2,3,4,4,4,3,4,4,3,3,4,4,2,2,2,3,3,3,3,2,1,1,1,2,2,2,2,3,3,2,2,3,3,2,3,3,2,2,2,2,3,4,3,2,3,1,2,2,2,2,2,2,3,3,2,2,3,2,2,2,4,1,2,3,3,2,4,6,3,3,3,3,3,3,3,4,3,3,3,3,3,3,3,3,1,1,1,1,1,1,1,2,2,2,2,2,2,2,2,3,3,3,3,3,1,3,4,4,1,1,2,2,3,4,4,5,3,2,3,2,2,3,3,3,2,3,2,2,3,3,2,1,2,2,2,3,3,3,2,2,1,1,1,1,1,3,4,5,2,0,1,2,2,2,2,1,1,1,1,1,2,2,2,3,2,2,2,2,2,2,2,2,3,3,3,3,3,3,3,3,3,3,3,3,3,4,4,3,3,3,3,3,3,3,3,4,4,3,3,3,3,3,3,3,1,1,2,3,2,1,3,3,3,3,3,3,3,3,1,1,5,4,2,1,1,1,2,3,3,3,4,4,3,2,2,3,2,3,3,4,4,5,4,3,2,2,2,2,3,3,5,5,2,1,1,1,2,2,3,3,2,2,2,2,3,3,3,3,1,1,1,1,1,1,1,1,4,4,4,4,3,3,3,4,1,1,2,2,1,2,3,3,2,2,2,2,2,2,2,2,3,2,1,2,2,3,3,2,2,3,3,2,2,3,3,3,5,5,4,4,4,4,4,5,3,2,2,3,3,3,2,2,3,2,3,3,2,3,3,3,2,2,4,4,3,3,2,3,2,2,4,4,4,3,3,3,3,4,4,4,4,4,4,4,3,2,2,2,2,2,2,3,2,3,2,2,2,3,2,2,3,5,3,3,2,2,2,2,3,2,2,4,3,3,3,2,2,3,3,3,3,3,2,3,2,2,2,2,3,4,4,4,3,2,3,4,5,6,6,5,3,2,3,3,3,3,3,3,0,1,1,2,2,2,3,5,4,4,4,4,4,4,4,4,0,0,1,1,2,1,2,3,4,4,2,2,1,1,2,2,4,4,5,5,4,3,2,2,3,2,2,3,3,4,3,3,3,3,3,3,3,3,3,3,2,2,2,2,2,2,3,3,2,2,2,2,1,1,1,3,4,3,3,3,2,2,2,2,4,4,4,4,4,4,4,4,3,3,3,2,2,2,2,3,2,2,2,2,2,2,2,2,1,1,1,1,1,1,1,2,3,3,3,3,3,2,3,3,3,3,3,3,3,3,3,4,4,2,2,1,2,2,3,3,2,3,3,3,3,2,1,1,2,2,1,2,3,3,3,2,4,4,4,4,4,4,4,4,2,2,3,3,2,2,2,2,2,2,1,2,2,2,2,0,3,3,4,3,3,4,5,4,3,3,3,3,3,3,3,3,2,2,1,1,2,1,0,3,3,3,3,3,2,2,2,3,3,2,2,1,1,2,1,1,3,4,4,4,3,2,2,3,2,2,3,3,3,3,2,2,1,2,2,3,3,3,1,2,4,3,1,1,2,3,3,3,1,2,2,1,1,0,0,1,1,3,2,1,0,0,1,1,2,1,1,1,1,2,2,3,4,4,4,5,5,4,3,3,3,3,2,3,3,3,3,2,2,2,2,2,2,2,2,2,2,2,3,3,3,3,3,2,0,1,1,1,1,1,1,1,3,3,4,4,3,3,2,4,3,3,3,3,2,2,2,0,3,4,3,2,1,2,3,3,2,3,2,2,3,2,2,3,3,3,3,3,3,3,3,2,2,2,2,2,2,2,2,2,2,2,3,3,3,4,4,3,2,2
9,3,3,3,3,3,3,3,2,1,2,4,2,2,2,3,2,1,3,3,4,4,3,2,2,3,3,3,3,3,3,3,5,2,2,3,2,2,2,1,2,3,4,4,5,3,3,5,5,4,2,3,3,4,4,5,2,0,0,1,3,2,0,0,1,1,1,1,2,1,1,2,2,2,3,5,5,4,2,3,1,1,1,2,2,1,2,2,2,2,4,5,3,3,4,1,0,1,2,3,4,3,3,4,3,3,1,1,1,1,1,1,2,2,2,2,3,4,3,2,3,3,4,4,3,4,3,3,2,1,2,2,2,1,2,2,3,2,3,3,3,3,2,2,4,5,5,4,2,2,4,4,1,2,2,1,2,4,4,4,4,4,3,3,2,2,3,3,3,2,1,2,3,3,1,2,2,1,2,2,2,2,3,3,2,2,3,3,2,2,3,3,2,2,2,3,4,4,4,4,2,1,2,3,3,2,2,2,2,2,3,3,3,4,5,5,4,4,3,3,3,3,3,3,1,1,1,3,3,4,4,4,1,1,2,2,2,3,3,3,2,4,3,3,4,4,3,2,1,2,3,2,2,3,1,1,2,3,3,2,2,3,3,2,3,3,2,2,3,3,2,2,2,1,2,2,3,3,2,1,3,4,4,4,3,3,3,0,3,4,5,4,4,3,3,3,1,1,1,2,3,3,3,4,3,2,4,4,4,4,4,3,1,2,2,2,2,3,3,2,2,1,1,1,1,3,4,4,0,1,1,2,3,4,4,5,2,2,2,3,3,3,2,3,3,3,3,3,3,3,2,3,2,2,2,2,2,2,2,0,1,2,2,1,2,2,1,1,2,3,3,3,3,4,4,4,3,2,2,2,2,3,2,3,4,4,5,4,4,5,5,2,1,2,2,2,3,2,1,2,4,5,5,4,3,4,3,3,4,4,4,4,4,4,4,3,5,2,1,2,2,1,2,2,3,2,3,3,3,1,2,3,5,4,3,3,3,4,5,6,3,3,3,3,3,3,3,3,1,1,3,3,2,3,3,2,1,2,1,1,2,3,3,1,2,3,3,3,3,3,3,3,4,4,3,2,3,3,2,3,1,1,2,3,3,2,1,4,3,2,1,2,4,2,1,2,2,2,2,1,2,4,4,3,1,1,1,1,2,2,3,3,1,1,0,0,0,2,2,2,2,2,3,3,3,2,2,3,2,2,2,3,3,3,4,3,3,3,3,3,3,2,4,4,4,2,3,3,2,2,3,3,2,3,3,1,1,3,1,1,0,2,4,4,4,3,3,3,1,2,2,3,4,3,3,1,1,1,2,4,4,3,3,3,3,2,2,4,3,2,2,2,5,3,4,4,2,2,4,4,2,2,3,2,2,3,2,2,2,3,3,3,4,3,4,3,3,3,3,2,3,2,1,3,2,1,0,1,3,4,4,3,5,4,2,2,4,4,4,6,1,2,2,3,2,2,2,2,2,2,2,2,2,1,3,2,1,3,4,5,5,5,4,3,3,3,3,4,3,4,4,3,1,1,2,2,1,1,1,2,2,3,4,4,4,3,3,2,2,4,3,2,3,3,3,3,3,3,2,3,2,3,3,3,3,3,3,3,3,2,3,3,3,2,1,1,2,3,3,3,4,4,3,3,3,3,2,2,3,3,3,2,2,1,1,2,3,3,2,3,3,3,4,4,2,2,1,1,2,2,1,3,2,2,2,2,2,1,1,0,0,1,1,1,2,2,2,1,2,3,4,2,2,4,5,5,4,3,3,3,3,4,3,2,2,3,2,3,1,1,2,2,1,2,4,3,2,1,2,3,4,2,1,1,2,3,4,3,2,2,2,2,2,2,2,2,3,3,3,3,3,3,3,4,4,6,7,5,4,3,3,3,3,4,5,4,2,1,3,5,4,3,3,3,3,4,5,5,4,4,4,4,4,5,5,3,1,1,2,3,3,3,2,3,4,4,3,2,2,2,2,3,3,2,3,3,3,3,3,3,3,2,1,1,1,1,1,1,1,1,1,1,1,1,1,1,3,3,3,3,4,4,2,1,3,3,4,5,5,3,3,3,0,2,3,4,4,3,3,3,4,2,3,3,2,2,1,0,2,2,3,3,2,2,2,2,3,3,3,3,2,2,3,3,3,3,3,3,3,3,3,3,1,1,1,1,1,1,1,1,1,2,2,2,2,2,2,2,1,2,2,2,2,1,2,2,2,2,3,2,2,1,1,2,2,2,2,3,3,4,3,1,1,0,1,1,2,2,2,2,2,2,4,4,1,1,2,3,1,2,2,1,1,1,1,1,2,2,2,1,1,2,2,2,1,2
10,3,3,3,3,3,3,4,3,4,3,2,2,3,4,3,2,2,2,3,3,3,3,4,5,5,3,3,3,3,2,2,3,5,4,2,2,1,1,1,2,5,9,6,2,0,2,4,4,3,1,1,1,2,2,2,1,2,2,1,1,1,1,3,3,4,2,1,2,3,5,4,1,1,3,3,2,2,2,3,4,3,3,2,3,2,4,5,3,3,6,5,4,3,3,3,5,4,4,4,4,4,4,4,2,2,2,3,3,2,3,3,1,0,1,2,4,4,4,2,2,2,2,3,4,4,3,1,2,1,1,1,2,2,1,1,1,2,2,1,1,0,1,1,4,3,4,2,1,2,1,0,0,2,3,3,3,4,4,3,2,3,3,3,3,4,4,3,3,3,3,2,2,1,2,5,3,4,6,3,2,4,3,3,3,3,2,2,2,1,1,4,0,0,1,2,3,3,2,1,3,3,3,3,2,2,3,4,1,1,1,1,1,2,1,0,0,1,1,2,2,3,1,1,4,3,4,4,4,3,4,4,4,4,3,3,4,4,4,3,3,3,3,3,3,3,3,4,3,1,2,3,3,3,2,1,2,2,2,3,3,3,3,2,2,2,2,2,2,3,2,2,6,5,5,5,2,2,2,1,3,2,3,3,2,3,3,3,2,2,2,2,2,2,2,2,3,3,3,3,3,3,3,3,1,3,4,3,3,3,2,2,1,1,1,1,2,2,4,3,1,1,1,1,1,1,0,1,2,2,3,2,2,2,3,3,2,2,2,2,2,3,2,3,1,1,1,2,2,3,3,3,3,3,3,2,1,2,2,2,1,1,2,1,2,2,2,3,4,5,4,3,1,2,4,4,1,1,2,2,2,2,3,3,3,3,1,1,3,5,3,1,3,2,1,2,4,4,3,1,2,3,4,4,3,2,1,3,1,1,2,3,4,3,4,2,3,3,3,3,3,3,3,3,1,2,3,2,2,3,1,0,2,2,2,3,5,6,4,4,5,4,4,4,4,4,5,4,3,2,2,2,2,3,3,1,2,2,2,4,3,4,3,4,3,3,4,4,3,4,4,4,2,2,3,3,3,4,4,3,5,4,2,3,3,2,1,0,1,1,1,0,1,1,2,1,2,2,3,3,2,3,3,2,2,1,3,3,1,1,3,2,4,3,3,3,1,1,0,0,2,3,4,4,4,3,2,2,2,2,2,2,2,2,2,2,2,2,2,2,2,2,2,2,1,2,3,2,4,4,5,4,2,4,4,4,5,5,5,3,4,4,4,3,3,3,3,4,0,0,1,1,1,1,2,2,2,3,3,3,3,3,2,2,7,5,5,3,3,4,3,3,1,2,2,1,1,3,3,3,3,3,3,3,3,3,4,2,0,2,2,4,3,3,4,4,6,3,4,3,5,4,2,4,2,3,1,1,1,1,3,2,2,4,3,2,0,2,3,4,3,4,3,2,2,3,3,2,2,3,2,1,0,0,2,2,2,1,2,1,0,1,2,2,5,5,3,1,2,3,5,5,2,2,2,2,2,2,2,2,3,3,3,3,3,3,3,3,3,2,2,2,2,2,2,2,1,1,1,1,2,1,1,1,3,1,1,1,1,2,2,2,2,1,2,3,1,2,2,1,1,1,0,0,0,0,1,2,2,2,4,4,1,2,2,2,2,3,3,2,3,3,3,3,7,5,3,4,3,4,5,5,4,4,4,5,5,4,4,4,2,1,2,2,2,2,3,3,1,2,2,2,2,2,2,2,3,2,3,3,1,2,2,2,1,1,1,2,2,3,4,4,4,3,2,2,1,1,2,1,2,3,3,3,3,3,2,1,4,3,3,3,4,4,3,5,5,4,4,4,4,4,4,4,2,1,1,2,3,2,1,1,1,1,1,1,1,1,1,1,1,1,2,1,2,2,3,3,5,4,3,3,3,3,3,4,1,0,0,2,3,3,4,4,1,2,2,2,3,3,3,3,3,3,3,3,3,3,3,3,2,2,1,2,2,2,2,1,2,1,2,3,3,3,4,3,1,1,1,1,0,0,0,1,3,4,3,3,3,2,3,3,2,3,4,4,3,3,3,3,1,1,2,2,3,3,4,4,3,4,4,3,3,4,5,4,2,2,2,3,3,2,2,2,2,2,2,2,3,3,3,3,2,2,2,2,2,2,2,2,4,3,4,4,4,4,5,4,3,3,3,1,2,3,3,3,3,3,3,3,3,3,4,3,2,3,3,3,3,4,2,3,1,2,2,1,2,1,2,1,2,2,1,2,2,2,2,2,2,2,3,3,3,4,4,3,2,2,0,1,2,3,5,3,2,3
11,3,4,3,2,2,2,3,3,2,3,3,2,2,3,4,6,6,6,5,3,3,3,4,5,5,4,2,2,2,3,4,4,3,4,5,5,4,4,3,4,7,6,2,1,2,3,2,2,1,2,2,3,3,3,3,2,1,2,3,1,2,2,4,3,2,2,2,3,3,3,3,2,2,3,3,3,3,3,3,1,0,2,2,2,3,3,3,4,4,4,3,3,2,3,4,2,0,1,2,2,0,0,2,2,2,2,2,3,3,2,1,2,2,3,3,3,3,2,2,4,4,4,4,3,4,5,4,1,1,4,5,6,4,3,0,3,2,2,2,1,2,3,4,1,1,4,5,4,5,5,4,4,3,2,2,2,3,2,1,4,4,3,3,2,2,3,4,3,4,4,5,6,4,3,2,2,1,2,3,3,2,2,1,2,3,2,2,3,3,3,2,1,2,3,2,1,2,4,3,3,2,2,2,3,5,3,1,2,1,1,3,2,3,4,5,3,3,3,3,2,2,3,3,3,2,1,1,2,3,4,5,3,3,3,2,3,4,3,1,1,2,2,3,3,4,5,5,1,2,3,4,3,4,4,3,3,2,2,3,3,3,3,2,2,2,2,2,2,2,3,3,4,4,2,4,3,2,3,4,4,4,5,5,5,5,4,4,3,2,2,3,3,3,4,5,4,2,3,3,2,2,2,3,2,2,2,3,3,4,4,3,3,3,4,3,4,3,3,2,2,3,2,1,1,1,1,1,3,4,4,5,4,3,3,2,1,2,2,1,1,3,5,3,2,3,3,3,4,3,3,3,3,3,3,3,2,1,0,1,0,1,2,2,3,3,4,4,2,3,2,4,5,3,1,3,2,2,2,2,2,2,2,2,3,3,4,4,4,3,2,2,1,3,3,2,4,4,3,2,4,4,4,3,2,2,3,3,3,4,4,6,8,5,3,3,2,2,3,3,2,2,3,4,3,2,3,4,4,6,5,5,2,5,6,3,2,3,3,4,6,3,2,3,3,4,4,3,1,1,1,1,1,1,1,2,4,3,2,1,1,2,3,4,2,2,2,1,1,2,2,2,2,2,1,1,1,1,1,1,2,1,2,2,3,2,1,2,2,2,3,2,2,2,1,2,1,2,2,3,2,2,3,3,2,2,2,0,2,4,5,3,2,3,4,3,2,3,2,2,3,3,1,0,0,1,2,2,4,4,2,3,4,4,4,4,3,2,3,3,3,1,1,2,3,3,3,3,3,3,3,4,1,2,3,2,1,1,1,2,2,3,4,3,2,2,2,3,3,3,2,1,2,2,0,3,2,2,4,5,3,0,1,3,4,2,4,4,2,3,2,1,2,2,2,2,2,2,2,2,4,4,4,4,4,4,4,3,3,4,4,4,4,3,1,1,2,2,2,3,4,4,3,2,2,2,2,2,2,2,2,1,1,2,3,3,4,7,4,3,3,2,2,2,3,2,2,3,1,1,1,1,1,2,2,1,3,3,2,2,2,2,1,2,3,2,2,2,3,3,3,5,4,4,5,5,4,2,4,4,4,3,1,2,3,4,5,3,1,1,2,2,2,3,3,2,5,3,2,3,5,5,5,4,2,2,2,2,2,2,2,2,1,1,1,1,1,2,2,2,2,2,2,3,2,2,3,3,3,3,3,2,2,2,2,2,2,1,2,3,4,3,1,1,1,2,3,2,3,3,2,3,5,4,3,3,2,3,3,3,3,2,2,2,2,2,2,2,2,2,3,3,3,4,3,3,2,2,2,2,2,2,1,2,2,3,4,3,4,5,5,4,3,3,3,3,3,3,3,2,1,1,2,2,1,1,1,1,1,2,2,2,2,1,2,2,2,1,3,2,3,3,2,2,2,2,2,2,3,3,3,3,3,4,5,5,3,3,5,6,2,2,2,1,1,2,3,3,2,2,1,1,1,1,2,2,1,2,2,3,3,3,1,1,1,2,2,2,2,2,3,2,2,2,2,3,3,2,1,2,0,0,1,2,2,2,3,4,3,3,3,1,2,3,2,4,4,1,0,0,0,1,2,2,2,3,3,3,2,1,3,4,1,1,1,1,1,1,1,1,2,3,3,3,2,2,2,1,2,3,3,3,3,2,1,1,3,3,4,4,4,4,4,5,2,1,1,2,2,3,3,3,2,3,3,3,3,2,2,1,3,3,3,2,3,5,5,3,2,2,3,3,2,3,2,1,1,1,2,2,2,3,3,2,4,2,2,3,3,2,2,4,4,3,3,2,2,3,2,4,3,2,3,3,5,4,2,0,1,2,3,3,4,3,2,3,4,4,3,2,2,1,2,2,3,3
12,2,3,3,2,1,1,1,2,3,3,3,3,3,4,2,3,3,3,5,5,5,5,3,1,1,1,2,3,3,3,3,1,2,4,4,2,1,3,2,3,3,4,3,3,3,3,3,2,2,0,2,3,4,3,3,2,1,0,1,2,4,6,4,4,3,2,2,2,2,2,1,1,1,1,3,3,2,2,3,4,4,3,2,2,1,1,1,1,1,1,1,1,1,1,1,3,2,2,2,3,3,2,3,2,0,1,4,3,2,3,2,1,1,1,2,1,1,3,4,3,4,3,2,2,2,1,1,1,3,1,1,1,1,2,2,1,2,4,4,4,3,2,1,1,1,2,2,1,2,4,4,2,2,1,1,1,1,1,2,3,4,4,4,2,2,2,4,4,5,5,3,0,0,2,2,3,2,2,3,3,3,3,3,3,3,3,2,2,4,3,2,2,2,3,2,3,2,2,3,1,1,2,2,2,2,2,1,3,1,3,4,4,4,4,3,3,3,3,3,0,0,1,0,1,2,2,2,3,3,3,4,4,2,1,2,2,2,2,1,2,2,3,3,1,0,3,5,1,0,2,2,6,8,5,2,1,1,2,2,3,3,3,3,2,2,3,3,3,3,3,4,3,3,4,4,2,1,1,4,3,2,3,4,3,3,4,2,5,5,5,5,5,5,5,3,3,3,3,3,2,3,5,4,1,2,2,3,5,5,4,4,2,1,1,1,2,2,2,2,2,2,2,2,2,3,2,2,1,2,3,2,5,4,3,3,2,2,2,2,2,2,3,2,2,3,3,3,1,2,1,2,3,2,3,4,2,1,1,2,4,3,1,1,2,3,3,2,1,2,2,3,2,2,1,1,1,2,3,3,2,2,3,2,1,0,0,0,1,1,1,1,1,1,2,1,1,2,1,2,1,1,2,1,1,1,1,2,4,2,2,2,2,4,3,2,4,4,3,2,1,1,2,3,2,2,2,2,2,2,1,1,1,3,2,2,2,2,2,1,2,3,2,3,3,3,3,4,4,3,3,3,3,3,3,3,3,3,3,3,3,3,3,4,4,3,3,3,2,2,2,1,2,2,1,1,3,4,4,3,2,2,3,3,3,3,2,2,2,2,2,2,2,2,2,4,2,2,3,3,2,2,3,3,1,2,2,2,3,3,3,3,1,1,1,1,1,1,1,3,2,2,4,4,4,3,3,3,4,5,5,4,4,4,3,3,3,3,2,2,2,2,2,3,1,3,3,2,2,2,3,3,4,3,3,3,3,4,4,2,3,3,5,5,3,3,4,4,3,3,5,3,5,4,4,4,1,3,4,4,4,5,3,2,1,3,4,4,3,2,1,1,2,2,2,2,2,2,3,3,2,2,3,3,4,5,3,2,3,4,2,1,1,1,2,3,2,2,4,4,2,3,4,3,1,1,1,1,1,1,2,2,3,2,1,2,4,5,4,3,2,2,3,4,4,5,4,2,1,1,1,2,2,3,2,2,1,1,2,4,3,1,2,2,2,2,2,2,2,2,1,1,1,0,0,1,1,1,1,1,2,2,4,4,4,3,1,3,3,3,2,2,2,2,1,1,2,1,1,2,1,1,1,1,2,2,2,2,2,2,2,2,2,2,2,2,2,2,2,2,1,1,1,2,1,2,2,1,1,1,2,2,2,2,2,1,3,3,3,3,3,3,3,3,3,1,1,2,2,2,3,3,5,4,2,2,3,3,2,2,3,3,2,3,3,3,2,2,4,1,3,2,2,1,2,1,2,3,2,2,2,2,2,3,2,1,2,2,2,2,3,3,2,2,3,3,3,3,3,2,2,2,2,2,2,2,2,2,3,3,3,3,4,4,4,3,3,2,3,2,1,1,1,3,3,1,2,2,1,1,3,4,0,1,2,3,4,2,2,3,1,1,1,1,1,1,1,1,4,4,4,4,4,4,4,3,5,4,3,2,1,1,1,2,1,1,1,1,1,1,1,1,1,1,2,2,2,1,2,1,2,2,1,1,1,1,2,2,2,2,2,2,2,2,2,4,1,1,1,2,2,1,2,2,0,2,4,4,3,3,4,3,3,4,3,4,2,2,2,2,1,0,1,1,1,1,1,0,1,4,3,2,1,1,1,3,4,4,3,4,4,4,4,3,3,3,2,2,3,3,2,2,3,5,5,5,5,4,3,4,3,3,3,4,3,4,3,1,2,1,1,1,3,2,1,1,3,3,2,2,2,2,1,2,3,2,2,2,2,2,1,1,1,1,1,2,3,3,3,3,4,4,3,3,3,3,3,2,1,1,2,4,4,3,2,2,2,2,4,3,4,4,2,1,2,3
13,2,2,4,4,3,3,3,1,2,2,2,2,3,3,3,3,3,2,2,3,2,3,4,3,2,1,2,3,2,3,2,3,2,3,6,6,6,4,2,5,6,7,5,3,3,4,3,1,3,3,5,4,3,2,1,2,3,2,2,4,4,3,3,5,4,4,4,4,3,3,3,3,3,3,3,3,3,4,2,4,4,4,3,3,2,2,2,2,2,2,3,3,3,3,3,2,2,1,1,2,1,1,1,2,2,1,2,3,3,3,3,3,4,4,5,5,4,4,3,2,2,3,4,4,3,3,2,1,1,2,3,3,2,3,1,1,1,1,2,1,0,2,3,4,3,3,3,3,3,3,3,4,4,3,2,3,3,3,1,4,4,3,4,4,3,4,4,2,2,2,3,1,1,1,1,2,2,2,3,2,1,0,1,4,3,1,2,2,2,3,2,4,3,3,4,4,4,4,3,1,0,1,1,1,1,1,1,1,1,2,2,2,3,2,1,2,2,2,2,2,2,3,3,2,1,1,2,2,2,2,4,4,3,2,2,2,2,1,1,1,2,1,1,1,1,3,6,4,3,3,4,2,2,1,1,3,3,3,3,3,3,3,3,2,3,3,3,3,3,3,3,3,3,3,3,3,3,3,2,1,2,1,2,3,2,3,2,2,3,4,5,4,5,5,4,2,1,1,2,2,2,2,2,1,1,1,1,2,2,2,3,1,3,3,3,4,3,3,3,3,3,2,2,2,2,2,2,1,3,2,3,4,3,3,4,3,3,2,3,2,1,4,4,3,2,2,3,4,4,3,3,4,4,4,3,3,3,2,3,2,2,3,5,3,2,3,4,1,1,2,1,2,3,3,4,5,3,4,1,3,3,3,4,4,3,3,3,3,3,3,3,3,2,3,3,3,3,2,2,3,3,2,3,3,4,4,4,6,3,2,5,5,3,3,5,2,2,2,2,2,3,3,3,2,1,3,3,2,2,1,1,1,1,2,4,4,3,3,2,5,5,4,3,1,1,2,4,2,3,3,2,4,4,3,4,3,5,4,2,3,2,3,4,4,4,3,3,4,4,4,2,1,2,2,3,3,3,3,3,3,4,4,3,3,3,3,3,3,3,3,3,3,3,3,4,3,3,0,0,2,3,3,3,3,2,4,5,2,1,2,3,0,1,2,2,4,2,1,1,3,3,1,2,3,2,0,1,2,2,2,2,2,2,2,2,2,2,4,4,3,1,1,3,3,1,4,3,3,4,3,4,4,4,2,3,3,3,4,3,3,3,3,3,4,4,4,5,2,2,3,3,3,3,3,3,3,2,2,3,3,3,3,3,1,1,1,1,1,1,1,1,2,2,2,3,3,3,3,4,4,3,3,3,4,3,2,3,3,3,4,5,5,5,3,3,2,2,2,2,2,3,3,3,3,2,2,1,1,1,1,3,2,2,2,1,1,1,2,2,1,1,1,1,1,1,1,1,1,1,1,1,1,1,1,1,1,1,1,1,1,1,1,1,1,2,3,4,4,3,4,3,3,3,3,3,3,4,3,4,2,0,0,2,3,2,3,3,3,3,3,3,3,3,2,2,5,4,4,4,3,3,3,3,2,2,2,2,2,2,2,2,1,2,2,3,3,4,4,5,4,3,2,2,2,2,2,2,3,3,2,1,2,3,3,3,3,3,3,3,3,3,3,3,1,1,3,3,2,3,2,2,4,2,2,4,4,4,4,2,2,2,0,2,3,4,3,3,2,2,3,3,3,3,3,3,4,4,4,3,3,3,3,3,2,2,3,2,2,2,2,3,3,2,2,2,3,3,3,2,1,1,1,1,2,2,1,2,1,1,1,1,2,2,2,2,2,2,3,3,3,3,3,2,3,3,3,2,3,4,2,1,2,2,2,3,3,3,3,4,3,2,3,4,4,6,4,3,2,2,3,2,3,2,3,3,2,3,3,3,2,1,2,3,3,2,3,4,3,3,2,2,3,3,3,4,5,4,4,4,3,3,3,3,3,3,4,4,3,3,3,3,3,3,3,3,3,2,3,2,3,2,3,3,3,3,4,4,4,3,3,3,1,1,1,1,1,1,1,1,1,2,2,1,2,2,2,3,5,5,4,4,5,4,3,2,3,3,4,4,3,3,3,2,2,3,2,2,3,3,3,4,1,2,3,3,3,3,3,3,2,2,2,2,3,3,3,2,2,2,1,2,2,2,4,4,2,2,3,2,2,1,2,3,1,1,1,1,1,1,2,2,2,2,2,1,2,2,2,1,0,1,2,2,1,2,3,3,2,2,2,2,2,2,2,2,2,2,2,2,2,2,1,1,2,2
14,2,3,3,3,3,5,4,6,5,4,3,4,3,4,3,1,1,2,1,2,2,1,1,3,3,3,3,3,2,2,2,4,3,4,4,4,3,3,3,4,5,5,5,4,4,4,4,2,3,3,3,4,4,3,4,5,3,4,4,3,4,4,4,3,3,3,3,3,2,3,2,3,3,3,4,4,3,2,2,2,1,2,1,1,2,3,2,2,2,2,2,2,3,4,4,3,4,3,3,2,2,4,3,1,1,1,1,1,1,1,1,4,4,2,3,3,4,2,1,2,2,2,3,3,3,3,3,4,4,3,3,3,3,2,3,1,1,2,2,2,3,4,4,1,2,1,2,2,1,1,2,3,2,1,2,3,3,3,2,1,1,2,1,3,3,4,3,4,2,1,2,2,2,1,2,2,3,5,6,7,5,3,0,2,3,3,3,2,2,2,2,1,1,2,3,3,1,1,2,3,3,3,3,3,3,3,3,5,3,2,0,1,1,2,3,2,3,4,3,2,2,3,2,2,2,2,2,1,1,1,1,2,2,2,2,3,3,3,3,2,2,2,2,2,2,2,2,3,3,2,1,2,1,2,2,1,1,2,2,2,2,2,2,4,4,6,6,6,6,4,2,4,2,2,4,4,3,2,3,2,1,1,2,2,2,2,2,3,3,2,1,2,4,3,3,1,1,1,1,1,2,2,1,2,3,3,2,2,1,1,2,4,2,1,2,2,2,2,3,3,4,3,3,4,3,3,4,4,5,4,4,5,4,4,3,1,1,1,0,2,3,1,0,2,2,2,2,2,2,2,2,3,3,3,3,3,3,4,4,3,3,4,5,5,4,5,3,2,3,4,3,1,0,2,4,3,4,4,3,3,2,2,2,2,2,2,2,2,2,2,2,1,1,2,1,1,1,1,1,3,4,5,5,3,3,4,4,3,2,2,3,5,5,4,2,1,1,1,1,3,3,2,2,1,2,1,1,1,1,1,1,4,3,3,2,2,1,1,0,4,4,3,3,3,3,3,3,2,3,3,4,4,2,2,3,4,3,3,3,4,4,2,4,3,4,1,2,4,3,1,2,3,3,3,3,3,3,3,4,4,2,2,2,3,3,3,3,2,2,2,3,3,3,4,4,1,3,3,4,4,3,4,3,2,3,2,1,1,1,2,4,5,5,4,5,4,2,2,3,2,1,2,2,1,1,2,2,3,3,3,3,3,3,3,3,2,3,4,5,4,4,4,2,4,4,3,1,1,3,3,2,2,2,2,3,3,1,1,3,3,3,2,2,2,2,3,1,1,3,3,3,2,2,3,2,3,3,3,3,3,1,2,2,4,4,3,2,2,2,3,4,3,2,4,4,4,4,3,3,3,3,4,4,2,2,3,3,4,2,3,2,2,3,3,4,2,2,1,2,2,2,2,2,3,3,3,3,4,3,4,3,2,2,4,4,3,4,4,5,1,0,2,4,5,7,5,3,1,1,2,2,2,3,3,3,2,2,2,2,2,2,2,1,1,2,3,3,3,3,3,2,2,4,4,3,4,4,3,3,2,0,0,1,1,2,2,4,1,0,1,2,2,2,2,2,2,2,2,2,3,3,2,2,3,3,2,2,2,2,2,1,1,1,1,1,1,1,1,2,1,1,1,1,1,2,1,1,4,3,2,2,2,2,3,4,1,1,3,3,3,3,3,3,2,3,4,3,2,2,3,3,2,2,2,2,2,3,3,3,4,3,3,3,3,3,3,3,1,1,1,2,2,2,1,0,3,3,3,1,1,3,3,2,2,2,1,0,0,0,0,0,0,0,1,1,1,1,1,1,0,1,1,1,1,0,0,0,1,2,1,1,2,2,2,2,2,3,2,0,1,2,1,1,2,2,3,4,3,2,2,1,3,3,3,3,3,4,4,4,2,2,2,2,2,2,2,1,2,2,4,2,2,3,2,1,2,3,4,4,4,3,3,4,3,3,3,4,3,4,3,3,3,2,2,2,2,3,3,3,2,2,2,2,2,2,2,2,3,3,3,3,3,2,0,0,3,5,2,2,2,3,3,4,3,4,3,2,2,2,4,7,3,3,3,3,3,3,3,3,2,2,2,2,2,1,1,1,1,1,1,1,1,1,2,2,2,2,2,2,2,2,2,2,2,3,2,1,1,3,3,3,4,4,4,3,3,3,3,2,2,2,4,4,3,3,4,3,3,4,3,4,3,3,3,3,0,1,1,2,1,2,3,3,3,4,4,3,3,3,3,2,3,2,3,3,2,3,3,2,3,3,2,3,3,2,2,1,3,3,2,3,3,4,4,5,4,3,3,3,2,1,1,1,2,2
15,3,4,3,2,1,2,4,3,4,4,3,3,2,2,1,0,3,3,3,1,1,4,5,3,4,4,4,4,4,4,3,1,1,1,3,3,2,2,1,3,5,5,3,2,2,4,4,2,1,2,2,2,2,3,3,3,1,2,2,2,4,4,4,3,1,1,1,2,3,3,3,3,3,3,3,3,3,3,3,4,1,2,2,2,2,2,3,4,3,2,3,3,4,4,4,4,3,2,3,4,4,3,3,4,3,2,2,3,3,4,4,2,1,1,3,3,3,4,3,3,3,3,3,3,3,3,2,2,3,3,1,2,2,2,2,1,1,3,2,1,1,1,1,3,3,2,2,2,3,3,3,3,3,3,3,4,4,4,4,3,1,1,2,1,1,2,1,1,2,5,4,3,3,2,1,2,2,2,2,2,4,4,1,1,2,2,3,3,3,3,3,3,2,2,1,1,2,2,4,1,2,2,2,2,2,3,3,4,5,3,1,2,2,3,2,1,1,2,2,1,1,2,1,2,2,2,3,3,4,4,4,3,2,3,4,4,2,2,3,2,3,3,3,3,3,3,2,0,1,1,1,1,1,1,1,3,3,2,2,2,2,3,3,2,2,2,2,2,2,2,2,2,3,3,3,3,3,3,3,3,2,2,2,3,3,4,3,3,2,2,2,1,1,1,1,1,1,2,2,3,3,2,1,1,2,3,3,2,2,2,2,2,2,2,3,3,2,2,2,1,3,3,2,2,3,3,4,4,2,2,2,2,2,3,2,0,1,2,2,2,3,4,2,3,3,3,2,2,2,1,1,4,3,3,3,3,3,3,3,3,2,3,4,4,5,3,2,2,3,3,4,4,3,3,4,2,4,3,2,3,2,2,3,2,2,2,2,3,3,3,5,1,0,1,0,0,1,2,2,3,2,3,5,4,3,4,5,4,3,2,3,3,3,4,4,1,2,2,1,1,2,3,3,3,2,2,3,3,2,3,2,2,2,2,2,2,2,1,1,3,3,3,3,2,3,4,3,3,3,2,2,2,2,1,1,2,3,4,3,4,3,2,3,2,1,1,2,2,2,2,3,4,3,2,2,2,2,3,4,4,3,2,3,4,3,2,2,1,0,1,1,1,2,2,2,3,3,3,3,3,4,4,3,3,4,3,4,4,3,4,3,1,1,1,2,2,2,2,1,4,3,2,3,2,2,2,2,3,4,3,3,3,3,2,3,2,2,2,2,2,2,2,2,3,4,4,2,1,1,1,1,3,2,5,5,4,3,2,3,3,2,2,4,4,2,2,3,3,3,2,1,0,1,2,4,1,2,3,4,4,4,3,2,3,3,2,3,4,5,4,3,3,2,2,2,3,2,1,2,2,1,4,4,4,4,2,4,4,2,2,2,3,2,1,2,4,4,4,3,3,3,3,4,4,4,4,4,4,3,4,5,2,2,4,2,1,3,3,2,1,3,2,3,3,2,3,4,1,1,3,2,2,2,3,3,4,3,2,2,2,2,2,2,5,4,4,4,4,4,5,4,2,2,2,3,2,3,4,3,2,2,2,2,2,2,2,3,2,3,3,1,2,2,3,3,5,4,3,4,4,4,4,4,1,1,1,1,2,2,1,2,4,3,3,3,2,3,2,1,2,1,1,2,2,2,3,4,5,4,3,3,3,4,5,5,2,2,3,3,3,1,1,3,3,1,1,1,1,1,1,2,1,1,2,2,2,2,2,1,1,2,2,2,3,3,3,2,1,1,1,1,1,1,1,1,1,1,1,1,1,1,1,1,3,3,2,2,3,3,2,2,2,2,3,3,3,3,4,4,1,1,1,2,2,2,2,3,2,1,1,1,2,3,3,2,1,2,1,1,1,1,1,1,3,3,3,2,1,1,0,2,2,1,2,2,2,2,3,3,4,3,4,4,3,2,3,3,6,8,7,6,2,1,1,2,6,5,3,3,4,4,4,4,2,2,2,2,1,1,1,1,3,3,3,2,3,3,3,4,2,2,4,4,1,1,1,0,3,3,3,3,3,3,3,3,2,2,2,2,3,2,2,2,1,2,3,2,2,2,2,4,2,2,3,1,1,0,2,3,3,3,3,3,3,1,2,1,4,4,2,2,2,1,2,2,1,1,1,1,1,2,1,2,2,2,3,2,2,1,1,1,1,2,2,2,2,2,2,1,1,1,1,1,1,1,1,1,0,0,2,3,3,1,1,1,2,2,2,3,3,3,3,1,2,2,2,2,2,1,3,3,3,2,1,2,2,2,3,4,3,2,3,4,3,3,2,1,0,1,1,1,1,1,1,0,1,2,2,2,2,2,2,2,3,3
16,2,3,3,2,2,2,2,2,2,3,3,2,2,2,3,1,1,5,5,4,4,5,5,2,4,4,3,3,3,4,4,3,3,2,1,1,2,2,4,5,6,7,4,3,3,3,2,1,1,1,1,1,1,1,2,4,4,2,2,3,4,4,4,1,1,2,2,1,1,2,3,3,1,3,6,7,6,5,2,2,2,1,3,4,3,2,3,4,3,3,3,3,3,2,2,2,1,2,2,2,3,4,5,4,3,2,2,2,2,4,4,3,3,3,3,3,3,3,3,3,3,3,3,3,3,3,3,1,2,1,1,3,2,3,4,1,2,3,4,4,4,4,3,3,3,4,3,1,1,2,4,4,3,1,1,3,2,3,4,2,3,4,4,3,2,2,2,3,2,2,3,2,2,1,2,3,3,6,5,5,5,2,3,1,2,2,2,3,3,2,1,2,2,1,2,2,1,3,3,1,2,2,1,2,2,4,4,2,4,4,2,3,3,3,3,3,3,3,3,3,3,3,3,1,1,1,0,2,2,2,2,3,2,2,1,0,1,2,1,0,3,2,1,1,3,3,2,2,2,1,1,2,2,3,3,6,4,3,3,3,3,3,2,1,0,0,2,2,2,3,3,2,0,0,0,2,3,3,1,1,3,4,4,3,2,3,6,2,3,3,3,3,4,2,4,4,2,2,2,3,3,3,2,3,2,2,2,2,2,2,2,4,2,1,3,3,5,5,1,3,3,3,3,4,4,4,4,2,2,3,3,3,3,2,3,0,0,3,3,3,3,1,3,4,3,3,3,3,1,1,1,2,3,3,3,3,4,4,3,2,1,2,2,2,3,3,3,4,2,2,1,2,4,2,2,4,4,4,3,3,2,3,4,1,1,2,2,2,2,2,2,2,1,1,1,2,3,5,5,7,5,3,1,1,1,4,5,1,1,2,3,3,3,2,1,1,1,2,2,3,3,4,2,3,4,3,3,2,2,4,4,1,3,6,5,6,5,4,5,3,3,3,4,5,4,4,3,2,3,3,4,4,2,2,2,2,3,3,3,3,4,3,2,1,1,2,3,2,2,2,3,4,4,3,3,3,3,4,3,1,2,2,2,2,3,2,2,1,0,1,1,3,3,3,2,5,5,3,3,3,3,3,3,2,2,3,2,2,1,1,1,2,3,3,2,3,4,4,3,5,5,4,3,4,4,4,3,3,3,3,3,3,3,3,3,2,2,1,2,3,2,3,3,2,2,2,2,3,3,3,3,2,2,3,3,3,4,4,4,3,1,2,2,3,4,4,3,2,1,3,3,3,3,2,1,3,5,6,5,3,4,3,2,3,2,3,3,3,3,2,2,6,5,4,3,1,2,1,2,3,3,4,4,5,4,4,3,4,4,1,2,3,3,2,2,2,4,4,2,1,3,4,3,4,4,3,4,4,4,4,4,2,2,3,3,4,4,2,3,3,3,2,1,1,1,3,4,1,1,3,4,3,3,3,3,3,3,3,2,1,2,3,4,4,2,3,3,3,3,3,3,2,1,2,2,2,2,2,2,1,1,1,1,2,2,2,2,2,1,2,2,2,2,2,2,1,0,1,2,2,2,3,4,4,1,2,2,3,3,3,2,2,2,2,2,2,2,2,2,2,2,2,2,2,2,2,3,2,2,2,2,2,2,2,2,2,2,3,3,2,2,1,0,0,1,2,1,2,2,2,2,4,5,3,2,2,4,4,4,3,2,3,3,1,2,1,1,1,1,1,2,2,2,1,2,2,1,1,1,1,1,1,2,3,3,4,4,3,3,3,2,3,3,3,4,4,4,5,4,1,1,1,1,1,2,1,0,3,3,4,4,3,3,3,2,2,2,2,2,2,2,2,2,1,3,2,3,2,3,3,3,3,3,3,4,3,4,4,5,3,3,2,2,2,2,3,3,5,4,3,3,3,3,3,3,1,1,1,1,1,1,1,2,4,5,4,2,2,1,1,1,4,6,3,3,3,3,2,4,3,3,2,3,4,5,4,3,2,2,1,1,1,1,4,2,2,1,2,2,2,2,2,2,1,3,4,4,3,2,3,3,1,2,1,1,1,1,1,1,1,1,1,2,3,4,3,3,5,4,3,4,4,4,3,1,2,3,3,3,3,1,2,3,3,1,1,2,2,2,2,1,2,2,1,2,4,4,3,2,3,3,4,4,4,4,4,3,0,1,2,2,2,2,2,3,2,2,3,4,3,4,1,2,4,4,4,4,5,6,3,1,2,2,1,1,2,3,2,1,2,1,1,2,2,2,3,2,1,1,1,1,1,1,1,1,1,1,1,1,1,1,1,1,1,1
17,1,1,2,2,2,1,2,3,3,3,3,3,3,3,3,5,5,4,3,2,2,1,1,1,1,1,1,1,1,1,1,2,2,4,4,3,4,3,1,1,0,2,4,3,1,1,1,1,3,2,1,3,3,4,4,2,1,1,1,1,1,1,1,2,3,3,3,3,3,2,2,2,2,2,2,3,3,4,4,3,4,4,3,1,2,2,2,5,5,5,3,4,4,3,4,4,3,3,3,2,2,3,3,3,2,3,3,3,2,3,3,4,5,4,4,3,2,3,5,3,2,4,5,5,5,3,6,5,1,2,3,4,5,4,3,3,3,3,3,3,4,3,1,3,3,1,2,2,1,1,2,3,2,1,2,3,4,3,5,5,4,3,3,3,3,4,5,3,3,3,4,4,4,3,2,2,2,3,3,2,1,1,5,3,2,2,2,2,1,3,3,2,3,2,3,3,1,2,3,5,1,0,2,2,2,2,3,4,2,1,1,1,2,3,2,3,3,1,1,1,2,2,1,2,2,2,2,1,1,3,4,2,1,3,2,3,3,3,4,1,1,2,2,2,2,2,4,4,4,4,4,3,3,2,3,3,4,4,3,2,2,2,2,2,2,2,3,2,2,2,2,2,3,3,2,2,4,5,4,3,3,4,3,2,3,3,3,3,3,2,2,2,2,1,2,2,1,0,1,2,2,3,2,2,4,3,2,1,2,3,3,3,2,1,2,2,2,3,1,0,4,5,2,1,3,5,2,0,2,3,1,3,6,3,1,2,1,3,3,2,1,2,2,1,1,1,2,1,2,2,3,2,2,3,3,2,3,3,4,3,3,3,2,1,2,3,4,1,2,2,2,2,3,2,2,2,3,4,2,2,3,3,3,3,2,2,3,4,4,3,2,1,1,2,3,3,3,2,1,3,4,4,3,3,3,2,2,2,2,3,4,4,5,4,4,3,2,2,2,2,2,3,4,3,2,2,3,3,3,3,3,3,3,3,3,2,3,3,2,2,2,2,2,3,3,3,3,3,3,3,4,3,3,3,3,3,3,4,4,4,4,3,2,1,2,2,1,2,3,3,4,3,3,4,4,4,4,4,4,5,5,4,4,3,3,3,3,3,2,2,2,3,3,1,1,3,2,1,1,1,1,1,1,3,2,2,2,3,3,2,2,2,3,4,4,4,3,3,4,3,3,3,2,2,1,2,2,4,3,3,3,3,3,3,3,3,3,4,3,3,3,3,2,5,3,3,3,3,3,3,3,5,5,3,4,3,1,1,2,4,4,4,4,4,4,4,4,4,3,3,3,3,3,3,3,1,2,2,3,3,2,3,4,3,3,3,3,3,3,3,3,3,3,3,2,2,2,3,3,2,3,3,3,3,2,2,3,3,4,3,3,3,3,2,2,3,2,2,3,2,2,3,3,2,1,2,2,2,2,2,3,2,2,2,1,2,2,2,3,3,3,2,2,3,2,3,3,3,2,3,3,3,3,3,3,3,3,2,2,1,1,1,1,3,5,3,2,2,2,2,2,2,2,2,3,3,2,3,1,1,3,2,3,4,2,3,3,2,2,3,3,2,2,1,1,2,1,2,2,2,3,3,3,4,3,2,1,1,1,0,0,1,1,2,2,2,2,2,2,2,1,2,2,2,2,3,3,1,1,1,2,1,2,3,2,2,3,2,2,3,3,3,3,1,2,3,3,3,1,1,2,3,3,3,3,2,2,2,2,2,2,4,4,3,3,3,3,2,2,2,2,2,2,1,2,1,2,3,3,3,3,4,3,1,1,2,2,2,1,1,1,1,1,2,2,2,2,1,1,3,3,3,3,3,3,2,2,1,3,3,3,2,1,2,3,4,4,4,4,4,4,4,3,3,3,4,3,3,3,2,3,1,1,1,3,4,3,1,2,5,3,3,4,2,3,2,2,2,4,2,0,1,1,3,3,1,1,1,1,2,2,1,0,1,3,4,4,4,3,3,3,2,1,2,3,5,5,4,3,2,1,1,3,2,3,4,3,1,2,2,3,5,5,3,3,3,4,4,4,3,1,2,3,3,4,4,4,4,4,4,2,2,4,3,3,3,3,3,3,3,2,3,3,3,4,5,5,1,2,3,3,2,2,2,1,1,2,1,1,2,1,1,1,2,2,3,2,1,1,1,1,2,1,2,2,2,2,0,1,1,1,2,2,2,3,3,3,4,3,2,2,2,2,2,2,3,2,2,2,3,2,2,2,1,1,2,2,2,3,3,3,3,1,3,4,3,1,2,3,3,3,2,3,3,3,3,4,4,4,3,2,3,3,3,3,2,2,2,2,2,2,2,3,3,2
18,2,1,3,3,3,3,2,2,2,2,2,2,1,1,1,1,1,2,2,2,2,2,3,2,2,2,2,2,2,2,2,4,4,4,3,3,4,4,4,2,4,9,7,4,4,4,3,3,3,3,3,5,4,4,4,3,3,3,2,3,2,1,2,1,3,2,1,1,2,2,3,2,1,3,4,5,5,4,3,2,2,4,4,3,3,4,4,2,2,3,2,2,3,3,2,3,3,2,2,2,2,1,1,3,3,3,3,4,5,3,3,4,1,0,3,4,3,4,5,6,3,2,3,4,3,2,2,2,3,2,1,1,2,5,3,1,2,2,2,4,4,4,4,3,3,3,4,4,4,5,5,5,4,2,1,3,5,3,1,2,4,5,2,2,5,4,1,1,1,3,5,3,3,3,2,3,2,2,3,2,2,3,3,5,2,1,4,5,4,3,3,3,3,2,2,2,3,5,6,5,4,4,6,4,3,3,5,2,2,2,2,2,2,2,2,3,2,1,2,2,2,3,3,1,1,1,2,3,3,2,2,1,1,2,2,2,2,2,2,2,2,3,4,5,4,5,6,4,2,1,3,4,2,1,2,3,3,3,3,3,3,3,3,4,4,4,4,4,4,4,4,2,2,2,2,2,2,2,2,3,3,5,6,5,3,3,4,5,6,4,4,4,3,2,3,4,4,4,3,5,5,4,3,3,3,2,3,3,3,3,2,2,3,3,4,5,6,7,5,3,2,2,3,3,3,2,3,3,3,1,1,2,2,3,3,4,3,4,3,3,3,3,3,2,3,3,3,3,4,4,3,3,3,2,3,4,4,4,4,2,2,2,2,3,1,2,3,1,1,1,3,2,2,2,2,3,3,3,3,3,3,3,3,2,1,2,2,3,2,3,3,3,3,1,0,2,3,4,3,3,3,4,4,5,4,4,4,3,3,2,0,1,4,5,3,3,2,2,2,2,2,1,1,3,4,3,3,3,1,1,2,2,4,4,3,3,2,2,3,3,3,3,4,3,2,2,2,2,4,5,4,3,3,2,2,3,3,3,3,3,2,2,3,2,1,1,1,1,2,3,3,3,2,1,1,2,4,3,3,2,2,3,3,3,3,2,3,2,2,2,2,3,3,3,4,3,2,2,2,2,2,3,3,3,3,3,4,4,3,3,3,3,2,2,5,4,3,2,3,6,4,2,3,3,2,4,5,3,3,3,2,2,2,2,3,3,2,2,2,2,2,3,2,3,5,3,2,2,2,2,3,5,2,5,6,5,5,3,3,2,2,2,2,2,2,2,2,2,3,4,3,3,2,2,3,3,3,5,5,4,3,3,6,5,3,3,4,4,4,3,3,3,3,2,2,2,2,2,2,2,3,2,1,3,3,3,5,2,3,3,2,2,1,2,2,2,3,2,3,3,3,3,3,2,3,3,2,2,2,3,4,2,1,2,2,3,4,5,5,4,3,2,3,3,3,3,3,1,1,1,1,1,1,1,2,2,2,2,2,2,2,2,2,4,3,4,3,3,3,3,4,2,1,1,1,2,2,2,2,2,2,2,1,2,3,3,4,1,1,1,1,2,2,2,2,2,1,1,1,1,1,1,3,2,3,3,3,1,1,2,3,3,2,2,2,2,2,2,2,2,1,1,3,3,3,3,4,1,1,4,3,2,2,2,3,1,3,3,3,3,2,1,3,4,2,3,3,2,1,1,1,1,2,2,1,2,2,2,3,3,2,2,3,4,4,3,3,2,2,3,2,1,2,2,3,1,1,2,3,2,2,2,2,2,2,2,3,3,2,3,2,5,5,4,4,4,5,4,3,2,2,2,3,3,2,2,3,3,2,1,1,2,3,3,2,2,3,4,3,3,3,3,4,2,2,2,2,1,1,3,2,2,2,1,0,1,1,1,1,1,1,1,1,3,3,3,3,2,2,2,1,2,2,1,1,2,3,2,1,3,5,3,0,2,2,3,4,3,3,3,5,5,3,3,4,4,4,3,2,2,2,0,1,2,3,2,2,6,4,3,4,3,1,1,3,2,1,2,1,2,2,2,4,4,4,3,3,3,1,2,2,4,4,3,3,3,3,3,3,3,2,2,3,2,3,3,2,1,1,2,1,1,2,3,4,4,3,3,3,2,2,2,1,2,2,2,3,3,3,3,3,3,4,2,1,1,1,2,3,3,2,1,2,2,2,2,1,3,2,1,1,1,2,4,6,3,2,2,2,2,2,2,2,4,4,3,3,3,3,2,2,2,2,1,1,3,2,2,3,3,2,2,2,2,2,2,2,2,1,1,3,3,3,3,2,0,3,5,3,2,3,3,3,2,2
19,4,4,3,2,3,2,2,0,1,2,2,2,2,2,2,0,2,2,3,5,3,2,3,2,2,3,2,1,1,2,2,4,5,4,5,6,4,2,2,2,2,3,2,3,2,1,2,2,2,2,1,1,2,3,4,4,3,3,3,3,3,3,3,3,4,4,3,3,2,3,3,3,3,4,4,4,4,4,4,2,2,3,3,2,2,3,3,2,2,1,1,3,3,1,0,3,3,4,4,4,3,3,4,3,3,3,2,1,3,4,4,4,3,3,4,4,4,4,2,2,2,2,2,2,2,2,3,3,3,3,3,3,3,4,3,2,2,2,2,2,2,3,3,2,2,2,2,2,3,3,2,2,1,2,3,4,3,4,6,4,2,3,3,3,3,3,1,3,4,3,4,4,2,2,4,4,3,3,2,3,4,4,4,4,4,3,2,2,3,3,2,1,0,0,3,5,5,4,4,4,5,4,3,3,3,3,3,2,2,3,3,5,7,7,6,4,3,3,3,3,2,2,1,1,1,3,2,1,4,5,2,2,4,3,3,3,3,3,2,3,3,2,2,1,2,1,1,0,0,0,1,2,3,3,1,1,1,3,3,3,3,1,1,1,1,2,2,2,2,1,1,1,1,2,3,3,3,3,3,3,3,2,3,3,4,3,3,3,3,2,3,3,3,3,3,1,0,1,2,5,6,6,4,1,2,3,2,2,2,3,3,1,3,3,3,3,3,3,5,5,3,3,2,3,3,3,3,4,6,4,3,3,2,1,1,4,2,1,2,2,2,2,1,3,2,3,3,3,2,3,3,2,1,2,2,2,2,2,2,3,2,2,1,1,3,2,2,4,2,2,2,4,4,4,3,1,1,1,1,1,1,2,2,4,3,3,2,2,3,5,2,2,4,5,5,5,3,3,4,2,3,3,2,2,1,2,3,2,2,2,2,2,3,4,4,2,2,4,2,2,2,3,4,1,0,2,2,2,3,1,0,2,2,3,4,2,2,2,1,0,0,1,1,2,3,3,4,1,1,1,1,1,2,3,2,1,2,3,4,4,3,2,2,1,1,2,2,2,2,2,2,1,2,5,5,3,2,4,4,2,2,2,2,2,2,2,3,2,3,3,2,3,3,4,3,2,3,3,4,4,4,4,3,2,3,3,2,2,2,2,1,2,3,3,3,3,1,2,1,2,3,3,3,3,3,3,3,4,3,3,3,3,2,3,3,2,2,3,2,3,2,1,2,1,2,2,2,1,1,1,1,1,1,1,1,1,1,1,2,2,1,1,2,2,3,3,3,3,2,2,3,4,4,3,2,3,5,6,4,2,2,1,3,4,4,3,3,4,4,4,2,2,2,2,2,2,2,2,2,2,2,4,4,5,5,4,4,1,1,1,1,1,2,2,2,3,3,2,2,3,2,2,3,2,2,2,2,1,3,3,3,3,3,3,3,2,1,2,2,2,2,3,3,3,3,3,4,3,3,4,3,3,3,2,2,1,3,3,2,2,2,1,2,5,4,3,5,4,5,4,2,3,3,3,2,1,1,1,1,2,3,1,3,3,2,2,1,2,3,3,3,3,4,4,3,2,2,3,3,3,3,2,3,2,2,3,2,3,2,2,3,2,2,2,3,3,3,2,1,2,2,2,2,2,2,2,3,3,2,3,3,3,3,4,3,1,2,2,1,1,1,2,2,1,1,3,4,4,4,4,3,2,2,2,2,3,3,3,3,2,3,3,3,2,2,3,3,0,1,3,5,5,4,1,0,3,3,3,3,3,3,3,3,3,3,3,3,1,2,3,4,4,3,4,4,3,3,3,3,4,3,3,3,3,3,3,2,1,2,2,2,2,2,1,2,3,3,2,2,2,2,1,1,2,2,3,3,2,2,1,4,3,4,4,4,4,4,4,3,1,3,3,4,5,3,2,4,0,3,3,2,2,3,2,1,2,3,6,5,2,2,3,4,3,5,3,4,2,1,1,1,2,2,3,3,3,3,3,4,3,2,3,3,2,2,3,4,2,2,3,4,4,3,2,3,2,1,0,2,3,3,2,2,1,1,2,2,2,3,3,4,3,3,3,3,2,2,4,4,1,0,1,2,1,1,1,2,3,3,3,3,3,4,4,3,4,3,3,3,2,2,3,3,2,2,3,3,4,3,3,2,2,3,2,2,3,3,2,2,2,2,2,3,3,4,4,4,2,2,2,3,3,2,2,2,2,0,0,2,3,3,2,2,2,2,2,2,2,2,3,2,3,2,1,2,3,3,3,3,3,3,2,2,2,2,2,2,1,0,1,2,3,3,1,1,3,3,3,3,3,3,3,3,2,1
20,1,1,2,3,3,2,2,2,1,2,2,2,2,2,2,3,2,2,2,2,2,3,3,4,4,4,3,3,3,4,4,2,2,2,3,2,1,2,1,3,6,6,5,5,5,4,4,3,2,3,3,3,3,3,2,3,3,3,3,3,2,2,2,3,2,3,3,3,3,4,3,2,2,2,3,3,3,4,2,2,2,2,3,3,4,3,1,1,1,1,2,2,2,1,1,3,2,2,2,3,3,2,3,5,3,1,2,3,3,2,2,4,3,4,4,4,3,3,2,2,2,2,2,2,2,2,2,2,1,1,1,4,5,4,3,2,3,2,3,4,4,4,3,2,3,3,4,3,3,3,4,4,3,3,3,3,4,3,4,4,2,1,3,3,3,3,3,2,1,3,3,2,2,2,3,3,2,4,3,3,1,2,2,1,2,3,3,1,2,1,1,5,3,1,2,1,1,1,2,3,2,4,4,3,3,4,4,4,4,4,3,4,7,5,2,2,2,2,2,1,2,2,2,3,2,2,2,2,2,1,1,3,3,4,4,3,5,5,3,2,2,1,2,2,2,2,2,3,2,3,4,3,2,3,3,3,2,2,3,2,2,4,5,3,2,2,2,1,1,1,1,3,3,3,2,1,1,1,1,1,1,2,2,2,2,1,1,3,2,1,1,2,2,2,1,1,1,1,2,2,2,2,3,3,2,2,2,1,1,1,2,2,2,2,2,2,2,2,3,2,3,4,3,2,3,2,2,1,1,1,1,1,1,1,1,6,6,3,4,5,2,2,5,5,3,1,1,1,2,2,0,2,3,3,3,3,3,3,3,3,3,3,3,3,3,3,3,3,2,2,2,2,2,4,4,3,4,4,3,3,4,3,2,2,2,2,3,3,3,3,1,0,2,1,1,1,2,3,2,2,3,2,2,2,3,2,3,3,2,3,3,3,4,4,3,2,2,2,2,1,2,2,2,1,1,1,1,1,1,1,3,5,3,2,5,4,3,6,6,2,2,1,3,5,5,6,3,1,1,3,3,3,2,2,2,3,2,3,3,3,2,3,2,3,2,4,5,3,2,2,2,1,2,2,3,3,2,2,3,3,2,1,1,1,2,3,3,2,2,3,3,3,2,2,3,1,1,2,3,3,3,5,3,2,2,2,2,2,2,4,3,2,2,2,3,4,2,2,3,4,4,4,3,3,2,2,2,4,4,4,4,4,5,4,4,4,3,2,3,3,2,2,2,4,3,2,3,3,3,4,5,4,3,2,0,1,3,4,3,1,2,3,3,3,2,1,3,1,1,3,3,1,1,0,1,2,2,4,6,5,2,0,2,1,1,1,1,3,3,4,2,1,3,3,4,3,1,1,1,0,1,4,1,1,2,2,2,3,3,2,2,4,4,2,2,4,3,2,2,2,3,2,2,3,3,3,4,4,3,2,3,4,2,2,2,3,3,3,4,2,3,3,3,4,4,2,0,1,4,3,3,4,4,2,1,4,6,3,2,4,3,3,4,4,3,2,3,3,3,3,4,3,3,3,3,2,2,2,2,2,2,3,3,2,2,4,4,2,2,3,3,3,3,3,2,3,3,1,1,1,1,1,1,3,3,3,2,3,2,3,2,1,2,2,2,3,3,3,4,4,3,1,1,2,2,1,1,2,2,1,2,1,2,2,3,5,4,3,3,4,4,3,3,3,3,3,4,4,3,3,5,5,3,3,3,3,2,2,3,3,3,3,3,2,2,3,4,4,4,4,4,3,3,4,4,3,3,2,3,2,2,3,3,2,2,1,2,1,2,2,1,2,2,2,2,2,3,4,1,2,3,3,2,2,2,1,1,2,2,2,2,2,2,2,2,3,3,3,3,3,3,4,5,3,3,3,3,2,2,1,2,2,2,2,3,3,3,3,3,2,1,1,1,2,1,0,1,5,3,3,3,3,2,2,2,3,3,3,3,4,4,3,5,2,2,2,2,2,2,1,1,3,2,2,2,2,2,2,2,1,2,2,3,2,1,2,1,1,2,3,3,5,5,3,2,2,2,2,3,3,2,3,3,2,3,3,3,2,3,3,3,3,3,2,2,2,3,3,3,3,3,3,3,3,3,2,1,3,3,1,1,1,2,3,3,4,3,4,4,3,4,4,4,2,2,2,2,2,3,3,1,1,1,1,1,1,1,1,1,2,2,2,2,2,4,5,2,0,1,1,1,2,3,3,4,3,3,4,3,3,2,2,1,2,3,1,1,2,1,1,2,2,2,2,2,1,0,1,4,4,3,4,3,3,3,3,2,1,2,2,2,2,2,2,2,4,4,5,5,4,5,5,3,2,2
21,1,2,3,4,4,3,2,2,3,3,3,2,2,1,1,3,4,4,5,5,5,3,4,4,3,2,2,2,3,4,4,3,3,1,2,2,1,3,3,1,3,3,1,1,1,1,1,2,3,3,3,3,4,4,4,4,4,3,3,3,3,2,3,3,3,3,2,3,3,2,1,2,3,3,2,2,3,2,3,3,2,2,2,2,2,2,2,1,1,2,4,4,3,5,6,4,4,5,5,4,3,3,4,2,1,2,4,3,2,2,2,1,2,2,1,0,3,4,3,1,3,3,3,3,3,4,4,3,4,3,3,3,3,3,3,2,2,2,2,3,3,3,3,2,2,3,2,3,3,2,1,2,2,2,3,3,3,3,2,3,3,3,2,3,3,4,5,3,1,1,0,2,2,3,3,3,2,2,1,2,4,2,3,3,1,2,2,1,1,0,1,4,5,3,3,3,3,3,2,3,3,3,3,3,3,2,3,1,2,4,4,3,3,3,4,4,3,4,4,3,3,3,3,1,1,1,1,2,2,3,2,3,3,2,3,2,2,2,2,2,1,2,1,1,2,2,3,5,4,3,3,2,1,3,4,1,1,3,3,4,4,3,3,4,2,2,3,3,3,2,3,3,2,3,2,3,2,0,1,3,3,3,3,3,3,3,2,2,1,3,3,2,3,3,4,4,4,3,1,1,2,1,2,1,0,1,2,2,2,3,1,1,3,3,3,4,3,3,2,2,2,3,3,3,3,3,3,2,3,4,5,4,3,2,3,4,2,3,3,3,4,3,1,1,2,5,5,1,1,1,2,3,3,3,4,4,3,4,4,4,3,1,1,3,3,4,3,2,3,3,4,4,5,5,4,2,2,2,2,3,3,2,2,2,1,2,3,2,1,2,2,2,1,1,1,1,1,2,2,2,4,4,3,4,3,2,3,2,1,2,4,4,3,2,3,3,4,4,3,3,3,3,3,2,2,2,2,2,3,2,2,2,2,3,4,3,2,3,4,3,3,3,4,2,0,0,1,1,2,2,2,3,3,2,4,3,1,2,2,3,3,3,3,2,2,3,3,3,2,2,3,1,2,2,1,1,1,3,3,1,1,3,4,4,4,3,3,5,3,2,2,3,3,2,3,3,3,2,1,2,2,2,3,4,2,3,3,2,2,2,3,3,3,2,3,4,3,3,5,5,4,4,4,3,3,3,2,2,2,4,4,4,4,2,2,3,3,5,5,5,5,3,3,3,3,3,2,1,1,4,4,2,2,2,2,2,3,1,1,4,3,3,3,3,3,3,4,4,4,3,3,4,4,4,3,2,3,4,4,3,3,3,3,3,3,3,3,3,3,3,2,0,2,2,1,2,1,1,2,2,3,4,4,4,4,5,4,4,3,4,5,5,4,2,2,2,2,3,3,2,2,4,4,1,1,1,1,1,1,1,1,2,3,4,5,3,3,7,7,5,3,4,3,3,3,3,3,2,2,3,2,2,3,1,1,2,3,4,3,2,4,4,4,3,1,2,2,2,2,2,2,1,2,2,3,2,2,2,3,1,1,2,1,2,2,2,2,3,3,2,3,3,2,4,4,3,1,1,1,1,1,1,1,2,2,2,2,2,3,4,3,3,3,4,4,3,3,1,0,1,1,1,1,1,2,2,2,3,4,3,4,3,2,2,4,4,3,3,3,3,2,3,3,4,5,5,6,5,5,5,5,3,4,4,4,4,3,3,3,3,3,2,2,3,3,4,2,2,1,1,3,3,2,3,2,2,2,2,3,3,4,4,4,1,0,1,1,1,1,1,1,2,2,1,1,2,2,2,3,3,2,3,3,4,4,4,4,3,2,2,2,3,4,2,1,4,4,4,4,4,2,1,0,3,4,3,2,2,1,0,0,1,2,1,1,1,1,1,1,2,1,1,3,5,5,4,3,4,3,2,3,2,2,2,4,2,0,2,3,1,2,3,1,2,2,2,2,2,2,2,1,1,1,1,2,2,1,1,1,1,1,1,1,3,3,3,3,2,2,3,3,1,2,2,3,3,3,2,2,3,3,3,3,1,1,2,2,3,3,1,1,4,2,3,3,3,3,3,2,2,2,3,3,3,2,1,2,3,3,3,3,3,3,3,3,2,3,3,3,3,2,1,1,2,3,4,4,5,4,3,2,2,2,2,2,3,3,3,4,2,1,1,2,2,2,1,2,3,1,2,2,1,1,2,3,2,2,0,1,1,2,4,3,2,2,2,2,2,2,2,2,3,2,3,3,3,2,3,3,3,3,3,3,3,3,2,4,3,3,2,1,2,3,1,2,3,2,2,2,2,2,3,2,2,3
22,3,3,3,3,3,3,2,1,2,3,4,3,2,1,2,1,3,2,2,3,4,5,3,3,4,3,3,3,3,4,4,4,4,5,5,3,3,4,4,2,2,4,3,1,2,3,3,2,2,3,3,3,2,3,3,4,4,4,3,3,2,2,2,1,1,3,4,4,5,5,4,2,2,1,3,2,2,2,1,3,2,3,3,2,3,1,2,3,3,3,3,3,2,2,3,2,2,4,3,4,4,1,2,2,2,2,3,3,2,2,3,3,2,3,3,3,3,2,3,3,3,3,5,4,3,3,3,2,2,2,2,2,2,2,1,2,2,2,2,2,2,1,2,2,1,2,2,2,2,4,3,2,5,4,4,3,5,4,3,2,3,3,4,4,3,3,2,4,3,4,5,5,4,4,3,5,3,2,3,4,5,5,4,5,5,5,4,5,4,4,3,3,2,2,2,2,1,1,2,3,2,2,2,3,1,1,1,2,0,0,2,3,4,4,2,2,3,2,2,2,2,4,3,2,1,2,3,4,3,3,2,2,3,3,2,3,3,1,2,1,3,2,2,2,3,3,1,1,3,2,1,1,1,2,3,3,2,2,2,2,3,3,2,2,2,2,2,2,2,2,3,3,2,2,2,2,2,2,2,3,3,2,2,2,2,2,2,3,2,2,2,3,3,3,2,1,1,2,2,2,1,1,2,4,3,3,3,3,3,3,3,3,3,4,3,4,3,4,4,1,1,1,1,2,2,2,2,2,3,3,3,3,2,2,1,3,2,3,5,4,4,2,1,2,1,1,1,1,1,1,2,2,2,2,2,2,1,2,3,4,5,4,2,2,2,3,3,2,1,2,3,3,3,3,1,1,2,1,1,2,2,3,1,3,3,3,3,3,3,3,1,1,2,0,1,2,3,4,5,4,3,3,2,3,3,2,3,3,2,3,3,3,3,5,5,4,3,2,3,3,3,1,1,4,2,2,3,3,3,5,5,5,5,4,3,3,4,4,5,5,4,3,3,3,4,5,4,3,3,2,5,4,3,4,3,2,3,3,3,4,4,4,4,2,1,1,2,4,3,3,2,4,3,3,4,5,6,5,2,1,5,4,1,0,0,2,4,5,6,1,1,2,2,3,3,1,1,1,2,2,2,2,0,0,1,1,1,2,3,3,2,3,3,4,4,4,3,3,3,1,0,1,0,0,0,0,1,1,2,2,2,3,3,4,3,2,2,2,2,3,2,2,2,3,2,1,3,3,2,3,3,3,3,2,2,3,2,2,3,3,2,1,3,3,3,3,4,2,3,3,3,3,3,3,2,2,2,3,4,3,3,3,2,1,1,2,3,3,2,2,2,2,3,2,1,1,1,2,2,0,1,3,3,3,2,1,3,1,1,1,2,2,3,4,4,3,2,2,2,1,2,3,2,2,2,2,2,2,2,2,2,2,2,2,3,3,3,3,3,2,2,3,2,1,2,2,2,1,2,3,3,2,3,4,3,2,2,3,3,3,4,4,4,3,2,2,1,1,2,2,3,4,4,4,2,3,3,3,3,3,2,3,3,4,5,4,3,3,3,2,2,2,3,3,4,5,4,2,3,3,3,3,2,1,2,2,2,2,2,2,2,4,3,3,3,3,3,3,3,2,2,2,3,3,3,3,2,2,2,1,2,2,2,2,1,2,2,3,2,2,3,1,2,4,5,5,5,4,4,3,4,3,2,2,3,3,3,3,1,2,2,3,4,2,2,1,2,2,2,2,2,3,2,3,4,5,5,4,5,4,1,3,4,3,2,2,2,3,3,4,4,4,3,3,3,3,3,3,2,2,3,4,3,3,3,4,3,0,0,1,1,1,1,1,1,3,4,4,4,4,4,4,4,2,3,3,2,3,3,3,3,2,2,1,1,1,1,1,1,2,2,2,2,2,2,2,2,1,3,4,4,4,4,3,4,2,2,3,3,3,3,1,1,1,2,2,2,2,2,2,3,3,2,2,1,2,3,3,2,1,1,2,3,3,3,3,2,1,2,3,2,2,3,4,3,3,5,4,4,4,3,3,3,3,2,2,4,2,2,4,3,2,2,2,1,2,2,2,1,2,3,3,3,3,3,4,4,5,5,3,3,3,3,2,2,4,3,2,2,2,2,2,1,5,5,3,3,4,4,5,4,2,2,4,4,3,3,2,3,3,1,3,4,3,4,4,2,3,3,2,1,2,2,3,4,1,1,2,2,2,2,1,1,2,1,1,1,1,2,3,3,3,3,3,3,1,1,2,1,1,1,1,1,2,1,1,1,2,1,1,1,1,1,1,1,3,4,3,3,3,3,2,1,2,1
23,2,2,3,2,2,3,4,3,2,3,3,3,3,3,3,1,2,1,1,2,2,2,3,5,5,5,3,3,3,2,2,2,3,4,5,4,4,3,2,2,5,7,4,3,3,2,2,2,2,2,2,3,2,3,3,3,2,2,3,2,2,2,2,4,3,4,3,2,2,3,3,3,3,3,4,4,3,2,2,3,3,4,4,4,4,3,3,4,2,2,3,4,3,3,4,3,3,3,3,2,3,3,2,2,2,4,4,3,1,0,2,4,4,3,3,3,4,3,1,2,3,3,3,2,2,4,4,3,3,1,2,4,3,2,2,4,4,2,2,2,2,2,3,2,3,4,4,3,3,4,4,2,3,3,4,3,3,2,3,4,3,3,3,3,4,3,3,4,5,5,4,4,4,3,2,3,3,1,2,3,2,2,2,4,3,2,3,3,3,3,4,3,2,2,2,2,2,2,1,2,2,2,2,4,4,4,4,3,2,1,2,3,3,4,4,5,5,3,3,3,3,5,5,3,4,5,3,2,2,4,5,3,3,2,2,2,2,3,2,1,2,3,3,2,2,5,5,1,1,2,3,1,0,0,2,1,3,2,2,3,3,3,2,2,2,1,1,1,3,3,4,4,3,2,3,2,1,3,2,4,4,4,3,3,4,4,4,3,3,4,4,4,5,5,4,3,3,3,3,3,2,3,3,2,1,1,3,3,1,1,3,3,3,3,2,4,4,2,2,2,2,3,3,3,2,3,2,2,3,3,3,2,2,1,2,1,3,2,3,3,3,3,2,2,3,3,4,4,3,2,2,4,3,3,3,3,3,3,5,5,4,4,4,4,3,3,4,4,3,2,2,2,1,1,1,2,3,3,3,3,3,3,3,2,3,3,2,2,2,1,2,3,2,2,2,3,4,3,2,3,1,2,2,1,1,0,2,4,5,5,7,7,5,4,3,1,2,2,2,4,2,1,2,0,1,2,2,2,2,1,2,5,5,4,4,4,4,3,4,4,3,3,2,2,3,3,3,3,2,2,2,2,3,4,3,3,2,1,1,1,2,3,4,3,2,2,3,3,3,3,2,1,1,1,2,2,2,3,2,3,3,3,3,3,3,3,2,2,2,2,3,3,4,5,3,1,2,2,2,4,3,2,4,2,2,4,4,2,2,3,4,1,1,1,2,3,3,4,4,2,1,1,1,3,3,4,4,1,1,2,3,4,4,4,3,2,2,3,3,1,1,2,3,3,1,3,3,3,2,2,4,4,4,4,1,1,1,0,2,2,2,1,2,2,3,2,2,1,1,1,2,2,2,2,1,2,2,3,3,3,3,2,3,3,3,3,4,4,3,3,3,2,4,4,4,3,2,2,4,5,7,7,3,2,3,2,1,1,0,1,2,3,4,4,3,2,2,2,2,2,2,2,2,3,2,2,2,2,2,2,2,3,2,3,3,3,3,3,4,4,4,3,3,4,4,3,4,4,2,2,3,3,3,4,4,1,2,2,2,1,1,3,2,1,1,2,3,4,5,6,3,2,2,3,3,2,2,3,4,3,3,3,2,2,2,2,1,2,3,4,2,2,2,1,2,2,2,1,1,1,1,1,1,2,3,3,1,2,1,1,1,1,2,2,2,2,2,2,2,3,3,3,3,2,1,2,3,2,1,1,1,1,2,2,1,2,0,3,5,4,2,1,2,2,2,3,3,3,2,2,3,6,5,5,3,3,4,4,4,3,3,4,4,4,4,3,3,3,2,1,1,1,3,2,1,2,2,2,3,2,3,3,3,3,2,1,1,2,4,2,2,4,2,2,2,2,1,0,2,2,2,2,3,4,2,1,1,2,2,3,2,2,2,2,4,4,2,2,2,3,2,1,2,3,3,3,3,3,3,2,1,1,1,1,1,1,1,1,1,2,3,3,3,3,2,1,1,3,3,2,3,3,3,3,3,3,2,3,2,1,1,3,3,5,4,2,3,3,2,2,3,4,3,2,1,2,3,3,2,3,3,3,3,2,4,5,4,1,2,2,2,3,3,2,3,2,1,1,1,1,1,1,1,3,3,3,3,3,3,3,3,3,3,3,3,2,3,3,2,2,2,3,3,3,3,3,2,4,4,4,4,3,3,3,3,3,3,3,3,2,2,3,3,3,3,3,2,2,3,4,4,3,3,5,4,3,4,3,3,2,2,2,3,3,2,2,3,2,2,2,3,3,2,2,3,2,2,2,1,3,4,4,4,5,5,4,4,4,5,5,5,1,1,0,0,1,2,3,3,3,3,3,3,3,3,2,3,2,2,2,1,1,1,1,1,2,1,2,1,2,2,2,2,2,2
24,5,6,6,5,3,3,4,3,0,1,2,3,3,3,1,4,3,3,2,2,3,4,3,3,4,4,3,3,3,2,3,3,1,1,3,3,3,2,2,5,5,4,4,4,4,5,5,3,3,3,2,2,2,1,1,1,2,4,2,4,4,3,5,4,3,3,3,3,3,3,3,3,4,4,3,3,1,0,2,2,2,1,2,2,2,2,2,2,1,2,4,3,3,4,2,3,3,3,4,2,2,3,2,2,2,2,2,2,2,2,2,3,4,5,5,4,2,3,4,4,3,1,2,2,4,4,2,2,2,2,3,1,2,3,3,2,1,2,3,3,3,4,4,3,2,2,2,1,2,2,2,1,2,3,4,3,5,6,4,2,2,2,2,2,2,2,1,2,2,2,2,2,3,3,2,1,1,3,4,3,2,1,1,3,3,4,4,4,4,5,5,2,2,4,5,2,1,1,2,3,3,3,3,3,3,3,3,2,2,1,3,3,3,2,2,2,2,1,1,1,1,1,2,4,3,2,1,1,1,3,4,3,3,2,3,3,3,3,3,2,2,1,1,1,1,2,1,2,3,3,3,5,4,3,3,3,2,2,3,2,3,3,2,4,4,2,4,4,3,3,4,2,2,3,3,4,4,2,2,2,2,3,3,4,4,4,4,4,3,3,4,3,4,4,4,1,1,1,1,2,1,3,2,4,3,3,3,3,3,3,2,1,2,2,0,1,2,2,2,3,2,4,3,1,1,1,1,2,2,2,2,2,2,3,4,3,3,3,3,2,2,2,1,1,1,1,1,2,2,2,2,2,2,2,2,2,2,2,2,2,2,1,1,2,2,2,2,4,3,3,3,3,3,4,3,2,2,3,2,3,2,3,3,4,3,2,2,2,0,1,2,2,0,1,1,1,2,3,2,2,3,3,2,3,3,3,4,3,3,2,3,4,4,4,3,4,4,2,3,2,3,2,1,2,2,1,1,1,1,1,2,1,2,1,1,2,1,1,2,3,3,4,4,3,3,4,4,2,1,2,1,2,3,3,2,3,3,3,3,3,3,4,4,2,3,3,3,2,3,3,2,3,3,3,2,3,3,3,3,4,4,3,3,4,4,4,4,2,2,2,1,3,3,1,2,2,2,1,1,1,2,2,3,2,2,3,2,3,3,2,2,1,2,2,1,4,5,2,0,4,4,3,3,3,3,4,3,2,2,1,2,1,1,2,2,3,3,3,3,3,3,3,3,3,3,4,3,2,2,1,2,2,3,3,3,2,2,2,2,4,2,2,3,3,3,3,3,2,2,3,3,3,3,3,4,6,4,4,4,4,3,4,3,4,4,3,4,5,5,4,4,2,4,4,2,2,2,2,2,2,2,2,3,3,3,4,5,4,4,3,1,0,2,1,0,1,2,1,2,2,2,2,1,1,1,1,2,4,3,2,3,4,4,2,3,4,4,4,4,3,2,2,3,3,2,2,2,3,2,2,3,3,2,3,3,2,2,2,2,2,2,1,2,2,1,1,1,1,1,1,1,2,2,2,1,1,2,1,1,3,2,2,2,4,5,2,2,1,2,3,3,4,3,1,2,1,2,2,2,3,3,4,3,3,3,3,2,3,3,3,2,4,4,3,2,2,2,1,1,1,1,2,3,3,3,2,3,3,3,2,2,2,2,2,3,0,1,1,2,2,3,3,3,1,3,2,0,1,4,4,1,3,3,3,2,2,4,4,4,4,2,1,3,4,3,5,4,4,2,1,0,2,4,3,3,5,4,3,4,4,3,3,3,2,2,3,2,3,3,2,2,1,1,3,4,3,3,1,0,1,1,1,1,1,1,1,1,3,3,3,2,2,1,1,1,2,1,2,1,1,1,2,2,1,2,4,5,4,4,3,3,4,3,1,5,7,4,2,1,2,4,4,4,3,3,2,1,5,3,3,3,3,3,3,2,2,3,3,3,3,4,3,2,2,1,2,2,3,3,2,2,3,2,1,1,1,1,2,2,1,1,1,1,1,1,1,1,2,2,2,2,2,2,2,2,2,2,2,2,2,2,2,2,3,4,4,4,4,3,2,1,1,1,1,1,1,1,1,2,3,3,2,2,3,3,2,3,3,2,4,3,0,1,3,2,3,3,5,5,5,5,3,3,2,3,3,3,3,3,3,3,3,3,3,3,3,3,3,3,2,2,3,3,3,4,4,3,3,3,2,1,2,3,3,1,2,3,5,5,5,4,3,3,2,2,2,1,3,3,3,3,3,3,3,3,3,3,3,3,2,2,3,3,3,3,5,3,4,3,3,2,2,2,2,3,2,3,3,3,3,3,3,3,3,4
25,2,2,1,1,1,1,3,5,2,2,3,2,1,1,4,4,2,2,3,3,1,1,2,1,2,3,2,2,2,2,2,3,2,3,4,5,5,4,4,4,2,3,6,5,3,4,6,5,2,2,3,2,3,5,6,5,3,2,2,3,3,3,2,3,3,3,3,3,2,1,1,1,1,1,1,2,2,1,2,2,5,5,3,2,2,2,3,3,3,3,4,4,4,4,3,4,8,8,4,4,4,4,4,3,2,2,3,3,2,3,4,4,3,2,3,3,3,4,3,2,2,2,3,4,3,3,2,2,2,2,2,2,2,3,3,3,2,3,3,3,3,3,2,2,3,2,2,3,3,3,3,3,3,4,5,5,4,3,4,1,0,1,2,3,1,1,1,4,4,4,4,4,3,2,1,2,3,2,2,3,3,2,0,1,1,2,2,2,2,3,3,3,1,1,2,2,2,3,3,2,2,3,2,2,2,2,3,1,1,2,2,3,4,4,5,5,3,2,4,5,3,2,3,3,3,2,2,1,1,1,1,1,1,2,1,1,1,2,3,3,3,4,4,2,1,1,1,4,5,3,2,4,4,3,5,4,5,2,2,2,2,2,2,1,2,2,2,3,3,3,3,4,3,3,3,3,3,4,4,4,3,3,4,3,3,3,2,3,3,4,5,5,5,3,3,5,5,4,4,4,4,4,3,2,2,2,2,2,2,2,1,3,3,5,7,6,4,4,3,2,3,3,3,3,2,3,3,2,2,2,2,2,2,3,3,1,3,4,3,3,4,4,4,4,3,1,1,1,1,1,2,2,2,3,3,3,3,3,3,3,3,3,3,3,3,3,3,1,1,2,3,3,3,3,1,1,2,1,1,1,1,1,2,4,3,4,4,4,2,1,2,2,2,2,3,3,3,3,2,4,3,3,3,3,3,3,2,2,4,4,3,4,4,4,2,4,4,4,4,3,4,4,4,2,2,2,2,2,2,3,3,2,3,1,2,2,3,3,2,2,3,2,1,2,3,2,2,5,4,2,3,3,4,6,5,4,3,3,3,3,3,4,4,2,2,4,2,1,1,3,4,2,1,2,3,3,2,1,0,2,3,1,1,2,1,1,2,2,1,3,4,3,4,3,3,4,4,2,1,2,2,2,3,5,5,3,2,2,2,2,2,1,1,1,1,2,1,2,2,2,2,1,1,1,1,1,2,3,4,4,2,1,2,2,3,4,3,2,2,3,3,2,1,2,3,1,1,1,1,1,2,3,3,3,3,3,3,4,5,3,2,2,2,3,2,3,3,4,4,3,3,3,3,3,3,3,3,3,3,2,1,2,2,4,4,3,4,4,2,2,2,3,1,2,3,3,3,3,2,3,4,4,4,3,4,4,3,4,2,1,2,2,2,2,1,0,0,2,4,3,3,3,2,2,1,3,4,2,1,1,1,1,2,1,1,3,5,4,2,3,2,3,3,3,4,4,4,2,2,3,3,2,2,2,2,3,4,4,4,4,3,4,2,1,2,3,2,2,4,5,4,3,1,1,1,1,2,2,3,1,0,2,2,0,0,4,4,4,3,3,4,3,2,1,2,1,0,0,1,1,1,3,2,2,2,1,3,2,2,2,3,2,2,4,3,4,4,2,2,1,2,3,3,3,3,3,3,3,3,3,3,3,3,3,3,1,1,1,1,1,1,1,1,2,3,3,3,3,3,2,2,2,3,2,2,4,4,5,5,4,3,3,2,2,2,3,3,2,2,2,2,2,2,2,2,3,4,4,3,4,3,2,2,2,1,3,3,4,5,3,2,1,2,4,4,2,3,3,3,3,3,2,3,2,2,3,2,1,3,3,4,4,3,3,5,4,3,4,2,2,2,2,2,2,4,4,3,3,3,3,3,2,2,2,2,2,3,3,4,3,3,2,2,3,4,2,2,4,3,3,3,3,3,3,3,3,3,3,2,3,4,5,4,2,2,2,3,3,3,3,3,2,2,1,1,1,2,2,2,5,4,5,4,3,3,3,3,4,4,5,5,5,3,2,2,4,4,4,4,4,4,4,4,2,2,3,3,3,2,3,3,4,3,3,3,2,3,2,2,2,2,3,4,5,5,3,2,4,5,4,3,3,3,3,2,2,2,2,3,3,3,1,1,1,1,2,2,2,2,3,3,1,1,1,2,3,3,1,1,0,1,1,1,1,3,2,2,2,1,1,2,1,1,1,2,1,1,1,2,2,2,2,3,3,3,3,2,2,2,2,2,1,3,3,2,2,1,1,1,1,0,1,1,2,3,2,1,1,1,2,1,2,2,2,3,2,2,2,3,2,3,2,2,2,2
26,3,2,2,2,3,2,3,5,4,3,3,3,2,2,2,5,4,4,3,3,2,2,2,4,3,2,2,3,2,2,2,1,2,3,3,3,3,4,4,5,3,2,3,5,6,6,4,4,3,3,4,4,3,1,2,4,2,4,3,2,3,3,3,2,2,2,2,3,4,4,3,1,1,2,3,3,3,3,3,3,4,4,4,4,4,4,3,1,1,2,2,3,3,3,4,2,2,3,3,2,2,1,2,3,3,6,6,5,5,5,5,2,2,3,3,3,3,3,2,2,5,5,4,5,4,3,3,2,2,2,3,3,3,4,5,4,3,3,3,3,3,3,2,1,0,0,0,1,2,3,3,2,0,2,2,2,2,2,4,3,2,2,2,2,2,2,2,2,3,3,2,3,4,3,3,3,2,2,2,3,4,5,5,4,2,3,2,2,2,2,3,2,3,3,3,3,2,3,4,4,4,2,3,3,3,2,3,4,4,4,4,3,3,2,3,4,3,3,4,4,4,5,5,5,4,3,3,2,2,2,2,2,2,3,3,3,3,3,3,3,3,3,3,4,4,4,3,1,1,1,2,3,3,4,4,3,3,2,3,3,2,2,3,2,3,3,2,1,1,1,2,3,3,5,4,3,3,4,4,3,4,4,4,4,4,3,3,2,1,1,1,2,3,2,2,2,3,2,1,1,1,1,1,3,2,2,3,2,2,2,2,2,1,1,3,2,2,2,2,2,2,3,4,3,3,3,3,2,3,3,2,3,2,0,1,1,3,4,4,5,5,4,5,3,1,2,1,2,3,2,3,3,4,4,2,3,2,3,3,1,0,0,1,2,2,2,3,2,1,3,5,5,4,4,5,4,1,2,2,2,2,2,3,3,3,2,3,5,4,3,4,1,2,2,1,3,3,3,4,3,1,1,2,2,2,3,3,1,1,1,1,2,2,1,1,4,3,4,4,4,5,6,4,3,3,3,3,4,4,4,3,1,2,2,2,5,5,3,5,5,2,2,3,3,3,3,2,2,3,2,3,2,3,2,4,4,2,3,2,2,2,2,2,3,2,2,1,1,3,3,2,2,2,3,3,3,3,2,2,3,3,3,3,3,3,4,3,2,3,2,3,2,3,3,2,3,2,3,3,3,3,3,4,3,3,3,3,3,3,5,5,2,1,1,3,3,4,4,3,2,2,2,2,2,3,3,4,3,3,4,4,4,4,4,4,3,3,3,3,3,3,3,3,3,3,3,3,4,6,5,3,3,3,4,5,3,3,3,3,3,3,2,2,2,2,3,3,2,3,2,2,4,4,4,3,3,3,3,3,4,4,3,1,2,4,4,3,4,4,4,4,1,1,1,1,1,2,2,2,3,4,4,4,5,5,4,4,2,1,2,2,2,3,3,2,2,1,1,1,2,2,2,1,4,4,4,3,3,3,3,4,3,2,2,3,3,4,4,3,3,4,5,4,4,4,4,3,4,3,2,2,2,3,3,3,4,3,3,4,4,5,5,5,3,2,3,4,4,4,5,4,2,2,2,2,3,2,2,1,1,2,2,1,1,3,3,4,3,4,4,3,3,1,2,2,3,2,2,4,3,2,3,3,4,3,3,3,3,3,3,3,1,2,3,3,3,3,4,4,3,5,4,4,4,3,3,2,1,2,4,4,2,2,3,3,3,3,3,3,3,3,3,3,5,4,2,1,1,1,0,2,1,3,5,4,4,4,4,4,2,1,3,4,3,2,2,5,2,1,3,3,3,3,3,2,2,2,3,2,1,2,2,3,3,3,3,2,2,2,2,2,1,2,2,2,2,3,3,3,2,2,2,2,2,2,2,2,3,2,3,3,3,3,3,2,2,2,2,2,2,2,2,2,2,2,2,2,2,2,2,2,3,3,1,3,3,2,2,2,3,2,3,3,3,3,3,3,3,4,3,3,3,3,3,4,4,3,2,4,4,4,4,3,1,2,2,1,1,2,2,1,2,3,3,2,2,2,2,2,3,3,3,3,3,3,3,3,2,3,3,3,2,3,3,2,4,3,3,2,2,2,2,1,1,2,2,2,3,4,4,3,3,4,3,3,2,1,2,3,2,1,2,2,2,2,1,3,4,3,3,3,4,3,3,3,2,3,3,3,1,2,4,2,3,2,2,2,2,2,3,4,3,3,2,2,2,3,3,3,3,2,2,3,3,2,2,3,2,2,2,2,2,2,2,2,3,3,2,2,2,3,2,3,3,3,4,4,4,4,3,3,3,2,2,2,2,2,1,0,1,3,4,4,4,3,3,3,3,3,2,2,2,2,2,3,3,3,4,4,4,3,2,3,0,2
27,4,3,3,3,3,4,3,3,3,3,2,2,2,3,2,3,2,2,3,2,1,4,6,5,4,2,3,3,3,3,2,2,1,1,1,2,3,2,4,4,4,5,6,6,5,4,4,3,3,3,2,3,1,2,3,3,3,3,4,3,3,3,4,3,4,5,5,5,5,4,2,2,4,4,3,2,2,3,2,4,4,4,4,2,4,5,4,3,3,4,4,3,3,2,3,3,4,4,4,3,3,3,3,3,3,3,3,3,3,3,4,3,4,4,3,3,5,4,2,2,2,1,2,4,5,6,8,1,1,1,1,2,2,3,2,4,4,2,2,3,3,3,3,4,4,3,3,4,4,4,5,5,4,4,4,4,5,5,4,4,2,2,2,2,3,4,3,2,3,3,3,4,4,4,6,5,4,4,4,3,3,3,3,2,2,2,1,2,4,6,3,0,1,3,4,3,3,2,3,4,2,4,6,6,6,4,2,2,1,1,1,2,3,3,5,5,3,1,2,3,1,1,1,3,3,3,2,2,2,2,1,2,2,2,2,2,2,2,2,2,4,3,3,3,3,4,4,5,5,4,3,1,2,3,5,3,3,4,4,4,4,3,4,2,2,3,2,2,4,3,4,4,1,3,4,3,3,2,2,2,3,4,4,4,5,5,3,2,3,3,2,1,2,3,4,3,2,2,4,4,3,3,3,3,3,1,1,0,0,2,1,3,4,1,1,2,3,2,1,3,2,2,2,2,2,1,1,2,2,1,1,1,1,1,2,2,1,2,2,2,2,2,3,3,3,4,4,4,3,2,2,3,2,0,1,2,1,0,2,2,1,1,2,1,2,1,2,4,4,5,5,3,3,4,4,2,1,1,3,3,2,1,1,3,3,4,4,4,4,4,3,2,3,3,2,2,1,2,2,3,3,2,2,2,4,3,2,3,4,4,3,3,3,2,3,3,3,2,2,3,3,2,2,4,3,3,3,2,2,2,3,3,3,3,3,3,3,3,4,4,4,4,4,4,4,3,2,2,4,4,3,3,4,4,4,2,3,3,3,3,3,3,2,1,2,2,1,1,1,1,1,1,1,2,2,2,2,1,2,2,2,2,2,2,2,2,1,2,3,4,3,1,2,3,1,1,2,1,1,2,2,3,1,3,4,4,4,3,3,2,3,2,2,1,1,2,2,2,2,4,4,4,3,3,2,2,1,3,3,3,2,2,3,3,2,4,4,3,3,2,3,3,3,2,1,1,1,1,2,2,2,2,3,3,2,1,2,1,2,1,1,2,4,4,4,4,3,3,4,3,3,2,1,3,4,3,3,3,2,2,1,2,2,2,4,4,3,3,3,2,1,4,3,2,2,1,1,2,1,2,2,2,3,2,2,1,1,3,3,4,4,4,3,3,2,1,1,1,1,2,2,3,3,1,2,2,2,2,2,3,3,3,3,2,2,2,2,3,4,4,4,2,2,2,4,4,3,3,2,2,2,2,3,4,3,3,3,2,2,2,2,2,3,5,3,2,3,3,3,3,4,3,3,3,3,3,2,3,2,1,2,3,3,3,3,2,2,2,2,2,2,2,3,3,3,2,1,2,2,2,2,2,3,2,2,1,2,2,1,1,0,1,2,2,2,2,3,3,3,3,4,2,3,4,3,2,5,3,0,1,1,2,3,5,3,1,1,1,2,2,2,3,3,3,2,2,2,2,2,2,2,3,3,3,2,3,3,3,3,2,2,2,3,3,4,5,4,2,2,2,2,2,2,2,2,2,1,1,2,2,2,2,1,3,3,3,3,4,4,3,2,3,4,4,4,4,3,1,2,1,2,2,1,2,2,1,1,1,3,4,3,1,0,1,2,3,2,2,2,2,3,3,3,1,1,1,1,1,1,1,2,1,1,2,2,1,2,3,3,2,2,2,2,2,2,2,2,3,2,2,2,2,2,2,2,2,2,2,2,2,2,2,2,3,3,3,3,3,2,3,3,1,1,2,2,2,3,4,4,3,3,2,2,3,4,3,2,2,2,2,2,2,1,3,3,2,2,1,2,2,2,3,4,3,3,2,2,2,2,2,1,2,1,2,4,5,4,3,2,2,1,1,3,3,4,4,5,2,1,1,3,3,2,2,1,2,2,3,3,3,2,2,3,2,2,2,2,2,2,2,2,3,4,4,3,3,4,4,3,4,5,5,5,3,3,3,4,4,4,4,4,5,4,5,4,2,3,4,4,3,3,3,3,5,4,3,3,3,3,5,5,3,3,3,2,3,3,3,3,2,2,2,2,2,2,3,3,3,3,1,1,2,2,2,2,1,2,2,1,2,2,2,2,2,1
28,2,2,2,2,2,2,2,1,1,2,2,1,1,3,3,3,2,4,3,3,2,3,3,3,2,4,3,2,1,3,3,3,3,3,3,3,3,3,4,3,2,2,1,1,1,2,1,3,4,3,3,2,1,2,2,2,0,1,2,4,4,2,3,2,2,2,2,2,2,4,3,1,3,4,4,4,4,3,4,4,3,3,2,1,1,2,2,3,3,3,1,2,3,3,4,4,6,5,4,5,5,5,4,1,1,2,1,1,0,1,1,1,1,2,1,1,2,2,2,2,2,1,2,2,3,2,3,4,3,3,3,3,3,3,4,4,4,4,4,3,3,3,5,2,1,1,2,2,2,2,2,2,2,3,3,3,2,3,4,2,4,3,2,3,4,4,3,2,3,4,4,4,3,4,3,3,4,3,3,1,2,3,2,2,4,5,5,4,3,4,3,2,3,2,2,2,3,4,3,3,2,3,3,3,3,3,3,0,0,0,0,1,3,5,7,5,2,2,3,1,1,2,1,2,2,2,3,4,2,3,3,2,2,3,3,3,3,3,3,3,2,3,3,3,2,3,3,2,2,3,3,1,2,4,3,1,2,2,2,3,3,3,3,4,4,3,2,2,3,3,4,2,3,3,3,2,2,2,1,3,3,3,2,3,3,3,4,3,3,3,2,3,4,4,4,2,1,2,1,1,2,2,3,4,3,3,4,3,3,3,3,4,4,3,3,3,3,3,3,3,2,2,3,3,3,3,3,3,3,3,3,2,1,1,2,0,1,1,1,1,1,0,1,4,4,3,3,3,3,3,3,4,3,2,3,3,3,4,4,2,2,2,2,2,3,2,1,2,2,2,2,3,3,4,3,2,2,2,2,2,2,2,2,2,2,3,3,3,3,3,2,1,2,3,3,2,3,3,4,3,3,3,4,5,5,4,5,5,2,1,2,4,4,3,2,3,4,4,4,3,3,3,3,5,5,4,4,4,4,4,3,3,2,3,3,3,3,3,3,4,4,4,4,4,4,3,3,4,4,3,3,3,3,3,1,3,2,2,2,3,3,4,3,2,1,1,1,1,1,1,1,2,2,2,2,2,2,2,3,4,4,4,3,3,3,2,2,2,2,3,3,4,4,4,4,3,2,4,4,3,3,3,4,3,2,2,2,2,3,3,2,3,4,4,3,2,2,2,1,3,3,2,2,2,3,3,2,4,3,3,3,3,2,3,2,2,2,2,2,2,2,2,2,1,2,3,3,3,3,2,3,3,2,2,3,4,4,4,3,3,3,3,4,3,3,4,3,5,4,2,1,1,2,5,7,3,3,7,5,3,2,3,5,2,2,4,4,2,3,3,2,5,4,3,3,3,2,2,2,1,1,2,3,2,2,2,2,3,2,3,3,3,3,3,2,1,1,1,2,3,2,2,3,3,3,4,4,4,4,4,4,2,4,3,4,5,4,5,4,1,1,2,4,5,4,3,2,1,2,3,3,3,3,2,1,3,3,3,3,3,3,3,3,2,1,1,3,4,3,2,1,1,1,1,2,2,2,3,3,3,3,3,2,2,3,2,3,2,1,1,1,0,1,2,3,3,4,3,4,4,3,3,3,3,1,2,2,2,2,2,2,2,1,3,3,3,3,2,2,1,2,2,2,2,2,2,2,3,3,3,3,3,3,3,3,1,1,1,1,1,1,2,1,1,1,1,2,3,3,1,2,2,4,5,5,4,4,5,5,3,2,3,2,2,1,2,2,1,2,2,1,1,1,1,1,2,2,1,2,4,4,2,3,2,2,4,4,4,4,1,0,1,1,1,1,1,1,1,1,1,3,4,4,4,4,4,2,2,3,3,3,2,2,2,2,2,2,2,2,2,2,2,3,4,3,2,1,1,2,4,3,1,2,3,2,2,3,3,2,2,2,3,3,3,3,3,3,2,2,2,2,2,4,4,4,1,1,2,4,5,3,3,3,1,2,4,4,4,4,1,1,3,2,2,2,3,3,3,4,4,5,5,5,5,4,4,5,4,3,3,3,3,3,3,3,3,3,3,3,2,3,3,3,3,3,4,4,3,4,3,3,3,3,2,2,1,1,2,2,1,0,1,1,1,1,2,2,5,4,4,3,4,4,4,1,1,3,3,2,3,1,1,3,3,3,4,4,4,4,3,2,2,4,5,4,3,3,4,4,4,3,3,3,3,3,3,4,4,3,3,3,3,4,3,2,2,2,3,2,2,2,2,3,4,3,3,3,4,4,3,3,1,2,2,3,3,3,4,3,2,2,2,2,2,2,3,2,3,3,3,2,3,3,3,1,2,2,2,2,2,3,3,2,3,2
29,2,3,3,2,3,3,3,4,2,2,4,4,2,2,3,5,5,4,2,1,3,5,6,5,3,4,4,4,3,4,4,3,2,2,2,2,2,4,4,3,5,5,4,4,4,5,5,4,3,2,2,2,2,2,2,2,1,1,3,4,3,3,2,2,1,3,4,2,2,3,4,5,4,4,4,4,3,3,2,6,4,3,4,4,3,3,3,3,3,3,3,3,3,3,3,2,3,3,2,2,2,2,3,5,5,4,3,3,3,4,5,3,3,2,1,1,1,4,4,1,0,0,0,1,2,2,2,1,1,2,2,3,3,5,3,3,4,4,4,3,2,2,3,3,3,2,2,3,3,2,3,2,4,5,3,2,3,4,3,2,2,3,2,3,3,2,2,2,3,3,3,3,2,4,3,2,2,3,3,4,4,3,4,4,2,2,2,3,2,2,3,2,2,3,3,3,3,2,4,5,4,1,0,1,3,4,4,1,1,2,2,3,2,3,4,4,4,4,4,4,4,4,3,2,2,3,3,3,2,2,2,2,2,3,3,3,3,3,3,3,3,2,3,3,3,2,1,1,3,3,3,3,2,2,3,3,3,3,3,3,3,3,3,3,3,4,4,4,3,2,1,3,3,3,3,3,3,4,5,3,3,3,3,3,3,3,3,2,3,3,3,3,3,2,1,3,3,3,3,3,3,4,5,2,1,2,3,3,2,2,1,2,3,1,1,3,3,3,2,2,2,3,2,2,3,2,1,1,1,1,5,6,2,1,2,2,2,4,4,3,3,3,3,3,2,2,3,3,3,3,4,1,1,2,3,2,1,1,2,2,2,3,3,3,4,4,4,3,1,2,4,5,5,4,3,2,1,1,1,1,1,1,1,2,2,1,1,1,1,1,2,1,1,1,4,5,3,2,3,2,2,2,2,2,2,2,1,2,3,2,2,3,2,2,2,2,2,2,2,2,2,2,2,2,3,3,3,4,4,5,2,1,2,2,2,2,1,1,2,2,2,2,2,2,2,2,2,3,3,3,3,2,2,2,2,3,3,3,3,3,4,5,5,5,4,4,4,4,4,4,4,3,3,3,3,3,2,2,2,2,2,2,2,3,3,4,4,1,0,2,2,2,2,1,2,3,4,4,3,3,2,1,3,5,4,3,3,3,4,3,3,3,3,3,3,3,3,3,3,3,3,2,3,3,3,2,2,2,5,3,2,2,4,3,1,2,2,1,2,2,2,1,2,4,3,2,1,1,1,2,2,2,3,3,2,3,3,3,3,2,4,4,2,2,2,3,3,2,1,1,1,2,2,2,2,3,3,3,3,2,2,4,4,3,3,3,3,3,4,3,2,3,1,2,3,3,5,5,5,4,4,2,1,3,4,4,4,1,1,4,6,6,4,1,2,4,4,4,4,4,4,4,4,5,5,5,3,3,4,2,0,1,1,1,1,2,2,2,2,2,1,1,2,3,3,3,3,2,3,4,4,3,3,2,3,5,4,3,2,2,3,4,5,4,2,1,2,3,4,4,5,4,3,3,3,3,3,3,3,2,1,1,2,2,2,2,1,1,2,2,3,3,2,2,2,2,2,1,1,1,1,1,2,0,0,1,1,2,2,1,1,3,4,3,4,4,5,4,4,3,3,2,2,2,1,1,1,2,1,1,1,2,2,3,3,2,2,2,4,5,5,5,5,5,4,4,3,2,3,2,2,3,3,3,4,3,4,4,4,4,4,3,3,3,3,3,2,2,2,2,2,2,3,4,3,2,2,2,2,2,2,2,2,3,1,0,2,2,1,2,3,5,3,3,4,3,4,4,3,3,3,3,3,3,4,4,4,3,2,2,2,2,2,2,3,1,0,1,1,2,2,4,3,3,3,2,1,4,4,2,3,2,2,2,2,2,2,2,1,2,2,2,2,2,2,2,2,2,1,1,3,2,4,4,2,3,3,1,3,3,4,4,2,2,2,4,4,4,3,3,3,1,1,1,1,2,1,2,3,2,3,4,3,3,3,2,3,3,3,2,3,2,2,2,2,2,2,4,3,3,3,3,3,2,2,3,3,2,2,2,2,2,2,1,1,1,1,1,1,1,2,2,1,1,3,2,2,3,3,3,3,3,3,3,4,3,1,1,2,1,2,1,1,1,0,1,1,1,1,1,2,2,1,1,2,2,2,2,3,3,3,3,3,3,3,3,3,1,0,0,0,0,0,0,1,1,1,1,2,3,3,3,2,2,3,3,2,2,2,2,2,1,2,2,1,2,2,1,2,2,2,2,1,1,1,2,1,1,3,3,3,3,3,3,3,4,5,3,2,2,2,2,2,1,1
30,1,1,1,2,2,1,1,4,5,5,4,2,1,3,4,2,1,1,2,2,3,4,3,5,6,4,3,2,2,3,2,1,2,2,2,2,1,1,2,3,3,2,3,4,2,1,2,3,3,3,3,3,3,3,4,5,4,5,5,5,5,5,4,3,3,4,4,3,2,3,3,3,3,3,4,3,3,3,3,2,2,2,2,2,2,2,2,2,2,2,3,4,5,3,3,4,4,4,4,3,2,2,2,3,5,4,3,3,3,3,2,2,4,4,3,4,5,4,6,4,3,3,3,3,3,3,3,4,4,4,4,4,4,4,4,2,1,2,2,3,3,3,3,2,2,2,2,1,1,2,2,1,1,2,2,2,2,2,2,3,4,4,3,3,3,2,2,1,1,3,4,4,2,2,1,3,3,3,3,3,3,3,3,2,3,3,2,3,2,2,1,1,3,3,3,5,5,5,5,4,3,4,3,4,5,5,4,3,2,2,2,3,3,3,4,4,2,0,0,1,1,1,1,4,4,3,2,1,1,1,1,2,1,2,3,2,1,2,3,1,0,1,1,2,2,2,2,2,2,2,2,3,3,3,4,4,3,3,3,3,3,3,3,3,2,2,2,2,2,2,2,2,1,2,3,3,3,2,3,3,3,3,3,4,4,4,2,2,1,2,4,3,3,5,4,3,3,3,3,3,3,3,3,1,1,2,2,2,2,2,2,1,1,2,2,2,1,1,1,3,2,3,3,3,3,3,3,2,3,3,3,3,2,3,2,2,2,2,2,2,3,2,2,2,1,2,3,3,3,3,2,1,1,1,1,1,1,1,1,4,4,4,4,3,4,4,4,5,5,4,4,4,3,2,2,0,2,3,3,3,3,3,3,4,4,3,3,3,3,3,1,1,2,3,2,2,1,0,0,2,4,4,3,3,3,3,3,3,3,3,3,4,5,5,3,3,5,4,2,2,3,3,3,2,1,2,2,3,3,2,2,2,3,3,3,3,1,1,2,5,5,4,3,3,2,2,1,1,2,3,4,3,3,4,4,1,0,2,2,2,2,2,0,2,3,3,3,4,4,4,3,1,1,2,2,2,3,3,3,3,3,3,3,3,3,3,2,3,3,3,3,3,3,1,4,4,4,4,4,4,3,3,4,2,2,3,4,5,4,2,2,1,2,3,3,4,4,4,3,3,3,2,3,3,3,3,4,3,3,3,2,2,3,4,2,3,3,3,3,3,3,3,3,5,4,3,3,5,5,4,5,5,4,4,4,3,1,2,3,2,1,1,2,2,2,2,2,1,3,4,2,2,4,3,3,3,3,3,3,2,2,3,2,1,3,4,4,4,2,2,2,2,2,2,3,1,1,1,1,2,3,3,4,3,3,3,2,0,1,2,2,2,2,1,0,1,1,1,1,1,1,1,1,1,2,2,1,1,2,3,2,2,3,3,3,3,4,3,2,2,2,1,1,2,2,2,1,1,1,0,1,1,1,2,1,2,1,1,2,3,3,3,2,3,3,3,3,3,2,2,3,3,3,2,2,3,2,1,2,2,3,2,3,3,2,3,3,2,3,3,3,3,3,2,1,2,3,3,2,1,2,2,2,1,1,1,1,1,1,1,1,2,2,2,2,2,2,2,2,3,3,2,1,2,1,2,3,3,3,3,3,3,1,1,2,3,5,5,4,3,3,3,1,2,3,2,2,2,2,2,1,4,3,3,3,5,7,5,3,6,5,4,4,4,4,3,4,2,2,1,1,1,1,1,1,3,3,3,4,4,4,4,4,2,1,1,1,1,1,1,1,2,1,2,2,2,3,1,1,2,2,3,3,3,4,4,4,3,3,2,3,3,4,4,4,5,4,4,3,3,3,3,3,2,2,1,2,1,2,4,3,3,3,4,4,3,3,3,3,1,1,1,2,2,2,2,1,3,2,2,2,1,1,1,1,1,1,1,2,3,2,2,1,4,4,2,3,4,3,1,2,2,2,2,2,2,2,3,2,1,1,1,1,1,1,2,2,2,2,2,2,2,2,2,3,2,3,1,1,1,1,1,1,2,1,3,3,2,5,5,2,2,1,2,2,2,3,3,3,4,3,3,3,3,3,2,3,4,4,4,3,3,2,3,2,2,3,3,4,3,3,3,3,4,3,3,3,3,3,4,3,2,2,2,3,3,3,4,4,3,4,2,3,4,5,5,7,3,0,2,2,2,4,2,3,1,3,2,2,2,2,3,3,3,3,3,3,2,3,2,2,2,3,3,2,3,3,2,2,2,2,2,1,1,1,2,2,4,3,4,4,3,3,2,3,2,2,2,2,3,3,3,3,2,2
31,3,3,3,3,3,2,2,1,1,2,2,3,2,1,1,3,3,3,3,3,3,3,3,4,4,4,3,3,3,2,2,1,1,1,1,2,1,2,1,3,4,1,1,2,2,2,0,2,2,3,3,4,5,4,3,1,2,3,2,2,4,4,2,2,2,2,2,2,2,2,3,4,4,4,5,5,3,2,1,1,1,1,1,2,1,1,1,4,4,5,5,4,4,4,3,1,1,2,1,2,3,2,4,4,3,3,2,4,6,3,2,3,4,4,2,2,3,3,2,3,3,3,3,2,2,3,2,1,2,2,2,2,2,2,1,0,1,1,2,2,2,2,3,2,2,2,3,3,3,3,3,2,2,2,2,2,2,2,2,3,3,3,3,3,3,3,3,1,1,2,3,3,4,3,2,3,3,3,3,3,3,3,3,2,3,3,1,2,4,3,2,3,2,2,3,3,2,2,1,2,2,1,2,2,2,3,3,3,3,2,3,3,3,3,3,2,2,2,2,2,2,2,1,3,2,2,1,2,3,3,3,2,2,2,3,4,4,4,3,1,2,2,2,3,3,3,3,2,3,4,4,3,2,2,2,3,3,2,1,2,4,4,3,1,1,1,2,2,2,3,3,2,2,2,2,3,3,2,2,4,3,4,4,3,3,3,3,1,1,2,3,2,1,2,3,3,3,2,3,3,3,3,3,1,1,2,1,2,3,3,3,2,3,3,3,4,4,4,3,2,4,3,2,2,1,1,1,1,1,2,3,3,2,1,1,0,0,1,2,2,2,3,4,2,1,1,1,2,3,3,2,3,4,3,3,3,3,2,2,4,5,5,5,5,5,5,5,5,4,4,4,4,4,4,4,3,2,3,2,2,2,3,3,2,1,3,3,3,4,3,2,2,2,1,1,3,3,2,3,2,3,2,2,3,3,3,3,2,2,2,2,2,2,2,3,2,4,3,3,4,2,1,0,3,3,3,4,5,5,4,3,3,3,3,3,3,3,3,3,1,2,3,3,3,4,4,3,1,2,1,2,2,2,2,3,2,1,2,3,3,2,3,4,3,2,2,4,4,4,3,4,4,2,2,2,2,2,2,2,5,3,2,2,2,2,1,2,2,2,2,3,3,3,4,4,3,2,3,4,4,5,6,2,0,1,2,2,3,4,5,4,3,3,1,1,2,3,4,4,6,5,4,4,5,6,4,2,2,3,3,3,3,3,3,3,2,1,1,1,2,2,2,2,2,2,2,2,1,1,2,2,2,2,4,5,3,1,0,1,3,2,2,2,2,2,2,3,3,3,3,3,3,3,3,3,4,1,2,4,4,4,3,2,2,3,3,3,3,3,2,2,1,1,2,2,1,1,1,1,1,1,2,3,4,3,3,1,3,2,2,2,3,5,4,1,1,1,1,2,2,2,1,2,3,1,0,2,2,2,2,2,2,2,5,5,4,4,4,3,2,2,2,1,1,1,2,0,0,1,1,2,2,1,2,2,4,3,3,3,3,3,3,3,3,3,3,2,1,2,2,2,3,4,4,3,3,3,3,2,3,4,4,5,5,5,5,4,5,3,1,2,2,3,4,4,1,1,2,2,2,2,1,1,3,3,4,4,5,5,4,4,4,5,5,4,4,3,3,3,3,2,2,3,2,3,3,2,1,0,1,2,3,4,1,1,5,6,3,4,4,4,4,4,2,1,2,1,2,3,2,2,3,2,3,2,2,2,2,3,4,3,2,3,4,4,2,1,2,4,3,3,3,3,2,2,1,1,1,2,1,1,1,1,1,1,2,2,3,2,3,3,2,3,4,4,4,4,4,2,3,3,2,2,1,2,3,4,3,3,2,3,3,3,2,3,2,2,4,4,4,5,5,4,3,3,2,3,3,3,3,3,4,4,5,5,4,2,2,1,1,4,3,3,3,3,3,3,3,5,5,5,3,2,3,3,1,1,3,4,4,4,2,2,4,4,4,3,3,3,3,3,4,4,4,3,3,2,2,1,2,3,3,3,3,3,3,3,3,3,3,4,4,3,4,4,2,1,1,1,1,2,4,4,3,2,2,3,3,3,3,3,5,4,3,2,3,4,3,2,4,4,2,2,2,3,3,1,1,2,2,2,2,3,3,2,5,5,3,3,4,2,2,3,3,4,3,3,3,3,2,3,4,3,3,3,3,3,3,2,1,1,2,2,2,2,2,2,1,1,1,1,2,1,1,2,2,2,2,2,2,2,2,2,2,2,2,2,2,2,2,2,1,1,1,1,1,1,2,2,2,3,3,3,4,4,4,3,1,2,3,2,2,3,3,1,2,2,2,3,3,2,3,3,3,2
32,4,2,2,3,3,3,3,3,2,3,3,3,3,3,3,2,3,2,2,3,3,2,2,3,2,2,2,2,2,3,4,2,2,1,2,3,3,3,3,2,4,5,5,5,3,2,4,4,2,2,2,3,3,3,3,2,2,2,2,2,1,1,3,1,0,2,3,4,3,1,1,1,1,1,2,3,4,3,2,4,3,2,1,2,4,4,5,4,3,4,4,3,4,3,3,3,3,1,1,3,3,2,3,4,3,1,2,4,4,4,4,3,3,3,4,5,4,2,3,3,2,2,2,2,2,2,2,3,3,3,3,3,3,3,3,3,3,3,3,3,3,3,3,1,1,1,1,1,1,1,0,1,3,3,3,4,4,3,3,5,4,3,3,4,4,5,5,2,2,2,2,3,2,2,1,2,2,3,4,4,4,3,2,2,3,3,4,3,3,3,3,3,1,1,2,3,3,3,3,3,4,4,3,3,3,2,2,4,5,4,5,5,3,3,3,3,3,2,3,3,4,4,3,3,3,2,3,5,5,3,3,2,2,1,1,3,3,0,1,3,3,4,3,3,4,4,4,3,3,1,2,3,3,3,2,0,3,2,4,3,3,4,4,5,4,2,2,4,4,3,3,2,2,2,2,1,1,2,2,3,3,2,1,2,2,2,3,3,3,3,3,3,3,3,1,1,1,1,1,1,1,1,3,3,2,2,2,2,2,2,1,3,2,2,3,3,2,3,3,2,1,1,1,1,1,1,1,1,2,2,2,3,3,2,3,2,3,2,2,3,2,2,2,1,1,1,1,1,1,1,1,3,3,3,3,3,3,3,3,4,4,3,3,3,3,2,2,4,5,2,1,2,2,1,2,2,2,2,3,2,2,4,2,2,1,0,1,2,2,2,2,2,2,2,2,2,2,2,3,3,3,4,4,4,4,4,4,2,1,1,2,4,4,4,4,5,5,4,4,5,5,5,5,3,5,4,4,3,3,3,2,3,2,0,2,4,4,2,1,1,1,2,2,1,2,2,0,2,3,3,4,4,3,3,3,3,3,4,3,2,2,1,2,2,2,1,1,2,3,1,2,3,3,3,3,3,3,3,3,3,4,5,4,4,4,2,2,3,2,3,3,3,2,1,1,4,4,1,2,2,1,3,4,4,3,2,2,1,0,2,3,3,2,3,3,2,2,2,2,2,4,4,3,3,3,4,3,3,2,2,3,2,2,2,2,2,1,2,2,2,4,3,3,3,3,3,3,3,4,4,4,2,1,3,3,2,1,2,2,3,3,3,4,4,4,4,3,4,5,4,4,4,2,3,4,2,3,3,2,3,3,3,3,4,5,3,0,1,3,3,3,1,2,5,3,2,2,2,1,2,1,2,4,3,3,4,3,1,3,2,2,2,1,1,2,4,3,1,1,2,4,4,3,4,4,3,5,3,4,4,2,3,4,2,1,2,3,4,4,5,4,4,3,3,4,4,3,1,2,3,3,3,3,2,4,5,5,5,4,3,3,4,3,1,2,3,3,3,3,2,3,4,3,3,3,2,2,2,3,2,2,3,2,2,2,2,2,3,3,3,2,2,2,3,3,3,2,3,4,4,4,5,3,1,1,1,1,1,1,1,2,2,2,2,2,2,3,2,3,3,2,3,3,3,3,3,2,2,2,2,1,2,2,2,4,5,3,3,5,5,4,2,2,2,2,3,3,2,3,2,2,3,2,2,2,3,5,5,3,2,2,2,2,4,4,4,3,1,2,2,3,3,3,3,2,3,3,2,1,2,2,2,2,2,2,2,3,4,4,5,5,5,4,3,4,4,4,4,3,4,4,4,4,4,4,4,4,3,2,2,1,1,2,2,3,2,3,6,6,4,3,4,4,4,5,3,3,3,3,3,3,3,3,3,3,3,2,3,3,2,2,1,2,2,2,3,2,3,2,2,2,1,1,1,1,2,2,2,2,2,2,1,1,3,4,4,4,4,4,4,5,5,3,3,3,3,3,3,3,4,3,3,4,3,5,3,3,3,3,2,2,2,2,3,3,2,3,3,3,3,4,4,4,4,4,3,3,2,2,1,2,3,2,2,2,2,2,2,2,3,3,3,3,3,4,4,3,3,2,3,4,3,3,3,2,3,4,4,4,4,4,4,5,3,3,2,3,3,2,2,3,2,2,3,2,1,2,2,2,2,2,2,4,5,3,3,3,3,1,1,2,3,3,4,3,1,1,1,2,2,1,2,2,2,2,3,3,3,2,1,2,3,2,2,2,2,2,2,2,1,1,1,2,2,2,3,4,3,2,2,2,2,2,2,2,2,2,2,2,3,3,2,2,2,2
33,4,4,2,2,2,2,3,4,3,3,3,2,2,2,3,2,1,2,3,3,4,4,5,5,5,5,4,4,4,3,3,2,1,3,2,2,3,3,2,4,4,5,4,4,4,4,3,4,3,3,3,2,2,3,4,3,3,4,2,2,3,3,2,3,3,4,3,3,3,3,3,4,4,3,4,4,3,2,3,2,1,2,2,2,1,1,1,1,3,3,3,5,4,3,3,3,4,3,3,1,0,1,1,2,2,3,3,3,3,2,3,3,3,3,3,4,3,4,4,4,2,2,4,4,2,3,3,3,2,3,3,3,3,2,2,4,4,3,3,4,3,2,4,4,4,4,2,1,1,2,3,2,2,2,3,4,4,4,3,4,3,3,4,5,5,5,5,3,2,3,3,3,3,4,4,4,2,3,3,3,4,4,4,3,3,3,2,2,2,1,1,2,1,1,2,2,3,4,3,2,1,1,1,1,1,2,3,2,1,0,0,0,1,3,4,5,4,4,3,1,3,5,4,4,4,3,4,4,4,5,5,3,4,4,4,4,3,5,4,2,3,3,3,3,4,5,5,2,2,2,3,3,2,3,4,5,3,1,1,1,3,5,4,2,2,2,2,2,3,4,5,3,2,2,1,1,2,3,3,2,1,2,3,3,3,3,2,2,2,2,2,2,2,2,2,3,2,2,3,3,3,4,4,3,2,2,2,2,2,2,2,3,3,2,2,2,2,4,4,4,3,2,3,3,2,2,2,4,4,4,4,2,1,2,2,2,2,3,2,3,2,2,1,1,3,3,3,1,3,4,4,2,1,1,1,1,1,2,2,3,2,2,4,4,3,3,3,2,2,3,3,3,3,3,2,2,2,2,2,2,3,4,2,2,3,4,3,3,1,1,1,2,2,1,1,2,3,1,3,5,6,6,6,6,6,6,4,4,2,1,1,2,3,3,1,4,4,3,3,3,3,4,6,4,3,3,3,3,3,3,3,3,4,4,3,1,1,1,2,3,2,1,1,1,1,1,3,3,3,2,3,3,3,3,3,3,3,4,4,3,3,3,4,2,3,3,3,2,4,4,2,1,2,2,2,3,3,3,2,2,3,4,3,3,3,2,3,3,2,2,3,3,3,3,3,3,2,2,3,2,3,3,3,6,6,5,4,4,4,3,2,2,2,1,1,1,1,1,1,2,2,2,2,2,2,2,2,3,3,3,3,2,2,2,2,2,2,3,2,2,3,2,2,1,3,3,3,3,2,3,2,2,2,3,2,2,1,1,2,3,2,1,3,4,4,4,4,4,3,3,2,2,3,3,3,2,3,2,2,4,4,2,2,1,1,1,1,1,1,1,0,2,3,3,2,3,2,3,2,0,2,3,3,2,3,4,3,4,4,4,4,4,4,3,2,4,4,4,4,4,3,4,3,3,2,2,2,2,2,2,2,2,1,3,3,2,2,4,4,2,2,2,2,2,1,1,1,1,1,1,1,1,2,3,3,3,3,3,3,3,2,3,3,2,3,3,3,4,4,5,6,6,2,1,2,2,2,1,2,2,1,1,1,1,2,2,2,4,5,2,3,2,3,4,3,3,2,2,2,2,3,3,3,3,1,2,3,3,3,3,2,1,2,4,4,2,3,3,2,3,3,2,2,3,2,2,2,3,3,3,3,3,3,3,3,2,1,2,2,2,3,3,4,4,3,3,3,4,3,2,3,4,3,2,2,3,3,4,4,3,3,4,2,2,2,2,3,4,4,3,3,4,4,2,3,2,1,1,1,1,1,1,1,1,1,1,1,1,1,1,1,2,3,4,4,4,4,4,3,3,3,3,2,2,2,0,0,0,0,3,3,5,4,4,4,1,3,3,2,1,2,3,4,4,3,3,3,3,2,2,2,2,2,2,2,1,1,2,2,2,2,1,2,2,1,2,2,2,2,3,3,4,5,5,3,2,2,3,3,3,3,3,3,3,3,4,4,3,3,4,4,3,4,3,2,3,3,1,2,3,2,2,2,2,2,2,2,2,1,2,2,2,3,3,3,3,2,2,2,2,2,2,2,3,3,3,2,1,3,4,2,4,4,3,4,2,1,2,3,4,3,3,3,3,3,3,3,4,4,4,3,3,4,3,3,3,3,2,1,1,2,2,1,2,3,2,3,3,2,3,3,2,3,2,3,2,2,2,2,1,1,1,1,1,1,2,3,4,3,2,2,2,2,2,4,4,2,1,2,2,2,2,3,3,4,4,2,2,2,2,1,1,3,3,3,3,4,3,3,3,3,2,3,3,3,3,2,2,3,2,2,3,3,3,4,2,2,2,2,1,1,1,1,4,4
34,3,4,4,3,4,2,2,2,3,2,2,1,1,2,2,2,2,2,1,1,1,1,1,1,2,3,3,3,3,3,3,2,2,3,4,3,2,1,1,3,5,5,2,1,3,4,2,2,2,1,1,2,3,3,3,1,1,1,1,1,1,3,3,2,2,2,3,2,3,2,2,3,2,3,3,3,3,2,3,4,5,4,4,4,3,1,3,3,2,2,3,3,4,3,3,2,2,2,3,4,5,3,1,1,2,4,4,4,4,4,5,4,3,2,4,3,3,3,3,2,2,2,2,2,3,3,2,3,4,4,3,3,3,2,4,2,2,2,2,2,2,1,3,2,2,1,2,3,1,1,1,1,3,2,1,3,4,3,4,5,4,4,4,4,4,4,4,3,4,4,4,4,4,4,4,2,1,2,2,3,3,4,3,1,1,2,3,2,2,3,2,3,3,3,3,3,3,3,3,1,1,2,2,2,3,3,5,4,2,3,1,3,3,4,5,3,3,1,0,1,5,5,4,5,4,3,2,3,3,3,3,3,3,2,2,1,1,2,2,2,2,2,1,2,2,2,3,2,1,2,3,2,3,5,6,3,3,2,3,3,3,3,3,2,2,2,2,2,2,2,2,2,2,2,3,3,2,2,1,3,3,3,3,3,3,4,3,1,1,1,1,2,2,2,2,1,1,1,1,1,1,1,1,6,6,5,5,4,3,2,1,2,2,2,2,3,4,2,1,3,3,2,2,2,3,2,2,4,3,2,1,2,3,2,1,3,3,2,2,2,3,3,4,3,3,3,3,3,3,3,3,3,2,2,2,2,3,3,4,1,1,1,1,2,2,2,2,1,1,1,1,1,1,1,1,2,2,2,2,2,2,2,2,2,2,1,2,2,3,3,3,3,3,3,2,1,3,3,3,2,4,5,5,4,1,3,4,2,2,2,2,3,3,3,2,3,2,4,5,3,3,5,4,3,3,3,3,3,3,3,3,2,3,3,5,4,3,1,2,2,2,2,3,4,6,5,2,2,2,2,2,2,2,2,2,3,3,3,3,3,3,4,4,4,3,4,3,3,3,2,4,3,1,1,1,2,2,2,4,4,3,3,3,2,2,2,2,3,3,3,4,3,3,3,3,3,3,3,3,3,3,3,2,2,2,2,2,1,1,2,1,3,3,2,2,3,3,3,4,4,3,2,3,4,3,4,2,3,3,4,4,3,2,3,3,3,3,3,2,3,3,4,4,4,4,3,3,4,4,4,3,1,1,1,2,2,2,4,3,1,2,1,1,3,3,4,4,4,3,3,3,4,4,4,4,3,4,4,5,5,3,3,3,4,4,2,2,3,2,3,2,3,3,3,3,4,3,3,3,2,2,3,2,2,3,2,2,3,4,3,3,3,3,3,2,3,3,3,3,2,3,3,2,2,3,3,3,3,3,3,4,3,2,2,2,2,3,3,3,3,2,3,2,3,2,3,5,2,2,2,2,2,2,2,2,3,2,2,3,3,2,3,3,2,3,3,2,3,3,3,3,4,3,3,3,3,3,3,3,2,2,3,3,4,4,3,3,3,3,2,2,2,2,2,2,2,2,2,2,1,1,2,3,3,3,1,1,1,1,2,2,2,2,2,2,2,2,1,2,3,3,2,2,2,1,0,2,5,4,2,2,2,2,3,2,0,1,1,1,1,2,2,1,3,1,1,1,1,1,1,1,3,3,3,3,3,3,2,3,2,1,1,2,3,6,3,3,3,1,1,2,2,3,3,2,2,1,1,1,2,3,3,3,1,1,2,1,1,2,3,1,1,2,3,2,2,2,2,1,2,1,1,1,1,1,1,1,1,1,1,1,2,2,2,2,3,3,2,2,2,2,2,2,4,4,4,4,2,3,3,2,3,3,4,4,2,1,2,3,4,3,2,2,1,1,1,1,1,2,3,3,3,3,3,2,1,1,1,1,2,2,2,2,1,2,1,1,1,1,2,2,1,1,2,2,2,2,1,1,3,3,3,4,4,4,3,3,1,1,2,2,2,2,1,1,1,2,1,1,2,2,2,2,2,2,1,1,1,1,2,2,2,2,2,2,2,2,3,4,2,2,3,3,3,2,3,4,0,1,3,3,4,6,4,2,3,3,0,1,1,1,2,3,0,1,1,1,0,1,2,2,1,1,1,1,1,1,2,1,2,2,2,2,2,2,2,2,2,3,2,1,1,1,1,1,2,3,3,2,3,3,2,2,1,1,1,1,1,1,1,1,2,2,2,2,2,2,2,1,1,1,1,1,1,1,2,2,3,3,2,2,2,2,1,0,0,1,2,2,3,2,2,1,1,1
35,1,1,1,1,3,2,2,4,4,4,3,3,2,2,2,3,3,2,3,3,3,4,3,3,3,3,3,3,3,3,2,2,3,3,5,5,4,2,2,3,4,5,5,5,4,5,5,0,1,3,4,5,6,4,5,4,1,1,1,3,3,2,1,2,2,2,3,3,3,2,2,4,6,6,7,5,5,5,4,1,1,1,1,1,1,1,1,2,2,2,2,2,3,2,1,1,3,1,0,1,3,3,0,2,2,2,2,1,1,2,1,3,2,3,3,3,5,3,4,5,3,4,3,3,6,5,3,4,6,5,3,2,3,4,2,2,3,3,3,3,3,3,2,1,1,3,2,3,3,3,3,3,5,5,4,3,3,4,3,2,2,2,2,3,3,3,1,0,2,2,2,2,2,2,3,0,2,3,1,0,4,5,2,2,2,3,4,4,5,4,3,1,2,3,2,2,2,2,2,3,3,2,4,2,3,4,3,1,0,1,2,4,4,3,3,3,4,4,2,2,2,3,4,4,4,3,3,3,3,1,2,4,4,2,2,3,3,3,1,1,2,2,2,2,2,2,3,1,1,1,2,2,3,3,3,4,2,2,4,4,4,4,3,2,2,3,3,3,3,4,2,0,1,1,1,2,1,2,1,0,3,4,3,2,1,1,1,2,1,0,1,2,3,1,1,2,2,2,2,2,2,3,3,1,3,3,3,4,4,4,2,2,4,4,4,4,4,4,5,4,1,0,0,1,1,0,1,1,2,2,3,3,3,3,3,2,2,1,1,2,3,3,3,5,3,3,2,3,2,2,1,2,2,2,1,1,2,3,3,3,2,2,2,3,4,3,3,2,2,2,2,3,4,4,5,4,3,4,5,5,5,4,2,2,2,3,4,4,2,2,2,1,2,4,4,3,4,3,3,5,4,2,2,2,2,4,1,2,1,1,3,5,4,3,2,5,4,4,3,3,3,3,3,2,1,2,2,2,1,2,1,2,3,4,4,3,3,2,3,6,5,3,3,1,3,3,2,4,4,3,4,4,4,3,4,3,3,3,3,3,3,3,3,4,3,2,3,3,2,2,2,3,3,2,2,2,3,3,3,3,3,3,1,2,1,2,2,2,3,3,3,3,4,5,3,2,2,3,3,3,3,3,3,1,2,2,3,2,2,2,2,2,2,3,3,3,4,4,3,2,2,2,2,2,2,2,2,4,4,3,3,3,3,2,2,3,3,2,1,1,2,3,3,2,2,3,1,1,2,2,2,1,1,1,2,3,3,0,1,3,2,1,1,1,3,5,5,2,1,2,3,2,3,4,4,2,1,1,1,2,2,1,1,1,2,5,6,4,3,0,1,1,0,0,2,2,2,2,3,3,2,3,3,3,3,2,2,5,4,5,5,5,3,3,2,1,2,1,2,2,2,1,0,0,0,2,2,1,2,3,1,2,3,2,3,2,3,3,3,1,1,2,3,3,5,5,5,3,2,2,2,2,2,2,3,2,1,2,3,3,2,1,1,2,2,2,2,2,2,2,3,2,1,2,1,2,2,3,3,3,3,4,3,3,2,3,5,3,2,2,1,2,2,0,0,4,4,3,4,3,3,2,2,3,3,2,2,2,3,3,2,2,2,2,2,2,2,2,1,2,2,2,2,3,3,3,3,3,2,3,2,2,2,3,4,3,2,2,2,2,3,3,2,2,5,5,4,4,3,3,3,5,5,4,3,4,5,3,2,3,3,2,2,1,1,2,1,1,1,1,1,1,1,1,2,2,1,2,2,3,3,3,3,2,2,2,3,3,3,3,4,3,1,3,3,2,2,4,3,2,2,2,2,2,2,2,2,5,5,4,3,3,2,1,1,1,2,1,2,2,2,2,3,2,3,3,2,3,3,2,2,3,4,5,4,2,1,1,2,1,1,2,1,2,3,2,2,2,2,2,2,2,2,2,2,2,2,4,4,3,2,2,3,2,2,2,2,2,2,2,2,3,3,2,3,3,2,2,1,3,3,4,3,4,4,3,3,2,2,2,2,1,1,2,1,3,3,2,1,1,1,1,1,2,2,2,1,2,2,1,3,3,3,4,4,3,3,0,1,1,1,1,1,2,2,3,3,2,3,4,3,3,4,3,2,2,1,2,3,3,3,2,1,1,2,2,1,1,1,1,1,1,1,1,1,1,1,1,1,1,2,3,4,4,4,3,3,2,2,1,1,1,2,3,4,2,2,3,3,4,4,3,3,2,2,2,2,1,1,2,2,3,3,3,2,2,2,3,3,2,1,1,2,3,3,3,2,3,2,2,2,0,0,1,2,2,2,2,2,2,1,3,6,1,1
36,3,3,3,3,3,3,3,4,5,5,4,2,2,3,4,2,2,2,2,2,2,2,2,4,4,4,3,3,3,2,2,2,2,3,5,3,2,3,3,4,5,6,5,4,4,5,6,4,3,2,2,2,2,3,3,3,4,3,3,3,3,3,3,2,4,3,5,4,3,2,3,3,2,3,3,4,5,4,2,4,3,2,2,2,1,1,2,2,2,2,2,2,2,2,2,1,1,2,2,0,1,2,1,1,1,3,4,5,5,4,2,3,3,2,2,3,3,3,2,2,3,2,3,4,3,2,3,5,4,1,1,1,3,5,6,4,4,3,3,3,3,3,3,3,4,3,1,1,2,5,6,3,2,1,2,3,3,3,3,2,1,1,2,2,2,2,1,2,2,2,2,1,1,1,1,2,2,2,2,2,2,3,3,2,2,2,2,2,2,2,2,2,2,2,2,3,3,2,2,1,1,1,1,1,1,2,2,4,4,4,3,2,2,1,2,3,4,2,2,2,2,2,3,1,1,1,1,1,2,3,2,2,3,5,6,6,4,3,4,2,4,4,2,2,3,4,2,1,1,2,2,2,3,3,3,2,2,2,2,2,2,2,2,3,4,3,3,2,3,2,2,3,3,2,3,3,3,3,3,3,3,3,3,3,3,3,3,4,3,2,2,3,3,3,3,1,2,2,2,3,2,2,2,1,4,4,4,3,3,2,4,2,2,2,2,2,2,2,1,2,1,2,2,3,3,2,4,2,2,1,2,2,3,2,2,2,3,4,4,4,4,4,5,3,2,3,3,4,4,3,3,1,2,5,5,3,4,3,3,1,2,3,3,3,3,3,4,2,2,3,3,3,3,2,3,2,1,2,3,3,3,3,2,2,2,2,2,2,2,4,4,2,2,2,2,2,2,2,2,1,1,1,1,1,1,2,2,3,1,4,5,4,3,3,3,2,2,2,2,2,2,2,2,2,2,2,2,2,2,2,2,3,3,3,3,3,3,3,3,1,1,2,2,0,0,2,2,3,2,3,4,4,3,2,2,2,2,2,1,2,2,3,3,3,3,3,3,3,3,3,3,2,2,3,3,3,4,4,4,3,3,2,2,2,2,2,2,3,3,2,3,3,2,2,2,1,1,1,1,1,1,1,1,2,2,2,2,2,2,2,2,2,2,3,3,3,3,4,4,2,2,2,3,3,3,3,3,3,2,2,3,3,3,2,2,1,2,3,4,4,4,3,3,2,1,2,2,2,3,3,3,5,4,3,2,2,3,3,3,2,2,2,2,3,3,3,3,2,0,2,2,2,4,4,4,3,3,4,4,4,5,5,5,4,4,3,3,4,4,3,3,3,2,3,3,2,2,2,3,1,1,2,4,7,8,7,6,3,3,3,2,0,0,1,1,0,2,3,3,2,1,1,0,2,3,1,2,2,2,2,3,2,2,3,2,2,2,2,4,3,2,0,1,3,3,2,1,3,3,1,1,1,1,1,1,2,1,2,2,2,2,2,1,2,3,3,3,3,3,3,2,2,3,3,3,3,3,3,3,3,3,3,3,3,3,3,3,3,3,2,3,3,3,2,1,1,1,1,1,1,1,1,1,2,2,2,2,2,2,3,3,1,2,2,2,3,3,3,2,3,2,2,2,3,3,4,4,4,3,3,3,2,2,2,3,4,3,2,2,3,3,2,2,3,2,2,2,2,2,2,2,1,2,1,1,2,4,4,3,2,0,2,2,3,3,3,3,2,2,3,1,2,2,2,2,2,2,2,2,2,2,2,2,2,2,1,2,2,2,3,4,4,2,2,3,3,4,4,3,2,2,2,2,2,2,2,2,2,3,2,3,3,2,2,1,2,2,2,2,2,2,2,2,2,3,3,3,3,3,3,4,3,4,4,2,1,3,3,2,3,3,3,2,3,2,1,2,4,4,4,4,3,2,2,2,2,2,2,2,2,2,2,2,3,3,3,2,2,2,1,1,3,3,3,3,3,3,4,4,4,3,3,3,2,2,1,2,3,3,3,3,3,3,3,4,2,3,2,2,2,2,2,3,1,1,5,5,5,2,1,0,3,3,3,3,3,4,3,2,2,2,2,2,2,2,2,2,2,2,2,2,3,3,3,5,3,4,4,5,4,4,5,3,1,1,1,1,1,1,1,1,3,2,3,3,2,2,0,2,2,3,2,3,2,2,1,0,1,3,2,1,2,2,2,3,5,2,2,4,6,7,5,4,3,3,3,3,3,3,4,4,2,2,2,3,4,4,2,2,2,2,3,3,3,3,3,3,3,3,2,3,3,3,3,4,3,3,3,3,3,3,3,3,3,2
37,2,3,3,2,2,3,4,4,3,2,3,2,1,1,1,3,3,2,2,2,3,3,6,3,4,3,3,3,3,2,5,1,3,4,3,3,3,3,4,5,5,7,6,2,2,3,3,1,2,4,3,3,2,2,2,1,2,3,2,3,3,0,0,3,3,3,3,3,3,3,3,3,2,2,2,4,3,2,3,2,1,1,2,2,3,3,3,3,2,2,2,3,3,3,1,1,4,3,3,3,4,3,1,1,2,2,2,2,2,1,1,1,1,1,1,1,1,1,1,2,5,5,4,3,3,3,2,3,4,3,3,4,4,3,3,2,2,2,2,2,2,2,2,3,2,2,3,2,1,1,3,2,2,3,3,2,2,2,3,3,2,2,2,2,2,2,2,2,3,4,3,2,4,4,4,3,3,3,3,4,4,3,3,2,1,2,2,2,2,3,2,2,2,2,3,2,3,2,2,1,3,4,5,5,3,2,1,2,2,1,2,2,3,2,2,2,2,2,2,3,3,2,3,4,4,3,3,4,4,3,3,4,4,4,2,3,3,3,2,3,2,3,3,2,3,2,2,2,3,3,3,2,2,3,2,1,2,3,4,4,4,4,4,1,2,2,3,3,4,4,5,2,2,3,2,2,2,4,5,5,4,1,1,1,2,2,1,2,2,2,2,2,2,3,4,3,1,0,1,2,3,2,2,3,2,2,3,1,1,1,1,0,1,2,2,1,1,2,3,4,3,3,1,1,2,2,2,1,2,2,3,5,5,6,4,0,1,1,2,2,2,2,2,3,3,3,4,4,5,5,3,4,3,2,3,3,3,2,2,2,1,2,2,2,3,3,3,4,4,4,3,3,3,3,3,2,2,2,1,2,2,3,2,1,1,2,2,2,3,3,2,1,1,2,2,3,3,4,2,2,3,3,3,3,3,3,4,4,3,4,4,4,4,3,2,2,2,2,2,3,3,3,3,1,1,1,1,1,1,1,1,1,2,4,4,4,3,2,2,2,2,2,2,2,2,2,3,3,2,2,2,3,3,3,3,2,2,2,2,1,3,3,3,3,3,3,3,3,4,4,3,2,2,2,3,3,3,3,3,2,4,3,4,3,2,2,1,1,1,1,3,4,4,3,5,3,3,3,3,4,3,2,2,2,2,3,3,3,3,3,3,1,1,2,3,3,3,2,2,2,2,1,1,1,1,1,1,2,2,2,2,2,2,2,4,4,3,3,3,3,2,2,2,2,1,1,2,2,3,3,2,2,4,4,2,2,4,4,3,4,4,3,3,3,3,3,3,3,4,3,3,4,4,3,4,3,4,3,3,1,2,3,3,2,4,5,3,3,4,4,2,3,2,1,1,2,2,1,1,3,3,3,3,3,2,1,3,4,3,3,3,3,3,3,3,1,1,2,1,2,1,1,1,0,1,1,2,3,3,3,4,3,3,3,3,3,3,3,4,4,4,5,4,4,3,3,3,2,2,2,2,2,2,2,2,3,3,3,2,2,3,3,3,2,1,2,3,5,5,3,3,0,1,2,1,2,2,1,2,2,2,2,2,3,3,3,3,2,2,2,3,3,3,3,3,3,3,4,4,3,3,3,3,3,3,3,2,2,2,2,1,4,5,4,4,3,2,3,3,2,1,0,1,2,3,1,1,3,2,2,3,3,3,4,3,2,2,2,3,3,2,2,3,4,3,1,4,5,2,1,4,4,4,3,2,0,1,2,3,2,2,1,1,1,2,2,3,3,3,3,3,3,3,3,3,3,3,3,3,3,3,1,2,4,3,4,4,3,3,3,4,0,2,4,5,5,4,2,1,2,2,2,2,2,3,2,2,3,3,3,3,3,3,3,3,3,3,3,3,3,3,3,4,5,4,2,2,4,4,4,4,2,3,2,4,3,2,2,1,3,3,3,3,3,3,3,3,3,3,3,4,3,3,3,3,3,2,3,3,3,2,3,2,3,3,2,2,2,3,3,3,2,2,2,2,2,2,2,2,2,2,2,2,2,2,2,3,3,3,2,2,3,4,4,3,2,2,2,3,4,3,2,1,0,2,2,2,2,2,2,3,2,1,1,1,1,2,2,2,2,2,2,2,2,2,2,3,2,2,2,2,2,2,2,2,1,1,2,2,2,4,4,3,3,3,2,2,2,2,2,2,1,1,2,3,2,1,0,1,2,2,2,3,3,4,3,2,2,2,2,3,3,3,3,3,2,2,2,2,2,2,3,2,3,3,3,2,2,2,2,4,1,1,1,1,1,1,2,1,1,1,1,1,1,1,1,1,2,2,1,1,1,2,3,3,2,2,2,2,3,3,3,3,3,2
38,3,4,4,4,3,2,1,0,2,4,6,5,3,3,2,3,3,3,3,3,3,4,3,3,3,3,4,3,1,1,2,2,2,2,2,2,2,2,1,4,5,4,4,2,2,1,2,3,2,1,1,2,2,1,1,4,4,4,4,4,5,5,5,2,3,3,3,3,3,3,3,4,2,2,2,3,3,4,6,3,2,1,2,1,2,2,3,2,2,3,3,3,2,3,4,1,1,3,3,2,1,3,3,2,3,2,3,3,3,3,4,4,2,3,3,3,3,3,3,3,2,3,5,5,3,2,4,2,0,1,1,2,2,2,1,4,4,2,3,3,3,2,3,2,2,4,4,4,4,5,5,2,2,2,2,2,2,2,2,5,5,4,2,2,2,2,5,3,5,6,6,4,2,1,1,1,1,1,2,3,2,1,1,1,2,1,3,4,4,5,7,5,4,3,4,4,4,4,3,3,3,3,2,3,3,3,3,3,2,2,2,2,3,3,5,6,3,2,2,3,4,3,4,2,1,1,3,3,3,2,1,1,1,1,1,2,2,2,2,2,2,1,1,1,2,2,2,1,0,0,1,2,3,4,3,3,3,3,3,3,3,3,3,2,2,3,3,4,4,3,3,7,5,5,5,4,4,5,4,3,3,3,3,3,3,3,2,3,3,3,4,3,3,3,3,2,2,3,3,3,3,2,3,3,3,3,3,3,3,3,2,3,5,6,5,4,3,4,5,5,3,3,3,3,3,3,3,3,3,3,4,3,3,3,2,2,2,3,3,3,2,2,2,1,1,1,1,1,2,3,2,2,4,3,3,3,3,1,1,2,2,2,3,3,3,4,4,4,4,3,3,3,2,2,1,1,3,1,2,3,3,4,2,3,2,2,2,2,2,2,2,1,0,2,2,2,3,3,3,2,2,2,2,2,2,2,2,4,4,4,4,4,4,4,4,3,4,4,3,3,4,5,5,3,2,3,3,3,3,3,3,2,2,4,5,5,4,2,2,4,3,4,6,4,2,2,3,2,2,2,2,2,2,2,2,2,2,2,2,2,2,2,2,0,1,3,2,3,4,3,2,1,1,2,3,2,1,2,3,2,3,1,1,3,3,4,3,2,4,4,3,3,4,4,4,4,3,3,3,3,3,3,2,1,1,2,3,3,4,4,3,2,3,3,3,2,3,3,3,3,3,3,3,2,2,3,3,3,3,4,3,3,3,3,2,2,2,2,2,2,2,2,2,3,3,2,3,2,2,2,3,4,3,2,3,4,3,2,2,3,3,3,3,2,2,2,1,1,1,3,3,3,3,3,1,4,3,2,2,2,2,2,2,0,1,3,4,4,3,1,0,2,2,3,2,3,4,5,3,1,2,3,3,3,3,3,3,3,3,4,4,4,4,4,3,3,2,2,2,2,3,4,5,3,2,2,3,3,3,3,2,3,3,2,3,3,3,3,3,3,3,2,3,3,4,2,2,1,1,2,3,3,5,5,4,4,4,4,4,3,3,3,3,2,2,3,3,2,2,3,3,4,4,4,4,4,4,3,3,3,2,2,3,3,3,3,3,3,3,3,3,1,1,1,3,4,3,3,4,4,4,4,4,2,2,2,2,2,2,2,3,4,4,4,4,4,4,4,4,1,1,3,3,3,2,1,1,2,2,2,3,3,3,3,3,3,2,2,1,2,2,2,3,3,1,2,1,1,2,2,1,2,2,1,3,4,5,2,1,2,2,2,3,3,3,4,3,2,2,2,2,2,3,2,1,1,1,2,2,1,1,2,2,1,1,2,2,2,2,3,2,2,3,3,2,2,3,2,1,2,2,2,3,2,3,3,3,3,3,3,3,3,3,3,3,0,0,1,2,3,3,2,1,4,6,4,4,4,4,4,4,4,4,2,2,2,2,4,4,2,1,2,2,2,2,2,2,1,1,1,1,1,2,1,1,2,2,2,2,2,2,2,2,0,0,1,1,1,1,1,0,2,3,4,4,3,1,2,4,3,2,2,2,2,2,1,1,0,2,2,2,1,2,2,1,3,3,1,1,1,1,2,2,1,1,2,3,4,2,1,2,2,2,2,2,2,2,1,1,3,3,3,3,1,1,1,1,3,3,4,4,4,4,4,4,3,3,3,4,4,3,3,2,2,1,2,2,2,2,2,3,1,1,1,1,1,1,1,2,1,2,2,2,1,2,2,1,1,1,1,1,1,1,1,2,3,2,1,1,3,3,3,1,1,2,1,0,2,3,2,2,2,2,2,2,2,2,2,2,1,1,1,1,1,1,1,1,2,2,2,3,3,3,4,4,4,4,3,2,3,3,3,3,1,1
39,4,4,4,4,4,4,4,3,3,3,3,3,3,3,3,3,2,2,2,2,0,3,5,4,5,5,3,4,5,1,0,1,2,2,3,3,2,2,5,4,4,4,5,4,4,4,4,4,4,2,2,2,1,1,1,3,3,3,3,3,3,4,4,1,1,2,1,1,2,3,2,1,3,5,4,1,2,3,3,4,3,3,3,3,2,3,2,5,4,3,2,2,2,4,5,3,2,2,2,3,2,4,5,5,5,4,3,2,2,4,6,4,4,4,3,3,3,4,4,2,3,5,5,4,3,2,2,3,4,5,3,2,0,0,0,1,2,2,1,1,1,1,1,1,1,1,1,0,1,2,3,3,2,2,2,4,4,3,2,2,4,3,2,2,2,2,4,5,3,3,3,2,3,3,2,3,2,6,6,3,1,0,1,1,0,0,2,2,2,3,3,2,3,3,3,4,4,4,4,3,3,3,3,3,3,3,3,1,2,1,1,1,1,2,3,4,3,2,2,1,0,2,3,3,1,1,1,2,2,2,1,2,2,2,2,2,2,2,3,3,1,1,1,1,1,1,1,2,2,2,3,4,6,6,6,1,1,2,2,1,1,1,1,1,4,2,1,3,4,4,5,4,4,3,5,3,3,5,4,5,5,3,1,1,3,5,5,2,2,2,2,4,4,3,3,2,2,1,2,2,1,1,0,2,2,3,3,3,3,3,3,2,2,2,4,5,4,4,4,3,2,4,4,4,4,3,3,3,4,2,3,4,4,2,3,3,2,2,2,2,2,1,2,5,4,4,3,2,1,2,0,3,4,1,1,2,2,4,4,3,2,2,2,2,2,2,2,2,2,2,2,2,1,2,1,2,2,2,3,4,3,3,2,2,2,2,2,2,2,2,3,3,2,2,3,3,3,3,3,1,3,4,4,3,3,2,2,3,3,2,1,2,3,3,3,1,1,1,3,2,2,3,5,3,3,3,3,3,3,2,3,3,3,3,2,2,3,2,2,2,2,2,1,2,3,3,3,1,2,1,3,2,3,3,4,2,2,2,2,2,2,3,4,1,1,1,1,1,1,1,1,1,1,1,1,0,1,1,1,2,3,2,1,1,1,1,1,2,1,0,2,3,3,3,4,3,3,3,2,1,2,2,2,2,3,4,3,4,4,2,3,2,1,1,1,3,3,1,1,3,2,2,2,3,2,3,2,3,2,2,3,4,4,3,3,3,3,2,3,2,3,1,2,4,4,3,2,2,2,2,2,4,3,3,3,3,3,3,3,3,3,3,2,3,4,3,2,3,2,3,3,3,3,2,2,2,3,3,3,3,3,3,2,2,2,1,1,2,2,2,2,4,4,2,0,0,1,3,4,3,2,2,4,5,4,4,2,2,2,2,4,3,3,2,2,4,2,2,2,2,3,4,4,3,1,2,2,1,1,2,1,3,2,2,2,2,2,2,2,3,3,4,4,3,2,2,3,2,1,1,2,3,3,3,3,4,3,1,1,2,2,1,1,1,1,2,2,2,3,3,4,3,3,3,3,3,3,3,3,3,3,3,3,3,3,3,3,1,1,3,3,3,3,3,2,3,3,3,3,3,3,3,3,1,1,1,1,1,1,1,1,2,2,3,2,1,2,3,3,1,1,1,2,3,2,2,1,3,4,4,3,3,2,3,2,3,2,4,4,3,2,3,1,2,1,1,3,3,3,2,2,2,2,2,2,2,2,2,2,2,2,2,2,2,2,3,2,1,2,2,1,1,1,1,1,4,3,2,2,2,2,3,4,3,3,3,3,3,3,3,3,3,3,3,3,3,3,3,4,2,1,2,2,1,3,1,2,1,3,4,3,3,3,3,3,2,2,2,2,2,2,2,3,2,3,4,3,4,4,4,5,2,3,3,4,4,3,2,2,2,2,2,2,2,2,3,3,3,3,3,3,2,2,2,3,4,3,3,2,2,2,2,3,4,4,3,3,2,2,1,1,2,3,2,3,5,4,3,5,3,1,2,3,4,4,3,2,2,1,2,2,3,3,3,3,2,3,2,2,2,1,2,2,3,3,3,3,3,3,3,3,3,2,1,2,3,2,1,1,2,3,2,2,2,1,3,3,3,2,2,2,2,3,3,2,2,2,3,3,3,3,3,2,1,1,1,1,2,2,2,2,2,2,2,2,2,3,4,3,1,1,1,1,1,1,1,2,3,4,4,3,3,3,1,1,5,5,4,2,3,4,5,6,3,2,2,2,2,2,1,1,2,2,2,2,3,3,3,3,2,1,1,2,2,2,2,3,3,2,2,2,2,2,3,3,4,4,3,3,3,2,2,1,2,2
40,4,4,4,4,5,5,4,2,1,2,3,4,2,1,3,4,3,0,0,2,3,4,5,4,3,3,3,3,3,3,2,2,2,2,3,3,3,4,5,4,4,4,4,4,4,3,1,3,4,3,3,3,3,3,5,4,2,2,1,2,4,3,3,3,2,2,3,2,2,2,2,1,1,1,1,1,1,2,1,2,2,2,2,4,4,5,3,1,3,2,2,2,2,1,3,2,2,4,4,4,4,3,5,1,1,1,1,2,1,1,1,3,4,2,2,2,3,4,5,1,1,1,1,1,1,1,1,2,2,3,3,3,3,4,4,2,4,4,2,3,3,3,3,2,2,1,1,2,2,2,3,4,3,3,2,2,2,3,3,3,3,3,2,2,1,1,1,2,2,2,1,3,3,2,1,3,4,2,2,3,3,3,3,2,3,3,2,2,2,2,2,1,1,1,1,1,1,1,1,3,3,2,2,2,2,2,2,3,3,3,3,2,2,3,3,3,4,5,3,4,5,3,3,2,3,4,4,2,3,4,4,3,2,1,2,2,2,2,2,3,3,3,3,3,3,4,4,2,2,2,2,2,2,1,0,2,2,2,2,2,2,3,3,4,4,4,4,4,4,4,4,3,2,2,4,4,2,2,3,5,5,4,5,4,3,2,2,4,4,3,4,4,4,3,4,2,1,1,1,2,2,1,3,3,3,3,2,2,2,2,3,3,3,3,3,3,3,3,1,4,4,2,3,4,3,4,5,4,4,4,4,4,4,4,5,2,3,4,3,3,3,4,3,3,3,3,3,3,3,3,4,5,4,3,3,3,3,3,2,3,3,3,3,3,3,3,4,3,2,2,3,3,3,4,3,1,3,2,2,3,2,0,3,1,2,3,3,3,2,2,2,4,3,1,1,1,2,2,2,4,4,4,3,3,3,3,2,3,4,3,5,5,4,2,2,5,2,2,2,3,3,3,3,3,3,3,4,4,3,3,5,7,5,3,3,3,2,2,2,1,1,2,2,2,3,3,3,4,2,2,2,2,3,4,3,2,3,4,3,3,3,3,3,3,2,2,2,2,2,2,2,2,2,3,3,3,4,3,3,3,2,3,3,3,4,4,4,3,2,2,2,2,2,2,2,2,2,2,2,2,2,2,2,1,1,1,4,4,4,4,4,5,5,2,2,2,1,2,3,2,2,3,3,3,2,2,2,0,1,1,1,1,2,2,2,2,3,3,2,1,1,3,4,3,2,2,2,2,3,3,4,3,2,2,2,1,3,4,3,2,3,2,2,2,2,3,5,5,2,3,3,3,3,3,2,4,3,3,3,3,3,2,3,3,2,2,2,3,3,2,2,1,2,3,4,3,3,3,3,3,3,4,5,5,3,3,4,2,2,2,2,3,2,2,3,3,2,2,2,2,3,4,2,3,3,3,3,3,3,3,3,3,3,3,3,3,3,3,3,1,1,2,2,2,2,1,1,2,3,5,4,5,4,3,2,2,2,3,3,3,3,2,1,2,2,2,1,1,2,4,3,1,0,0,1,2,2,1,1,1,1,1,1,1,1,2,2,2,3,3,3,3,3,3,3,1,1,1,2,1,2,3,1,2,3,3,3,3,3,3,4,2,2,2,2,2,3,3,1,2,4,4,5,4,3,3,3,2,3,2,2,3,2,2,2,1,1,1,1,2,2,3,1,1,3,1,1,1,1,1,1,3,3,3,3,4,4,4,2,2,2,2,2,3,2,3,2,2,2,2,2,1,1,1,1,1,2,3,3,2,2,2,3,2,2,2,2,3,4,2,2,1,2,3,3,4,4,3,2,3,4,3,3,3,3,3,3,1,2,2,3,2,3,5,6,4,4,4,3,3,3,3,4,2,2,4,5,5,4,3,3,3,4,4,2,2,3,4,4,3,4,4,3,3,3,3,3,4,5,4,3,3,3,3,4,3,2,2,3,3,3,3,3,2,1,1,1,2,2,2,3,5,4,4,4,3,3,2,2,2,3,2,1,1,2,3,3,2,2,2,2,2,2,2,2,3,3,3,3,3,3,3,3,2,3,3,3,3,3,2,2,1,1,2,2,2,2,2,2,4,3,2,3,4,4,5,5,2,2,2,2,2,2,2,3,3,2,2,3,4,4,3,4,2,2,2,2,2,2,2,1,3,3,3,3,3,3,3,3,1,1,2,1,1,1,1,3,3,1,3,3,3,2,3,3,1,1,1,1,2,2,2,2,1,1,1,1,1,1,1,1,2,2,2,1,2,2,2,2,3,2,2,2,2,2,2,1,3,3,2,2,2,3,5,6,5,2,2,2,2,2,3,4,3,2
41,2,1,0,1,2,4,3,1,2,2,2,2,2,1,3,3,2,1,2,1,1,1,2,2,2,1,1,1,2,2,2,2,1,2,3,4,4,4,2,4,5,4,5,3,3,5,4,2,2,3,3,2,2,4,4,2,2,2,2,2,3,2,1,2,2,2,2,2,2,2,2,1,2,4,3,3,4,4,5,4,3,3,3,2,3,3,2,1,1,3,6,4,2,2,4,3,2,2,2,2,2,2,2,4,4,3,3,3,2,1,2,0,1,1,4,4,2,3,3,2,1,3,4,4,2,2,3,6,4,3,2,3,4,3,3,3,2,2,3,3,3,3,3,3,2,4,3,3,4,3,3,3,3,3,3,3,3,3,2,2,3,2,1,1,1,2,3,1,1,3,4,4,5,3,2,2,3,3,2,1,2,1,1,2,2,4,5,4,2,1,2,2,2,2,2,2,2,2,2,2,2,2,2,2,3,3,2,3,4,4,4,4,5,5,4,4,3,3,4,3,2,2,1,1,2,3,2,2,1,2,3,3,3,3,2,2,2,2,2,2,2,2,3,2,3,3,3,4,4,5,4,4,5,4,3,0,1,3,3,2,2,3,4,2,2,2,2,2,1,2,2,2,3,3,2,2,4,3,2,0,2,1,3,2,4,5,5,3,4,5,4,2,1,2,2,3,4,2,2,3,2,2,2,2,1,2,2,3,3,3,2,4,4,4,3,3,2,2,1,2,3,2,3,3,3,3,3,3,4,4,4,4,2,3,4,3,3,3,4,3,2,1,2,4,5,4,3,3,3,3,3,1,2,1,2,2,1,2,2,5,3,2,2,2,2,1,1,3,4,4,4,3,3,3,1,1,1,1,2,2,1,1,3,4,3,4,3,2,2,1,1,2,3,3,3,3,3,3,1,1,1,1,1,1,1,1,1,2,2,2,2,2,2,2,2,2,3,3,2,2,4,3,2,2,2,2,2,3,3,3,3,2,4,4,2,3,2,5,7,1,3,2,2,3,3,3,3,3,3,4,4,3,3,2,2,3,4,3,2,1,1,1,0,1,1,1,1,1,1,1,1,1,1,1,1,1,1,1,2,1,0,2,2,2,2,0,0,3,2,2,3,2,3,3,3,2,2,2,2,2,4,3,0,3,4,2,2,2,2,2,4,6,4,5,5,5,4,5,4,3,2,1,2,2,1,3,2,1,2,4,5,4,3,2,1,3,3,3,3,3,3,3,3,1,1,2,2,2,3,3,4,2,1,2,1,2,3,3,4,3,3,2,2,1,2,3,2,3,4,4,4,3,2,2,2,1,2,2,2,2,3,4,2,0,1,1,2,3,4,4,4,2,2,2,3,3,3,3,3,1,1,1,2,2,1,1,1,1,2,2,1,1,1,0,0,3,3,3,3,3,2,1,1,1,1,2,2,3,3,3,3,1,1,2,2,2,2,4,4,2,4,3,4,4,2,2,3,3,2,3,3,2,2,3,4,3,2,4,4,4,2,0,1,2,2,2,2,3,3,1,2,1,3,2,3,3,3,3,2,2,2,2,2,2,2,3,3,3,4,2,2,2,2,4,3,2,3,3,2,4,3,2,3,2,2,2,2,2,2,2,2,2,2,1,1,1,2,2,1,2,3,4,3,2,3,3,3,3,2,2,2,2,2,1,3,2,1,1,2,2,2,2,3,2,2,3,3,3,4,4,5,2,0,0,3,4,4,4,4,3,2,5,4,5,3,2,4,1,1,1,1,1,1,1,1,2,2,3,3,3,4,4,4,4,3,3,3,4,4,4,2,1,3,3,3,2,2,3,2,2,2,2,2,2,2,2,2,2,2,2,2,2,2,2,2,3,2,2,2,2,2,2,2,2,2,1,1,2,2,3,5,3,2,2,2,2,3,3,2,3,3,3,3,3,4,4,2,3,2,2,2,3,3,3,3,4,4,3,2,3,5,5,2,4,4,3,3,3,3,3,3,3,2,2,2,2,2,2,2,1,1,1,1,1,2,1,2,3,3,4,3,3,3,2,2,2,2,2,3,3,3,3,4,3,3,3,2,3,4,3,2,4,4,2,2,2,2,2,2,2,4,7,6,5,4,4,2,0,1,1,2,2,2,3,3,2,1,3,2,2,3,1,2,1,1,0,1,2,3,3,3,3,2,3,3,3,3,3,3,3,3,2,1,2,3,4,4,3,3,4,4,3,3,3,2,2,1,1,1,1,1,1,1,4,4,2,2,2,2,2,2,3,3,2,2,3,3,2,4,2,2,2,2,2,2,2,2,2,2,3,3,3,4,4,4,3,3,2,2,2,3,3,3,3,3
42,2,1,3,2,3,4,2,3,4,0,0,3,3,3,2,1,2,1,1,1,1,2,2,3,2,3,3,3,3,2,3,1,1,1,2,2,2,2,2,2,2,1,1,1,1,1,1,3,3,3,3,3,3,3,4,4,3,3,3,3,3,3,3,3,2,2,2,2,2,3,2,2,3,3,3,4,3,4,3,3,4,3,2,3,3,3,3,2,3,3,2,3,3,3,2,3,3,3,3,3,3,3,3,3,2,3,2,1,2,2,3,3,3,3,4,5,4,4,3,2,2,2,2,2,2,2,2,3,3,3,3,3,2,2,2,2,2,2,2,2,2,2,2,3,3,3,3,3,3,3,3,0,0,1,0,0,2,2,1,3,2,1,1,1,2,2,2,2,2,3,4,4,1,0,1,3,3,3,3,3,2,2,4,1,2,2,1,2,3,1,4,3,3,2,2,2,3,3,3,2,2,2,2,3,3,3,4,2,2,3,3,3,2,2,3,4,2,0,1,1,3,4,2,1,2,1,2,2,2,2,2,3,2,3,3,2,2,1,2,4,4,3,3,2,2,3,3,3,3,3,3,2,3,3,2,3,3,2,3,4,4,4,3,2,2,3,3,3,2,2,2,1,1,2,2,2,2,2,3,2,1,2,3,1,1,1,1,1,1,1,2,1,2,1,1,1,1,1,1,1,1,3,4,2,3,3,2,3,3,3,2,2,3,3,3,3,3,3,2,2,2,2,2,2,1,1,2,3,3,3,3,3,3,3,3,2,1,2,3,3,3,3,4,4,4,4,3,2,3,2,2,3,2,1,2,3,3,3,2,2,2,2,2,2,2,3,3,4,3,3,4,4,4,4,2,1,3,3,3,3,4,4,4,2,1,2,3,3,3,2,1,1,1,4,4,4,3,1,1,2,3,4,4,3,4,4,4,3,3,3,3,3,4,3,2,3,3,2,2,1,1,2,2,1,1,1,1,2,2,2,2,2,2,2,2,3,2,1,3,3,1,1,2,2,2,1,1,2,3,3,3,3,3,3,3,2,2,1,1,1,2,4,4,2,3,3,3,3,3,3,3,3,4,3,4,3,3,2,3,3,3,3,3,2,2,2,2,2,2,2,2,2,2,3,3,3,3,3,2,2,2,3,3,4,3,2,2,2,2,2,2,0,1,2,3,3,3,3,2,2,3,3,3,3,3,1,1,1,2,2,1,1,2,2,2,2,2,2,1,2,2,2,2,2,2,2,1,2,2,3,3,2,2,2,3,2,3,4,3,1,2,2,2,2,2,2,2,3,3,3,3,4,4,4,4,4,3,3,3,3,2,2,2,2,3,3,4,4,4,2,0,1,2,1,0,1,3,3,3,3,2,3,4,3,3,2,1,2,1,2,3,3,3,3,4,2,1,2,2,2,2,2,2,3,2,2,2,2,2,2,2,3,3,3,3,3,3,3,3,4,3,2,2,2,2,2,2,2,2,3,4,4,4,5,4,3,3,3,3,3,3,3,3,2,2,2,2,3,3,3,4,3,1,1,2,2,2,2,2,3,3,3,3,3,3,3,3,2,3,3,3,3,3,2,3,3,2,3,3,3,3,2,2,1,1,1,1,1,1,1,2,3,3,4,3,4,4,3,2,3,2,1,2,2,2,3,3,4,5,3,2,3,2,3,4,5,6,5,4,3,3,4,5,4,2,3,3,3,3,3,2,2,2,2,2,2,2,2,2,2,2,2,3,3,3,3,3,3,3,4,3,4,4,3,4,4,4,3,3,3,2,3,3,3,3,2,3,3,3,3,2,3,3,2,2,3,3,3,2,2,3,2,3,2,1,3,3,5,5,3,1,1,2,2,2,2,2,3,3,3,4,4,3,3,3,3,3,2,2,2,3,3,2,2,2,2,2,2,3,3,2,1,1,2,2,2,3,4,3,3,5,5,4,3,3,2,2,3,3,3,3,3,4,4,4,6,5,3,3,4,4,3,3,3,3,2,3,3,2,2,3,3,3,3,2,2,2,2,2,2,2,2,2,2,3,4,4,3,3,3,3,3,4,3,3,3,4,3,4,4,3,4,3,3,3,3,3,3,2,2,3,3,3,4,5,5,2,4,4,4,5,5,5,5,6,3,3,3,1,1,1,2,2,1,2,2,2,2,2,1,2,3,3,3,3,3,3,3,3,3,3,3,2,3,3,3,3,1,1,1,1,1,2,2,2,2,3,3,2,4,4,3,3,3,1,2,3,4,6,6,4,3,3,2,2,2,2,1,3,1,1,1,1,2,3,4,4,3,4,2,2,1,3,2,0,3,2,1,2,3,4,5,4,1,2
43,3,3,3,3,3,3,3,3,3,2,1,2,3,2,2,3,2,3,5,3,1,3,3,2,1,2,3,2,3,3,2,2,2,2,2,4,4,2,1,3,5,6,5,2,2,3,3,3,3,3,3,3,3,3,3,2,2,2,3,3,3,2,3,2,3,3,3,3,3,3,3,2,2,1,1,3,3,2,2,2,3,4,3,4,4,3,3,2,2,1,1,2,3,2,2,2,2,2,3,3,3,4,3,3,3,3,3,4,3,3,4,5,4,4,4,4,4,4,4,3,4,3,2,2,3,3,2,2,2,3,3,3,3,3,4,4,3,4,4,4,3,2,2,2,1,1,1,2,2,2,2,2,2,2,2,2,3,2,3,4,3,3,3,3,3,3,4,4,4,3,2,1,3,3,3,2,2,2,3,2,2,4,2,1,2,1,2,3,3,3,2,2,3,4,5,5,4,2,2,3,4,3,4,4,3,3,2,2,2,1,2,3,4,3,3,3,4,4,4,4,4,4,4,3,3,2,1,1,1,3,4,4,4,6,5,3,3,3,3,3,2,3,3,3,3,3,3,4,3,3,3,3,4,6,7,2,5,4,2,1,1,4,4,4,4,4,4,5,5,2,2,1,2,3,3,3,1,2,1,1,3,3,3,3,3,3,3,3,2,2,2,1,1,1,1,2,3,4,3,2,2,2,2,4,5,2,2,4,4,4,4,1,1,2,2,3,3,3,3,4,3,3,3,3,2,1,2,1,1,2,2,3,3,4,3,4,4,4,3,3,3,3,3,3,4,4,5,5,4,4,5,3,2,2,2,3,3,1,2,3,3,2,0,0,1,1,2,2,1,1,1,0,0,0,1,2,1,1,1,1,1,1,2,2,2,2,3,4,4,4,4,2,1,2,2,2,1,4,3,1,1,1,1,2,1,1,2,3,3,3,3,2,2,2,2,4,4,4,4,3,3,3,2,2,3,2,3,3,3,3,3,4,4,4,4,4,4,4,3,2,3,3,2,1,1,2,2,2,2,2,2,3,3,2,1,1,2,2,2,2,1,2,3,3,3,3,3,3,3,4,4,2,2,2,2,2,4,3,2,1,3,4,2,2,1,2,3,3,3,4,4,4,3,4,2,2,2,4,4,5,5,3,3,2,1,2,2,2,2,2,2,3,4,3,3,4,3,3,2,2,3,3,2,3,2,3,4,0,2,2,2,3,2,1,1,4,4,4,3,4,4,4,4,4,3,3,3,3,3,3,3,3,1,1,4,5,4,3,3,5,4,3,4,4,3,2,3,3,3,3,3,3,2,2,3,2,2,4,3,2,3,3,3,3,4,4,3,5,5,4,4,2,1,1,1,1,1,2,2,2,2,3,3,3,3,2,2,3,2,2,2,2,2,3,3,3,3,2,3,3,2,2,2,2,2,2,4,5,4,3,2,2,2,1,2,3,4,3,4,4,3,2,2,3,2,3,3,2,1,1,1,2,3,2,1,5,5,2,1,2,2,2,2,2,1,1,1,2,2,3,3,3,3,3,4,4,4,4,2,1,1,1,1,2,2,2,3,3,4,4,1,1,1,3,3,2,1,1,1,1,1,1,1,3,3,2,3,2,3,2,2,4,4,3,3,3,3,3,4,3,1,1,1,2,3,2,1,2,3,3,3,3,3,3,3,4,3,4,4,4,4,4,4,4,4,3,2,1,1,1,1,3,2,3,3,2,2,2,1,2,2,2,4,5,5,2,2,0,0,1,1,1,1,1,1,4,4,3,3,2,1,2,2,1,1,2,2,3,3,3,3,3,3,3,3,3,4,4,3,0,2,3,3,4,4,3,2,4,4,4,4,4,3,3,3,3,2,2,2,2,2,2,3,4,5,4,3,3,2,3,3,3,3,1,1,1,1,1,1,1,1,1,1,1,1,1,1,1,2,3,3,4,3,2,3,3,3,3,3,3,3,3,3,2,2,1,2,2,2,1,1,1,1,2,1,1,3,3,2,3,3,3,4,4,4,5,4,2,2,2,2,2,2,2,2,1,1,1,3,2,4,3,3,2,3,2,3,1,1,1,1,2,2,4,4,4,3,2,2,0,0,1,2,2,1,1,1,3,3,3,1,2,1,2,2,3,3,3,2,3,3,2,1,2,1,1,1,1,2,2,3,3,1,3,4,3,1,3,3,2,2,3,3,2,1,2,3,3,3,3,2,2,3,3,2,3,2,1,1,2,2,2,3,3,4,4,3,3,3,2,2,4,3,3,3,2,2,1,1,3,3,3,3,3,3,3,3,3,2,2,2,2,2,3,3,2,2,2,2,2,2,2,2,3,3
44,2,1,2,3,2,2,2,2,2,2,2,1,2,2,2,3,3,4,3,4,3,4,6,6,4,3,2,1,1,2,2,2,4,3,2,0,0,2,3,1,1,1,1,1,2,2,2,2,1,1,0,1,2,2,1,4,4,4,3,3,2,2,1,2,1,1,1,1,1,2,2,3,4,4,4,4,3,3,2,3,4,4,4,4,4,4,4,3,1,1,2,3,3,3,2,1,1,0,1,1,1,1,1,2,2,1,3,3,4,4,4,3,3,3,3,3,3,3,3,3,3,2,2,2,2,2,2,1,1,1,1,3,3,2,3,2,1,2,2,2,3,3,2,1,1,1,3,3,3,2,2,1,1,0,0,0,1,1,1,3,2,2,3,4,4,4,4,3,2,3,3,2,3,3,2,3,3,2,3,3,4,3,3,3,2,3,3,3,3,3,3,2,2,3,3,3,3,3,3,4,4,4,3,3,3,3,4,3,3,3,3,3,3,3,3,2,2,2,3,2,3,4,3,2,3,3,2,2,2,1,1,1,2,3,2,3,3,3,3,2,1,1,1,1,2,2,1,2,2,3,3,3,3,3,3,3,3,3,3,4,5,3,2,2,2,2,2,3,3,3,3,2,2,3,2,2,2,3,2,3,2,2,2,2,2,2,2,3,2,3,4,3,3,3,3,2,2,2,2,2,2,2,1,4,4,2,2,3,4,3,1,4,4,3,4,5,3,3,3,3,3,2,2,2,2,4,4,2,1,1,0,2,4,2,0,3,2,2,3,3,2,2,2,1,1,1,1,1,1,2,3,4,4,4,4,4,3,3,3,2,3,4,5,3,3,3,3,4,3,3,3,3,3,3,3,0,1,2,2,3,4,4,4,5,3,2,3,5,3,3,2,2,3,1,1,2,1,2,2,2,2,2,2,2,3,2,3,2,1,2,1,2,3,4,4,1,1,2,3,2,2,5,5,2,3,4,2,1,1,1,2,1,1,1,1,2,2,2,3,4,4,4,3,3,3,3,3,3,3,4,3,1,1,3,4,3,3,3,4,4,1,1,3,3,3,3,3,3,3,3,4,4,2,2,2,2,3,4,4,5,4,4,3,3,3,3,2,2,3,3,3,3,3,3,2,3,3,3,3,3,3,4,2,1,2,3,2,0,1,1,1,3,2,3,3,3,3,3,1,2,3,3,3,3,3,1,1,3,3,2,2,3,3,3,2,1,3,3,3,3,2,2,3,1,1,2,2,2,3,3,4,3,3,2,1,1,1,1,1,2,1,1,1,2,3,2,3,4,3,3,4,3,2,1,2,2,3,4,3,4,4,2,2,3,3,1,1,2,2,2,3,2,3,4,3,3,3,3,3,2,2,1,2,2,1,2,1,1,2,3,4,5,5,4,3,2,2,3,6,5,3,4,5,2,3,3,3,3,4,3,2,2,2,1,2,3,3,3,3,3,3,4,4,3,3,5,5,3,1,1,1,2,2,2,2,3,3,2,2,2,2,2,2,1,3,3,3,3,2,3,3,2,2,2,1,2,2,2,1,2,2,2,2,2,2,2,2,3,2,2,2,1,1,1,2,3,3,2,1,1,2,2,3,2,2,3,3,2,2,3,2,2,3,3,3,4,4,4,4,3,3,2,2,2,3,3,1,2,4,3,2,2,1,1,2,3,3,3,3,2,1,2,2,3,3,3,3,3,3,3,3,3,2,2,3,3,3,3,3,2,3,3,3,3,3,3,3,2,1,1,1,1,1,1,1,3,3,3,3,3,3,3,3,1,1,1,2,2,3,2,3,4,4,4,5,4,3,3,3,3,3,2,2,2,2,1,2,3,3,3,3,4,4,3,2,3,3,3,3,3,4,5,5,4,3,4,4,4,4,4,4,3,2,2,1,1,1,1,1,2,3,4,3,1,1,2,3,2,2,3,3,3,3,4,2,3,3,3,3,4,4,4,4,2,2,4,3,1,2,4,2,2,3,4,4,4,2,0,1,2,1,1,1,2,3,2,2,3,3,2,2,2,2,2,2,2,3,3,4,4,3,3,2,3,3,3,3,3,3,3,2,2,2,2,2,2,1,2,3,4,4,4,4,4,3,3,5,4,5,3,3,3,3,2,2,1,2,3,4,4,4,3,2,3,2,1,1,2,4,5,3,1,1,1,1,1,2,3,3,2,2,1,1,1,1,1,1,1,2,1,1,1,1,2,3,2,2,3,4,3,3,3,1,1,2,2,2,2,2,2,2,2,2,2,2,2,2,3,3,1,1,1,1,1,1,1,2,3,2,2,3,2,2,2,2,2,3,3,2,2,2,2,1,2,3
45,2,2,2,2,2,2,2,2,1,2,2,2,2,3,3,4,3,3,2,3,4,4,5,5,3,3,2,2,2,2,1,3,3,5,5,4,3,3,3,5,6,5,3,3,3,3,4,3,1,2,2,1,1,3,4,2,3,4,3,3,2,2,2,3,2,3,3,4,5,4,4,3,2,2,3,4,3,2,2,4,4,4,3,3,2,3,3,2,2,2,3,3,3,4,4,4,4,3,3,3,3,3,3,4,4,4,4,3,2,2,2,1,2,2,2,2,2,2,1,3,4,2,2,2,3,3,2,2,3,3,3,3,2,1,4,4,3,4,4,6,6,3,3,3,3,3,3,4,4,3,4,4,4,4,4,4,4,4,3,4,5,3,3,3,3,1,3,4,4,4,4,4,4,4,2,1,1,2,3,3,3,3,1,2,3,2,2,1,1,1,2,3,2,1,2,2,2,2,3,3,3,2,1,2,4,4,4,2,2,3,4,5,5,4,2,3,4,3,3,3,4,3,2,0,1,2,2,2,1,2,3,3,2,1,2,2,2,3,3,3,2,3,2,3,3,3,2,3,4,4,3,2,2,2,2,0,1,1,3,5,3,3,3,3,3,2,2,2,2,2,2,1,1,1,1,1,1,1,1,2,2,3,2,2,3,3,2,1,1,2,1,0,1,2,0,1,2,3,4,4,4,2,2,2,2,2,0,1,1,0,2,2,2,2,3,3,1,1,3,2,3,4,3,3,3,2,1,3,4,4,3,3,4,2,1,1,2,2,2,2,3,2,3,5,3,2,2,3,3,2,2,3,3,3,2,2,2,4,4,3,3,3,3,3,3,3,2,1,1,1,1,1,1,1,1,5,4,2,2,1,1,2,2,2,2,3,3,3,3,3,4,3,3,1,1,2,3,4,3,1,2,3,3,2,1,1,1,2,2,1,1,3,4,3,4,2,2,3,3,3,3,3,2,3,3,3,3,3,2,3,3,3,3,3,3,3,3,2,2,1,1,3,3,3,3,2,3,3,2,2,2,3,2,2,1,2,5,3,3,3,3,3,2,3,3,1,1,1,1,1,2,4,5,3,3,3,4,3,2,4,4,3,3,3,3,3,4,3,4,4,2,2,3,2,2,2,2,2,3,3,2,2,1,2,2,2,2,2,2,2,3,4,4,3,3,3,2,2,3,1,1,1,1,1,2,1,2,2,2,2,2,2,2,2,2,2,3,3,3,3,3,3,4,4,3,2,2,1,2,2,2,1,1,1,1,2,2,1,1,2,2,4,5,4,3,3,1,2,2,2,2,2,3,3,2,4,4,4,4,2,1,3,4,3,3,4,4,4,4,3,3,2,2,2,1,3,3,3,3,2,3,3,4,4,3,3,3,2,3,3,3,3,3,2,2,1,2,2,2,2,2,2,2,2,3,3,3,3,3,3,3,3,3,3,3,3,3,3,5,2,3,3,3,3,3,2,2,3,3,2,2,2,3,2,4,3,5,4,4,4,4,4,4,3,2,2,1,1,1,2,3,3,3,2,1,1,2,3,4,3,3,2,2,2,3,3,3,2,3,3,3,2,3,3,3,2,1,1,1,1,1,1,1,2,2,2,2,2,2,2,2,1,1,1,1,1,1,1,2,3,2,2,2,2,2,2,2,3,3,3,3,3,3,4,3,2,3,3,3,3,4,5,3,3,4,4,3,4,3,3,3,3,2,3,4,4,3,4,4,2,3,3,2,3,4,4,3,3,3,1,2,2,2,1,2,3,2,2,3,3,3,3,2,3,3,3,3,3,3,3,3,2,2,2,2,2,2,2,2,1,1,2,2,2,2,1,1,2,2,2,2,2,2,2,2,4,3,3,3,4,4,5,5,3,3,3,3,3,4,4,4,3,3,3,3,3,3,3,3,2,3,2,2,2,4,3,2,4,4,3,3,4,4,3,4,4,3,3,3,3,3,3,3,4,4,3,3,3,4,3,1,4,4,4,4,2,2,2,2,3,1,1,2,4,4,1,1,1,1,1,2,2,2,2,1,5,4,2,2,3,2,1,1,1,4,5,4,3,3,3,3,3,2,2,1,2,3,3,4,4,4,4,3,3,3,1,3,6,3,1,3,3,2,1,3,6,4,3,3,3,3,2,2,2,3,3,2,2,2,2,2,3,3,4,4,5,5,3,2,1,1,1,1,1,1,2,3,2,2,2,2,2,3,4,3,1,2,3,3,2,1,2,4,5,3,2,3,3,4,3,2,1,2,2,2,3,1,1,1,1,1,1,1,1,1,1,1,2,3,1,2,3,3,1,2,4,2,2,2,2,3,4,3,4,4
46,3,4,4,4,3,2,3,4,4,3,4,4,4,3,2,4,3,3,3,3,3,3,4,4,3,3,3,3,3,3,3,2,3,4,4,4,4,4,5,5,4,5,4,3,3,2,1,1,2,2,2,1,1,1,1,2,2,3,2,1,1,1,3,1,1,2,3,3,2,2,1,1,2,1,2,3,1,1,1,2,3,4,4,4,3,3,3,2,2,2,3,4,5,3,3,2,2,2,2,1,2,4,4,4,3,3,4,4,3,3,3,4,4,3,3,3,4,3,3,3,2,3,3,3,3,3,3,3,2,4,3,2,3,2,1,2,2,1,2,1,2,3,3,4,4,3,2,2,2,3,4,4,2,2,2,3,3,3,3,2,2,2,2,2,2,2,2,1,1,1,1,1,2,3,3,3,4,4,3,3,3,2,2,2,3,2,2,3,4,4,4,4,3,3,4,3,4,4,4,3,3,3,3,3,3,3,2,1,1,1,1,1,2,2,2,3,2,2,2,2,2,2,2,3,3,2,2,2,2,3,3,3,2,2,2,3,3,2,2,2,2,2,3,3,2,2,2,4,3,3,3,3,3,3,3,1,2,2,2,2,2,1,2,4,4,4,4,4,3,3,3,3,2,3,3,3,3,3,4,3,4,3,3,3,1,1,2,2,2,2,1,1,1,2,2,1,1,0,1,1,2,2,1,4,4,2,2,3,4,4,3,3,3,3,3,2,2,2,4,3,3,3,3,2,2,2,4,4,3,3,3,3,3,2,3,3,3,3,4,3,3,2,4,5,4,3,5,4,5,4,3,4,4,2,1,2,3,5,6,2,2,2,2,1,2,2,2,3,4,4,4,4,4,4,4,3,2,2,2,2,2,2,2,2,2,2,2,1,1,2,1,2,3,3,3,4,4,4,4,3,3,3,3,3,3,3,3,3,3,3,1,3,4,4,3,3,3,3,3,3,3,3,2,1,2,2,2,2,3,2,2,2,3,2,3,3,2,2,2,1,1,3,3,4,4,4,3,3,2,3,3,2,3,3,3,1,1,1,2,2,2,2,1,3,3,2,2,2,3,3,2,2,2,3,4,3,3,2,1,2,3,3,3,2,3,4,4,3,1,2,2,2,1,3,3,1,1,1,2,2,3,3,3,1,2,3,3,3,2,2,2,4,3,3,4,4,3,3,3,3,3,3,3,3,3,3,3,2,2,2,2,2,2,2,2,2,1,1,1,1,1,1,1,1,1,1,1,1,1,2,2,4,4,4,3,1,0,2,3,5,6,5,4,5,4,3,3,4,3,3,4,5,5,3,3,3,2,3,3,3,2,2,3,3,3,1,0,1,3,4,3,1,2,1,1,1,1,1,1,1,0,1,3,4,4,3,2,1,1,1,2,2,1,2,1,1,2,2,1,2,3,3,3,3,2,1,1,2,2,3,3,1,0,1,1,1,1,1,1,2,1,2,1,2,3,3,3,3,0,0,1,0,1,2,1,2,2,2,2,2,2,2,3,3,2,2,3,4,4,3,3,4,4,4,3,2,2,3,3,2,1,1,2,3,4,2,2,3,3,3,3,3,3,3,2,3,3,3,3,3,2,2,2,1,2,4,3,3,3,2,3,3,2,2,2,1,1,1,3,3,1,2,2,2,2,2,3,4,3,4,4,3,3,3,2,1,1,1,1,1,1,1,1,2,3,3,3,2,1,2,3,2,2,2,2,2,3,3,3,2,1,1,2,2,1,1,2,4,3,1,1,1,1,1,1,5,6,4,3,3,5,5,2,3,3,3,2,2,2,2,2,4,3,3,4,4,4,3,2,3,3,3,3,3,3,3,3,1,1,1,1,1,1,1,1,3,3,3,3,3,3,3,3,3,3,3,3,3,3,3,3,3,3,3,3,3,3,3,3,2,3,6,5,3,4,2,1,6,5,3,2,1,2,4,3,1,1,1,1,1,1,1,3,1,4,6,5,5,3,3,6,5,3,2,2,3,3,3,2,1,3,4,4,1,3,5,2,1,2,2,2,3,3,2,2,2,1,2,2,2,3,3,3,3,3,3,3,3,3,4,4,2,2,2,2,2,2,1,3,2,2,3,2,3,3,2,2,3,2,2,3,2,2,2,1,2,3,3,3,5,5,4,3,3,3,3,3,3,3,3,3,2,0,2,4,4,4,4,2,2,1,2,3,4,3,1,1,2,2,1,1,0,0,1,2,3,2,2,4,3,1,2,2,3,3,3,3,2,2,2,2,2,2,2,2,2,2,2,1,1,1,1,2,2,2,1,1,1,2,2,2,2,2,2,3,5,4,4,4,4,4,4,3,1,1
47,2,2,3,3,4,3,4,3,2,2,2,3,2,3,4,3,4,3,3,3,3,4,5,5,4,3,4,4,3,3,3,1,1,1,2,2,2,1,1,4,4,3,3,3,3,3,3,3,3,3,3,3,3,3,3,1,2,3,3,1,1,3,3,3,2,1,1,1,2,4,5,4,4,3,4,6,4,3,3,1,2,2,3,3,3,2,2,2,3,5,3,2,1,1,2,5,3,2,3,4,4,2,2,3,3,3,3,4,3,3,4,3,4,3,1,1,1,1,3,4,1,1,3,5,5,5,4,3,2,3,3,3,3,3,4,5,3,3,3,3,4,4,3,5,4,4,3,4,3,3,4,3,2,3,3,3,3,3,3,4,4,4,5,4,4,4,4,3,2,1,1,2,4,5,4,3,3,3,3,3,3,4,4,4,4,3,3,4,4,3,4,3,2,1,2,3,3,3,5,3,3,3,3,3,4,6,5,3,2,2,3,3,3,3,4,3,2,3,4,4,3,3,3,2,2,2,1,1,1,1,1,1,3,3,4,4,3,3,3,2,3,3,3,4,4,2,1,0,1,3,3,3,4,4,3,3,3,3,3,3,3,3,3,2,2,3,3,3,3,2,2,2,3,3,3,2,2,2,3,2,2,2,3,3,3,4,4,4,4,3,4,4,3,3,2,1,2,2,2,3,3,2,2,2,2,2,2,2,2,2,2,2,2,1,2,2,2,3,4,4,3,3,3,3,3,3,3,3,5,5,4,3,3,3,3,2,2,2,3,3,3,3,4,5,4,2,1,1,3,3,2,2,2,2,3,3,3,3,2,3,4,3,3,3,3,3,3,2,3,3,3,4,4,3,4,4,4,4,4,4,4,3,3,1,2,2,1,1,1,2,2,2,1,1,1,1,2,2,4,3,2,2,2,2,2,3,3,2,3,4,4,4,4,3,5,4,3,3,4,4,4,5,3,3,5,3,1,3,5,4,2,2,4,5,5,3,2,4,4,3,5,3,2,3,2,1,2,3,3,3,4,4,5,5,5,3,3,3,3,3,3,3,2,2,3,3,3,3,3,2,2,4,4,2,3,3,2,2,1,3,2,1,1,1,1,1,2,2,1,3,4,4,4,3,2,4,2,1,2,2,2,4,4,4,4,3,3,4,4,4,4,1,2,2,2,2,1,2,3,2,2,2,2,2,2,2,1,2,1,2,3,2,3,3,3,2,4,4,2,2,2,1,1,3,3,3,3,3,2,2,2,2,2,2,2,3,2,3,3,4,2,2,2,2,2,2,2,2,2,3,3,3,3,3,3,2,3,4,5,5,5,3,3,4,4,3,5,4,3,2,2,3,4,3,3,3,3,4,5,4,2,2,2,2,2,2,3,3,3,3,2,2,3,4,5,4,4,4,3,1,1,2,3,2,3,3,3,3,2,2,1,1,1,2,2,2,4,3,3,3,2,2,3,4,5,4,2,2,2,2,3,2,3,1,3,2,2,3,3,2,2,2,2,3,3,2,1,1,2,2,2,2,3,3,1,1,2,2,2,3,4,3,3,2,2,5,3,4,3,2,3,3,3,3,2,3,3,2,2,2,3,3,3,2,2,3,3,3,4,4,2,2,2,3,3,3,3,3,2,2,1,2,3,2,2,2,3,4,3,3,3,3,4,3,4,2,2,2,2,2,2,2,2,3,3,3,3,3,2,1,2,1,2,1,3,3,2,2,2,1,3,3,2,4,4,2,2,3,3,2,2,3,2,1,4,3,2,3,3,3,3,3,4,3,3,3,3,3,3,3,2,1,1,2,2,2,3,2,2,2,3,3,2,2,2,2,2,3,3,3,3,3,3,3,3,3,3,3,3,3,3,3,3,1,1,2,2,2,2,2,2,3,5,5,3,2,2,4,4,2,3,4,2,2,3,3,3,3,3,3,3,3,2,2,2,1,1,0,1,3,3,3,2,2,3,3,3,1,1,2,3,4,3,2,1,1,1,1,2,3,2,3,4,4,4,3,2,3,3,4,5,4,4,4,4,2,4,4,4,3,3,3,4,3,4,5,6,5,4,4,3,3,3,2,1,2,2,1,1,2,2,2,2,1,1,1,1,3,3,3,3,3,2,3,2,2,4,4,3,3,2,3,2,2,2,1,1,2,3,2,3,3,2,1,1,1,2,1,1,3,3,3,3,2,2,2,2,3,3,3,2,2,2,2,2,2,4,3,3,3,3,3,3,4,4,3,2,3,3,4,3,4,3,3,3,2,1,1,2,2,2,3,3,3,3,3,2,1,2,3,3,2,3,3,2,4,4,3,3,3,2,2,2,0,0
48,2,2,2,2,2,2,2,3,4,4,4,3,3,2,2,5,5,5,4,3,3,3,4,2,1,1,1,1,1,2,2,5,4,3,1,1,3,3,6,5,4,4,4,4,3,3,2,1,1,2,2,3,2,3,4,3,2,3,3,3,4,5,4,2,1,2,2,3,4,3,2,1,2,2,2,2,2,2,3,1,1,3,3,3,3,3,2,3,3,2,2,1,0,1,0,1,2,1,1,2,2,2,3,4,4,3,3,3,2,2,2,2,2,3,4,4,2,2,1,1,2,3,5,4,2,2,4,2,1,1,1,1,2,3,2,4,4,4,4,4,2,2,2,3,3,3,4,4,4,4,4,3,3,4,5,5,4,4,4,3,4,4,4,3,4,5,3,2,3,3,2,2,3,4,2,2,3,3,4,4,5,4,4,2,2,2,2,2,1,2,2,1,0,1,2,3,3,5,6,5,3,1,1,3,3,3,2,3,4,3,3,4,4,4,4,3,2,1,1,2,2,4,4,4,3,2,2,2,2,2,2,2,4,3,1,2,3,4,4,2,2,1,2,4,4,4,4,3,2,2,0,2,4,3,2,1,1,2,3,3,3,4,6,3,2,3,4,4,5,6,5,3,3,3,3,3,3,3,3,3,2,3,2,2,2,2,3,5,5,4,3,3,3,2,3,4,5,5,4,4,4,3,3,2,0,1,3,4,4,3,1,1,2,2,2,3,2,2,1,2,1,2,2,2,3,3,3,4,3,4,3,4,4,4,3,5,3,1,3,3,3,4,4,2,2,3,3,2,3,3,3,2,0,3,3,2,2,3,3,3,4,4,3,3,3,2,1,1,3,3,3,3,2,3,1,2,2,2,2,2,2,3,2,2,2,2,1,2,2,4,4,5,2,2,4,4,3,2,2,4,4,5,5,3,4,3,2,3,3,4,4,4,5,5,5,2,2,2,2,2,2,2,4,3,3,3,3,2,2,2,2,3,3,2,3,4,4,4,4,3,2,2,2,2,2,2,2,2,2,3,4,3,3,4,4,4,4,4,4,4,4,4,3,3,3,2,2,2,2,4,4,2,3,3,3,3,3,3,3,3,3,3,3,3,3,3,3,4,4,3,3,2,1,2,1,3,2,2,2,1,1,1,3,3,3,3,3,3,3,4,4,3,4,6,5,3,2,3,3,3,3,4,3,2,3,2,1,1,2,2,3,2,3,3,4,3,3,3,3,3,3,3,3,3,3,3,2,2,2,3,3,2,2,4,3,1,0,0,1,2,3,3,3,2,2,2,2,2,2,3,3,5,5,3,2,3,4,3,3,1,1,2,2,4,4,3,3,2,1,2,1,2,2,2,3,3,3,4,3,3,5,5,3,3,4,3,3,3,2,4,5,5,4,3,2,3,3,3,4,3,3,3,3,4,5,4,4,4,4,4,2,1,1,1,2,1,2,2,2,4,3,1,2,2,2,2,3,3,2,1,1,1,1,1,1,5,6,5,4,3,3,3,2,2,3,3,3,4,4,4,3,1,2,1,2,2,2,2,2,3,3,3,2,3,3,3,2,2,1,2,1,1,2,4,4,3,2,2,2,3,3,3,3,2,2,2,2,2,2,2,2,1,1,1,1,1,1,1,2,1,1,2,2,3,3,3,3,2,2,2,2,2,1,1,3,3,2,1,1,1,3,3,3,1,1,1,2,2,3,3,3,2,1,1,1,1,2,2,1,1,1,2,3,2,2,2,1,1,1,2,1,1,2,2,2,2,1,1,1,1,1,1,1,0,0,1,0,2,2,2,2,2,1,3,4,2,3,3,2,2,2,2,3,3,3,4,4,3,3,3,3,3,3,3,3,3,3,3,3,3,3,3,3,2,3,2,3,4,4,3,4,2,1,1,1,2,2,1,2,1,1,3,3,3,3,3,2,2,0,0,0,0,0,0,0,0,1,1,1,1,1,1,0,3,4,2,2,3,3,2,2,3,2,2,2,2,2,2,2,3,3,3,4,5,5,4,3,2,2,1,2,2,3,5,4,4,3,3,4,4,3,2,2,2,3,4,4,3,3,2,2,3,3,1,1,3,3,2,1,2,2,3,2,1,0,0,2,4,4,3,2,3,3,4,4,3,2,1,3,4,3,4,3,4,5,4,4,5,5,5,3,1,1,2,1,2,2,1,2,3,2,3,2,3,3,2,2,3,3,3,3,3,3,3,3,1,1,1,1,1,1,1,1,3,4,4,4,4,3,3,3,2,3,2,1,2,2,1,2,1,1,1,1,1,1,2,2,2,2,3,3,2,2,2,1,2,4,3,3,3,2,1,1,2,2
49,1,1,2,2,3,2,3,1,1,2,2,0,0,2,2,4,4,4,4,4,4,4,5,4,3,3,2,2,2,3,2,1,2,2,3,3,2,3,4,5,6,6,4,3,4,3,2,3,3,3,3,2,2,2,2,3,3,3,3,3,2,2,2,4,4,4,4,4,4,4,4,3,3,3,3,3,3,3,3,4,4,4,4,3,4,4,3,3,3,2,3,3,1,1,3,4,3,3,4,3,3,4,2,1,2,2,2,3,2,1,2,3,3,3,3,3,3,3,4,4,3,4,5,6,6,6,3,2,3,3,1,3,3,3,3,1,2,2,2,3,3,2,3,3,3,2,2,2,2,2,3,2,2,3,3,2,2,3,2,2,3,3,3,3,3,3,3,4,3,2,3,5,5,3,2,2,2,3,2,2,2,3,2,1,2,3,4,3,3,4,2,2,3,3,3,4,4,4,4,4,3,3,3,3,4,4,3,2,1,2,2,4,3,3,4,4,4,2,1,2,3,3,2,3,3,2,2,3,3,3,5,3,2,2,1,1,1,1,2,1,2,3,3,4,4,4,4,3,2,2,2,2,2,2,2,3,3,2,1,1,1,2,2,1,2,4,4,3,3,2,3,3,2,2,3,3,4,4,4,3,3,3,4,4,3,3,3,3,3,3,3,2,2,4,4,1,1,3,2,0,1,1,1,2,3,3,3,4,3,3,3,3,3,2,3,3,5,4,3,3,4,3,2,2,3,3,3,2,3,3,3,3,4,4,2,1,1,1,1,1,1,1,1,3,3,2,3,3,3,3,3,5,5,4,3,3,2,2,1,2,2,3,3,3,3,3,3,3,2,2,2,2,3,3,1,2,3,2,2,3,2,2,4,4,4,4,3,3,2,2,2,1,2,2,2,2,4,4,4,3,3,3,3,3,3,3,3,2,2,2,2,2,2,2,2,4,3,2,2,2,4,5,3,4,6,5,3,3,5,5,3,2,1,1,1,4,4,4,4,2,1,1,1,1,2,2,3,3,3,3,3,2,2,2,4,3,3,3,3,2,2,1,1,1,1,1,1,1,1,1,2,2,2,2,3,2,3,3,2,2,2,2,2,2,2,2,2,1,2,2,3,3,4,4,5,4,3,1,1,2,3,3,4,3,3,3,3,3,3,4,4,3,2,2,3,3,3,2,2,1,2,3,1,2,2,2,1,2,3,3,3,3,4,4,3,3,4,3,2,2,2,3,4,4,3,3,1,1,2,5,5,5,4,3,3,3,3,2,3,2,3,4,3,2,2,2,2,2,5,4,4,5,3,3,3,4,1,3,5,5,4,2,0,2,2,2,2,3,3,2,2,2,2,2,2,2,1,2,2,2,2,3,3,2,3,4,3,1,2,2,2,2,1,1,2,4,3,3,3,3,3,4,4,4,3,3,2,2,2,2,2,2,2,2,2,2,2,2,2,2,2,2,2,2,2,2,2,2,2,2,2,2,2,2,2,4,4,4,4,3,3,3,3,1,1,2,2,3,3,3,4,2,1,1,2,2,2,3,3,4,3,1,1,2,4,3,1,1,1,1,1,1,1,1,1,3,2,2,2,2,2,2,3,3,3,3,3,3,3,2,2,4,4,3,3,2,3,3,3,3,3,3,2,2,2,2,3,4,3,4,3,3,4,3,3,3,3,3,3,2,2,1,3,6,4,3,3,3,1,1,2,1,1,3,3,4,5,5,4,2,2,4,4,4,4,3,3,3,3,3,3,3,3,2,2,0,2,2,1,2,2,2,2,3,3,3,3,3,3,3,3,2,2,2,2,2,2,2,2,2,2,2,2,2,2,2,2,4,3,2,1,1,1,1,1,2,2,3,3,3,3,4,4,3,3,3,3,3,3,3,3,3,3,3,3,3,3,2,3,2,2,2,2,2,2,2,3,2,1,3,2,2,3,4,3,3,3,3,3,3,3,3,1,2,3,4,3,2,2,3,4,3,2,3,3,3,3,3,3,3,3,2,2,2,2,2,3,3,3,3,3,3,3,3,3,1,1,1,1,1,1,1,1,4,4,4,2,2,2,0,1,3,3,3,3,3,3,3,3,1,1,2,2,2,2,3,2,4,5,6,5,4,3,4,4,4,4,4,4,4,4,4,4,1,1,2,3,3,2,2,2,1,1,1,1,1,1,1,2,3,4,4,3,3,4,4,3,2,2,2,3,3,3,4,4,1,2,2,2,2,3,3,3,2,2,1,3,4,4,2,2,3,3,3,2,2,2,2,2,1,1,3,4,4,3,4,4,3,3,4,4,3,3,3,3,3,2,2,2,2,2,2,3,2,2
50,4,3,2,1,0,1,4,4,3,4,3,2,3,4,4,5,4,4,4,3,3,2,3,5,3,2,2,5,5,3,3,3,3,2,1,3,4,5,4,4,4,4,4,4,4,4,4,1,1,1,1,2,1,2,2,4,4,3,3,3,3,2,2,2,2,2,2,2,2,2,2,3,4,4,4,4,4,4,4,4,5,5,5,5,5,5,4,3,3,1,1,1,2,2,2,3,3,3,3,3,3,5,4,3,2,3,3,3,4,4,3,3,4,3,1,1,3,4,6,6,3,3,4,5,4,4,3,1,3,2,1,1,2,2,2,2,1,1,2,2,2,2,2,3,4,3,3,3,3,3,3,2,2,2,2,2,2,3,3,6,5,4,3,2,1,2,3,3,4,3,3,3,3,4,3,3,3,3,3,3,3,3,3,3,5,5,2,2,3,2,1,2,3,2,0,1,1,2,3,2,1,1,2,2,2,3,3,1,1,1,2,2,3,3,4,2,2,2,1,2,3,4,4,4,4,3,4,4,3,3,3,2,2,2,3,3,3,3,2,3,3,3,2,3,3,2,2,0,1,2,2,3,2,3,4,3,3,3,3,3,3,3,3,1,2,2,1,2,2,2,3,2,1,1,1,2,2,2,2,1,2,3,2,1,1,2,3,3,2,2,3,3,3,2,1,2,2,2,2,2,2,3,3,3,2,4,4,3,3,3,2,2,3,2,3,4,4,3,4,4,4,2,3,3,4,4,3,3,5,5,5,5,4,3,1,4,3,2,2,2,3,3,3,2,0,2,4,2,1,0,1,3,4,6,6,4,3,4,4,4,4,3,3,2,3,2,3,5,4,4,4,4,3,3,3,3,3,3,4,3,2,2,3,3,2,4,4,3,3,3,3,3,3,3,3,2,3,4,3,3,3,3,3,3,3,3,3,3,2,2,2,3,3,3,2,4,3,2,2,2,4,4,3,2,1,1,3,4,3,2,2,3,5,4,3,3,3,4,3,5,5,3,3,2,2,2,1,4,2,2,2,2,2,3,2,3,3,2,3,3,3,2,3,3,2,1,2,2,2,4,6,5,3,3,3,3,4,4,3,1,3,2,3,3,3,2,1,1,1,2,2,2,2,2,1,3,3,3,3,3,3,3,3,1,1,1,1,2,3,3,4,4,3,2,3,2,4,4,2,1,2,2,2,2,2,1,3,4,4,3,3,3,3,3,3,2,2,1,1,2,2,2,2,2,2,2,2,2,2,2,2,3,3,3,3,3,3,3,3,2,3,3,2,1,1,2,3,3,1,0,2,4,3,4,4,1,2,2,2,2,2,4,4,3,2,1,1,1,3,3,4,4,3,1,1,2,3,3,2,2,4,5,4,4,3,2,2,0,1,2,3,3,3,3,2,1,1,3,4,4,4,3,2,2,2,2,2,2,2,2,2,1,1,1,0,1,1,4,4,5,3,3,3,3,3,2,2,2,2,2,2,2,2,3,3,3,2,3,3,3,3,2,2,2,1,2,3,2,2,3,3,3,3,3,3,3,3,3,2,2,2,1,2,3,3,2,3,3,3,3,3,3,3,3,3,4,4,4,4,4,4,4,4,1,2,3,2,1,1,1,2,1,2,3,3,2,1,0,0,2,3,3,3,3,3,2,1,2,3,3,3,3,4,3,3,3,1,3,3,3,4,2,3,1,1,1,1,2,2,2,1,2,2,2,2,2,3,4,3,2,2,2,2,1,1,2,2,3,1,1,2,2,1,1,1,3,3,1,1,1,2,3,1,2,2,2,2,2,2,2,3,4,4,4,4,4,4,4,4,4,2,2,2,1,2,4,3,3,4,4,4,4,4,4,3,2,1,3,3,3,3,2,2,0,1,1,1,1,1,1,1,2,2,2,2,3,3,2,1,2,2,2,2,2,2,2,2,1,1,1,1,1,1,1,2,3,3,3,3,2,1,2,3,3,3,2,3,2,3,3,3,2,2,3,1,1,1,1,2,2,2,3,3,3,3,2,1,1,0,2,4,2,0,1,3,1,2,2,1,3,2,1,3,2,1,1,1,1,2,2,2,2,2,2,2,3,3,3,3,2,1,1,1,1,1,1,1,3,3,3,3,3,3,3,3,2,3,3,3,2,2,1,1,3,4,2,2,4,4,4,3,1,0,2,3,4,4,3,3,2,3,3,3,3,3,2,3,3,1,0,1,1,2,5,2,1,1,2,2,2,2,3,2,1,3,3,3,3,2,2,4,4,2,2,2,4,4,3,1,0,1,3,4,4,2,2,3,2,2,2,2,2,3,4,2,3,4,4,4,3,3,1,1,3,3
51,3,2,2,3,3,3,3,4,3,3,3,3,3,3,2,1,2,3,4,4,4,2,3,3,3,3,2,2,2,2,3,2,1,3,3,3,4,4,3,4,4,2,3,2,2,3,4,3,2,3,2,2,2,1,1,2,2,2,2,2,3,3,3,5,4,3,3,3,4,4,5,3,2,2,3,4,3,3,3,3,3,3,3,3,3,3,4,6,4,2,2,4,5,5,4,3,3,3,2,3,3,3,2,3,3,3,4,4,4,2,2,1,1,1,1,1,1,1,1,2,2,2,2,2,2,2,2,2,3,4,3,4,3,3,4,3,3,3,3,4,3,2,3,5,4,4,4,4,4,4,4,2,2,2,1,2,3,4,3,3,3,3,4,5,5,6,6,3,3,3,2,2,3,3,3,4,3,2,3,2,1,1,1,2,3,3,3,4,4,4,4,3,3,3,2,2,4,4,5,3,2,2,2,2,3,3,3,3,4,4,4,4,3,3,3,4,4,4,3,2,3,3,4,3,2,1,0,2,3,4,2,3,3,2,2,2,2,2,2,3,3,3,3,3,3,3,4,4,2,3,3,4,4,4,4,4,3,3,3,3,3,3,3,2,2,2,2,2,2,2,2,1,3,3,2,3,3,3,3,1,1,2,2,2,1,2,3,3,3,5,5,4,4,5,5,3,4,4,4,3,3,3,2,2,1,1,2,2,1,1,1,2,2,2,2,3,3,3,3,3,4,4,4,4,4,4,3,2,4,4,3,2,3,3,3,3,1,1,2,3,2,2,3,3,2,3,3,2,2,3,3,2,2,2,3,2,4,3,3,3,3,3,3,3,3,3,2,1,2,5,5,6,6,5,4,2,2,2,2,2,2,2,2,3,4,3,3,2,3,4,4,2,2,2,2,3,3,4,3,3,3,3,3,3,3,3,3,5,5,3,4,5,6,5,3,3,3,3,3,3,3,3,3,2,2,2,2,2,2,2,1,2,3,3,3,3,2,3,3,3,3,2,3,2,2,3,3,4,4,3,3,3,4,4,4,2,2,2,2,2,2,2,2,3,3,3,3,3,3,2,2,1,2,3,4,4,3,2,2,3,2,2,3,3,3,3,3,3,2,3,2,3,3,3,3,3,3,1,1,3,3,2,3,5,3,3,4,4,4,4,3,2,1,0,1,3,2,2,3,3,3,1,1,1,2,2,2,3,3,3,4,4,4,4,4,1,1,1,1,1,1,1,3,4,5,4,5,4,4,3,3,3,3,3,3,4,3,1,2,1,1,1,1,1,1,1,1,2,2,2,2,2,2,2,2,2,1,3,3,3,3,2,1,3,3,2,2,2,3,3,3,3,3,3,3,3,2,2,2,2,4,3,5,5,4,4,2,3,2,3,3,2,2,2,2,1,1,1,1,1,1,1,1,3,3,3,3,2,2,2,2,3,3,3,3,3,3,3,3,2,1,2,3,3,3,2,2,2,2,2,2,3,2,3,3,1,2,3,4,3,4,3,2,3,5,6,6,4,2,2,2,1,1,1,1,1,1,3,5,5,4,2,1,2,2,1,1,1,1,1,1,1,1,2,1,1,2,2,1,1,1,2,2,2,2,2,2,2,2,2,2,2,2,2,3,3,3,2,2,2,4,5,4,2,2,3,2,1,1,1,1,1,2,1,0,2,2,2,3,3,3,4,3,3,3,3,2,3,2,1,3,5,5,4,4,5,5,5,5,4,3,3,1,1,2,2,2,3,2,1,1,3,3,3,1,1,1,1,1,1,1,2,1,1,1,1,1,1,2,2,3,2,2,2,2,2,2,3,3,2,1,1,1,1,1,1,1,3,3,3,3,3,4,4,4,6,7,6,4,4,5,5,4,2,3,3,3,2,2,2,3,4,3,4,4,4,4,3,3,5,4,2,2,3,3,2,2,1,1,1,1,2,2,2,1,1,1,2,2,2,2,2,2,4,4,3,2,2,3,3,3,1,2,2,1,1,1,1,1,1,1,1,1,3,3,2,3,3,1,1,1,1,1,2,2,1,2,1,1,1,1,1,1,1,2,3,3,2,1,1,2,3,4,4,2,1,1,2,2,1,2,2,3,3,2,2,2,3,3,3,3,3,3,3,3,2,3,4,4,2,2,3,2,1,0,0,1,1,1,1,2,1,1,1,1,1,1,2,2,1,2,3,2,1,2,1,1,2,2,2,2,2,2,3,3,3,2,2,2,1,1,1,3,3,3,3,4,4,4,4,3,1,1,1,1,1,1,1,1,2,2,2,1,3,2,2,2,3,4,3,3,2,2,3,2,3,3,3,2,3,3,3,4,2,2
52,2,3,4,3,3,3,2,3,3,3,4,3,2,2,2,3,3,2,3,3,1,1,2,3,3,3,3,3,3,3,3,3,3,3,3,3,3,3,3,3,3,3,3,2,3,2,2,2,2,1,1,1,3,5,2,2,5,4,3,4,5,4,3,3,2,3,4,5,4,4,5,3,3,4,4,5,5,3,4,2,3,2,2,3,4,4,3,1,2,4,5,3,3,4,4,3,2,3,5,4,4,5,5,5,4,3,3,3,3,3,3,4,3,4,4,3,3,2,1,0,1,1,3,3,3,2,2,4,4,5,5,5,4,4,3,3,3,3,3,3,3,3,3,3,2,1,1,1,2,2,1,3,2,2,2,2,2,2,2,2,2,2,2,1,2,2,2,6,7,5,3,3,3,4,4,4,3,4,3,3,3,4,4,3,3,3,2,3,3,3,3,4,4,4,4,2,2,3,6,3,2,2,2,3,2,2,1,2,3,3,4,5,5,5,3,3,3,3,3,2,3,3,3,2,4,5,2,1,0,2,2,2,2,2,2,3,3,2,3,4,4,4,4,4,3,3,3,3,2,2,3,3,3,4,4,2,3,3,3,3,3,1,2,2,3,5,6,6,4,2,2,3,3,3,3,3,3,3,3,3,3,3,2,2,2,1,1,4,3,3,3,3,3,3,3,3,3,3,3,3,3,3,3,5,5,2,2,2,2,4,3,2,2,2,3,3,3,3,3,3,3,2,2,3,3,3,2,2,2,1,4,3,3,2,1,3,3,3,4,4,4,4,4,3,3,2,2,2,1,1,1,3,3,3,4,4,4,4,5,4,3,5,5,5,5,3,3,4,4,3,3,4,4,3,3,5,4,1,1,2,2,2,2,3,3,3,3,3,2,2,3,3,3,3,3,3,3,3,2,2,2,2,2,2,3,3,3,3,4,4,4,4,4,3,3,2,3,3,3,3,2,2,3,3,3,4,3,3,3,3,3,2,2,2,3,3,3,3,4,5,3,2,1,2,4,5,3,3,2,2,2,2,2,2,2,1,3,4,4,3,2,2,2,1,2,2,3,2,2,2,2,2,2,2,1,1,1,1,1,4,4,3,3,3,3,3,3,3,2,2,4,5,3,4,3,3,2,3,4,4,4,3,3,3,3,4,3,3,3,3,4,5,3,1,1,2,3,3,2,2,2,1,1,1,1,1,1,2,2,2,1,2,1,3,2,1,1,1,2,2,2,2,1,4,5,4,3,2,1,3,4,4,3,2,1,1,1,1,0,1,2,4,4,4,3,4,5,4,3,2,2,1,2,3,4,1,1,3,3,3,3,3,4,5,5,4,4,4,4,3,3,1,3,5,5,4,2,1,3,3,2,3,3,3,3,4,4,4,4,4,4,3,4,4,5,4,4,3,3,1,1,3,4,2,2,2,3,3,4,4,4,1,2,5,5,5,4,3,2,3,3,3,2,3,3,2,3,4,5,4,4,4,4,5,5,4,3,3,3,3,3,4,4,4,4,2,2,3,3,3,3,1,1,1,1,1,1,1,1,1,1,1,1,1,1,1,1,3,2,2,2,2,2,4,3,3,3,3,3,3,3,1,1,1,1,2,2,2,2,1,1,1,1,1,1,1,2,2,2,2,2,2,1,2,2,2,2,3,3,2,2,2,2,2,3,3,4,3,3,3,3,3,4,3,1,2,3,3,3,3,2,2,3,3,2,2,3,3,3,3,3,2,1,2,4,5,6,4,2,4,4,4,4,2,2,4,4,4,4,3,3,3,3,1,1,1,1,1,1,1,1,1,1,1,1,1,1,1,2,2,2,2,2,2,2,2,2,2,1,1,1,1,1,1,1,2,2,2,2,2,2,3,3,2,1,1,2,2,2,2,3,1,1,1,1,1,1,1,1,2,2,1,2,2,2,1,3,1,2,1,1,1,2,1,1,2,2,3,3,3,3,3,2,1,1,1,1,1,1,1,2,4,4,3,2,2,2,1,1,2,1,1,2,2,2,2,3,6,4,4,4,3,3,2,2,3,2,1,2,3,4,3,2,3,3,2,2,3,2,2,2,3,3,3,2,3,3,2,2,2,2,3,3,2,2,3,2,2,2,1,1,2,2,2,1,2,2,2,4,3,2,1,1,2,2,2,2,2,2,2,2,2,2,2,2,2,2,2,2,2,2,2,2,2,2,2,2,2,2,2,2,2,2,2,2,2,1,2,2,3,3,2,1,2,3,3,3,2,2,3,4,4,3,3,3,3,3,3,2,2,2,2,2,2,2,2,2,2,3,3,3,3,3,3,3,2,1,1,1,1,1,1,1,4,3
53,1,1,1,1,1,1,2,3,3,3,4,4,3,3,4,3,2,2,2,2,2,2,2,1,1,1,2,2,2,1,2,1,1,1,1,1,1,1,1,4,4,3,3,1,2,2,2,2,2,1,2,2,2,4,3,2,3,3,4,3,0,0,1,2,2,2,3,3,2,3,3,1,2,3,3,2,2,3,4,3,2,2,2,2,2,2,3,3,2,2,2,2,2,2,2,3,3,3,4,5,5,4,3,3,3,3,3,2,4,4,3,4,5,6,4,2,4,5,2,1,2,2,2,3,3,3,3,3,3,3,2,2,2,3,3,3,2,2,2,2,2,2,2,0,1,2,2,2,2,2,3,3,1,4,4,4,4,3,3,2,2,2,3,3,3,3,3,2,2,1,1,3,3,4,3,2,1,2,1,1,3,3,3,2,2,2,2,2,2,2,3,1,0,0,1,1,3,5,3,3,3,3,3,3,4,3,3,3,3,2,2,3,3,3,3,3,2,2,2,4,6,5,3,0,0,1,1,1,1,1,1,2,1,1,1,1,1,1,1,3,2,2,2,2,2,2,2,4,4,3,3,4,4,4,4,1,2,4,4,3,2,2,2,4,3,4,3,2,2,2,2,3,2,2,3,3,4,4,3,3,4,4,4,4,4,5,4,3,3,2,2,1,2,4,2,1,3,3,4,5,6,6,4,3,3,3,3,3,3,3,3,2,2,3,3,3,4,4,3,2,3,2,2,2,3,4,3,3,3,3,3,3,3,3,3,2,3,2,2,3,3,4,5,2,2,4,3,3,3,1,1,5,4,3,2,2,2,2,2,2,2,2,3,3,3,3,4,2,2,3,3,3,4,4,4,2,3,4,3,2,2,2,2,2,3,3,3,3,3,3,3,2,1,1,3,2,4,3,4,2,3,5,3,2,3,2,3,4,2,2,2,3,3,3,3,5,5,5,5,6,6,6,5,3,3,4,4,4,4,3,2,4,4,4,4,4,4,4,3,3,3,3,3,3,3,3,3,4,3,3,4,3,3,4,2,2,2,2,2,2,2,2,3,3,3,2,3,3,4,4,3,3,3,3,3,4,4,4,5,4,3,2,2,4,4,3,2,1,2,3,1,2,2,1,1,1,2,1,1,1,1,2,3,3,3,3,2,2,2,3,5,3,2,4,4,4,4,3,1,3,3,3,3,2,2,3,3,2,2,2,2,3,2,2,2,3,3,3,3,3,3,3,3,3,3,2,3,3,3,2,2,2,3,3,3,3,3,4,4,2,2,3,3,3,4,4,4,3,3,3,3,3,3,3,3,4,2,2,3,3,4,4,4,3,4,5,5,3,2,2,3,1,2,2,2,2,2,2,2,1,1,2,2,3,1,1,1,4,3,2,2,3,4,3,3,3,3,2,3,3,3,3,3,1,2,2,2,2,2,3,3,2,2,3,3,3,4,5,4,2,3,4,5,4,4,4,3,2,2,2,2,3,3,3,3,1,2,2,3,3,3,4,4,1,2,3,2,3,3,3,2,5,3,2,3,3,3,2,3,4,5,3,2,2,2,2,3,3,3,3,2,0,2,2,2,4,4,4,4,4,4,4,3,2,2,2,2,2,2,2,0,1,3,3,3,2,2,2,1,2,1,1,2,2,3,5,4,3,1,1,1,1,1,2,2,2,2,2,2,2,2,2,3,4,3,3,2,3,3,2,5,2,1,1,1,1,1,1,1,1,1,2,2,2,2,2,3,3,3,3,3,3,3,3,3,2,2,2,2,2,2,2,2,2,2,3,3,4,4,3,3,3,3,2,1,1,3,5,3,1,1,2,3,2,1,0,1,2,2,2,3,2,2,1,0,0,3,3,2,3,4,4,4,2,2,2,2,2,2,2,2,2,2,2,2,2,2,2,2,2,2,2,1,1,1,1,2,4,5,5,4,3,2,2,2,2,2,1,1,2,2,2,2,2,3,3,3,3,2,2,1,2,2,2,3,3,3,2,2,2,2,3,3,2,2,2,2,2,2,2,2,2,2,2,2,2,2,2,2,2,2,2,2,2,2,2,2,2,2,2,2,1,1,0,0,0,1,1,1,2,2,1,2,2,2,3,4,3,3,3,3,2,2,1,2,4,3,2,2,3,2,2,2,3,3,3,3,2,2,1,1,3,2,2,2,1,2,2,2,1,1,3,3,4,4,3,2,3,3,2,2,2,2,4,4,2,1,1,2,2,2,2,1,1,2,1,1,1,1,1,1,2,2,3,2,2,2,2,2,3,3,2,3,3,2,3,2,2,3,3,3,2,2,2,2,1,2,3,3,1,1,2,3,2,2
54,2,2,2,2,2,2,2,2,2,3,3,3,3,4,4,3,3,3,3,4,5,5,5,4,2,3,3,3,3,3,2,2,3,3,3,4,4,2,3,1,1,3,4,2,3,3,2,3,3,3,4,4,4,3,4,3,4,5,4,2,2,2,4,3,1,2,2,2,1,2,2,3,3,2,3,3,3,3,4,5,4,3,3,3,3,4,4,3,2,1,1,1,1,1,0,0,1,3,3,2,3,3,3,3,2,4,5,4,2,3,4,3,2,1,1,1,1,1,1,2,2,2,2,1,1,1,2,1,1,2,2,2,2,1,2,2,2,4,4,3,3,1,3,3,3,3,4,3,3,1,2,3,2,2,2,2,3,4,5,2,3,4,2,2,3,3,3,5,5,4,4,2,3,3,2,3,3,3,3,3,4,4,3,1,2,4,3,2,3,2,3,4,1,2,3,3,3,3,3,3,4,3,1,0,1,2,3,4,3,3,3,2,2,2,0,2,4,3,3,3,2,4,4,3,2,1,2,1,1,1,2,2,1,1,2,2,2,2,2,3,3,3,4,3,2,3,3,1,3,5,6,6,5,2,1,3,3,3,3,3,3,3,3,3,3,3,3,3,3,3,3,2,2,1,2,1,1,1,1,4,4,3,3,3,2,2,2,3,4,2,2,1,1,2,2,2,2,1,2,2,2,2,0,2,3,4,4,3,3,1,2,3,3,2,3,2,2,2,1,3,3,2,2,2,3,3,3,1,1,1,2,2,2,3,4,5,5,5,3,2,2,4,5,4,1,1,1,2,2,1,1,3,3,3,2,3,3,3,3,2,1,1,1,1,1,1,1,4,3,1,2,4,3,4,3,3,3,3,3,3,3,3,2,3,2,2,3,2,3,4,5,4,3,3,3,3,3,3,3,3,4,5,5,4,3,3,3,3,3,2,2,2,2,3,3,3,3,2,3,3,3,3,3,3,1,2,2,3,5,5,4,3,4,4,3,2,2,4,3,2,2,2,2,2,2,2,2,2,1,1,1,2,2,1,1,3,3,3,3,3,3,3,3,4,4,3,3,4,4,4,4,5,5,4,2,2,2,4,4,3,3,3,3,3,2,3,3,2,2,3,3,2,2,2,3,2,1,1,2,2,2,2,3,3,3,4,4,4,3,3,3,2,2,3,2,2,2,2,3,4,2,1,1,1,1,2,3,3,4,4,5,4,4,4,3,2,2,3,3,2,2,2,3,2,2,3,3,3,3,4,4,2,2,2,3,3,3,3,2,3,3,3,3,3,3,3,3,1,2,3,3,4,4,3,3,3,3,6,7,6,5,3,2,3,3,4,3,3,3,3,3,3,3,3,3,3,3,2,3,1,2,3,3,4,4,3,3,4,3,3,2,2,2,1,1,2,2,2,2,2,2,2,1,2,5,4,3,5,6,5,3,3,4,3,3,3,3,3,2,2,2,3,4,4,3,3,2,1,2,4,3,2,2,1,2,4,3,3,3,3,1,0,0,1,2,3,2,2,3,3,4,4,1,2,2,2,2,3,3,2,2,2,2,2,2,2,2,1,1,1,1,1,1,1,1,1,0,1,1,1,1,1,2,3,2,2,3,3,3,3,2,1,1,2,2,2,3,3,3,3,2,2,3,3,3,4,3,3,3,3,3,3,3,3,3,2,1,2,1,1,2,3,4,3,2,2,1,2,2,4,5,6,4,3,3,3,3,3,3,3,3,3,3,3,3,3,3,2,2,3,3,2,2,2,2,3,2,1,2,2,1,2,2,1,2,2,2,2,2,2,2,3,2,3,3,2,3,3,3,2,2,2,2,2,2,2,2,1,1,1,1,2,2,2,3,2,2,1,2,1,2,2,1,3,3,3,4,3,3,3,2,2,2,2,2,3,3,3,2,2,2,2,3,2,1,1,1,4,3,3,3,3,2,2,2,3,3,4,4,4,3,3,3,3,3,3,3,3,3,3,3,2,2,2,2,2,2,2,1,3,3,3,3,2,2,1,1,2,2,2,3,3,2,2,2,3,3,2,2,2,2,2,2,3,5,5,4,2,4,5,6,5,3,3,3,3,3,3,3,2,2,2,3,3,3,2,2,3,4,4,4,4,4,4,4,4,3,3,3,3,3,3,2,2,3,3,2,2,1,1,2,3,2,3,3,3,3,3,3,3,3,3,3,3,3,3,4,4,2,3,2,2,1,1,2,2,2,2,1,2,2,3,4,4,3,3,3,3,3,3,3,3,3,3,2,3,3,3,2,2,3,3,3,2,1,1,2,1,1,2,2,2,2,2,2,4,4,3,2,2,1,3,3,2,3
55,1,1,3,3,3,2,3,2,1,3,3,2,1,1,1,3,3,3,3,3,3,3,3,3,3,3,3,3,3,4,3,1,1,2,4,4,4,5,5,3,3,2,3,3,2,3,3,4,4,3,3,3,4,5,4,4,4,4,4,3,4,4,4,2,3,3,4,4,4,4,3,3,3,4,4,4,3,4,4,1,2,3,3,3,3,3,2,3,4,3,2,1,2,3,2,4,3,3,3,3,3,3,3,3,2,1,2,2,3,2,1,2,4,4,3,3,3,3,3,3,3,3,2,2,2,3,2,4,3,4,4,4,3,1,2,3,3,3,3,3,3,3,3,2,3,3,2,2,2,2,3,2,3,3,1,1,2,6,7,1,1,1,2,2,2,3,1,1,3,3,3,3,2,3,4,2,3,3,2,2,2,3,2,3,2,2,3,3,4,4,5,2,1,1,1,2,3,3,3,2,1,2,2,1,1,1,3,3,3,3,2,1,3,3,2,3,2,1,2,3,3,2,2,1,1,1,2,3,2,2,2,2,2,4,4,3,1,1,2,3,4,3,3,2,3,4,4,4,2,3,2,2,2,2,3,3,3,2,2,2,2,1,1,3,3,3,2,3,1,3,2,4,4,4,4,4,4,4,4,3,2,2,1,1,2,2,3,4,3,2,3,3,3,2,1,2,2,2,2,3,3,3,3,2,0,1,2,3,3,3,4,2,2,2,1,1,1,1,1,4,4,4,4,4,4,4,4,3,2,2,3,2,2,2,2,2,1,2,2,3,3,3,2,2,2,1,1,3,3,3,3,3,3,2,2,2,2,3,3,2,1,2,3,3,2,1,1,2,3,2,2,4,4,4,3,4,5,5,3,2,4,4,3,3,3,3,3,3,3,3,3,3,3,2,2,2,2,3,3,5,4,3,2,2,2,1,2,3,3,4,3,1,2,3,2,2,2,3,3,3,4,2,2,2,3,3,3,3,3,3,2,2,1,2,3,2,3,3,2,4,5,3,3,3,2,2,3,2,3,3,3,3,3,3,3,1,1,2,1,2,1,2,3,2,2,2,2,2,2,2,2,3,2,2,2,2,2,3,2,3,3,3,3,3,2,2,3,3,3,3,3,3,3,3,3,2,2,2,2,1,2,4,5,3,2,2,3,2,3,3,4,1,1,1,1,1,1,2,3,2,1,1,1,2,2,1,2,3,3,3,3,3,3,3,3,3,3,3,3,3,2,2,2,4,2,1,2,3,4,3,2,3,3,3,3,3,3,3,3,3,4,3,3,4,3,2,1,0,1,2,3,3,3,3,2,2,3,4,4,2,1,3,4,4,3,3,3,2,1,1,1,1,1,1,1,1,1,1,2,1,1,3,3,2,2,3,3,4,3,3,3,3,3,3,3,2,2,3,4,2,2,3,3,2,2,3,3,3,4,4,3,3,3,3,3,3,3,3,2,1,1,2,4,4,3,1,0,1,1,1,1,1,2,2,2,2,1,1,1,2,2,1,1,4,4,4,4,4,4,4,4,2,2,2,2,3,3,2,2,3,3,2,3,4,6,5,5,2,2,2,2,2,2,2,2,2,2,2,2,2,2,2,2,3,3,3,3,3,4,4,2,2,2,2,1,1,0,1,2,2,2,1,2,2,1,2,1,1,2,2,2,1,1,2,2,3,2,2,2,3,3,3,3,2,2,3,3,2,2,3,3,3,4,4,3,3,3,2,2,1,1,1,0,1,1,1,1,2,3,3,2,2,2,1,1,3,3,2,1,1,2,2,1,2,2,3,4,4,4,5,5,3,3,5,6,6,5,3,3,2,2,2,2,2,2,2,2,1,2,3,3,2,1,2,2,2,1,1,1,3,3,2,2,1,1,1,1,2,1,2,2,2,2,2,3,3,3,3,3,4,3,2,3,3,3,2,1,2,2,2,2,2,2,2,2,1,1,1,1,1,1,1,1,3,3,3,3,3,3,3,4,5,4,3,4,5,4,5,3,1,2,3,3,2,3,3,1,1,1,1,1,1,0,1,2,1,2,2,2,2,2,3,4,4,3,3,3,3,4,2,1,4,4,3,3,4,4,4,4,5,5,4,2,1,3,5,3,2,2,3,3,3,3,3,3,2,4,5,4,3,3,2,2,1,0,1,2,2,3,1,0,2,2,2,2,2,2,3,2,3,4,3,2,2,2,3,2,0,0,0,1,1,3,4,2,3,3,2,2,3,4,4,4,4,3,4,3,2,2,2,2,1,1,1,2,3,2,1,1,1,2,2,2,2,3,3,1,1,1,1,2,3,3,4,3,1,2,2,2,2,2,1,1,1,2
56,3,3,2,3,1,2,2,3,3,3,3,3,3,3,3,3,3,4,3,3,2,3,3,3,3,3,3,3,2,2,2,1,0,1,1,1,2,2,2,3,3,3,3,3,3,3,3,2,3,4,3,2,3,2,1,1,1,1,2,2,2,1,1,3,3,3,4,3,3,3,2,0,1,3,4,3,3,2,3,3,3,4,4,2,2,3,3,1,2,3,3,2,2,2,2,3,3,3,3,3,3,3,3,2,2,3,3,3,3,4,4,4,3,4,4,3,3,3,2,2,3,3,2,2,2,4,3,2,4,4,3,3,2,3,3,3,2,2,3,3,3,2,2,3,3,3,3,3,3,3,3,3,3,3,4,5,4,5,4,2,3,3,3,3,3,3,2,2,3,4,3,4,4,2,1,3,2,2,2,3,4,4,3,3,3,3,3,3,3,3,3,3,3,3,3,3,3,3,4,3,3,3,3,4,5,4,3,4,3,3,2,4,4,4,5,5,4,4,4,3,2,1,1,3,5,3,3,3,3,3,3,3,2,1,1,1,1,2,2,3,2,2,3,3,5,4,1,1,2,2,4,5,5,3,2,2,2,2,2,3,3,3,4,3,3,3,3,3,4,3,3,3,3,3,3,3,3,3,3,4,4,4,3,3,3,3,3,3,3,3,3,3,3,3,3,2,2,2,2,2,2,2,2,3,4,4,4,4,4,4,4,4,3,2,2,2,2,2,2,2,1,1,2,2,2,2,1,1,2,2,4,3,2,2,2,1,1,3,3,3,2,2,3,5,5,3,2,2,3,3,3,1,1,1,1,2,3,3,1,3,2,4,5,4,4,4,4,4,4,4,3,2,3,3,4,4,2,2,3,3,3,3,4,0,1,2,2,2,3,3,4,5,5,4,5,5,4,5,3,3,3,2,1,2,3,2,3,5,6,6,4,4,4,5,3,5,5,3,2,0,1,1,3,3,3,4,4,4,4,2,1,2,2,3,3,3,1,1,4,4,3,3,2,2,1,2,3,4,4,4,4,3,3,4,4,2,2,2,2,2,2,2,2,2,2,2,3,3,3,4,4,3,3,3,1,2,5,4,5,2,2,2,2,2,2,1,1,1,1,1,2,2,2,2,3,3,2,1,2,2,1,2,2,3,2,3,3,3,3,2,3,5,3,2,2,3,4,4,4,2,2,2,2,2,2,2,1,4,5,3,4,4,5,4,2,2,3,3,4,3,3,3,3,2,3,3,3,3,2,2,1,2,4,4,2,2,3,2,2,3,3,4,4,4,3,3,3,3,3,3,3,3,3,3,3,1,1,3,3,3,3,2,1,1,4,5,5,3,2,3,3,1,1,1,1,2,1,1,1,4,5,5,5,5,5,7,4,1,1,1,1,1,1,1,1,2,2,2,2,2,2,2,2,1,1,1,1,1,1,1,1,1,1,2,2,2,2,3,4,3,3,5,5,4,3,2,2,0,0,3,3,2,1,1,2,5,4,2,2,2,2,3,4,3,2,2,2,2,2,2,2,2,2,2,2,2,2,2,3,4,3,3,3,3,4,4,3,3,4,4,4,3,3,3,2,1,2,1,1,3,3,3,3,2,3,3,2,3,3,3,2,2,3,3,3,3,3,3,2,3,3,3,3,3,3,3,3,5,4,2,2,4,5,5,4,3,1,1,2,2,3,3,3,4,2,2,3,3,2,2,3,2,2,2,3,3,3,3,4,3,3,3,3,3,3,4,5,3,2,2,2,3,3,3,4,3,2,2,2,3,3,3,3,2,2,2,3,3,4,4,4,3,3,3,3,3,3,2,2,3,3,3,3,3,3,3,3,2,2,2,2,2,2,2,2,3,3,4,4,3,2,2,2,2,2,2,2,2,2,2,2,3,3,3,3,3,3,3,3,3,2,2,2,1,3,3,4,3,3,3,3,3,3,3,3,2,1,1,1,2,2,2,2,2,2,2,2,2,2,2,2,2,3,3,2,3,3,3,3,2,2,2,2,2,1,1,2,3,3,1,1,1,2,2,2,3,2,2,2,2,2,2,2,3,3,3,3,3,3,3,3,3,2,2,2,1,1,1,1,4,4,2,2,4,4,2,2,2,1,2,2,3,3,4,3,2,2,4,4,4,4,4,3,2,2,3,3,3,3,2,2,2,2,3,2,2,3,2,1,1,1,1,1,1,1,1,1,2,3,4,3,3,3,3,3,0,2,4,6,7,6,5,5,5,4,2,2,1,1,2,2,1,0,1,1,2,2,2,1,2,2,1,1,1,2,3,3,4,3,2,3,3,3,3,2,2,2,3,2,3,2,3,2,2,3
57,3,3,3,2,3,3,3,4,4,4,3,4,4,3,4,2,2,4,4,3,3,2,3,3,3,2,3,4,3,4,4,2,2,2,2,2,2,1,3,3,3,5,4,4,3,2,2,2,2,2,2,2,2,2,4,5,4,3,2,2,3,3,2,1,1,1,1,1,1,1,1,2,2,2,3,3,3,3,2,4,4,3,3,4,3,3,3,2,2,1,1,1,1,1,1,0,1,2,2,2,2,3,4,4,3,3,3,3,2,1,2,2,1,2,4,4,4,2,2,3,2,3,5,4,2,3,4,2,2,2,2,2,2,2,3,4,4,4,3,3,3,3,3,2,1,2,3,3,3,2,1,3,2,1,0,0,0,1,1,1,1,2,4,4,3,4,4,2,1,2,2,2,2,3,3,3,2,1,1,1,1,2,3,3,3,2,3,4,4,4,3,1,1,2,2,2,3,3,2,2,3,3,3,3,3,3,3,3,4,3,3,4,4,5,4,2,3,3,4,3,4,4,4,4,5,5,3,3,2,2,2,3,3,1,1,3,3,2,1,1,2,2,2,2,2,2,3,4,3,4,4,3,4,5,4,2,2,2,2,1,1,1,1,2,2,3,3,3,4,4,4,3,3,3,3,3,3,2,2,2,2,3,3,2,1,1,1,4,3,3,4,4,4,3,2,2,2,2,2,3,3,2,2,3,4,4,4,3,3,2,2,2,2,3,2,3,2,3,3,2,3,1,1,1,1,1,2,2,2,2,2,2,2,2,1,2,2,2,2,3,4,4,4,2,2,2,2,2,2,2,2,1,1,1,2,3,3,3,4,4,3,3,3,4,5,3,2,3,4,4,4,3,4,4,4,6,5,5,5,4,4,4,5,3,1,2,2,2,2,2,2,2,3,3,3,3,2,2,3,5,5,4,4,4,3,3,3,2,3,3,3,3,3,3,3,3,3,3,2,3,3,2,3,3,2,2,2,2,2,2,2,1,1,1,1,1,2,3,2,2,2,2,3,3,3,3,3,4,5,4,5,6,6,6,5,3,3,3,3,3,3,3,4,2,3,2,2,3,2,2,1,3,3,2,2,2,2,2,2,3,3,2,1,1,1,2,2,2,2,3,2,2,2,2,2,2,2,2,2,2,2,2,2,2,2,2,2,3,3,3,4,3,3,3,3,3,3,3,3,3,3,3,3,3,4,4,4,3,2,3,3,2,2,3,4,4,4,4,4,5,5,4,3,2,4,4,3,3,3,3,4,4,2,2,2,2,2,2,2,2,2,2,2,2,2,2,2,2,3,3,3,3,3,2,2,3,3,3,3,3,3,2,3,4,3,3,3,3,3,3,3,1,0,1,1,1,1,0,1,4,2,3,3,3,3,2,2,1,2,3,3,3,3,3,2,0,1,1,1,2,2,2,3,3,3,3,3,3,4,4,3,3,3,2,1,2,2,3,3,2,2,2,3,4,4,4,4,2,2,3,3,3,4,4,4,2,1,2,1,2,3,2,2,3,5,5,4,3,3,4,4,4,2,2,4,4,3,2,2,4,4,4,4,4,4,4,4,2,2,3,2,2,2,1,1,2,3,4,4,4,2,2,4,3,3,3,3,3,3,3,3,4,3,3,3,3,2,3,3,2,2,3,2,4,3,2,1,1,2,2,3,3,3,3,3,2,1,2,3,3,3,4,4,2,2,2,2,2,2,2,2,3,4,6,6,4,2,2,3,1,1,2,1,1,2,1,1,2,2,1,2,2,2,2,1,1,2,2,2,2,2,2,2,2,1,1,1,3,2,2,2,3,3,3,3,4,5,2,2,4,3,2,2,2,3,3,3,3,3,4,3,3,3,2,2,2,2,2,3,5,6,3,2,2,1,2,2,3,3,3,3,4,4,4,4,4,4,4,4,3,3,2,3,3,4,4,3,3,3,3,3,3,3,3,3,2,2,2,2,2,2,2,2,2,2,4,4,3,2,1,2,3,3,1,2,2,3,3,2,2,2,3,3,3,2,2,1,1,1,1,1,2,1,1,2,2,2,2,1,2,3,3,4,4,1,1,2,2,2,2,1,2,2,2,2,2,2,3,3,3,2,2,4,4,4,4,5,2,0,2,3,2,1,1,3,5,3,4,3,2,2,3,4,2,2,2,2,2,2,3,2,1,2,1,1,2,3,3,3,4,4,4,4,4,4,4,4,3,2,3,3,3,3,2,2,2,2,3,3,3,1,2,3,3,3,2,2,3,2,3,2,4,4,3,3,3,3,3,2,2,2,2,3,4,4,3,3,1,1,1,1,2,2,1,1,3,3,3,3,3,4,4,3,2,2
58,2,2,2,3,3,3,3,3,4,4,4,4,4,4,3,1,1,4,5,5,5,3,2,4,4,4,2,2,2,2,3,2,2,2,3,2,3,2,1,3,4,5,4,4,4,5,3,4,2,1,1,1,2,3,3,2,2,2,1,1,1,2,3,3,3,3,4,3,3,4,3,2,2,4,4,4,3,2,3,2,2,1,1,1,1,2,2,3,3,3,3,2,2,2,1,3,2,2,2,3,4,4,2,2,4,3,2,2,4,4,4,2,2,3,3,4,4,4,3,2,2,3,4,3,2,0,3,4,1,2,1,2,5,6,4,3,3,3,3,3,3,3,3,3,3,3,3,3,3,2,2,2,2,2,2,2,2,4,4,2,2,2,2,2,2,2,4,5,4,3,4,4,5,4,3,2,2,3,3,4,4,4,3,2,3,3,4,4,3,2,1,3,3,4,4,3,2,3,3,3,3,3,2,1,1,1,3,3,3,2,2,3,3,3,3,2,2,2,2,2,2,3,2,3,1,3,4,4,4,2,3,5,6,5,4,4,3,4,4,1,1,2,2,2,2,3,2,2,2,1,2,3,3,4,3,2,2,3,3,4,4,4,4,4,5,5,5,5,4,4,4,4,3,3,3,3,4,5,3,1,2,2,2,1,1,1,1,1,2,4,6,5,2,1,3,5,4,3,3,3,3,3,4,3,3,3,3,4,4,4,4,3,3,3,2,3,3,3,3,2,2,1,1,1,1,2,3,4,5,5,4,3,3,3,3,3,6,4,3,4,3,3,3,1,2,2,2,1,1,2,1,1,1,2,4,4,3,2,4,2,2,1,2,2,3,2,2,3,5,6,2,3,4,3,3,3,1,1,1,3,2,1,0,3,4,3,3,3,2,2,3,3,1,2,3,2,3,4,3,1,3,3,3,2,1,1,1,1,2,3,3,4,4,3,3,4,2,1,2,3,3,4,4,3,4,3,3,3,3,4,3,1,2,3,2,3,3,2,3,3,4,3,3,4,4,6,5,3,2,2,3,3,3,3,2,1,1,1,2,2,2,3,2,3,2,2,2,2,2,2,3,2,2,1,1,1,1,2,2,2,1,1,2,2,2,2,4,3,3,2,1,1,1,1,1,3,2,4,4,4,4,2,2,4,5,5,5,4,4,5,3,2,1,1,1,1,2,2,3,2,2,2,2,2,2,2,2,3,2,2,2,2,2,2,2,2,2,2,2,2,2,2,2,3,3,2,3,3,3,3,2,1,2,2,2,1,1,1,1,2,1,1,1,1,1,1,1,2,2,1,1,2,2,2,2,2,2,1,1,2,1,1,2,1,1,3,4,5,3,1,0,3,3,3,3,3,3,3,3,1,1,2,2,4,3,3,4,2,3,3,3,3,5,4,5,3,1,2,3,3,4,3,3,1,3,3,2,2,1,2,2,2,1,1,2,4,3,3,2,1,1,1,1,1,1,2,2,1,2,3,4,3,4,4,3,2,2,2,2,2,2,2,2,1,1,2,2,2,3,3,2,1,2,3,3,1,1,0,1,2,2,3,3,3,3,3,4,4,3,3,3,3,3,4,5,4,4,4,4,3,3,2,2,2,3,3,3,3,4,3,3,3,4,3,3,5,2,1,2,3,2,3,4,4,3,3,3,3,3,2,2,2,2,2,3,4,3,2,1,1,2,3,3,3,4,4,4,3,3,3,4,2,2,2,2,2,2,2,2,2,2,2,2,2,2,2,2,3,2,2,3,3,4,4,5,4,3,3,3,3,3,3,3,3,2,1,1,3,4,5,5,4,4,3,3,3,3,3,2,2,2,1,0,0,1,2,2,1,1,1,1,1,1,1,1,1,2,4,4,4,4,4,3,3,3,3,3,1,1,1,3,1,1,2,1,1,1,1,2,3,3,2,2,2,2,1,1,3,2,1,1,2,2,1,1,3,3,3,3,3,3,3,3,2,2,2,2,2,2,2,2,3,3,3,3,3,3,3,3,2,2,3,2,1,2,3,3,0,1,1,2,2,2,2,2,2,2,2,2,2,2,2,2,4,6,4,3,1,2,1,2,2,2,2,2,3,3,3,3,3,3,3,3,3,3,3,3,2,2,4,4,5,4,3,2,2,2,2,3,3,3,2,2,2,2,2,2,3,3,3,4,5,3,3,3,3,3,4,4,4,3,3,2,3,3,2,3,2,1,2,2,3,3,2,2,1,1,1,1,1,2,3,2,2,3,2,2,2,2,3,3,3,3,3,3,3,3,3,3,1,1,1,1,1,1,2,1,2,1,1,1,3,3,3,3,2,3,3,3,3,3,3,3,5,4
59,3,2,2,2,2,3,3,1,2,2,1,2,2,2,1,5,4,4,3,3,4,4,3,4,3,4,4,3,2,3,2,3,3,1,1,2,3,6,6,2,3,3,2,3,4,4,3,4,4,3,3,3,3,3,4,4,3,3,3,2,2,2,1,3,5,5,3,3,3,1,2,1,1,3,3,4,4,4,5,4,4,3,2,3,3,5,5,3,2,3,3,3,3,2,3,3,2,2,2,2,2,2,2,4,4,5,5,4,3,2,0,1,1,1,1,1,1,1,3,5,5,5,5,4,3,2,3,2,2,2,2,2,2,2,2,4,5,3,3,3,3,3,2,1,1,2,2,1,1,2,2,3,3,3,3,3,2,2,2,3,2,2,4,1,0,4,4,0,1,4,5,3,3,2,3,2,2,2,2,2,2,2,2,2,2,2,4,4,2,1,2,2,2,4,3,3,4,4,3,3,3,3,4,3,3,1,0,1,0,1,1,3,4,4,5,4,3,3,3,3,2,2,2,3,3,3,3,2,2,1,1,1,1,1,1,1,1,2,2,2,2,3,3,3,3,4,4,2,2,2,2,2,1,2,4,3,3,3,3,2,4,4,4,2,3,4,5,5,5,4,4,2,3,4,3,2,2,2,3,1,0,1,2,2,1,1,1,3,3,3,3,3,3,3,3,2,2,2,3,3,4,5,5,3,4,4,2,2,3,3,2,3,3,3,3,3,3,3,3,2,2,3,3,3,3,3,2,2,2,3,3,3,2,2,2,3,3,3,3,3,3,4,4,2,1,2,2,3,4,4,3,2,2,2,3,2,2,1,1,2,3,3,3,4,3,3,3,3,3,3,3,3,3,3,3,3,3,1,1,1,3,3,3,3,3,2,2,2,2,4,4,4,4,3,2,2,4,5,4,2,2,4,3,1,2,3,3,2,3,3,3,4,5,5,4,2,0,2,2,2,1,1,1,1,0,1,2,2,2,1,1,1,1,2,2,2,2,1,1,1,2,2,2,2,2,2,2,4,3,3,3,3,3,2,0,1,1,3,4,5,4,4,4,2,3,3,3,3,4,3,3,1,1,3,3,3,3,1,1,1,1,1,1,1,1,1,1,1,1,1,1,1,1,1,2,2,1,3,4,2,2,3,4,2,3,3,3,3,2,2,2,4,3,3,3,4,4,4,4,2,2,2,2,2,1,2,1,3,3,3,3,3,3,3,2,1,1,3,2,2,4,4,4,2,2,2,2,2,2,2,2,4,3,2,1,2,4,6,7,5,3,2,2,2,3,5,3,1,1,3,2,2,3,2,2,3,3,3,3,3,2,2,2,3,2,3,3,3,4,4,4,3,3,3,3,2,2,1,1,0,1,2,2,3,4,4,4,4,3,4,4,4,4,4,3,1,1,1,1,1,1,1,1,1,1,3,4,4,5,4,1,0,0,2,3,3,3,3,2,3,4,4,4,3,3,2,2,3,3,2,1,2,3,3,2,3,3,3,3,2,2,2,2,4,3,2,4,4,4,5,5,3,3,3,2,3,3,3,3,4,4,4,3,4,4,3,3,5,5,2,2,1,2,2,2,2,2,2,2,2,2,2,2,3,2,2,2,3,3,2,3,2,2,3,3,3,3,3,2,2,3,3,3,3,3,3,2,1,2,2,2,4,4,5,5,4,3,3,3,2,2,2,2,4,4,2,2,3,3,3,2,4,4,3,3,3,3,3,3,5,4,4,4,3,2,4,4,2,1,2,2,2,1,2,2,1,2,4,4,4,2,1,1,2,2,2,4,5,5,5,7,7,4,4,3,2,1,1,1,3,3,2,2,2,2,3,3,3,2,2,2,3,3,3,4,3,3,3,3,3,3,3,3,5,4,3,3,2,2,3,3,1,1,3,3,3,2,2,3,2,3,2,1,2,2,2,2,2,3,3,3,3,2,1,1,5,3,2,3,4,4,2,2,2,2,1,0,1,3,2,1,2,3,2,3,3,3,4,5,3,3,3,3,4,4,4,4,3,3,3,3,3,3,2,2,3,3,3,3,3,3,3,2,0,3,4,4,3,3,2,3,4,4,3,2,2,3,1,1,4,3,2,2,2,2,2,2,1,1,2,2,2,1,2,3,3,3,3,2,2,3,1,2,3,3,3,3,3,4,3,3,3,2,2,2,4,4,3,2,1,1,2,3,3,4,3,1,1,1,1,1,2,1,2,2,1,1,2,2,3,3,5,5,2,2,2,3,3,2,4,4,4,3,3,2,2,1,1,0,1,1,1,1,1,1,2,2,2,2,2,2,2,2,2,2,4,4,3,1,2,2,2,1,2,1
60,2,2,2,2,2,2,2,1,1,1,2,2,2,2,2,2,2,2,2,2,2,2,2,2,2,3,3,2,2,3,3,3,3,3,3,3,3,3,3,1,3,5,4,3,1,1,1,3,3,2,2,2,2,3,3,3,3,3,3,3,3,3,3,3,2,2,2,3,3,2,2,4,3,3,3,2,2,2,2,3,3,3,3,2,2,2,3,3,3,3,3,3,2,2,2,3,3,4,4,3,2,3,3,2,2,2,2,3,3,3,2,2,2,1,3,3,2,2,1,1,2,3,4,3,2,3,4,2,3,3,4,4,3,3,2,2,2,2,2,2,2,2,4,3,2,2,2,2,2,2,2,1,2,3,4,4,5,4,2,2,2,2,2,2,3,4,4,7,6,4,3,2,1,1,2,4,4,3,3,2,2,2,1,2,2,4,3,3,3,3,3,1,1,0,1,2,4,5,4,3,3,1,3,3,3,5,4,2,2,3,3,3,2,4,3,1,2,2,2,2,2,2,1,2,2,2,2,2,2,2,2,2,3,3,3,1,1,0,0,1,3,4,4,4,4,2,2,8,7,4,2,2,2,1,1,5,4,4,3,3,3,2,0,3,3,3,3,3,3,3,3,3,4,3,3,3,3,3,2,3,3,3,3,3,4,4,3,2,1,3,2,3,3,3,3,1,0,1,1,2,2,2,2,3,3,2,1,1,2,3,3,0,2,4,4,4,3,1,1,3,3,2,3,4,4,3,3,5,5,6,4,4,3,3,3,2,2,3,3,2,2,3,2,3,3,4,4,4,4,5,5,1,1,1,1,1,1,2,2,2,2,2,2,2,2,2,2,2,1,2,3,3,4,3,4,3,3,3,3,3,3,3,3,4,4,3,2,1,2,3,3,3,3,3,3,3,2,3,2,1,2,1,1,1,1,2,1,1,1,1,2,3,3,3,2,1,1,2,3,3,3,4,4,3,3,3,2,2,2,2,2,2,1,1,1,1,1,1,1,1,1,1,1,1,1,1,1,3,2,2,2,2,4,5,6,5,4,4,4,4,4,4,4,3,3,3,3,3,3,3,3,2,1,3,3,4,4,3,2,2,1,1,1,1,1,1,2,2,2,2,2,2,2,2,2,3,3,3,3,2,3,2,3,5,4,2,2,3,3,4,2,5,6,6,4,4,3,3,3,2,2,1,1,2,2,2,1,2,2,2,2,2,2,2,2,1,1,1,0,0,1,1,1,2,2,2,3,2,2,2,1,3,3,3,3,3,3,3,3,3,3,3,3,3,3,3,3,4,4,4,4,3,1,3,3,2,2,2,2,2,2,2,2,3,3,2,1,2,3,3,3,3,3,3,3,3,3,3,3,2,2,2,2,2,2,2,2,3,3,3,3,2,2,2,3,2,2,3,2,3,2,2,3,3,3,3,3,3,3,3,2,1,1,2,3,3,3,4,2,1,2,2,3,3,3,2,2,2,2,2,2,2,2,2,2,1,2,1,3,2,3,2,3,2,2,2,2,3,4,5,3,1,3,3,3,3,3,2,1,2,2,2,2,2,2,2,2,1,2,2,1,2,2,3,3,2,2,1,1,2,1,2,3,1,1,1,1,1,1,2,2,4,4,4,4,3,2,2,2,2,2,2,2,2,2,2,2,3,3,3,3,3,3,3,4,3,2,1,3,4,3,1,2,3,2,3,3,4,3,3,2,2,2,2,2,2,2,2,2,2,2,2,1,1,2,2,2,2,2,2,2,2,2,2,2,1,1,1,2,2,1,1,1,1,1,1,1,2,2,2,3,1,1,1,1,1,1,1,1,2,2,2,2,2,2,2,2,1,2,3,2,2,3,2,1,2,2,2,2,2,2,2,2,2,1,2,4,4,2,1,3,2,1,2,2,3,3,3,2,2,2,2,2,2,2,2,2,3,2,2,2,3,3,4,5,2,2,3,3,3,3,3,2,2,3,4,3,2,1,3,5,3,3,3,3,3,3,3,3,5,4,3,3,3,3,2,3,2,2,2,2,1,1,1,1,2,2,1,2,2,2,1,1,2,2,2,2,2,2,2,3,3,2,2,2,2,2,2,2,2,2,2,3,4,3,1,0,3,3,3,3,3,3,3,3,3,3,3,3,3,3,3,3,2,1,1,1,2,3,3,2,2,1,1,1,2,2,2,2,1,1,1,1,1,1,2,2,1,1,2,2,2,2,1,1,0,2,2,3,3,4,4,5,2,3,3,3,4,4,4,5,4,3,3,3,3,3,3,3,2,2,3,2,2,4,3,3,3,3,3,3,2,2,2,2,2,2,2,2,2,3,3,4,0,1
61,0,2,3,3,3,2,2,3,4,4,3,1,1,2,5,4,3,3,3,3,3,3,3,3,2,3,4,3,4,5,4,4,3,3,3,3,3,3,3,1,2,5,5,3,1,1,3,3,1,2,2,2,3,3,3,2,2,2,3,3,3,4,4,3,3,3,5,5,7,6,5,3,4,4,3,3,3,3,3,4,4,4,4,4,3,3,3,1,1,2,2,1,0,2,2,0,1,3,5,5,4,2,0,3,3,3,3,3,3,3,3,2,3,2,2,1,1,2,2,3,3,1,2,3,2,3,4,2,2,2,2,2,2,1,2,2,1,2,2,3,2,2,1,2,1,1,1,2,2,2,2,2,2,2,2,2,2,2,3,4,3,4,4,4,4,4,5,3,1,0,2,4,2,1,3,3,3,3,3,3,3,3,3,3,3,2,2,3,3,3,2,1,2,5,5,4,3,6,6,1,2,3,3,2,2,2,2,1,3,4,3,2,3,3,3,3,3,3,3,3,3,3,3,2,1,1,1,1,1,1,1,1,1,1,1,1,2,2,2,3,2,4,5,4,3,4,6,3,3,2,1,1,2,5,6,2,2,3,3,2,2,3,3,2,2,2,2,2,2,2,2,5,4,4,3,3,2,2,1,2,3,6,5,4,4,2,2,4,4,4,4,5,4,4,3,4,4,4,4,3,4,3,4,3,3,3,3,3,3,3,3,1,1,3,3,3,3,1,1,3,3,4,4,4,3,3,3,2,2,2,2,2,2,2,2,2,1,2,3,2,1,2,2,3,2,2,1,2,2,3,3,3,3,2,2,2,3,5,5,1,3,3,3,3,3,2,2,3,4,4,3,3,2,3,4,3,2,1,2,1,2,4,5,5,3,2,3,3,3,3,2,0,1,2,3,3,3,2,2,2,2,2,2,2,2,2,2,4,3,4,3,3,3,3,2,4,4,4,4,4,4,4,4,2,2,2,3,3,3,3,3,1,2,2,3,3,4,4,6,4,4,3,3,3,2,1,2,3,3,3,3,3,3,3,3,2,2,1,1,1,1,2,2,1,2,2,0,1,3,3,2,3,3,3,3,3,3,3,3,2,2,2,1,1,1,2,2,1,3,3,3,3,3,3,3,1,3,3,1,3,5,5,4,3,3,3,3,3,3,3,3,2,2,2,2,2,2,2,2,2,2,3,3,3,3,3,3,3,3,3,3,3,3,3,3,1,1,2,2,2,3,3,4,3,1,1,1,1,1,1,3,3,3,2,2,2,1,1,0,3,2,3,2,2,2,2,2,2,2,1,3,4,5,4,4,0,3,6,6,4,4,4,3,3,4,4,3,4,4,5,6,2,1,3,2,2,3,1,2,0,0,3,4,4,3,3,3,1,2,2,2,2,2,3,4,3,4,6,4,4,4,6,6,5,4,3,3,3,3,3,3,1,2,2,2,2,2,3,3,2,2,2,2,2,2,2,2,2,3,3,2,3,4,5,4,4,3,3,4,2,1,2,3,2,2,3,2,3,2,2,2,2,2,2,2,4,4,3,3,2,2,2,2,2,2,2,2,4,4,3,3,2,2,1,1,4,4,3,2,2,2,1,1,1,2,1,1,1,1,1,1,2,1,2,2,2,2,2,1,0,1,1,2,1,1,1,1,3,3,3,3,3,3,3,3,3,2,3,3,2,2,2,3,2,2,2,4,3,2,3,3,4,3,4,4,3,4,4,4,2,3,3,2,3,2,4,5,2,3,4,3,3,3,2,3,2,1,1,2,2,2,1,1,3,3,2,2,3,4,3,3,2,3,3,4,4,3,3,3,2,2,2,3,3,2,2,2,2,2,2,2,2,2,2,2,3,3,3,3,3,3,3,3,1,1,1,1,1,1,2,2,1,2,3,2,3,2,2,2,4,3,2,2,2,2,3,2,2,2,2,2,2,2,2,2,2,2,1,1,0,1,1,2,3,2,3,4,3,3,3,3,3,3,5,5,3,2,0,2,3,2,2,2,3,3,3,3,3,3,4,3,3,2,3,5,1,1,1,1,1,1,1,1,2,3,3,3,3,3,3,4,3,3,3,3,3,3,3,3,4,4,4,3,4,4,4,4,3,3,5,5,5,4,3,4,2,2,2,2,1,2,2,2,2,2,1,2,2,3,3,3,1,1,4,5,5,4,2,2,3,2,2,1,2,2,3,4,2,2,0,1,2,2,2,2,3,3,3,3,4,3,3,3,3,3,4,3,4,4,4,4,1,1,1,1,2,2,3,3,1,1,1,2,2,3,3,3,1,3,3,3,4,4,4,3,3,3,3,2,2,2,3,4,3,4
62,4,2,2,3,3,3,3,3,3,3,3,3,3,3,3,3,3,3,3,3,2,2,2,2,4,3,3,3,4,4,3,3,3,3,3,3,3,3,3,2,3,3,4,3,2,1,1,2,2,2,2,2,2,2,2,2,2,2,2,3,3,3,3,3,3,3,3,3,3,3,4,4,4,5,4,3,2,2,2,2,2,3,5,5,4,1,0,3,4,3,4,3,2,3,3,3,3,3,3,3,3,3,2,4,4,4,4,4,3,3,3,3,3,3,3,3,3,3,3,3,3,2,2,2,3,3,3,3,3,3,3,3,2,2,2,1,2,2,2,2,2,3,3,3,3,2,1,1,1,1,2,3,2,3,3,3,3,3,4,4,4,3,3,2,3,3,2,1,2,2,3,3,3,4,4,4,4,4,3,2,4,4,4,3,3,3,3,3,3,3,3,2,2,2,2,2,2,2,2,3,2,3,3,3,3,3,2,2,3,3,3,2,3,3,2,4,3,3,4,4,3,4,3,3,4,4,3,3,3,3,4,4,4,3,2,2,2,3,2,2,3,2,3,2,2,3,2,1,1,1,2,2,2,2,2,2,2,3,3,4,4,3,3,3,3,3,3,3,3,3,3,3,4,3,2,1,1,1,1,3,3,3,3,3,3,3,3,3,3,3,3,3,3,3,3,3,2,3,3,3,4,3,3,3,3,3,3,3,4,4,2,2,2,3,3,3,2,3,3,2,2,1,1,1,1,1,1,2,2,3,3,3,3,3,2,1,1,1,3,3,3,3,2,4,3,2,3,3,4,3,1,2,2,2,2,3,3,3,3,4,3,2,3,5,4,5,3,4,3,3,4,4,3,1,1,1,2,1,3,4,4,4,3,2,3,3,3,3,4,3,4,4,3,4,3,3,3,2,2,3,2,2,1,2,3,2,2,2,2,2,2,2,2,2,3,2,3,2,2,2,1,1,0,1,3,3,2,3,3,1,1,2,2,3,3,3,3,4,3,0,2,3,4,4,5,4,3,3,3,2,3,3,3,3,3,3,2,0,1,2,2,2,1,2,1,1,1,2,3,2,1,3,2,2,2,3,3,2,2,3,3,3,3,3,3,3,3,0,0,1,2,3,4,4,4,5,5,5,5,4,3,3,3,4,3,3,3,3,3,5,5,2,1,1,1,1,1,2,3,3,3,2,3,2,2,2,3,3,4,2,3,3,2,4,3,3,3,3,3,3,3,3,3,3,3,3,3,2,2,2,1,2,2,2,2,2,2,2,2,1,3,4,4,2,1,2,4,1,1,1,1,1,1,1,1,4,3,3,2,3,3,1,1,1,1,1,1,1,1,1,1,2,2,2,2,2,2,2,2,3,4,4,4,3,3,3,4,0,1,1,2,2,3,3,3,2,2,2,2,2,2,1,2,2,2,3,4,3,4,4,4,1,2,2,3,3,3,3,4,4,4,5,5,6,5,4,4,1,1,1,2,2,2,3,3,2,2,3,4,4,3,2,2,2,2,2,3,3,3,3,2,1,4,4,4,3,2,1,2,2,2,3,3,4,4,2,2,3,2,2,3,3,4,2,3,4,3,3,4,4,3,4,3,2,2,1,1,2,2,1,1,2,2,4,4,4,3,2,3,3,3,3,3,3,2,3,3,4,3,3,3,4,3,4,3,1,0,1,1,1,2,3,4,5,4,3,2,2,2,2,3,1,1,1,1,1,1,1,1,1,1,1,1,1,1,1,1,1,3,3,3,3,3,2,1,2,2,2,1,1,2,2,2,2,2,2,2,2,2,2,2,3,3,3,3,3,3,3,3,3,3,2,1,2,3,3,3,2,3,3,2,2,1,2,2,2,2,3,3,3,4,4,4,3,3,3,3,3,3,3,3,1,1,1,1,1,1,2,2,4,4,4,3,3,3,2,2,1,2,3,3,3,2,3,3,3,4,4,1,2,3,3,2,2,2,2,2,2,2,2,2,2,1,2,2,3,3,4,4,3,1,2,2,2,2,2,1,2,2,2,2,2,2,2,2,3,2,2,2,1,1,1,2,1,1,3,4,4,2,1,1,2,2,2,2,2,3,2,1,1,1,1,1,1,1,1,1,2,2,2,2,2,1,1,1,3,2,2,1,2,2,4,2,2,3,3,4,5,5,6,5,3,3,3,3,3,3,3,3,2,2,4,3,4,4,3,3,5,4,3,2,2,4,5,5,1,1,1,2,2,2,3,1,1,1,1,1,1,1,2,1,1,1,1,1,1,1,2,1,1,1,1,1,1,1,1,2,3,2,2,2,2,2,1,2,3,3,3,3,3,3,3,3,2,2
63,1,1,2,2,2,2,2,1,1,2,2,3,3,3,3,2,1,1,1,2,3,3,3,3,3,3,2,3,4,4,4,2,3,3,2,3,3,4,4,5,8,8,6,7,7,7,5,2,2,2,2,2,2,2,3,5,4,3,3,2,1,1,1,2,1,1,1,1,1,1,1,2,2,2,1,3,3,3,2,4,4,4,4,3,3,3,2,1,1,2,2,2,2,1,2,2,2,2,1,1,1,1,1,3,4,5,4,3,1,2,3,1,1,1,2,2,1,1,1,2,2,3,3,3,3,2,1,1,1,1,1,1,1,1,2,3,2,2,2,2,2,2,2,3,3,2,3,3,3,2,2,3,3,3,3,3,3,3,3,1,2,2,2,2,2,2,2,2,3,3,3,3,3,1,1,2,2,3,3,2,1,2,3,2,2,2,2,2,2,2,2,3,2,2,2,2,2,2,1,3,3,4,4,3,3,3,2,3,3,3,3,3,3,3,3,3,3,3,3,3,3,3,3,3,4,4,3,2,1,1,2,3,2,2,2,3,2,3,3,2,1,1,1,1,1,3,3,2,2,2,3,3,3,3,3,2,3,4,4,2,2,3,4,4,4,4,3,3,3,3,3,2,2,2,2,2,1,1,1,0,0,1,1,1,2,3,2,5,4,1,3,5,5,4,2,3,3,3,3,3,3,3,3,3,3,2,3,2,2,2,1,4,5,4,2,3,4,3,1,3,3,3,2,2,2,2,4,2,2,1,1,3,3,4,3,1,2,4,4,5,4,3,4,3,3,3,4,4,4,4,3,2,2,2,2,2,2,2,3,3,3,3,3,3,3,3,4,4,3,2,2,1,1,2,2,3,3,1,2,3,3,3,4,4,3,4,3,2,2,2,2,3,3,3,3,3,3,3,3,2,4,4,4,3,3,2,3,1,2,2,3,3,4,4,5,2,2,2,2,2,2,2,2,2,2,3,3,2,2,1,2,1,2,2,2,2,3,2,4,3,3,2,1,1,2,2,2,2,2,3,3,3,3,3,3,3,3,2,3,3,2,3,3,3,3,3,3,3,3,4,4,2,2,2,2,2,2,2,3,2,2,2,1,2,2,2,2,2,2,2,2,2,2,2,1,0,1,1,0,0,2,2,3,2,1,0,1,3,3,4,5,5,4,3,2,2,3,3,3,3,2,2,2,2,2,2,2,3,3,3,3,3,3,3,3,3,3,3,3,3,3,3,3,5,4,4,3,3,2,3,2,4,4,3,3,3,3,3,3,3,2,3,3,4,4,4,3,1,0,0,1,1,2,2,2,3,2,4,4,3,3,3,2,3,4,5,5,4,3,3,5,4,3,3,2,3,3,3,3,1,3,4,3,3,3,3,3,1,1,1,2,2,1,1,1,1,1,3,2,3,2,1,3,2,3,2,3,4,3,2,2,3,4,3,1,0,1,4,4,2,3,4,3,3,3,3,4,4,4,3,3,3,3,4,4,1,2,2,2,2,2,1,1,2,3,2,3,3,3,4,5,1,2,3,3,2,2,4,3,3,2,3,2,3,2,2,1,1,1,0,1,1,1,1,1,4,4,4,3,2,2,2,4,2,2,2,3,3,3,3,3,3,3,3,3,3,3,3,3,0,2,2,3,4,3,3,2,5,3,3,1,3,3,4,2,1,2,2,2,1,1,2,2,2,3,3,2,1,1,1,1,4,4,6,4,2,3,3,3,3,3,2,2,3,3,2,2,1,1,1,2,2,3,3,5,3,2,2,2,1,1,1,2,2,2,2,2,2,2,2,2,1,1,1,1,1,1,1,1,1,1,2,2,2,2,1,1,2,1,2,2,2,2,1,1,2,2,2,2,2,2,2,2,1,1,1,1,1,1,1,1,2,2,2,2,2,2,2,2,2,2,2,2,2,2,2,2,1,1,2,3,3,3,2,2,1,1,1,1,1,1,1,1,5,5,4,3,2,2,3,1,3,3,2,3,3,2,2,4,3,2,1,2,2,3,3,3,3,3,3,3,3,2,2,2,1,1,1,2,1,1,2,2,2,2,2,2,2,2,2,2,3,3,2,1,1,2,3,3,1,1,1,1,1,1,1,1,1,3,3,3,3,2,2,3,1,1,3,5,5,3,1,1,1,1,2,1,2,3,4,4,3,4,4,2,2,3,3,2,1,1,1,1,1,1,1,1,1,1,2,2,2,2,4,3,1,1,3,3,3,3,2,2,2,2,2,1,1,1,1,1,4,4,3,3,3,2,2,2,3,4,4,4,4,4,4,4,2,1,1,2,3,2,1,1,1,1,4,5,4,4,2,1,2,2
64,1,1,1,1,1,1,1,2,1,2,2,2,2,3,2,3,3,3,3,3,3,3,3,3,3,2,1,2,2,3,3,2,3,2,3,3,3,3,2,4,6,4,3,3,4,2,2,3,3,4,4,4,5,5,6,6,5,4,4,3,4,4,3,3,3,3,3,3,3,3,2,2,3,5,5,5,5,2,3,4,4,3,4,4,4,5,4,3,2,3,4,4,3,2,3,2,3,5,6,6,5,3,2,3,2,2,3,3,2,2,2,1,2,1,2,2,2,3,4,1,1,3,3,3,3,3,2,3,3,4,4,3,3,3,2,2,2,2,1,2,2,3,3,5,5,3,4,4,4,4,4,3,2,2,3,3,3,4,3,4,3,4,4,3,3,3,3,3,3,3,1,1,2,3,3,3,4,4,4,4,4,3,2,2,2,2,2,1,2,4,4,1,0,1,2,3,4,4,4,2,2,2,1,2,2,1,3,4,3,3,3,4,6,7,5,2,3,3,3,3,2,2,2,1,2,2,2,2,2,2,2,3,3,3,4,4,3,3,3,2,2,4,2,0,2,4,2,1,2,3,3,2,3,4,7,2,2,2,2,2,2,2,2,2,2,2,2,2,2,2,2,3,2,0,2,3,5,6,7,6,4,3,2,1,1,1,1,2,1,2,2,2,2,2,0,2,3,2,2,2,2,2,2,2,1,2,2,2,2,2,2,4,4,5,5,5,5,5,5,3,2,2,1,2,2,2,2,2,3,2,1,2,2,3,3,2,2,2,3,4,4,3,4,1,0,0,2,3,3,4,2,2,1,1,1,2,2,2,2,3,3,3,3,3,3,2,2,1,1,1,1,1,1,1,1,1,1,1,1,1,1,1,1,5,5,3,4,3,3,2,3,2,2,3,2,3,3,3,3,1,1,3,2,1,1,1,2,3,3,3,3,3,3,2,3,5,4,2,1,2,2,2,1,4,4,4,4,4,4,4,4,1,3,3,2,4,4,1,2,3,3,3,1,1,2,3,3,2,1,1,3,3,3,3,3,4,4,2,3,2,1,3,2,2,3,3,3,3,2,2,3,1,2,3,3,1,0,1,3,3,4,2,2,2,1,2,2,1,1,2,2,2,3,3,3,0,0,1,1,1,1,2,2,3,2,2,2,3,4,5,6,3,3,3,3,3,2,2,2,2,2,2,2,3,3,4,3,1,1,1,1,2,2,2,2,1,1,4,4,4,4,2,2,4,4,4,4,3,3,2,2,3,3,3,2,3,4,6,6,3,3,3,3,3,3,3,3,3,3,4,4,4,4,3,3,2,2,2,2,2,2,2,2,2,2,1,2,2,3,3,2,3,3,3,3,3,3,4,1,1,2,3,4,4,4,2,3,1,3,5,4,2,1,3,5,4,4,2,3,2,2,4,4,4,4,3,3,2,2,1,1,1,2,2,2,2,3,3,3,4,4,3,3,3,2,3,3,2,3,3,2,2,4,3,0,4,4,3,3,2,2,2,3,2,2,2,3,3,3,2,4,2,3,3,3,3,3,3,3,2,1,1,3,2,1,3,3,2,3,2,2,1,2,3,3,2,1,2,2,1,2,2,2,1,1,2,2,3,1,1,2,4,3,2,2,2,2,4,4,2,2,3,3,3,3,2,2,0,2,2,2,1,1,3,3,3,3,3,3,3,2,2,3,2,3,3,3,2,3,2,2,2,2,2,2,2,2,2,2,2,1,2,2,4,3,2,2,1,1,2,1,2,1,1,2,2,1,1,2,1,1,1,1,2,2,2,3,3,3,3,2,2,3,3,4,3,3,3,2,2,2,3,3,3,3,2,2,2,3,4,4,4,3,2,1,3,3,3,3,3,3,3,3,1,2,2,2,2,2,3,2,2,4,5,3,1,2,1,2,2,2,3,3,3,4,4,4,3,3,3,3,3,3,3,3,2,2,2,2,2,2,2,2,2,2,2,2,2,2,2,2,1,2,1,2,2,2,2,3,2,1,1,1,1,1,2,1,1,2,2,2,2,1,1,2,2,1,1,1,1,1,1,1,2,2,2,2,3,4,3,3,4,3,2,2,2,2,3,2,2,0,1,2,3,4,4,4,2,2,3,2,1,1,1,1,1,1,1,1,1,1,1,1,2,2,2,2,4,4,4,4,2,2,0,1,2,2,3,2,2,1,2,3,3,2,4,5,2,1,1,1,2,3,3,3,1,1,3,3,4,4,2,2,2,2,2,2,2,2,2,2,3,3,2,2,2,2,2,1,1,2,2,1,2,1,2,2,1,2,3,3,3,2,3,3,3,3,1,0,1,0,2,3,1,2
65,3,2,2,1,0,1,3,4,3,3,2,3,3,4,4,1,2,4,4,4,4,3,4,8,6,4,2,4,5,7,8,2,3,2,2,4,5,4,4,3,5,3,2,2,4,4,3,2,2,3,3,2,2,2,2,3,2,3,3,3,3,3,2,2,2,2,2,2,2,2,3,4,4,4,4,3,3,5,5,5,4,4,3,3,4,4,4,3,2,1,1,2,4,6,6,3,3,2,2,2,2,2,4,2,2,1,1,1,1,1,3,1,1,1,1,1,1,2,2,3,5,3,2,1,1,3,3,2,3,3,3,3,3,3,4,2,2,2,2,2,2,2,2,1,1,1,2,2,1,1,1,3,2,2,3,4,4,4,3,5,4,3,3,3,4,5,6,4,3,4,5,5,5,4,3,2,2,2,2,2,2,2,2,2,1,2,2,2,2,2,2,1,0,2,2,2,2,2,2,1,1,1,1,1,2,3,2,2,2,3,3,3,4,4,4,2,1,2,2,2,2,2,3,2,1,2,2,3,3,4,5,5,3,3,3,4,4,3,4,3,2,2,2,2,2,3,3,4,4,3,2,1,3,3,3,2,2,3,4,4,3,2,3,4,4,3,3,3,6,7,6,3,3,3,3,3,3,3,3,3,3,2,2,2,1,2,2,4,4,4,4,4,4,4,4,2,2,3,3,3,3,3,3,2,3,3,3,4,4,3,1,2,3,2,2,2,2,4,4,5,4,3,3,2,2,1,1,3,3,3,3,3,3,3,3,2,2,2,2,2,2,3,4,2,3,2,2,2,2,2,3,1,1,1,1,2,4,4,2,3,3,3,3,3,3,3,2,2,3,3,2,3,2,2,2,1,1,3,5,6,5,3,1,3,4,4,4,4,4,4,4,2,2,2,3,2,3,3,3,3,3,2,2,2,2,3,3,3,2,2,3,4,3,3,3,4,4,4,4,4,3,2,2,3,3,2,2,2,2,2,3,0,2,4,4,3,2,2,2,3,4,4,4,3,3,3,2,1,1,2,2,1,1,2,3,4,3,3,2,2,2,3,3,2,1,1,1,1,1,1,1,3,3,1,1,1,1,3,3,1,1,2,1,2,3,3,3,3,3,3,2,2,1,1,1,1,3,2,3,3,3,4,4,3,3,3,3,3,2,2,3,3,3,3,2,3,3,3,3,2,2,2,2,2,3,2,2,2,2,2,2,2,2,2,2,1,2,3,2,2,2,1,2,1,1,1,1,1,2,2,2,4,5,5,5,3,2,2,4,1,1,1,2,3,3,4,4,2,2,2,2,2,2,3,4,4,4,4,4,4,4,4,4,3,3,2,1,2,2,2,2,1,1,1,1,1,1,2,3,3,3,5,6,6,5,5,4,1,1,2,2,3,3,2,2,1,1,1,1,1,1,1,1,4,3,5,5,3,2,2,4,1,0,1,1,1,1,2,2,3,1,3,2,2,3,2,2,2,1,2,2,2,3,3,3,1,1,3,3,3,3,4,4,4,2,2,2,2,3,3,4,4,3,3,2,3,3,3,3,3,2,2,2,2,3,2,2,2,1,1,1,2,2,1,1,1,2,2,2,3,3,3,3,2,2,3,2,2,3,3,4,3,4,3,3,2,2,2,2,2,1,1,2,3,3,4,4,2,1,3,4,4,4,4,2,2,3,2,2,2,2,1,1,2,1,1,1,2,3,3,4,4,3,1,2,2,2,3,2,3,4,2,2,1,3,4,5,2,2,2,2,2,2,2,2,3,3,3,3,3,3,3,3,3,3,3,3,4,3,3,3,2,2,2,3,3,3,4,4,2,2,2,3,3,3,4,4,2,2,1,1,1,2,3,4,4,3,2,2,2,2,3,4,1,2,4,3,2,2,1,3,2,2,2,2,2,1,1,1,3,2,2,2,2,3,2,2,2,3,5,5,5,3,2,3,3,1,1,2,3,3,2,1,2,3,3,2,0,0,2,2,1,1,4,3,3,5,3,2,2,2,2,2,2,2,2,2,3,3,3,3,3,3,3,3,3,3,3,4,4,4,5,4,2,3,3,2,2,1,2,3,3,3,3,2,2,3,3,2,1,2,1,1,1,2,2,2,4,4,3,3,2,1,1,1,2,2,2,2,2,2,2,2,1,1,1,1,1,1,1,2,2,2,2,1,1,1,3,3,4,3,3,2,3,3,4,3,1,1,1,1,1,1,1,1,2,1,1,2,2,2,1,2,4,4,4,4,4,4,4,4,2,3,2,1,1,2,3,2,4,3,1,2,2,3,2,1,2,2,1,1,1,1,2,2,1,1,1,1,1,2,2,1,3,4
66,2,2,2,3,3,3,3,2,2,2,2,2,2,2,2,3,2,3,1,1,2,4,5,4,4,3,3,2,2,1,1,4,3,3,3,2,3,3,2,3,3,3,3,3,3,3,3,2,2,2,2,3,3,4,4,3,3,3,3,3,3,3,3,3,3,3,3,4,3,3,3,1,1,1,1,2,2,2,2,4,4,3,3,3,4,4,3,3,3,3,2,3,2,2,2,5,3,0,0,2,3,4,2,1,2,5,4,3,2,2,1,3,3,3,2,2,1,1,3,3,2,2,2,3,3,3,3,3,3,3,3,3,3,3,3,2,2,1,0,1,0,2,2,3,2,4,4,4,4,3,4,2,1,2,2,2,2,2,3,2,2,2,2,4,4,4,2,2,3,3,2,3,2,2,2,2,1,2,2,2,2,2,2,3,3,2,2,1,1,1,0,2,3,2,2,2,2,2,2,3,3,3,3,2,2,2,0,4,4,5,5,4,5,5,5,1,1,2,2,2,2,2,2,2,2,3,2,2,2,1,2,5,3,1,2,2,2,2,2,1,1,2,2,2,3,3,3,5,5,4,4,2,2,1,1,3,3,2,2,2,2,1,1,2,2,2,2,2,2,2,2,2,3,2,2,2,2,2,2,2,1,2,2,2,2,3,3,1,1,1,1,1,4,5,5,2,2,1,1,1,1,1,1,1,1,1,1,1,1,1,1,1,3,2,2,3,4,3,1,0,0,1,2,3,3,2,2,3,4,4,3,3,2,1,1,2,2,2,2,2,2,2,2,4,3,4,4,4,3,3,2,3,3,3,3,2,1,2,3,2,2,2,2,2,2,2,1,3,4,3,2,2,3,2,2,2,2,3,3,3,4,4,4,0,2,2,2,3,3,2,2,1,2,2,2,2,2,3,2,3,4,3,2,2,2,3,3,2,2,2,2,2,3,3,3,3,4,2,3,3,2,3,3,2,2,1,2,2,2,2,3,4,3,4,5,3,1,1,2,2,2,3,4,4,3,3,3,1,1,1,1,1,2,2,3,2,3,3,2,2,2,4,4,2,2,2,2,2,2,2,1,1,2,2,2,2,1,1,2,6,3,3,2,2,1,3,2,2,2,3,3,3,4,4,5,1,1,1,1,2,2,2,2,2,2,3,3,2,1,1,4,3,3,3,3,3,3,3,3,1,1,1,2,2,1,1,1,3,4,4,3,2,1,1,2,1,1,1,1,2,2,2,2,2,2,2,2,2,2,2,2,3,4,5,4,4,4,3,2,3,2,2,3,4,5,3,1,1,2,3,3,3,3,3,3,3,4,4,4,4,3,2,1,1,2,4,4,4,3,2,3,3,3,3,2,3,3,3,3,2,1,3,3,3,3,1,1,1,4,6,4,2,1,1,3,5,4,3,3,3,3,3,3,1,2,3,2,2,3,3,3,3,3,2,1,1,3,4,5,2,2,4,4,3,3,3,1,4,3,2,2,3,3,3,3,2,2,4,4,4,4,4,4,1,2,3,0,0,1,0,1,2,2,2,1,1,2,2,2,2,2,1,1,1,2,1,1,3,3,3,3,2,2,2,2,1,2,2,2,2,2,2,2,5,3,4,2,2,1,2,1,2,2,3,3,3,3,3,3,2,2,1,1,1,3,3,4,3,3,4,4,4,4,3,3,3,3,4,3,4,3,3,3,3,3,4,4,4,4,3,3,2,3,4,4,4,3,2,2,3,3,2,3,3,4,3,1,2,1,2,2,2,3,3,3,3,3,3,3,4,4,4,4,2,1,1,2,2,2,3,2,2,2,2,2,2,3,3,3,1,1,3,3,3,2,2,2,2,2,2,2,2,2,2,3,2,3,4,3,2,3,6,5,5,4,2,2,1,1,2,3,3,3,3,3,1,1,0,1,3,2,1,1,3,3,1,0,1,2,2,3,3,1,2,1,0,0,0,1,1,1,1,0,3,3,3,3,2,2,1,1,2,2,3,3,3,3,3,3,3,3,3,4,3,3,3,3,4,4,4,3,3,3,3,3,3,3,3,3,3,3,3,3,1,2,4,3,1,1,2,3,2,3,4,4,4,4,3,2,1,1,1,1,2,2,2,2,5,2,3,3,3,2,1,2,3,3,2,2,1,1,1,1,1,1,2,3,3,3,2,4,1,3,4,4,4,2,1,2,3,2,3,2,4,3,2,1,2,2,2,2,2,2,2,2,3,3,4,4,3,2,2,2,1,1,1,1,1,1,1,2,3,4,2,1,1,2,2,3,3,1,2,2,2,2,2,2,3,3,4,3,3,3,4,5,3,1,2,2,2,1,2,2,1,2
67,2,2,2,2,2,2,2,3,3,3,3,2,2,2,2,1,2,4,3,2,2,2,4,5,4,4,3,3,2,3,3,3,3,4,3,2,2,2,3,4,5,5,2,1,1,3,4,5,4,5,5,5,4,4,3,2,3,3,2,2,2,2,3,3,3,4,3,3,4,4,4,4,3,4,4,4,4,4,3,3,4,3,3,3,3,3,5,3,2,3,3,2,1,1,3,2,2,2,2,3,2,3,3,2,3,4,4,4,3,3,2,2,3,2,4,5,4,3,3,4,4,4,4,3,3,3,3,2,1,2,3,3,1,2,3,2,3,3,3,3,2,3,3,2,1,3,3,2,1,3,5,3,1,2,3,3,4,4,4,4,3,3,3,2,2,2,2,3,3,3,3,3,3,3,3,3,2,2,2,2,2,2,2,0,1,1,2,2,2,2,1,2,2,2,2,3,3,3,2,3,3,2,2,1,2,2,2,3,3,3,4,4,4,4,4,3,2,2,2,3,3,3,3,4,3,3,2,2,2,2,3,2,1,2,2,4,3,3,4,1,2,2,2,4,4,4,5,5,3,4,3,2,3,3,4,2,1,1,1,2,3,5,6,2,2,3,3,3,3,2,2,2,2,2,2,2,2,2,2,2,1,3,4,4,4,3,1,2,1,1,1,3,3,5,4,2,2,2,2,2,2,2,2,5,4,3,2,3,4,5,3,2,3,4,4,3,3,3,3,2,4,4,2,2,2,2,2,2,2,2,3,3,3,3,3,2,3,3,3,3,2,1,2,3,4,5,5,5,4,3,4,3,3,3,3,3,3,3,2,2,2,2,2,2,2,2,2,2,2,3,3,3,2,3,2,1,1,1,1,1,1,1,1,2,2,2,2,2,2,2,2,1,1,2,2,2,1,2,1,1,2,3,2,2,2,2,3,3,2,2,2,2,2,3,2,2,3,2,3,2,3,3,3,2,1,1,1,2,2,2,1,6,3,3,3,3,3,1,2,3,1,1,2,3,3,3,2,3,2,2,3,3,2,2,3,4,3,3,3,2,1,1,2,2,4,3,3,4,3,3,3,3,2,2,3,4,4,6,5,3,3,3,2,2,1,3,6,5,3,4,4,2,1,2,3,2,2,2,2,2,2,2,2,2,2,2,2,2,2,2,2,1,2,3,3,2,2,2,3,2,2,2,3,3,2,1,1,2,2,2,2,2,2,2,2,4,4,4,4,4,4,3,3,3,3,2,4,4,3,3,3,1,1,1,2,3,3,5,4,2,2,1,1,3,4,4,3,1,1,2,2,2,2,1,2,4,3,4,4,3,4,4,4,1,1,2,2,2,3,3,3,3,3,2,2,2,2,2,3,3,3,4,3,2,2,3,4,3,3,2,2,1,1,2,2,2,2,2,2,2,3,3,2,3,3,3,3,3,3,3,3,3,5,3,2,2,4,4,2,1,1,2,2,2,3,3,3,3,3,2,2,2,3,3,3,3,2,1,1,1,1,3,2,5,6,5,3,1,2,2,3,2,3,3,3,1,1,1,2,2,2,2,2,2,2,2,2,3,2,2,4,4,3,2,2,1,0,1,2,1,2,2,1,2,1,1,2,2,2,2,2,3,2,1,2,2,2,1,2,3,3,3,3,2,2,1,1,2,2,2,2,2,2,2,2,2,2,3,3,3,4,4,3,2,2,1,2,2,2,1,2,3,3,3,3,3,3,4,3,2,3,2,2,3,3,3,4,2,3,3,2,3,3,3,3,1,1,1,2,2,2,1,1,3,3,4,4,3,3,3,3,3,3,2,2,2,2,2,2,1,1,1,1,1,1,1,1,2,2,2,2,2,2,2,2,4,5,3,2,3,3,2,2,1,1,2,1,1,2,2,3,2,1,1,1,1,1,1,1,4,4,3,3,3,1,1,0,1,2,3,3,2,2,1,2,4,3,2,2,3,3,4,5,4,5,4,3,3,3,2,2,3,3,3,3,2,2,2,2,3,1,1,1,1,2,3,2,2,3,3,4,4,3,3,4,2,1,2,2,2,2,2,2,0,1,2,2,2,2,0,1,3,2,2,2,2,2,2,2,1,1,1,1,1,1,3,2,1,2,2,1,1,1,2,1,3,3,3,3,3,3,3,3,3,3,2,2,2,1,1,1,2,2,1,1,1,1,3,3,3,2,2,1,1,1,0,1,5,4,4,4,4,4,4,4,2,2,1,2,3,5,6,3,2,2,2,3,3,2,3,5,4,4,3,2,2,3,3,3,3,3,3,2,3,3,3,3,3,3,3,3,3,2,3,2,1,3,4,2,1,3,4,2,2,2
68,3,2,1,2,1,2,3,2,2,2,2,2,2,2,2,3,2,3,3,2,3,3,3,3,3,3,3,3,4,4,3,1,2,2,2,1,2,1,1,2,4,4,4,3,3,3,2,2,1,1,1,1,2,4,4,5,4,4,6,5,4,3,4,3,1,2,3,3,3,3,4,2,1,3,1,1,3,3,3,3,3,2,2,1,0,1,0,3,4,5,5,3,3,3,3,4,4,4,4,4,4,4,5,3,3,3,3,2,2,4,4,4,3,4,4,3,3,2,2,3,3,3,3,3,3,3,2,2,4,3,3,2,2,2,2,3,3,2,3,4,4,3,3,2,1,1,1,1,1,2,1,1,3,3,3,2,1,3,5,4,2,0,2,3,3,2,2,3,5,5,6,5,5,4,2,2,4,2,1,2,4,3,2,2,3,3,3,3,2,2,3,3,4,4,2,3,4,3,6,6,2,1,1,1,1,1,1,2,2,3,4,4,3,3,3,3,3,3,3,3,3,3,4,2,2,2,2,2,2,2,3,4,4,4,4,4,4,4,3,2,2,2,2,2,2,2,3,3,2,2,2,1,2,2,2,2,2,3,3,0,1,2,2,3,4,2,2,1,3,3,2,1,1,1,1,1,1,1,1,2,3,3,3,3,2,1,1,2,2,2,2,2,2,2,2,1,2,2,2,2,2,1,1,4,4,4,4,4,4,4,4,1,0,1,3,3,3,2,2,3,4,2,1,2,3,2,3,4,4,4,3,2,3,3,3,3,3,4,4,6,4,4,4,1,1,0,2,2,1,0,2,3,1,1,1,2,3,5,5,3,3,3,2,2,2,2,1,2,3,3,3,3,4,4,3,2,3,3,3,2,1,2,4,2,4,3,3,3,3,3,3,2,1,3,5,4,2,2,3,1,2,5,5,3,2,1,1,2,3,4,4,5,6,6,5,2,2,2,2,2,2,2,2,2,2,2,2,2,2,2,2,2,2,3,3,4,4,5,6,4,3,3,3,3,3,4,4,2,2,4,4,3,3,3,3,3,3,3,3,3,3,3,3,2,2,2,2,1,2,2,3,3,3,3,3,3,3,3,4,3,3,4,4,3,2,2,1,3,3,3,3,2,2,2,2,2,2,3,2,3,3,2,2,2,2,2,3,2,2,2,3,3,2,1,2,2,1,2,1,0,1,1,1,2,2,3,2,3,3,3,3,3,3,3,3,3,3,3,3,3,3,3,3,4,5,4,5,4,4,4,4,3,3,4,3,3,3,3,3,4,2,3,5,5,3,3,5,5,3,3,4,4,4,4,3,1,4,5,5,4,1,0,1,2,2,2,2,3,4,4,4,3,1,1,1,1,2,2,2,3,3,3,3,3,3,3,3,2,2,2,2,2,2,2,2,1,1,2,2,2,3,2,2,2,2,2,2,2,3,3,4,2,2,2,2,2,2,2,2,2,2,2,2,2,2,2,2,2,1,1,2,3,4,4,3,4,4,2,2,4,4,3,2,1,2,1,1,1,2,2,1,3,3,4,2,1,2,3,3,3,3,3,2,2,2,3,3,2,2,2,2,2,2,1,1,1,1,1,1,1,1,0,1,1,2,2,0,0,0,1,1,1,1,1,1,1,1,1,1,3,3,3,4,4,3,3,2,3,3,3,3,1,2,3,3,2,2,2,2,2,2,2,2,3,3,3,3,3,3,3,3,3,3,3,3,3,3,3,3,3,3,3,4,4,4,4,4,3,2,2,2,2,2,2,2,2,2,1,1,1,1,1,1,1,1,1,1,1,1,1,3,3,3,2,2,3,2,3,2,2,1,1,1,2,2,2,1,1,2,3,3,3,3,2,1,2,2,2,2,2,2,2,4,3,1,2,2,1,2,1,1,1,1,2,3,2,1,1,2,3,3,3,3,2,2,2,2,2,2,3,3,2,2,4,4,3,2,4,4,3,3,4,3,5,4,4,3,3,2,2,1,4,4,3,3,3,3,4,4,2,2,2,1,1,1,1,1,2,2,2,2,2,2,2,2,3,3,3,3,3,3,3,3,3,3,4,4,4,4,3,3,3,2,2,2,2,3,3,4,4,4,4,4,4,4,3,3,2,2,2,2,2,1,1,2,2,2,3,3,3,3,2,2,2,2,2,3,3,2,3,3,4,2,3,2,2,3,3,1,1,2,2,2,2,2,2,1,2,3,3,2,2,2,2,3,3,2,2,2,2,2,3,4,4,4,3,3,1,3,5,3,2,1,2,3,2,3,5,3,2,2,2,2,2,2,2,2,1,1,2,1,1,1,1,2,2,2,3,2,2,1,1,3,2,3
69,4,4,4,3,4,4,1,2,4,4,2,1,2,3,3,2,2,3,3,3,3,2,2,2,3,2,1,1,1,4,3,4,4,4,3,3,3,3,3,4,4,3,3,3,3,3,3,2,2,3,3,4,3,3,2,4,4,2,2,2,2,1,1,4,3,3,5,5,5,3,4,3,3,4,4,4,3,2,3,1,2,3,2,1,2,2,2,3,3,3,1,1,1,2,2,1,3,4,4,3,1,2,2,2,2,1,2,2,4,7,6,3,2,3,3,3,2,2,2,3,4,3,3,3,3,3,4,1,1,2,2,1,1,1,1,3,3,3,3,3,3,2,2,2,1,3,3,3,2,2,2,3,3,3,4,4,5,5,4,2,2,2,3,3,3,3,2,2,3,3,3,2,2,2,4,5,4,2,2,4,5,5,4,6,5,4,3,3,3,3,3,2,3,3,3,3,3,3,3,3,4,3,3,3,3,3,3,2,0,1,2,2,3,3,4,4,3,2,1,2,2,3,3,2,1,2,3,2,2,3,3,2,2,2,1,2,3,3,2,3,2,1,2,3,3,4,4,3,3,3,3,3,2,3,2,2,1,1,1,1,1,1,2,2,2,2,2,2,2,2,3,2,3,3,3,3,3,3,4,2,2,2,2,1,1,2,1,2,2,2,2,2,2,2,2,2,2,2,2,2,2,2,2,1,2,1,3,3,3,4,4,3,2,3,4,6,6,5,4,3,2,1,2,2,2,2,2,2,2,2,2,3,3,3,3,2,3,3,2,3,3,3,3,2,1,1,1,1,1,0,0,2,1,2,2,1,2,2,3,2,1,1,1,1,1,2,2,4,4,3,3,3,3,4,4,2,3,4,4,4,4,2,2,2,2,2,2,2,2,2,2,1,1,2,2,2,2,2,2,2,2,2,2,2,2,3,3,4,4,4,3,3,5,6,5,1,1,0,1,2,1,0,1,2,2,2,3,4,2,2,1,2,3,3,3,3,3,2,3,3,4,4,4,3,1,2,2,3,2,3,3,3,3,2,1,2,3,3,1,2,3,4,4,4,2,3,3,3,3,3,3,2,1,3,3,3,2,2,6,4,1,2,2,2,2,3,1,0,2,3,3,3,3,3,3,2,2,2,2,2,2,3,3,3,2,3,2,2,3,3,2,2,1,3,3,2,2,1,3,3,3,3,3,3,2,1,1,1,1,2,1,1,2,1,1,2,3,1,1,2,2,2,2,4,4,4,4,4,3,3,3,2,2,2,3,3,3,3,3,3,3,4,4,4,5,3,2,5,3,1,2,1,2,3,3,2,4,5,5,5,4,2,1,2,4,5,4,2,2,3,4,4,2,2,3,4,3,3,3,3,3,3,3,3,3,3,3,2,1,2,2,2,4,4,3,1,2,2,2,2,2,2,2,2,1,1,3,3,3,5,5,3,2,2,2,2,2,2,2,2,1,1,2,4,3,2,0,2,1,2,2,2,3,3,4,2,3,4,3,2,2,1,0,1,1,1,1,1,2,3,4,5,4,4,3,4,4,3,2,2,2,1,1,1,2,2,2,3,3,3,3,2,3,2,1,2,2,2,2,3,3,3,3,4,4,3,3,3,2,2,2,3,3,3,4,3,3,3,3,2,2,2,3,3,3,3,3,3,2,3,3,3,3,2,3,2,2,2,2,2,2,2,2,1,2,2,2,3,3,2,2,3,4,4,4,4,4,4,4,3,3,4,4,4,5,4,3,3,2,2,2,3,3,1,2,3,3,3,2,2,3,2,3,3,4,4,4,4,4,3,3,3,2,2,2,2,3,3,3,3,3,3,3,3,4,4,4,4,3,3,3,3,3,2,2,3,3,3,3,3,3,3,3,2,2,2,2,2,2,2,1,2,3,3,3,3,3,3,3,3,3,3,3,3,3,3,4,4,4,4,4,3,3,3,2,2,3,4,4,3,3,3,2,3,3,3,2,3,4,3,3,3,2,2,2,2,2,2,1,2,2,2,2,3,3,3,4,3,2,2,2,2,2,2,2,3,3,2,2,3,3,2,2,3,4,4,4,4,2,2,3,3,2,1,3,2,1,3,2,2,3,3,4,4,4,4,3,2,3,3,3,3,3,3,3,3,3,3,3,3,4,4,4,3,3,3,2,3,3,3,3,2,2,1,1,2,4,4,4,2,2,1,1,2,2,2,1,3,3,3,3,2,1,2,2,3,3,2,1,1,1,1,1,2,2,2,2,2,2,2,2,3,3,3,4,4,3,3,2,3,2,3,3,3,4,3,2,1,1,2,2,3,2,2,3,3,3,3,3,3,3,3,3,5,3
70,2,2,2,3,3,3,3,3,3,3,3,3,3,3,3,2,1,1,1,2,2,3,3,3,3,2,2,2,2,2,2,1,3,3,2,3,3,5,6,3,3,5,4,3,3,4,4,1,2,3,3,4,4,3,3,2,2,2,2,2,2,2,2,0,1,2,2,4,4,5,5,2,3,5,4,3,2,2,2,3,3,3,2,1,1,2,2,2,2,2,2,1,2,2,2,3,5,3,3,3,1,2,3,3,2,2,2,2,3,2,2,2,2,2,2,1,2,2,2,3,3,3,3,3,3,3,3,3,3,3,3,3,3,3,1,1,2,2,3,2,1,3,4,2,4,4,3,2,3,4,3,4,5,3,3,3,3,3,1,2,3,3,3,3,3,3,2,1,2,2,3,3,3,4,3,2,3,4,4,2,2,3,3,2,2,2,2,2,2,1,1,2,2,2,2,2,2,3,3,4,4,4,4,4,4,4,4,3,2,2,3,3,3,3,3,4,4,3,3,3,3,4,4,3,2,3,3,3,3,3,3,2,1,3,3,4,5,6,6,5,3,4,5,3,3,4,5,4,3,4,4,4,4,4,3,3,2,4,4,4,3,2,2,3,3,3,3,3,3,3,3,3,3,3,3,3,3,3,3,3,3,2,2,3,3,3,4,4,3,3,3,3,4,4,4,4,4,3,2,2,1,2,2,4,4,3,3,3,3,2,2,4,4,4,4,4,4,4,4,2,3,1,1,1,1,4,4,2,2,2,2,2,2,2,2,3,4,4,3,3,3,4,4,3,2,2,2,2,3,3,3,1,1,1,1,1,2,2,2,2,2,2,2,2,2,2,2,3,2,2,2,2,2,2,2,3,3,3,3,3,3,3,3,3,3,3,3,3,3,3,3,1,2,2,1,3,3,3,2,2,3,4,5,4,4,4,4,5,6,4,4,4,3,3,3,3,3,3,3,3,3,3,2,2,2,2,2,2,4,3,2,2,4,4,3,1,1,3,4,4,3,1,2,2,1,1,2,2,2,2,4,2,1,1,1,3,3,3,3,3,3,3,3,3,2,4,4,3,3,5,4,2,2,2,2,2,2,2,2,3,3,3,4,3,3,2,2,1,2,2,3,3,2,3,3,2,2,4,3,3,3,3,4,5,3,2,3,3,3,4,4,3,2,1,2,2,3,3,2,1,2,2,1,1,2,2,2,2,2,2,2,2,2,2,2,2,2,2,2,3,3,3,4,4,4,3,2,1,1,3,5,5,5,4,4,4,3,3,3,3,4,3,3,3,4,3,3,3,4,3,4,4,4,2,2,2,3,3,3,1,1,1,3,5,3,3,3,3,3,2,3,2,2,2,1,2,2,3,3,3,2,2,3,4,7,5,4,3,3,2,2,3,2,2,2,2,2,1,2,2,3,2,3,2,3,2,3,3,3,2,3,2,2,2,2,2,2,1,1,2,4,4,4,4,4,3,2,2,1,2,2,2,2,2,2,2,3,4,3,2,2,1,1,3,3,3,3,3,3,3,3,1,2,4,3,4,5,4,3,2,2,2,2,2,2,2,3,3,3,2,2,2,2,3,2,3,4,4,4,4,4,4,3,3,3,2,1,1,2,2,2,2,2,3,3,3,3,3,3,3,2,1,2,3,3,2,2,4,3,2,2,2,2,3,4,1,1,1,1,1,1,1,1,1,1,1,2,1,1,1,1,2,2,2,2,3,3,2,2,3,3,2,2,2,2,3,3,1,1,2,2,2,2,1,2,2,2,2,2,2,2,3,2,1,1,1,1,1,1,1,1,1,1,2,2,2,2,1,1,2,2,1,0,1,3,3,2,2,4,3,3,3,3,3,4,2,3,1,1,2,3,5,5,4,4,4,3,3,3,2,2,3,3,3,3,3,3,3,3,2,2,2,2,3,3,3,3,2,2,3,3,3,3,3,2,2,2,2,2,2,2,2,2,3,3,3,3,3,3,4,5,2,2,2,3,2,3,2,4,3,2,2,2,1,1,2,0,1,3,3,2,3,3,3,3,2,4,4,3,2,1,3,3,1,3,5,5,5,5,5,3,3,3,2,2,2,2,3,4,4,2,2,4,4,5,5,3,5,4,2,1,1,1,2,3,3,2,3,3,3,3,3,2,1,1,2,2,3,3,3,3,2,2,3,3,2,3,3,3,2,1,2,2,1,1,2,2,3,2,1,2,2,2,3,4,2,2,2,2,2,2,2,2,2,2,2,2,2,2,2,2,2,2,2,2,2,2,2,2,1,1,1,1,1,1,1,1,2,2,2,2,2,2,2,2,3,3,3,3,4,4,5,5,4,4
71,3,3,3,3,3,3,3,3,2,3,3,3,4,4,4,3,3,4,4,4,3,3,3,3,3,3,3,3,1,1,4,4,4,4,4,4,3,3,3,3,3,3,3,4,4,3,3,3,3,3,3,3,3,3,3,1,2,2,2,2,3,3,3,2,2,2,3,3,2,1,3,5,4,4,3,2,2,3,2,2,3,4,4,4,5,5,5,3,3,3,1,1,1,1,1,4,4,4,4,3,3,3,4,4,3,3,3,3,2,4,5,4,4,3,3,3,3,3,3,4,5,6,4,3,2,2,3,1,0,1,1,2,3,2,1,3,4,3,4,5,3,2,2,4,4,3,3,1,1,3,3,2,2,2,2,2,3,3,3,2,3,3,4,3,2,4,4,3,4,4,4,5,5,4,3,3,3,3,3,4,4,4,5,4,3,3,3,3,3,3,3,3,2,2,3,2,2,2,3,3,3,3,3,3,3,3,2,2,2,2,2,2,2,2,2,3,3,3,3,3,3,4,4,4,4,2,0,1,3,3,1,0,1,3,4,4,3,3,4,2,3,3,3,3,4,4,4,4,2,1,1,1,3,4,3,2,3,5,4,4,3,4,5,4,3,3,2,3,2,3,2,2,3,3,2,2,2,3,2,2,2,2,2,2,2,2,2,4,3,3,5,5,4,2,2,5,4,3,4,4,4,4,4,2,2,2,3,3,4,4,4,3,3,3,4,4,4,5,5,3,3,3,2,2,3,3,3,3,2,2,2,2,2,2,2,3,2,2,3,4,4,4,4,5,4,4,3,2,2,1,1,2,2,2,3,3,3,3,2,3,5,5,5,5,3,3,3,3,4,3,2,3,4,4,4,3,1,2,2,2,2,4,4,3,3,1,1,3,3,4,4,2,3,3,2,3,3,3,3,2,2,4,3,2,3,3,4,5,5,4,4,4,4,3,3,4,3,3,2,3,2,2,2,3,3,3,3,3,2,3,3,1,2,3,3,3,3,2,1,4,3,3,2,2,3,3,4,3,2,3,3,3,3,3,3,4,4,4,4,3,3,3,2,4,4,3,3,3,3,2,2,1,0,1,1,2,2,2,2,1,2,2,2,2,2,3,4,4,3,3,3,3,3,3,3,3,3,2,3,3,3,2,3,5,4,4,4,3,3,3,4,3,4,3,3,3,3,2,1,3,3,1,2,2,2,2,2,2,2,2,2,2,2,2,2,4,3,3,2,3,2,2,1,3,2,1,1,1,2,2,1,3,3,3,3,3,2,1,1,2,2,2,3,3,4,4,4,3,3,3,3,3,3,3,3,3,3,3,2,2,2,1,1,2,2,2,2,3,3,4,4,4,3,3,4,3,3,3,2,2,1,1,3,4,2,2,2,4,3,4,3,3,3,3,3,3,3,3,4,4,3,3,3,3,3,3,2,2,4,5,4,3,3,2,2,3,3,4,6,2,1,2,1,3,3,2,1,1,1,1,2,2,1,2,3,2,2,2,2,2,2,3,3,2,2,3,3,3,4,4,3,3,2,2,2,4,4,4,4,4,2,1,1,3,3,3,3,2,2,1,1,1,3,2,1,1,1,2,2,2,2,2,2,3,2,2,2,3,3,3,2,3,4,3,3,3,3,1,1,3,2,2,2,3,3,2,2,3,3,3,3,3,3,2,3,3,2,3,4,3,2,1,1,1,1,2,1,1,1,2,1,2,2,2,2,2,2,2,1,1,2,2,3,4,4,5,5,4,4,4,3,2,2,3,3,2,3,3,3,2,1,2,2,4,2,2,2,2,2,3,3,3,4,4,3,3,3,4,3,1,2,2,2,1,1,2,4,2,2,2,1,1,1,1,1,1,1,1,1,2,2,2,2,2,2,4,4,4,4,3,3,2,2,2,2,2,2,2,2,3,3,3,3,3,3,3,3,6,4,5,5,3,2,3,3,3,3,3,3,3,3,3,3,3,3,3,2,2,1,1,1,2,3,2,2,2,2,3,3,3,3,4,4,2,3,3,1,2,2,2,2,3,3,3,3,3,2,2,2,2,2,2,2,2,2,3,3,3,3,3,4,1,1,2,2,2,1,1,2,2,1,2,4,4,2,2,1,4,3,4,2,2,3,5,5,2,0,2,4,4,2,1,1,2,3,3,3,3,3,3,3,3,3,4,3,2,2,2,2,2,2,3,2,2,3,2,2,2,2,2,2,2,2,2,2,2,1,1,2,3,4,5,5,2,2,3,3,3,4,4,4,3,2,2,2,3,3,2,1,3,4,3,3,3,4,4,4,2,2,2,2,2,1,1,2,2,1,1,1,1,3,5,4,3,4
72,6,4,2,1,1,1,2,2,2,2,2,2,2,2,2,4,4,4,4,5,5,5,6,6,5,3,2,3,4,6,3,1,4,5,5,4,3,2,2,4,5,6,5,4,4,4,4,1,3,3,5,5,3,2,3,6,5,3,4,3,4,6,5,3,2,2,2,2,2,2,2,3,3,3,3,3,3,3,3,4,4,4,4,4,3,3,3,3,3,3,3,3,2,2,2,5,5,5,4,3,2,2,1,0,1,1,1,2,3,4,3,2,2,2,2,2,2,2,2,2,2,2,2,2,2,2,2,2,2,2,2,3,4,4,5,4,3,3,3,3,3,3,3,1,1,1,1,1,1,1,1,2,3,3,2,3,5,4,2,2,2,2,2,2,3,3,2,4,4,4,4,3,2,2,2,3,3,3,3,3,4,4,3,2,1,2,2,3,3,3,3,2,3,4,4,4,3,2,3,1,1,1,1,1,1,1,1,1,2,2,2,3,4,4,4,2,2,3,3,3,3,2,2,3,2,2,2,2,1,1,1,3,3,2,1,2,2,3,3,0,0,1,0,0,0,1,2,4,4,3,3,3,3,2,2,1,1,1,1,1,0,0,0,4,4,3,2,3,4,3,2,3,1,2,3,3,2,2,3,1,1,1,2,2,1,3,4,4,3,3,3,3,2,3,3,3,3,3,2,2,3,3,3,3,3,3,3,3,3,3,3,3,2,2,2,2,2,2,2,3,3,3,2,2,1,1,1,3,2,2,2,2,2,2,2,1,1,1,3,2,3,3,4,3,3,3,3,2,2,2,2,4,3,3,3,3,3,2,0,2,3,3,3,3,3,3,3,3,3,3,2,2,2,3,3,3,3,3,3,3,3,3,3,2,3,4,3,3,3,4,4,3,3,3,3,3,4,4,4,2,2,1,1,1,2,2,1,2,3,2,2,2,2,1,0,1,3,1,1,2,2,3,1,2,4,3,3,3,4,4,4,2,1,3,2,2,3,4,4,3,3,2,2,2,2,2,1,2,2,3,3,4,4,5,5,2,2,3,2,3,4,4,4,1,2,2,3,2,3,3,2,3,2,3,3,2,2,4,4,1,3,3,3,3,2,1,2,2,3,3,3,3,3,4,3,3,3,3,3,3,3,3,3,2,2,2,2,2,2,2,2,4,3,2,2,2,3,4,4,3,3,2,2,2,3,3,3,3,3,3,3,3,3,3,3,2,3,4,3,2,1,2,3,2,2,3,3,3,3,4,4,2,2,1,1,2,3,5,5,5,3,3,3,3,2,3,3,3,4,3,2,1,2,3,3,3,1,2,2,2,2,2,2,3,4,4,2,2,2,2,2,3,1,2,3,2,2,2,1,2,3,2,2,3,3,3,2,4,3,3,4,4,3,3,3,3,3,3,3,3,3,3,3,3,2,3,3,3,3,2,2,3,3,3,3,3,3,3,4,1,2,2,3,4,3,3,2,1,1,1,2,3,3,3,3,3,3,3,3,3,3,3,2,1,2,3,3,4,3,3,4,2,2,2,2,2,2,2,1,2,3,2,3,4,4,3,3,2,2,2,2,2,1,1,1,2,3,3,3,3,3,4,3,1,2,3,3,3,2,1,1,1,1,1,2,2,2,2,2,1,1,1,1,1,1,1,1,2,1,1,1,2,2,2,2,2,2,2,2,2,2,2,2,3,3,2,1,1,1,2,2,1,2,3,3,2,3,2,1,1,1,1,3,3,3,2,2,1,1,1,1,1,2,2,2,3,4,4,3,4,4,4,4,2,2,2,2,2,2,2,2,2,2,2,2,2,2,2,2,4,3,3,3,3,3,3,4,2,3,2,2,3,3,2,3,3,3,3,2,2,2,1,1,1,2,3,4,4,4,4,3,2,2,2,2,2,3,3,3,4,4,2,2,2,1,1,1,2,1,1,2,2,1,1,1,2,2,3,3,2,3,3,3,1,1,2,3,3,3,2,2,3,4,3,2,2,3,2,3,3,3,2,2,2,1,2,2,0,1,2,2,2,2,1,1,2,2,2,2,1,1,1,2,3,3,4,4,4,3,3,3,3,2,2,2,2,2,3,3,2,2,2,3,3,3,2,3,3,4,4,3,3,2,3,3,1,0,1,1,4,4,2,2,3,2,2,1,1,1,2,3,3,3,3,3,3,3,4,4,2,2,3,3,2,2,3,4,4,2,2,2,2,2,2,2,1,1,1,1,1,2,2,3,3,2,3,2,2,3,2,2,1,1,2,1,1,1,1,1,1,1,1,3,5,5,4,2,0,2,2,1,1,1,3,5,3,3,3,3,3,3,3,3,2,2
73,3,4,4,3,2,2,3,2,2,2,2,2,3,3,3,3,3,3,3,3,3,3,3,4,4,3,2,2,1,2,2,3,4,3,2,3,3,3,5,5,5,7,5,3,5,5,4,2,1,1,1,2,3,3,4,4,4,4,3,2,3,3,4,1,3,4,4,4,3,4,4,2,2,2,2,2,2,2,2,2,2,2,2,1,1,1,2,3,3,3,3,2,2,1,4,5,4,3,3,3,3,3,4,3,2,2,2,3,3,3,3,3,3,2,2,2,1,1,4,3,3,2,2,2,2,3,2,3,2,2,1,1,2,2,2,2,2,2,2,1,1,1,2,3,2,2,2,1,1,1,1,2,2,1,1,2,2,2,2,2,2,2,2,2,2,2,2,2,3,3,2,2,3,3,2,4,4,3,3,3,4,5,4,3,2,3,2,0,1,3,3,2,2,2,3,3,4,4,3,3,3,3,2,2,2,2,1,1,1,1,3,3,4,3,2,3,2,2,2,2,2,1,2,1,1,2,2,2,3,3,5,4,3,4,3,3,4,3,4,5,4,4,4,4,4,4,3,3,3,2,2,2,3,1,3,5,4,3,2,1,2,2,3,2,2,2,2,2,3,3,3,4,4,4,4,3,1,1,2,2,4,5,4,3,3,2,4,4,2,1,2,3,3,3,4,2,2,2,3,5,5,4,2,5,5,4,2,2,4,5,3,4,4,3,4,3,3,3,3,3,3,3,3,2,2,2,2,2,2,2,2,2,2,1,1,3,3,2,1,1,3,3,3,2,3,4,3,2,1,1,1,2,2,3,3,4,4,4,4,3,3,3,3,3,3,3,3,2,2,3,3,3,3,4,5,6,4,3,2,2,2,3,2,2,2,2,2,2,2,2,2,1,2,3,3,3,3,3,3,4,5,5,4,3,2,3,4,4,3,5,4,2,1,2,2,3,2,2,2,3,2,1,1,3,2,2,4,4,3,4,4,2,2,3,3,3,3,2,2,3,1,1,2,3,4,4,3,2,2,1,1,1,3,3,3,4,3,3,3,3,3,3,3,4,2,2,2,2,2,2,2,2,2,2,2,2,2,2,2,4,4,3,3,3,2,2,2,2,1,1,3,3,3,2,2,3,3,2,3,3,4,4,4,3,2,2,2,2,3,3,3,3,3,3,3,3,3,4,4,5,4,5,3,3,2,2,3,3,3,3,3,3,3,3,3,2,2,2,2,2,2,2,2,4,3,1,1,2,2,3,2,3,3,3,3,3,3,3,3,3,4,2,1,1,1,2,3,3,3,2,3,3,2,3,4,2,3,4,4,4,3,2,3,4,4,4,4,4,4,3,3,2,1,3,4,5,4,2,1,1,3,4,3,3,3,1,2,3,3,3,4,4,3,2,2,4,3,3,4,3,2,5,7,4,4,4,4,4,4,4,4,6,3,3,2,4,4,4,4,6,2,2,4,5,4,3,2,2,2,2,2,2,2,2,3,4,4,3,3,2,2,3,2,2,2,4,3,2,1,3,2,1,1,4,5,4,4,1,1,2,4,4,3,4,4,4,4,5,5,4,3,3,3,2,3,3,1,1,1,2,4,3,2,1,2,1,2,2,2,2,3,2,3,3,3,3,3,3,2,2,2,2,2,2,2,2,3,3,4,4,4,4,3,3,3,2,1,3,3,3,3,3,3,2,2,2,2,1,0,2,3,2,2,1,0,1,2,2,2,2,2,2,2,2,2,2,2,2,2,2,2,2,3,3,3,3,3,3,3,4,4,4,2,1,4,3,3,3,5,5,3,4,4,4,4,4,4,4,4,1,2,3,3,4,4,3,3,3,3,3,2,2,1,1,1,1,1,1,1,1,1,1,1,3,2,2,2,2,2,2,1,1,1,1,1,1,2,2,2,2,2,2,2,2,2,2,1,3,2,3,4,4,4,3,3,2,1,2,2,2,2,2,1,3,3,3,3,3,3,3,3,2,3,3,2,2,3,3,2,4,4,3,2,1,2,2,2,4,4,4,5,5,4,3,2,1,1,1,1,1,1,1,2,1,1,1,2,2,2,2,2,3,2,3,3,3,3,2,3,2,3,3,3,3,3,4,4,3,2,2,2,1,1,1,1,2,2,3,3,3,3,5,5,4,4,4,4,4,5,5,5,1,2,3,3,4,4,3,3,1,1,1,1,1,1,1,1,2,3,3,3,3,3,2,3,2,2,2,2,3,3,3,5,5,4,4,4,2,2,2,1,2,2,2,2,2,2,1,1,2,2,2,2,2,2,2,2,2,2,2,2,2,2,2,2,3,4,2,1,1,1,1,2,3,3
74,3,3,3,2,4,4,4,2,1,4,4,5,5,4,3,3,4,4,4,4,4,4,4,3,3,2,2,2,2,2,2,3,3,3,2,3,3,3,2,4,5,5,5,5,6,5,4,3,4,3,3,2,2,2,3,4,1,1,2,3,4,4,4,3,3,2,3,3,3,3,3,3,2,3,5,7,7,5,3,3,2,2,2,2,2,2,4,4,4,4,3,3,3,3,3,4,4,2,3,3,3,3,4,3,1,2,2,0,0,2,3,3,3,3,3,3,3,3,3,4,4,2,2,3,3,2,3,2,2,2,3,3,2,2,2,2,2,2,2,2,2,2,2,2,1,1,3,3,3,4,3,3,1,3,3,3,3,5,6,4,4,4,4,3,3,3,3,4,5,4,3,2,3,3,3,3,3,2,2,2,3,3,2,1,2,2,2,2,2,2,2,0,2,4,4,2,2,3,3,2,2,2,2,2,2,2,1,2,2,4,4,4,4,4,6,5,5,3,0,0,2,3,4,3,2,2,3,2,4,4,4,2,3,4,4,4,4,4,3,4,3,2,1,1,1,3,2,0,1,1,2,3,3,2,2,2,3,2,2,3,3,3,3,2,2,2,2,2,2,2,2,2,2,3,3,3,3,4,4,3,3,3,3,3,3,3,3,6,4,2,2,2,3,3,2,2,2,2,2,2,2,3,2,2,4,4,3,2,3,1,1,3,3,3,2,2,2,3,4,4,3,2,3,3,2,2,2,1,5,8,4,2,2,5,4,2,2,3,3,4,4,4,3,2,2,2,2,2,2,2,2,2,2,2,2,2,2,2,3,3,3,5,6,4,3,3,3,3,3,3,2,2,2,3,3,2,2,2,2,2,3,3,4,4,4,3,3,3,3,3,2,1,2,3,4,4,4,3,3,5,4,5,4,4,3,3,2,1,0,1,1,3,4,4,3,1,2,2,3,3,2,2,1,2,2,1,1,1,1,3,3,2,2,1,1,1,1,1,1,1,1,3,6,6,5,5,5,3,3,3,4,4,3,3,3,2,2,2,2,3,3,3,3,3,4,5,5,4,3,3,4,4,2,3,4,4,2,2,3,4,4,3,3,3,3,3,4,3,3,2,3,3,2,3,3,2,2,3,2,2,2,2,3,3,4,5,4,2,2,4,3,5,4,4,3,3,2,2,2,1,1,1,1,1,1,1,1,3,3,3,3,3,3,3,4,3,3,2,2,2,2,3,2,6,6,4,3,4,3,3,2,1,3,2,2,1,1,2,2,3,2,2,3,2,2,3,3,3,2,3,3,3,3,3,3,1,2,2,1,2,2,2,3,4,4,4,4,4,4,6,4,1,3,3,3,3,3,2,3,4,4,4,5,5,5,3,2,3,4,4,3,4,4,5,5,3,2,2,3,3,1,1,1,1,2,2,2,2,2,1,1,2,2,2,2,2,2,2,1,2,4,4,5,6,6,4,4,4,3,3,2,3,2,2,2,3,2,2,3,1,1,1,1,1,1,1,1,2,2,2,4,3,2,2,1,2,2,3,5,4,2,2,1,1,2,2,3,4,4,3,3,3,3,3,3,3,1,1,1,3,4,3,2,4,4,4,4,3,3,2,2,1,2,2,2,2,2,4,3,1,2,2,2,2,1,2,2,1,1,1,1,1,1,2,2,2,3,2,2,2,3,2,2,3,3,2,3,3,2,3,3,2,3,4,2,2,2,3,3,3,3,3,3,4,4,3,3,1,1,2,2,2,2,2,2,4,4,2,2,2,2,2,2,3,2,2,1,2,4,3,3,5,4,2,3,3,3,2,2,7,5,1,0,0,1,3,3,2,2,2,2,3,2,2,3,2,2,2,2,2,2,2,2,1,1,1,1,1,1,3,3,4,3,1,1,2,2,2,1,3,4,3,3,3,3,3,3,1,1,1,2,2,2,4,4,3,3,3,2,2,2,3,4,4,3,3,2,3,2,3,2,1,1,3,3,3,3,2,1,2,2,2,2,2,2,2,2,2,3,3,3,2,2,1,1,1,2,2,3,3,3,3,3,3,2,4,4,3,3,3,4,3,2,2,2,2,2,2,3,4,4,4,4,4,3,4,3,2,3,3,3,2,3,2,1,2,3,3,2,2,3,4,3,3,3,3,2,2,1,2,2,2,4,3,1,1,1,3,4,3,2,3,3,3,3,4,4,2,2,3,4,4,3,3,3,1,1,2,3,4,3,5,5,3,4,2,3,4,4,4,3,1,0,0,1,2,2,1,1,3,2,2,3,3,3,2,3,3,4,4,4,4,4,4,3,1,1,1,2,2,1,2,1,2,2
75,3,2,2,2,4,4,4,4,3,3,2,2,1,2,2,3,3,3,2,1,1,4,2,3,3,2,1,2,1,1,2,2,1,2,3,3,4,4,4,5,5,6,6,5,4,3,2,2,2,2,3,2,2,3,3,3,3,2,2,2,2,2,0,2,3,4,3,3,3,4,4,4,3,3,4,3,4,4,3,4,3,3,4,4,4,4,3,3,2,2,2,2,2,2,2,3,3,3,3,3,3,3,2,3,3,4,4,3,3,3,2,3,2,2,3,4,4,3,2,2,1,1,1,2,2,3,3,4,3,1,1,2,2,3,3,2,3,3,2,3,2,3,3,1,2,2,2,2,2,2,3,2,2,3,2,1,2,2,5,3,3,3,3,3,3,2,3,2,3,1,0,0,2,2,2,3,2,1,2,2,3,3,3,2,2,3,4,4,4,2,1,2,2,3,3,3,3,2,2,3,3,2,3,2,3,4,4,5,4,3,3,3,4,4,4,3,2,2,1,1,3,3,3,4,4,4,4,4,4,4,4,5,4,4,4,5,5,5,5,3,2,2,3,3,3,3,3,3,3,3,3,1,2,3,3,3,3,3,3,3,3,3,3,0,0,1,1,1,1,1,0,3,3,3,2,4,4,4,2,3,3,3,3,3,3,3,3,3,3,3,3,3,3,3,3,3,3,2,2,2,1,1,0,2,2,2,3,3,2,2,2,2,1,2,2,3,3,4,5,3,2,2,2,2,3,3,3,3,2,3,3,3,3,3,2,2,4,5,5,5,5,3,1,0,1,2,3,1,1,1,2,1,1,0,0,3,4,4,3,1,2,2,3,2,2,2,3,2,2,3,3,3,2,2,4,4,3,3,3,3,3,3,3,3,2,2,2,2,1,2,4,2,1,3,4,4,4,5,4,3,5,5,5,4,3,3,5,2,1,1,1,1,1,1,1,3,3,3,3,3,2,2,2,2,3,3,4,4,4,4,3,3,3,3,2,3,4,4,4,4,4,3,3,4,5,5,4,2,1,2,2,3,3,2,3,3,2,2,4,3,2,2,1,2,2,2,2,1,1,1,2,3,2,2,3,3,2,2,2,2,2,3,3,2,0,1,3,5,5,4,4,4,4,4,5,3,3,3,3,3,3,3,3,3,3,3,3,3,3,3,3,5,4,2,2,4,4,3,4,2,1,1,1,1,1,1,1,2,2,3,4,4,3,2,2,3,4,3,2,2,3,3,3,2,3,4,4,4,4,3,3,3,3,2,2,3,2,2,4,2,3,3,1,1,1,2,1,2,2,2,3,2,2,3,2,2,3,3,3,3,3,4,4,2,3,2,1,1,1,2,2,3,3,3,4,5,4,2,4,4,4,4,4,4,3,3,3,2,2,2,2,2,2,2,2,2,2,2,2,3,2,2,2,2,4,4,4,4,2,3,3,2,2,0,2,3,4,2,1,1,2,2,2,2,2,2,2,3,2,3,2,3,3,3,3,1,1,1,1,2,2,2,2,3,2,2,2,2,3,4,4,2,2,3,3,4,3,2,3,4,3,3,3,3,3,2,4,2,2,1,1,2,2,2,2,1,2,2,2,2,2,3,3,4,4,4,4,4,4,3,1,3,3,2,2,1,3,3,2,2,1,1,1,2,2,2,3,3,2,2,2,2,2,2,2,1,1,1,1,1,1,2,2,1,1,1,1,3,3,3,3,3,4,4,3,2,3,6,6,4,3,4,3,2,2,2,2,1,1,1,1,1,2,3,0,1,3,2,2,2,1,2,1,3,4,3,3,3,3,3,4,3,2,2,1,1,2,1,1,2,2,2,2,2,2,2,2,1,1,3,3,3,3,1,1,2,3,2,1,1,2,2,1,1,2,1,2,2,1,1,1,3,3,3,3,3,3,3,3,1,1,2,2,2,2,3,3,4,4,5,5,4,4,4,3,2,3,4,4,3,3,2,2,2,4,4,3,1,2,4,4,4,3,1,2,3,2,2,2,2,2,1,2,2,2,2,1,3,4,4,3,3,2,3,3,2,2,2,2,2,2,2,2,2,2,3,3,3,3,2,2,2,2,3,3,3,3,2,2,1,1,1,2,2,3,2,1,3,3,3,3,3,2,2,2,2,3,3,3,3,2,1,1,2,3,2,3,3,3,2,2,3,2,2,2,2,3,2,3,2,2,3,3,4,4,3,3,3,2,2,2,2,3,2,3,2,2,2,2,4,4,4,4,3,2,2,1,2,2,1,1,3,3,3,2,2,2,2,2,2,2,2,2,3,3,3,2,2,2,2,3,2,2,3,2,2,3,3,2,1,2,4,4,3,2
76,3,2,1,1,2,3,3,3,3,3,3,2,2,1,1,3,3,5,5,5,4,3,3,4,3,2,2,2,2,4,4,3,2,3,3,3,3,3,3,4,2,0,3,4,3,3,5,4,4,2,2,2,2,4,4,2,2,2,2,2,2,2,2,2,2,3,2,2,2,2,1,2,1,2,4,6,6,3,1,3,3,3,3,3,3,3,3,1,3,3,3,3,2,2,1,3,3,3,3,3,3,3,3,4,4,4,4,4,4,4,4,3,3,4,3,3,4,3,3,3,5,5,4,3,2,3,4,4,4,4,4,4,4,3,3,2,2,2,2,3,3,3,3,1,1,1,3,3,3,3,3,4,3,5,5,6,7,7,6,4,4,4,4,5,4,4,3,3,3,3,4,4,3,4,4,3,2,3,3,2,2,2,2,3,3,4,4,4,4,3,3,2,2,2,2,2,2,2,2,3,3,3,3,3,3,3,3,2,2,2,1,2,3,3,3,3,1,2,1,1,1,1,1,2,2,2,2,2,2,2,2,1,1,2,2,1,2,4,3,2,2,2,2,2,2,2,1,0,0,0,1,1,2,3,2,4,4,4,3,3,3,2,2,1,1,3,6,6,3,3,3,1,3,3,1,2,2,2,1,3,2,3,3,4,4,2,2,3,5,5,5,3,2,1,1,2,4,4,3,2,1,3,2,3,3,3,3,2,2,2,3,3,3,4,4,4,4,3,3,3,3,2,2,2,1,1,1,1,1,1,1,1,1,1,1,2,2,2,3,3,3,3,4,3,2,3,3,1,1,2,1,2,1,2,3,3,4,4,4,3,3,4,4,3,3,2,2,0,2,2,3,3,3,4,4,1,2,2,2,2,2,2,2,2,2,2,2,3,4,4,3,3,3,3,3,3,3,3,3,2,3,2,2,2,1,3,2,3,3,4,4,3,3,3,3,3,3,3,3,3,3,3,3,2,2,3,3,2,1,0,1,3,3,3,3,3,3,3,3,5,4,3,4,5,5,4,3,3,3,3,3,3,3,3,3,6,5,4,3,2,2,2,3,3,3,3,3,3,3,3,3,2,2,3,3,3,3,2,2,6,6,4,3,2,2,3,3,3,3,3,3,3,3,3,3,1,1,2,2,2,2,1,1,2,2,2,2,2,2,3,3,2,2,3,3,3,3,3,3,3,3,3,3,3,3,3,3,3,3,3,3,3,3,3,3,3,3,3,2,3,3,3,4,3,3,3,2,2,2,4,5,3,4,4,4,4,4,4,3,1,1,2,2,2,2,3,3,2,2,3,3,3,3,2,2,4,3,2,1,2,2,2,3,3,3,3,3,2,2,1,1,3,3,3,3,3,3,4,3,2,2,2,2,2,2,2,2,3,3,3,3,3,3,3,2,3,2,2,3,3,2,2,3,3,3,3,4,4,4,5,5,3,3,3,3,3,3,3,3,3,3,3,3,3,3,3,3,1,2,2,1,1,1,2,2,2,2,1,1,1,0,0,1,2,2,2,3,3,3,3,3,2,2,2,2,2,2,2,2,1,1,1,1,2,2,2,2,3,2,2,2,3,4,5,4,3,2,3,3,3,3,3,2,2,2,2,2,2,2,2,2,2,1,1,1,1,2,2,2,2,1,2,2,2,3,3,3,3,3,3,2,3,3,2,3,4,3,3,3,3,3,3,3,2,2,2,2,2,2,2,4,2,4,3,3,3,3,3,5,4,2,2,2,3,3,3,3,4,5,5,3,2,3,2,1,1,2,3,3,2,1,2,3,2,2,2,2,2,2,2,2,2,3,4,3,2,2,3,4,3,3,2,3,2,2,2,3,2,2,3,3,3,3,3,3,3,3,2,2,3,3,3,3,2,3,4,4,3,4,5,5,4,3,3,2,2,1,2,2,3,4,4,3,3,3,3,3,5,5,4,4,4,3,3,3,3,2,3,3,3,3,2,2,2,3,3,2,2,2,2,3,3,2,1,2,3,4,3,2,3,3,2,2,2,3,3,3,3,3,3,3,2,2,3,3,1,1,1,1,1,1,2,2,3,4,4,4,4,4,4,4,4,2,2,3,3,3,4,4,3,4,3,3,3,2,2,1,3,3,3,3,3,3,3,2,2,3,2,2,3,2,3,3,2,1,1,1,1,2,3,1,1,2,2,2,2,2,3,3,2,2,1,1,3,4,4,2,3,2,0,2,4,2,1,4,4,3,3,2,2,2,1,1,3,3,3,2,3,4,4,2,5,5,3,3,4,4,4,2,2,2,2,2,2,2,2,2,2,2,2,2,3,3,3,3,2,3,3,3,2,1,1,2,2,2
77,1,1,1,1,1,1,1,3,3,3,3,3,3,3,3,3,3,3,3,3,3,3,3,3,2,2,3,3,2,2,3,3,3,3,3,3,2,2,4,6,5,4,4,3,3,3,4,4,4,4,4,3,3,4,4,4,4,4,3,3,3,3,4,3,3,2,3,3,3,3,3,4,3,3,3,3,3,4,5,2,2,2,2,2,2,2,2,4,5,4,3,3,1,1,1,3,3,3,3,4,4,4,4,4,3,3,3,4,4,4,4,4,3,5,7,6,3,2,4,6,6,4,3,3,3,4,4,3,1,2,1,2,2,2,2,4,4,4,4,3,3,3,3,1,1,1,2,2,2,1,2,2,3,3,3,3,2,3,4,5,5,5,5,5,3,3,3,4,4,3,3,4,3,3,1,1,3,4,5,4,3,2,3,2,3,4,4,4,4,3,3,2,2,4,4,3,2,2,3,3,3,3,3,3,3,3,3,3,3,3,2,2,3,3,3,2,2,2,2,2,2,2,3,3,4,4,4,4,5,5,5,3,4,4,3,3,4,4,3,2,1,1,2,2,1,1,2,1,2,2,2,2,2,1,1,4,3,2,3,3,4,3,2,2,2,2,2,2,2,2,2,1,1,1,1,2,2,2,2,1,2,4,5,5,4,2,1,4,3,2,3,4,5,3,2,2,2,2,2,2,2,2,2,1,2,3,4,4,3,2,1,2,2,2,2,2,3,3,3,1,1,2,1,2,3,3,3,3,3,3,3,3,3,2,2,2,3,3,3,4,3,4,3,1,1,1,1,1,2,2,2,3,2,3,3,3,3,3,4,3,2,2,2,2,2,3,4,2,2,2,2,2,2,2,2,3,3,3,3,3,3,3,3,3,2,2,2,2,2,2,3,3,3,3,3,3,3,3,3,2,3,3,3,4,4,3,2,3,3,5,5,4,2,2,5,1,4,3,3,1,2,2,0,3,3,3,3,4,5,3,2,4,3,3,4,4,3,4,4,3,3,4,4,3,4,3,2,3,1,1,3,4,4,3,2,1,2,2,3,2,2,1,2,2,2,3,3,3,3,3,2,2,2,2,2,2,2,2,2,2,3,3,3,3,3,3,3,3,4,3,2,2,1,3,3,3,3,3,3,3,3,2,1,6,5,4,4,3,3,3,2,3,3,3,3,3,3,3,3,2,2,2,3,3,3,3,3,2,2,2,2,2,2,2,2,2,2,2,2,3,3,3,3,4,4,3,3,3,3,3,4,4,3,4,4,4,4,3,3,3,3,3,3,3,3,3,3,4,4,4,4,4,4,3,1,1,3,3,3,4,4,3,2,2,2,2,2,2,2,4,4,3,2,2,2,2,2,2,2,3,3,3,3,3,4,4,4,3,3,4,3,3,3,3,2,2,2,3,3,3,3,2,2,2,2,2,2,3,3,3,3,3,3,5,4,3,3,3,4,4,3,3,3,3,3,3,3,4,4,2,2,3,4,4,4,4,3,3,3,3,3,3,3,4,4,4,4,4,4,4,4,3,3,3,4,4,4,4,4,4,3,2,2,2,3,3,2,5,5,4,3,1,1,1,1,1,1,2,2,1,1,1,1,2,2,2,2,2,2,1,1,2,2,3,3,3,3,2,2,2,2,3,3,3,3,2,2,1,1,2,2,2,2,3,3,3,3,3,2,2,1,1,1,3,3,2,1,1,1,1,1,3,3,3,3,4,4,3,3,4,3,1,2,1,1,2,2,3,3,3,3,3,3,3,3,1,1,1,1,1,1,1,2,3,1,1,3,6,7,5,3,1,2,2,2,2,2,1,1,2,2,2,2,2,2,2,2,2,2,2,2,2,2,2,2,3,3,3,3,3,3,3,3,2,2,3,3,3,3,2,2,3,5,5,4,4,4,5,5,2,2,2,2,2,2,2,2,4,4,2,1,2,2,3,2,2,2,2,2,2,2,2,3,3,2,2,3,3,4,5,6,4,3,3,3,3,2,2,2,1,1,1,1,1,1,1,1,3,3,3,3,3,3,3,3,1,2,2,2,3,2,2,3,3,3,3,3,3,3,3,3,4,4,4,3,2,2,2,2,2,2,2,2,3,3,3,3,2,2,2,2,2,3,3,3,1,1,1,2,2,1,1,1,3,2,1,2,2,2,3,3,3,3,2,2,3,4,4,2,0,0,2,3,4,3,3,3,3,3,3,2,2,2,2,2,2,2,2,2,2,2,2,1,1,1,2,2,3,2,1,1,1,2,2,1,1,2,2,3,3,2,2,2,1,1,1,2,2,2,2,2,2,2,3,3,2,2,3,3,3,3,2,2,2,3
78,2,3,4,4,4,2,2,2,2,2,2,3,3,4,4,3,4,3,3,3,2,2,3,6,7,6,5,2,1,0,0,2,1,2,2,3,3,3,3,4,4,3,2,3,0,1,2,2,2,3,3,3,3,3,3,1,1,1,1,1,1,1,1,4,5,3,1,1,3,3,4,4,2,2,3,2,3,3,2,4,3,4,5,5,5,4,3,4,3,1,2,2,2,1,0,3,4,4,3,3,2,1,2,4,2,1,2,2,2,2,2,3,3,3,3,3,3,3,3,2,3,3,3,3,3,4,4,3,3,3,3,3,3,3,2,1,4,5,4,2,2,4,4,5,3,2,2,2,2,2,4,4,3,3,4,5,4,4,2,2,2,2,3,4,4,4,4,5,5,4,2,2,2,4,4,2,3,3,3,2,3,3,4,6,4,3,2,2,2,3,3,2,1,2,2,2,3,3,3,3,2,2,2,2,2,1,0,2,3,4,4,4,4,3,3,3,3,2,3,3,3,5,5,2,2,2,2,3,3,3,3,2,2,2,2,2,2,2,2,1,3,4,4,4,4,3,3,1,1,1,3,3,3,3,4,4,4,4,5,3,2,1,0,1,1,1,1,1,1,1,1,2,2,2,2,1,1,1,1,1,2,2,2,2,3,2,3,2,2,2,1,2,3,5,6,4,3,4,3,2,2,1,2,4,4,2,2,2,1,0,0,1,2,3,3,3,4,3,3,3,3,2,2,2,2,2,1,3,3,2,2,1,2,2,3,3,3,3,2,1,2,2,3,4,4,4,4,4,4,5,4,2,1,2,2,3,3,3,3,3,3,3,3,3,3,3,3,1,1,2,2,2,2,1,1,2,3,3,2,2,2,2,3,3,3,3,2,2,3,3,3,3,3,3,4,4,4,4,3,3,3,3,3,3,3,3,3,3,4,4,4,4,4,3,4,4,3,3,3,2,2,2,2,2,4,4,5,5,4,5,2,4,2,2,2,2,1,1,1,2,3,3,4,5,6,6,4,4,3,3,3,3,3,3,3,3,3,2,2,2,2,2,3,4,4,2,3,3,1,1,3,2,1,3,2,4,4,5,5,3,1,2,3,2,2,3,2,3,3,3,2,1,2,3,4,3,2,2,2,3,3,3,4,4,3,3,4,4,3,3,2,2,3,2,2,3,2,2,3,2,2,3,3,3,3,2,2,2,2,2,3,4,4,2,1,3,3,2,2,2,2,3,2,2,2,2,2,2,2,2,2,3,3,3,3,2,2,2,2,3,3,3,3,3,3,3,3,3,2,1,2,3,3,3,3,3,2,2,2,2,3,4,4,2,3,4,4,4,3,2,1,1,2,2,2,2,3,3,3,3,3,3,3,3,3,3,3,3,2,3,4,3,3,1,1,3,3,3,3,3,3,3,2,1,1,1,1,1,1,1,1,1,1,1,1,2,2,2,2,3,3,3,3,4,4,4,4,3,3,3,3,3,3,3,3,4,4,4,3,3,3,2,3,4,4,4,4,3,2,4,4,4,3,3,1,1,1,3,3,1,2,3,2,3,4,4,2,4,3,2,3,4,5,4,3,2,2,2,2,2,2,2,2,3,3,3,3,3,3,3,3,2,2,2,2,2,2,2,2,1,0,0,0,0,0,0,0,1,1,1,1,2,2,2,2,3,2,1,3,3,3,3,2,3,3,3,3,3,3,3,2,2,3,2,3,3,3,4,4,4,4,3,2,2,4,4,4,3,3,3,3,3,3,3,3,4,4,3,3,3,3,4,3,3,3,3,3,3,3,3,3,3,3,3,3,3,3,3,3,2,1,1,1,2,2,2,3,3,3,3,2,2,3,3,3,3,3,4,3,3,4,4,5,4,2,2,4,4,3,3,5,4,3,2,1,2,2,3,3,3,3,3,3,3,3,3,3,1,1,1,1,1,1,1,2,2,2,3,3,3,3,2,2,2,2,2,2,2,2,2,2,1,1,1,1,1,1,1,1,2,3,3,4,3,2,1,1,3,2,2,2,2,2,2,3,2,2,2,2,2,2,2,2,3,5,5,5,4,3,2,3,2,2,2,2,2,2,2,2,2,2,2,2,2,2,2,2,1,1,1,1,1,1,2,2,3,3,3,3,3,2,2,2,2,2,2,2,2,2,2,2,1,2,3,3,3,2,2,2,1,2,2,3,3,3,3,2,3,3,3,3,2,2,2,2,3,3,3,3,3,3,3,3,1,1,2,2,2,1,1,1,2,2,3,2,2,2,1,1,1,2,2,3,4,4,5,6,2,1,1,2,2,2,2,2,1,2,2,2,3,3,3,3,2,2
79,3,3,3,3,3,3,3,2,3,1,2,3,4,3,3,3,3,3,3,4,5,6,6,0,0,0,1,1,1,1,1,2,3,3,3,3,3,3,3,3,5,6,3,2,5,8,6,3,3,3,2,3,2,2,1,2,2,2,2,2,2,2,2,2,2,1,2,3,3,4,5,2,2,4,4,4,4,2,2,2,2,3,4,4,3,1,2,4,3,3,3,2,2,2,1,1,2,4,3,4,4,3,3,2,2,2,2,2,2,3,3,3,3,3,4,5,5,4,2,2,2,2,3,4,3,4,4,4,2,2,4,4,2,2,4,2,2,3,3,3,3,3,3,3,3,3,3,3,3,3,3,2,1,2,2,3,3,3,3,1,1,2,2,2,2,2,3,3,3,2,1,1,2,3,3,1,1,1,2,3,3,4,4,2,2,3,4,4,3,2,2,3,3,3,3,3,3,3,3,3,1,1,3,3,2,2,2,1,1,2,2,2,2,2,2,3,3,3,3,3,3,3,3,2,2,2,2,2,3,3,3,3,3,3,3,3,3,3,3,1,1,1,1,1,1,2,3,2,2,2,2,1,1,1,1,5,3,2,2,2,3,4,5,4,2,1,2,1,2,4,4,4,3,3,3,3,3,2,2,3,2,2,2,3,3,3,4,4,3,2,2,1,2,2,2,4,3,2,2,3,3,3,3,2,2,2,2,2,2,2,2,3,3,3,3,3,3,3,4,7,5,3,2,2,2,2,2,3,2,2,2,3,3,2,2,6,6,5,4,4,5,5,4,4,3,2,1,3,3,3,2,5,4,3,3,3,3,4,4,4,4,3,2,2,2,1,1,2,2,2,4,4,3,3,2,2,2,3,2,2,2,2,2,3,3,3,3,3,2,2,1,2,3,2,3,3,3,4,2,1,4,5,5,4,3,5,5,3,2,4,4,3,3,2,2,3,3,2,2,2,3,3,3,1,1,1,1,1,2,2,2,3,3,3,4,4,4,3,3,2,2,2,2,2,2,2,2,2,3,3,3,4,4,3,4,2,1,1,3,3,4,5,4,0,1,1,3,4,3,1,1,3,4,3,1,1,1,1,1,2,2,2,2,2,2,2,2,2,2,2,2,2,2,2,2,2,2,1,1,1,1,2,2,3,3,2,2,2,2,2,2,2,1,3,3,3,2,2,1,2,3,3,3,2,3,3,4,3,4,5,4,3,3,3,4,3,3,3,3,3,3,3,3,3,3,3,3,3,3,3,3,4,3,3,3,2,2,2,2,2,2,2,2,2,2,2,2,1,2,2,3,3,2,2,1,3,3,5,5,4,3,3,3,2,1,2,2,3,3,3,3,3,4,3,3,3,3,3,4,3,3,3,3,3,2,2,3,5,5,4,4,3,3,3,3,2,2,2,2,2,2,2,2,3,3,3,3,3,3,3,4,3,2,1,3,6,6,5,4,2,2,3,3,3,4,4,3,2,2,2,3,3,3,4,3,3,3,2,1,2,2,2,2,3,2,2,2,2,3,4,4,2,2,2,2,1,1,2,3,2,2,2,2,2,2,2,2,3,3,2,2,2,2,3,3,2,2,2,2,2,2,2,2,3,4,4,4,4,4,4,3,2,3,3,3,3,2,2,2,1,1,1,1,1,1,1,1,1,1,1,1,1,1,1,2,2,2,2,2,2,2,2,2,1,1,2,3,3,3,3,4,4,4,6,4,3,3,1,1,3,3,2,2,2,2,3,3,2,2,3,3,3,3,4,4,3,3,3,3,3,3,3,3,2,1,1,1,2,2,2,1,2,2,3,4,4,3,1,0,2,2,2,2,2,2,2,2,2,2,2,2,2,2,2,2,1,1,1,1,1,1,1,1,3,5,6,5,3,4,4,3,4,3,3,3,3,3,3,3,4,4,4,4,4,4,4,4,3,2,3,3,3,3,3,3,2,3,3,4,4,3,3,3,2,2,2,2,2,2,2,3,3,3,2,2,2,2,3,3,2,2,2,2,2,2,2,2,3,3,3,3,2,2,2,3,3,2,1,2,2,3,2,1,0,1,2,2,2,2,1,0,1,3,4,4,3,3,2,1,2,1,1,1,2,2,1,1,1,1,1,1,1,1,1,1,3,3,3,3,3,3,3,3,4,3,3,3,2,3,3,3,3,3,4,4,4,4,4,3,2,2,3,3,3,3,4,4,3,2,2,2,3,3,3,3,2,2,2,2,2,2,2,2,3,3,3,3,2,2,2,2,2,2,2,2,3,3,3,3,2,2,2,2,2,2,2,2,3,3,3,3,3,3,3,3,3,3,3,3,3,3,4,3,1,1
80,1,1,2,3,3,3,2,1,1,2,2,2,1,3,3,3,2,3,3,3,3,3,4,3,3,5,4,3,2,2,4,2,2,4,6,6,5,3,2,3,4,5,5,3,2,2,3,4,4,3,3,4,3,3,3,3,3,4,4,4,4,4,4,3,1,2,3,4,4,3,4,3,1,3,5,7,5,2,1,3,3,3,3,3,3,3,3,3,3,1,1,3,3,3,2,1,2,2,1,2,2,3,4,5,4,3,2,2,1,3,3,3,2,2,2,2,2,2,2,3,4,4,5,5,4,4,2,3,3,3,4,4,3,4,4,2,2,2,2,2,2,2,2,2,2,1,1,1,2,2,4,1,1,2,2,2,2,2,3,4,4,4,4,4,3,2,1,3,3,4,4,3,2,2,1,1,1,1,2,3,3,3,2,3,3,4,4,4,4,4,4,3,2,2,2,2,2,2,2,3,3,3,3,3,2,1,1,1,1,1,1,1,1,1,2,4,3,3,3,3,3,3,3,1,1,1,1,1,1,2,3,5,6,5,4,2,2,3,3,3,2,2,3,3,3,3,2,4,4,3,3,3,2,3,3,2,2,3,5,5,4,3,1,1,4,4,4,4,4,5,4,4,4,4,4,4,3,3,3,3,2,2,3,3,3,3,2,3,1,2,3,1,1,3,4,4,2,3,3,3,2,3,4,3,2,2,4,2,2,3,3,2,2,2,4,6,5,3,2,3,4,4,4,4,3,3,4,3,2,2,3,2,2,2,2,2,3,2,3,3,3,4,6,4,2,2,3,2,3,3,3,4,4,3,2,2,4,4,2,1,2,4,2,1,2,3,3,3,3,3,3,3,3,3,3,2,1,2,2,2,2,2,1,4,5,5,5,5,3,3,1,1,2,2,2,3,3,3,3,2,2,4,6,6,6,5,3,2,2,2,2,3,3,3,3,3,3,3,3,3,3,3,3,2,1,2,2,2,2,2,3,2,2,4,4,4,3,1,2,2,1,1,2,2,2,3,3,3,2,2,2,4,4,2,2,2,2,2,2,2,2,2,1,4,4,2,1,1,1,3,3,1,1,1,1,1,1,2,2,2,3,3,2,2,2,2,2,3,3,3,3,3,3,3,3,2,2,2,1,3,3,6,6,3,3,3,2,2,3,3,3,1,1,1,1,1,2,3,3,2,2,1,1,3,3,2,2,2,2,3,4,4,3,2,2,2,2,2,2,2,2,2,2,2,2,2,2,2,1,2,2,1,3,3,3,3,2,2,2,2,3,3,3,3,3,3,1,2,4,5,5,5,3,2,2,3,4,4,3,4,3,3,3,4,3,3,4,4,4,5,4,2,2,2,3,3,3,3,3,1,1,0,2,3,3,2,1,2,2,3,3,3,3,2,4,3,2,2,3,3,3,4,4,3,3,4,5,3,3,3,4,3,1,2,2,3,4,4,3,3,3,3,3,3,2,2,2,2,2,2,2,3,2,3,3,4,2,2,2,2,2,2,4,4,3,3,3,3,3,3,3,3,2,2,2,2,2,2,2,3,4,3,3,3,3,4,5,5,3,1,1,1,3,4,5,5,5,5,5,5,4,5,5,3,3,4,4,4,4,4,4,3,2,2,2,2,2,2,2,2,2,2,1,1,1,1,1,1,1,1,1,1,1,2,2,2,2,1,1,1,1,2,2,3,3,2,2,2,2,3,3,2,2,2,2,2,2,2,2,1,1,2,2,2,2,2,1,2,3,3,3,3,3,3,4,3,3,2,1,2,1,2,3,4,4,3,3,2,3,4,5,3,1,1,1,3,4,3,1,2,2,2,2,2,2,2,2,2,3,4,3,3,1,2,2,1,1,1,1,1,1,1,1,2,2,2,1,2,2,3,4,6,5,2,1,1,1,3,4,3,3,4,4,3,3,3,3,2,2,2,2,2,2,2,2,3,3,3,4,4,4,4,4,1,2,2,3,3,2,2,1,3,2,2,2,2,2,2,2,3,3,3,3,4,3,3,3,3,2,3,3,2,2,3,3,3,3,3,2,2,2,2,3,0,1,3,3,3,2,3,3,3,3,3,3,3,3,3,3,3,2,3,3,3,3,4,4,3,3,3,3,2,2,2,1,3,3,4,4,4,4,4,4,0,1,1,1,1,1,1,2,3,3,3,3,3,4,4,6,6,6,4,3,3,2,3,4,4,3,3,2,2,2,2,2,4,4,4,3,3,3,2,2,1,1,1,2,2,3,3,3,4,4,2,2,2,1,1,1,1,2,3,3,3,3,3,1,3,5,4,2,2,2,3,3,5,5,5,4,3,2,2,2,1,1
81,3,2,1,1,2,3,3,3,3,3,3,2,2,1,1,4,4,2,2,1,2,2,3,4,3,1,0,0,1,3,4,3,3,4,4,2,2,1,1,3,3,2,2,2,2,3,3,2,1,1,2,3,4,3,0,1,3,5,4,3,3,2,3,2,2,2,2,2,2,2,2,3,3,3,3,3,3,3,3,1,2,2,2,3,3,3,4,4,4,3,3,3,2,2,2,2,3,4,4,3,3,3,4,4,5,5,3,3,4,5,4,5,5,4,4,3,3,3,3,2,3,5,3,3,3,3,2,3,3,3,3,3,3,3,3,3,3,3,3,3,3,3,3,4,3,2,2,2,2,3,5,4,2,2,2,3,3,2,3,2,2,2,2,2,3,2,2,2,2,2,2,2,3,3,3,3,3,3,2,2,3,3,4,3,3,3,3,3,3,3,3,3,3,3,3,3,3,3,3,2,3,2,2,2,3,2,2,3,3,3,3,4,5,5,6,2,3,4,4,3,3,2,2,2,2,2,2,2,2,2,2,1,1,3,3,3,3,2,3,3,3,3,3,3,3,3,3,1,1,2,3,3,4,4,4,2,2,2,2,2,2,2,2,3,2,2,3,4,4,1,0,1,1,1,1,1,2,2,2,1,2,3,3,3,3,3,4,3,2,2,2,3,3,3,3,3,2,3,3,4,4,4,2,2,2,2,2,2,2,2,2,2,2,2,2,2,2,2,2,3,3,3,3,3,3,3,3,4,4,4,4,4,4,4,4,2,2,2,2,2,2,2,2,3,2,1,1,2,2,3,3,1,2,2,3,3,3,3,2,2,2,1,1,2,2,1,1,3,3,2,3,3,4,5,5,4,3,2,3,4,4,4,4,2,3,3,5,5,4,4,3,3,3,3,3,3,4,3,3,3,3,3,4,4,4,4,4,4,3,3,4,7,6,4,5,5,3,3,3,3,3,3,3,4,5,5,4,4,3,3,3,4,4,2,1,4,4,2,3,4,4,3,3,3,3,2,2,3,2,2,2,2,2,2,2,2,3,2,2,3,3,3,3,3,4,3,3,4,3,3,2,2,1,2,3,3,3,2,2,2,2,2,2,2,2,2,2,2,2,2,2,2,3,3,3,1,2,1,1,2,3,4,4,3,3,3,4,4,4,5,4,3,2,3,3,3,3,4,4,2,2,2,2,2,2,2,2,2,2,3,3,2,3,3,3,3,3,4,4,5,6,6,7,2,1,3,2,2,4,3,1,2,2,3,2,3,4,4,3,3,2,2,3,3,3,3,3,4,4,2,2,4,5,5,3,4,4,3,3,3,3,2,2,2,2,1,1,2,3,3,2,3,3,2,3,3,3,2,3,3,2,2,2,2,2,2,2,1,0,1,3,4,4,4,3,3,2,2,2,2,2,2,2,1,2,2,2,2,2,1,1,1,2,2,1,1,1,1,2,3,3,4,6,6,5,3,3,2,2,2,2,2,2,2,1,2,2,4,3,3,3,2,2,3,3,3,3,3,3,3,3,4,3,3,3,3,3,3,3,2,2,2,1,2,2,3,4,4,3,3,3,3,3,3,3,3,2,2,2,2,2,2,2,3,3,3,3,2,2,2,1,2,2,1,1,0,1,2,3,3,2,3,3,1,1,1,1,2,2,2,2,2,2,2,2,1,1,1,1,2,2,3,3,4,4,2,2,3,4,4,4,4,3,3,3,3,3,3,3,3,4,3,3,3,3,3,3,1,1,3,3,3,3,2,1,3,3,3,3,3,3,4,4,4,3,2,2,3,3,2,1,1,3,4,3,3,2,2,2,3,2,3,3,2,2,2,1,2,3,4,4,3,3,3,3,2,2,4,5,5,4,3,1,1,4,4,4,4,4,3,3,2,2,2,3,2,2,2,2,2,1,1,1,1,1,1,2,3,3,3,3,3,3,3,3,1,1,2,2,2,2,3,3,3,2,2,2,1,1,1,2,2,1,2,2,1,1,1,1,3,3,3,3,3,3,3,3,2,2,2,1,2,2,2,2,1,1,1,1,2,2,2,2,2,2,2,2,3,3,3,3,2,2,2,2,3,3,3,3,2,2,2,2,2,4,3,2,2,2,2,2,1,1,1,1,2,4,3,1,1,1,1,2,2,1,2,2,1,1,2,3,4,2,1,1,1,2,2,1,2,1,2,2,3,4,4,5,4,3,3,2,2,2,2,2,2,2,2,2,3,3,3,3,3,3,2,1,1,1,2,2,3,3,2,3,3,3,3,3,1,1,1,1,1,2,2,2,1,1,1,2,1,2,2,3,1,1,2,2,1,1,1,1,3,3
82,2,2,2,2,3,3,2,2,2,2,2,2,2,2,3,3,3,2,2,2,2,3,3,3,3,3,3,2,3,4,5,3,2,2,1,3,3,4,4,5,5,5,4,4,4,3,4,3,3,3,2,3,2,3,3,3,2,3,3,4,4,4,3,1,2,2,3,3,3,4,4,3,3,3,3,3,3,3,3,3,3,3,3,3,3,3,3,2,2,2,2,2,2,2,2,1,2,3,3,3,3,3,3,1,2,2,2,2,1,0,2,2,2,2,2,4,4,4,4,3,2,2,2,2,2,2,2,3,3,3,3,3,3,3,3,4,4,3,3,3,3,3,3,4,3,3,2,2,2,2,2,3,3,2,2,3,3,4,4,2,3,3,4,4,4,4,2,2,3,4,3,4,3,3,3,3,1,2,3,4,4,2,2,2,3,3,5,5,4,4,3,3,3,3,3,3,3,3,4,3,1,2,3,2,2,2,3,2,2,3,3,4,4,3,2,2,2,2,2,3,3,3,3,2,3,3,3,3,3,2,2,2,3,3,3,3,3,3,2,2,2,3,2,3,2,2,2,2,2,2,2,2,2,2,1,0,3,4,2,2,4,4,1,1,1,1,2,2,2,3,3,2,2,1,0,1,1,3,3,1,2,2,2,3,3,4,4,3,3,3,3,3,3,3,3,3,2,3,2,2,2,2,2,2,1,1,1,1,1,1,1,2,2,2,2,2,2,2,2,2,2,1,1,1,1,2,1,2,3,4,3,3,2,3,4,3,3,3,3,3,3,3,3,1,1,1,1,0,1,2,2,2,2,2,2,2,2,2,2,1,2,2,3,3,4,4,4,4,2,2,4,4,2,2,4,4,4,4,4,3,3,3,3,3,2,2,2,2,2,3,3,2,2,2,3,3,3,3,3,4,3,3,2,2,3,3,3,1,2,2,1,3,4,3,2,2,2,2,2,2,2,3,5,5,3,3,4,3,1,2,3,2,2,2,2,2,2,2,2,2,2,2,2,2,2,2,2,2,2,2,2,2,2,2,2,3,3,3,3,3,3,3,3,4,4,4,4,4,4,4,4,3,3,4,4,3,1,2,3,3,3,3,3,2,2,2,3,5,4,2,2,1,1,2,2,0,1,1,2,2,3,3,4,2,2,2,3,3,3,4,4,2,3,2,2,2,2,2,3,3,1,2,4,4,2,4,4,4,4,3,3,3,2,3,3,1,3,4,4,3,2,2,3,1,1,1,1,1,1,1,1,2,2,2,2,2,2,2,2,2,2,3,3,3,3,3,3,3,3,3,2,2,2,2,2,3,4,5,5,3,1,0,0,4,4,4,4,4,4,4,4,2,2,2,2,2,2,2,2,3,2,2,2,2,2,3,3,2,2,3,3,3,4,4,4,3,3,4,3,2,2,1,1,2,2,3,3,3,3,3,3,1,1,1,2,2,3,3,3,1,2,3,4,4,3,2,1,2,2,2,2,2,2,2,2,3,2,2,4,4,4,4,5,5,4,2,3,3,2,4,4,4,3,2,1,2,2,2,2,3,2,3,3,3,4,3,3,4,5,5,5,3,2,2,2,4,4,4,3,3,3,3,3,3,2,2,2,2,2,3,3,2,2,2,3,3,4,4,3,1,2,3,3,2,2,2,2,2,2,2,2,2,2,2,2,2,2,2,2,2,2,2,2,4,4,3,3,3,2,2,2,2,2,2,2,2,2,2,2,1,1,2,2,2,2,2,1,2,2,2,2,2,2,2,2,3,3,3,3,3,3,3,3,3,3,3,2,3,3,4,4,2,2,3,4,4,3,2,2,1,1,1,1,1,1,1,1,2,2,2,2,2,2,2,2,1,2,2,2,1,1,1,2,2,2,3,3,3,2,1,1,1,1,1,2,2,2,3,3,5,5,4,4,3,3,3,3,3,2,2,2,1,1,1,1,1,1,1,1,1,1,1,1,3,3,4,3,3,3,2,2,2,2,1,1,2,2,2,1,4,4,4,4,4,4,3,3,2,2,2,2,2,2,2,2,3,3,3,3,3,3,3,3,2,2,2,2,2,2,2,2,2,2,2,2,2,2,2,2,3,4,5,5,5,3,3,4,2,1,1,1,2,2,2,2,3,3,3,3,3,3,3,3,2,2,1,0,1,0,1,1,2,3,3,3,3,3,3,3,3,4,3,2,2,2,3,5,2,1,1,3,3,3,1,1,1,1,2,2,2,2,3,3,4,5,3,2,3,4,3,1,1,0,3,3,3,3,2,2,2,1,2,2,2,2,2,1,1,1,1,1,1,1,1,1,1,1,1,1,1,1,1,1,1,1
83,4,4,3,3,3,3,3,1,3,4,3,2,2,4,5,5,4,4,3,2,3,2,2,3,2,2,3,3,4,3,2,3,4,3,3,3,4,3,2,4,4,4,3,3,3,2,2,2,1,2,3,3,3,3,2,3,5,3,3,3,2,2,2,3,3,4,5,5,4,4,2,2,2,2,2,2,2,2,2,4,4,4,4,3,3,3,3,3,3,3,3,3,3,2,2,1,1,3,3,2,2,3,3,2,1,3,2,1,1,2,3,4,5,4,4,4,2,3,2,3,4,4,4,4,3,3,4,2,2,2,3,3,2,3,3,4,4,4,4,4,4,4,3,3,4,5,5,3,2,1,2,3,3,3,2,2,1,1,3,2,4,4,4,3,2,3,3,5,6,4,4,2,2,3,4,5,7,7,6,4,3,6,5,1,1,2,3,3,3,3,2,1,2,3,2,2,3,4,3,3,3,1,1,2,3,3,1,2,2,2,3,3,3,3,3,5,4,1,1,3,7,7,5,2,3,5,3,2,1,1,3,3,3,3,3,3,3,3,3,3,3,3,3,3,3,3,3,3,3,3,4,4,3,1,0,2,1,1,3,3,2,2,4,3,3,3,2,3,3,3,3,3,3,3,3,3,3,3,3,2,2,2,2,2,2,2,3,3,3,3,3,3,3,3,3,3,3,3,3,3,3,3,3,4,4,3,3,3,2,2,2,2,2,3,3,3,3,2,2,3,3,3,3,3,3,3,3,2,3,3,2,1,2,2,1,1,1,1,2,3,3,3,2,2,2,2,2,2,2,2,2,2,3,4,2,2,1,2,3,3,3,3,3,3,3,3,3,2,2,2,2,2,2,2,2,2,2,2,2,2,2,3,4,3,3,3,3,3,3,3,3,2,3,3,4,4,4,4,3,3,3,3,3,3,3,3,3,3,2,1,3,4,4,3,3,2,1,2,2,1,2,2,2,4,4,4,3,2,2,1,1,0,1,1,3,3,3,3,3,2,2,2,2,2,2,2,3,2,2,2,2,2,2,2,2,2,1,2,2,4,4,4,4,3,4,3,3,3,2,2,1,2,2,2,2,2,2,2,2,3,3,2,2,2,1,2,2,3,3,4,4,3,3,3,3,2,1,1,1,2,2,2,2,3,3,2,2,2,2,2,1,3,4,3,3,3,2,2,2,2,2,2,2,3,3,3,3,3,4,3,3,3,3,3,2,3,3,2,2,2,2,2,2,3,4,4,4,2,2,2,3,3,3,3,3,3,3,3,3,2,2,3,3,3,3,2,2,2,2,2,2,2,2,2,2,4,4,4,4,4,4,4,4,3,2,2,3,3,2,3,3,2,2,2,3,3,2,2,2,2,3,3,3,3,3,3,4,3,2,2,2,2,2,3,3,3,2,2,1,1,2,2,3,2,2,3,4,4,4,3,3,1,1,1,1,1,1,1,2,2,2,1,2,2,3,3,2,1,2,3,3,3,3,3,3,3,3,3,3,2,2,2,2,1,1,1,1,2,4,4,3,3,2,1,0,1,1,3,3,1,1,2,3,2,1,1,1,3,2,2,3,3,2,3,3,2,2,2,2,2,2,2,2,1,1,1,2,1,1,3,3,3,3,3,3,3,2,2,2,3,3,3,2,2,3,3,3,2,2,2,2,2,2,2,2,2,1,2,2,1,2,2,2,2,2,3,3,3,3,3,2,4,4,4,3,2,2,3,3,3,3,4,4,4,4,6,4,2,2,2,2,2,2,2,2,1,1,1,1,1,1,1,1,1,1,1,2,2,2,4,4,3,3,3,3,3,3,2,1,1,1,1,1,1,1,1,1,2,2,2,2,2,2,2,2,1,2,4,4,3,3,5,7,6,5,5,4,4,3,3,3,5,5,5,3,3,3,3,4,3,2,3,3,3,3,3,2,2,2,2,2,2,2,2,1,2,3,3,3,3,3,2,2,2,2,2,2,2,2,2,2,2,2,2,2,2,3,3,3,2,2,2,2,2,2,2,2,1,1,2,2,2,2,2,3,2,2,2,2,2,2,2,2,2,2,2,2,2,2,2,2,3,3,3,3,3,3,3,3,2,3,3,3,2,1,2,3,2,2,1,1,2,2,2,2,2,2,2,2,2,2,2,2,2,1,1,2,2,2,2,2,1,3,4,4,4,3,2,2,1,1,2,2,2,2,3,3,3,2,2,2,2,2,2,3,3,2,1,1,3,3,2,1,1,2,2,3,3,2,2,2,2,2,3,3,3,3,3,3,3,1,1,2,4,4,4,3,2,2,2,2,2,2,2,2,1,2,2,2,1,1,1,2,2,3
84,2,2,2,2,2,2,2,3,2,2,2,1,1,1,1,3,3,3,3,3,3,3,3,3,3,3,3,3,3,3,3,2,2,2,2,3,3,4,4,3,5,5,2,0,0,2,3,2,2,3,3,3,3,4,4,3,2,1,2,2,3,2,1,1,2,3,3,4,4,4,3,4,3,2,3,5,5,4,3,3,4,2,3,2,2,3,3,2,2,3,3,3,3,2,1,3,3,3,3,3,4,4,4,2,3,4,3,2,2,3,4,4,4,4,4,4,4,4,4,2,2,2,2,2,3,3,3,2,2,3,3,3,3,2,2,3,2,2,1,2,3,4,5,3,3,3,3,3,3,3,3,2,3,4,3,3,2,3,4,4,3,2,3,4,5,5,4,4,4,4,4,4,4,4,4,2,2,2,2,2,2,2,2,3,5,5,5,3,3,3,2,3,4,3,2,2,3,4,3,4,3,2,2,3,2,2,2,3,2,2,3,5,6,5,4,3,3,2,2,2,1,1,1,2,5,7,5,3,4,4,3,2,2,2,2,3,3,3,3,2,3,3,3,5,6,7,7,2,2,1,2,3,4,3,1,0,0,2,3,4,4,4,4,2,2,2,2,2,2,2,2,2,2,3,3,3,2,1,0,1,3,4,4,3,2,3,4,3,3,3,3,3,3,3,3,3,3,3,3,3,3,3,3,3,2,2,3,4,4,2,0,0,1,3,3,4,4,4,5,3,3,3,3,3,3,3,3,2,2,3,4,4,4,3,3,1,1,2,2,2,2,3,3,3,3,3,3,4,4,5,5,3,2,2,2,2,2,2,2,3,3,4,3,2,1,1,2,2,3,3,3,3,3,4,4,4,4,3,3,3,3,2,2,1,1,1,1,1,1,1,1,1,1,2,2,2,2,2,1,2,2,2,2,2,3,3,3,1,1,1,2,3,4,6,8,7,4,0,0,1,2,2,2,3,3,2,2,2,2,2,2,2,2,3,3,3,3,2,2,1,1,1,2,3,3,4,4,4,4,4,4,4,4,4,4,2,3,5,5,4,3,3,4,4,4,4,4,5,5,5,5,4,4,3,2,1,1,2,2,4,3,2,1,1,2,2,2,3,4,3,4,4,3,2,2,3,3,3,3,2,2,2,2,2,2,2,2,2,2,2,2,1,1,2,3,3,2,1,1,2,2,2,2,3,3,3,3,2,2,2,2,2,2,2,2,1,1,1,1,2,2,3,4,11,9,6,3,1,1,2,2,5,3,1,3,4,3,2,3,2,3,5,5,5,5,3,2,3,4,6,7,7,7,5,4,4,4,3,3,3,3,3,3,2,2,2,3,3,4,3,3,2,3,3,4,4,4,3,2,2,2,2,2,2,2,2,2,1,3,4,4,3,2,2,3,3,3,3,3,3,3,3,3,1,2,2,2,3,3,4,4,2,2,2,2,2,2,2,2,2,3,3,3,2,3,3,2,2,2,3,3,3,3,2,2,1,1,2,2,2,2,1,1,3,3,3,3,3,3,3,3,4,4,3,3,3,3,3,2,2,2,2,3,4,4,2,1,5,3,1,1,1,1,2,3,1,1,2,2,2,3,3,3,4,3,3,3,3,3,3,3,3,3,2,2,2,2,1,1,4,2,1,2,2,1,2,4,3,2,3,4,4,3,3,3,3,3,3,3,3,3,3,3,4,4,4,4,3,3,2,2,2,2,2,2,2,2,2,2,3,3,3,2,2,1,1,1,1,0,1,1,2,2,3,3,1,1,1,1,1,1,1,1,2,1,1,1,3,3,3,3,2,2,2,2,3,3,3,3,2,2,2,2,2,2,2,2,2,2,2,1,1,1,1,1,2,2,2,3,3,3,3,3,1,1,3,2,3,3,4,3,1,2,3,3,2,2,4,5,3,3,3,3,3,3,3,3,3,3,4,3,2,1,2,3,2,2,2,2,2,2,2,2,2,2,2,2,2,2,2,2,3,3,2,2,2,1,1,1,2,3,4,5,4,4,3,2,2,2,2,2,2,3,4,5,3,3,5,3,2,2,2,2,0,2,4,6,6,4,2,0,0,0,1,3,2,1,1,2,2,2,3,3,4,4,3,3,4,4,3,2,2,3,4,4,1,1,5,3,2,1,1,1,1,1,2,2,2,2,2,3,1,2,2,3,3,4,4,5,2,3,3,4,3,2,2,1,3,0,0,2,4,2,3,4,1,2,2,2,2,2,2,2,4,4,4,4,4,4,4,4,3,3,3,3,2,2,3,3,2,2,4,4,4,4,2,2,3,3,3,3,3,3,3,3,3,3,3,3,3,3,3,3,3,3
85,2,2,2,2,2,2,2,1,1,3,3,5,5,6,7,3,2,2,2,3,3,3,3,5,4,4,3,3,2,2,0,2,2,3,3,3,3,3,3,4,4,2,2,2,2,4,4,2,2,2,2,2,2,2,2,1,1,1,2,2,2,2,2,3,3,4,4,4,4,3,3,2,2,3,3,4,3,2,2,2,2,3,2,2,2,2,2,2,2,2,2,3,3,3,3,4,4,4,4,3,3,3,4,1,0,1,1,3,3,3,3,1,1,1,1,1,1,1,1,1,1,2,2,2,3,3,3,3,3,3,3,3,3,3,3,3,3,3,3,3,3,3,2,3,2,2,2,2,2,3,3,3,3,2,2,1,2,3,3,3,3,2,1,1,2,3,3,1,2,3,3,4,4,4,3,2,4,4,4,4,5,5,3,3,3,3,3,3,3,3,3,2,3,3,4,4,3,3,2,3,2,2,3,3,2,2,3,2,2,2,2,3,3,3,3,2,2,1,1,1,1,2,2,2,2,2,2,2,2,2,2,3,3,2,1,1,1,2,2,4,3,4,3,3,2,3,5,4,3,3,3,2,2,2,1,1,1,1,1,2,2,2,3,4,3,2,3,5,6,5,4,3,3,3,3,3,2,2,2,1,1,2,2,2,2,3,3,3,3,3,3,3,3,3,3,0,1,2,2,3,3,3,3,3,3,3,3,3,3,3,3,2,3,4,3,4,4,3,3,3,2,2,2,3,3,3,3,2,2,2,2,2,2,2,2,3,2,3,4,6,6,5,4,3,3,3,3,3,2,2,1,3,3,3,3,3,3,3,3,3,3,3,2,1,0,1,2,2,3,2,2,3,3,2,0,2,2,2,2,2,3,4,4,3,2,2,2,3,4,3,2,2,2,2,2,2,2,1,1,1,3,5,3,2,2,2,2,3,1,1,3,3,1,1,3,2,2,3,3,3,2,2,1,1,1,1,1,2,2,2,2,2,2,2,2,2,3,3,3,2,2,2,2,2,2,2,2,2,2,2,2,2,2,2,2,2,3,4,4,3,3,5,6,3,3,3,3,2,3,3,3,2,2,1,0,0,0,1,1,2,2,2,2,2,2,2,2,4,4,4,4,4,4,4,4,3,3,3,3,3,3,3,3,4,4,3,3,2,2,3,3,2,2,2,2,2,2,2,2,3,3,3,3,3,3,3,3,2,2,2,2,2,2,2,2,3,3,3,3,3,3,3,3,3,4,3,2,2,2,3,5,2,2,2,2,2,2,2,2,5,4,3,3,2,2,3,3,4,3,2,2,2,3,2,1,1,2,3,3,4,4,3,3,2,2,1,0,0,3,4,1,3,3,2,2,1,1,1,1,2,2,3,4,4,3,2,1,2,2,2,2,2,2,2,2,3,3,3,3,3,2,2,2,5,5,5,4,4,3,3,3,2,3,3,3,2,2,2,3,4,3,3,3,4,5,4,4,4,4,3,3,3,3,4,4,2,2,3,3,3,3,3,2,3,5,5,4,3,2,2,4,4,3,3,2,2,3,3,4,4,4,4,4,3,3,3,3,3,3,3,3,3,3,3,3,2,2,2,2,2,2,2,2,2,2,2,2,2,2,2,2,2,2,2,2,2,2,2,2,3,2,2,2,3,4,3,3,2,3,3,2,2,2,2,2,2,3,4,4,5,5,5,4,1,1,1,1,2,2,2,2,2,1,2,2,2,1,1,2,1,1,1,1,1,1,1,1,1,1,2,3,5,4,1,0,1,1,2,2,1,2,2,2,1,1,1,1,1,2,2,2,1,2,3,2,1,1,1,1,1,1,2,2,2,2,1,1,2,2,2,2,2,2,2,2,2,1,2,3,3,3,2,2,4,2,1,2,2,3,3,2,2,2,3,3,3,3,3,3,3,3,3,3,3,3,3,2,2,1,1,1,3,4,3,1,3,3,2,1,1,2,3,3,2,2,2,2,2,2,2,2,3,3,3,4,4,4,3,3,3,2,2,3,3,3,2,2,1,2,3,3,3,2,2,3,1,1,1,1,1,1,1,1,2,2,3,3,3,3,2,2,1,1,1,1,1,1,2,2,2,2,2,2,3,3,3,3,0,0,1,1,2,3,3,4,3,2,2,1,1,2,2,3,1,2,2,2,3,3,4,4,3,3,3,3,2,2,2,2,3,3,3,2,2,1,1,2,2,2,2,2,3,3,3,3,1,1,2,2,2,2,3,3,2,2,3,4,4,3,2,2,1,1,1,1,1,1,1,1,2,2,2,2,2,2,2,2,2,2,2,2,2,2,2,2,1,1,1,1,1,1,1,1,2,2
86,2,2,2,2,2,3,4,1,1,2,2,2,2,2,3,4,4,3,3,3,3,2,2,3,3,2,2,2,3,4,5,1,1,2,3,3,3,2,2,1,3,3,2,1,2,2,2,2,1,3,4,4,4,3,2,3,2,1,1,1,1,2,3,2,1,2,3,1,2,3,2,2,3,4,4,4,4,3,2,5,4,4,3,3,3,3,4,1,2,2,2,3,3,3,4,4,4,5,6,5,3,1,0,1,1,1,1,2,2,2,2,2,3,4,4,4,4,3,2,2,3,5,6,6,5,3,3,3,2,2,2,2,3,3,3,3,3,3,2,2,3,4,4,4,4,2,2,2,2,4,4,3,3,3,3,3,3,3,3,4,3,3,3,2,2,1,1,1,1,2,3,3,2,1,1,2,2,1,3,4,4,4,2,2,2,3,3,2,1,1,1,1,2,3,3,2,2,4,5,2,2,2,2,2,2,2,2,1,1,1,1,1,2,2,2,2,2,2,2,3,3,3,3,3,3,3,3,3,3,3,3,2,3,3,4,4,3,3,2,4,4,3,3,3,2,2,2,2,2,2,2,2,2,2,2,2,2,2,2,2,2,2,2,3,3,3,3,2,2,2,3,2,2,3,3,3,3,2,2,2,3,3,3,2,2,2,3,3,3,3,3,3,3,3,3,2,2,2,2,2,2,2,2,3,3,3,3,3,3,3,3,5,3,2,2,3,3,4,3,2,2,2,1,1,1,1,1,3,3,3,3,3,3,3,3,2,2,2,2,3,3,3,3,1,1,2,2,3,3,2,2,4,4,3,3,2,2,2,2,2,2,2,2,2,2,4,4,3,3,2,2,3,3,3,4,3,3,3,3,3,3,3,3,3,3,3,3,3,3,3,3,1,1,1,1,1,2,2,2,4,4,5,4,3,2,3,4,2,2,2,2,2,1,1,1,6,4,3,3,1,1,1,0,0,0,1,2,2,2,1,1,1,3,3,2,2,2,1,1,2,2,2,2,2,2,2,2,3,1,1,1,1,1,1,1,1,1,1,1,2,2,2,2,3,3,3,3,4,4,5,5,2,3,2,2,2,3,4,4,6,5,4,2,1,2,2,2,3,3,3,3,2,2,2,1,4,4,2,2,2,2,4,4,3,3,3,3,3,3,3,3,3,3,2,1,1,2,3,4,3,3,3,3,3,3,3,3,2,2,3,3,4,4,4,4,2,2,3,3,3,3,2,2,2,2,2,2,2,2,2,2,3,3,2,4,3,2,1,1,2,2,1,1,1,1,2,2,1,1,2,2,2,2,1,1,3,3,4,4,1,1,2,2,3,3,3,3,3,3,3,3,3,3,3,3,3,2,2,2,3,2,2,3,3,2,2,1,2,2,2,2,2,2,2,2,1,1,2,2,3,3,3,3,0,1,1,1,2,2,2,3,2,2,2,2,2,2,2,2,3,3,3,3,3,3,3,3,1,1,1,1,1,1,1,1,2,3,1,2,2,2,2,2,1,1,1,1,2,2,2,2,1,1,1,1,1,1,1,1,4,3,1,0,1,1,3,3,5,5,6,5,3,2,2,2,3,3,3,3,3,3,3,3,1,1,2,2,2,2,2,3,1,1,1,1,1,1,1,1,1,2,2,3,3,2,2,1,3,3,3,3,2,2,2,2,1,2,3,3,3,3,2,1,1,2,2,2,2,2,3,3,2,2,2,2,3,3,4,4,3,2,3,2,2,2,2,2,2,4,5,3,3,5,4,2,4,4,4,4,4,4,4,4,3,2,2,2,4,4,4,3,3,3,3,3,3,3,3,3,2,2,3,3,3,3,2,2,2,2,2,2,2,2,2,2,2,2,3,4,4,3,2,2,2,2,2,3,3,3,3,3,3,3,3,3,3,3,3,3,2,2,2,2,3,3,3,3,3,3,2,2,2,1,1,1,2,1,1,1,2,1,0,0,1,1,2,1,1,2,1,1,1,2,2,2,2,1,1,1,2,2,2,2,2,2,2,2,2,2,2,3,3,3,4,4,2,2,1,0,0,1,2,3,3,3,4,4,4,4,3,3,1,1,2,2,2,2,2,3,4,2,2,4,4,2,2,4,3,3,3,3,3,3,3,3,1,1,1,2,2,2,2,2,1,1,1,1,1,1,1,1,2,4,4,2,2,4,4,2,2,2,3,3,3,3,3,2,3,2,2,2,2,2,2,2,3,2,2,1,2,3,4,5,4,2,2,3,2,3,3,2,5,4,4,4,3,3,3,2,2,2,2,2,2,2,2,2,1,1,2,2,3,3,3,3,3,3,4,4,5,4,3,3,3,4
87,2,2,3,3,3,3,2,4,3,1,0,0,1,3,3,5,3,3,2,1,2,2,3,2,2,2,2,3,3,4,4,3,3,4,4,3,2,1,1,2,3,3,2,2,2,3,4,5,4,3,4,4,5,4,3,3,3,4,5,4,3,2,3,2,3,5,5,3,2,1,2,1,2,3,4,3,4,4,2,3,4,4,5,5,3,3,2,4,4,3,3,2,1,1,1,0,2,2,3,3,3,1,3,2,2,2,2,2,2,2,2,2,2,2,2,2,2,2,2,3,3,3,3,3,3,3,3,2,1,1,1,1,2,1,1,4,4,4,3,3,3,2,2,3,3,2,1,2,3,4,4,0,1,2,3,2,2,2,2,3,2,3,2,3,2,3,2,4,4,4,4,4,4,4,4,5,4,3,3,3,3,4,5,1,2,3,2,2,3,3,2,3,3,3,3,3,3,3,3,3,3,2,3,2,2,3,3,1,2,2,2,3,3,4,4,4,2,1,1,1,1,2,3,3,2,1,1,2,3,3,2,1,1,1,1,1,1,1,1,2,2,2,2,2,2,2,2,3,3,3,2,2,1,2,3,3,3,3,3,3,3,3,3,2,2,2,2,3,3,3,3,4,4,4,4,4,4,4,4,3,3,5,6,4,4,4,2,2,3,4,3,2,2,3,3,1,1,2,3,3,3,3,3,6,6,5,5,4,3,3,3,3,2,2,2,3,4,4,3,5,4,3,2,1,1,1,1,1,1,1,1,1,1,3,3,3,3,3,3,4,3,3,3,1,1,1,1,2,2,3,3,4,4,4,3,3,2,2,2,2,2,2,2,2,2,2,2,5,3,3,2,1,2,3,3,3,3,2,1,1,2,3,3,2,2,3,2,2,2,2,2,2,2,2,2,2,2,2,2,2,3,3,2,2,3,3,2,3,2,2,3,3,2,2,3,3,3,2,2,2,2,2,3,2,2,2,2,2,2,2,2,1,3,3,2,1,2,3,3,3,4,4,5,4,3,2,1,1,3,3,3,2,1,2,3,4,4,4,3,3,3,3,3,2,3,3,4,4,4,5,5,2,3,3,2,2,3,3,2,3,3,3,3,3,3,3,3,2,3,3,4,4,3,3,2,2,2,2,2,2,2,2,2,3,3,3,4,3,2,1,1,2,2,2,2,2,2,2,2,2,4,5,2,1,3,3,3,3,3,3,4,4,3,2,2,1,2,3,3,5,5,6,7,5,4,2,1,2,3,4,4,3,4,4,4,4,3,3,2,1,2,4,5,6,5,4,4,2,2,3,3,3,3,2,2,1,3,6,6,4,2,1,1,1,1,2,2,3,3,4,4,3,3,3,3,3,3,3,3,0,2,5,3,3,4,3,1,1,1,2,3,3,2,1,1,1,1,1,1,2,2,2,2,2,3,3,3,4,4,4,4,3,3,2,2,2,3,3,3,3,3,3,3,3,3,3,3,2,2,2,3,3,3,3,3,2,2,2,2,2,1,1,1,2,2,2,2,2,2,2,2,2,2,2,2,2,2,2,2,1,1,2,2,2,2,3,3,3,2,1,1,1,1,2,3,3,3,2,2,2,2,1,1,3,4,4,3,2,3,3,2,1,1,1,1,1,1,1,1,1,1,3,4,4,4,2,2,2,2,1,1,2,3,4,4,2,1,2,1,1,1,1,1,2,2,2,2,1,1,1,1,2,2,2,2,2,2,2,2,2,2,2,2,2,2,2,2,2,2,2,2,2,1,1,1,2,2,3,3,3,3,2,2,2,2,2,2,2,2,2,2,3,3,3,5,5,3,3,3,3,3,3,3,3,3,3,3,3,3,3,3,3,3,3,3,3,4,4,3,4,5,5,4,3,4,5,4,4,4,3,1,1,1,1,1,1,1,2,2,2,2,1,1,2,3,4,4,5,4,4,5,4,1,2,3,3,3,2,2,2,2,3,3,3,4,5,4,2,1,2,3,4,3,4,5,3,4,5,4,3,3,3,3,3,3,3,3,2,2,2,2,2,2,2,2,2,2,3,3,3,3,2,2,1,1,1,1,1,1,2,2,0,1,2,3,3,3,1,1,1,2,2,3,3,2,2,1,3,3,3,3,3,2,1,1,5,4,3,2,2,2,2,3,3,2,1,1,1,1,1,2,2,2,2,2,2,2,2,2,1,1,2,2,2,2,3,3,2,2,3,3,3,3,2,2,2,2,3,4,4,4,3,3,2,1,1,1,2,2,2,1,1,1,1,1,1,1,1,1,2,2,2,2,2,2,2,2,2,2,2,1,1,2,2,3,4,3,3,2,2,3,2,3,3,3
88,2,2,2,2,2,2,2,2,2,2,2,2,2,2,2,2,2,2,2,2,2,2,2,3,3,3,2,2,1,1,1,1,2,2,2,2,2,3,3,3,3,3,3,3,3,3,3,2,2,2,2,2,3,3,3,4,4,4,4,4,4,4,4,4,3,3,2,3,3,3,3,3,3,3,3,3,2,3,3,3,2,1,1,2,3,4,4,3,3,3,3,3,3,3,3,2,2,2,2,2,2,1,1,1,2,3,3,3,3,2,2,4,4,4,4,4,3,3,3,3,3,3,3,3,3,3,3,2,2,2,3,3,2,2,2,2,2,2,2,2,2,2,2,2,2,2,2,2,2,2,2,3,4,4,4,2,2,2,3,1,2,3,4,4,4,3,3,3,1,1,3,3,2,2,4,2,3,4,4,4,4,3,3,2,2,2,2,2,2,2,2,2,2,2,2,2,2,2,2,2,2,2,2,2,2,2,2,3,2,3,1,2,2,3,4,3,3,2,3,2,1,1,1,2,3,2,0,0,2,3,2,3,4,4,4,4,3,3,4,2,2,1,2,2,3,3,5,2,2,2,2,2,2,2,2,2,2,2,2,3,3,3,3,4,3,2,2,2,3,4,4,5,4,3,2,2,2,2,3,4,3,1,1,2,3,3,2,3,2,1,1,3,3,3,2,2,2,2,2,2,2,2,2,3,3,3,3,3,3,3,3,3,2,2,2,2,3,3,3,3,3,3,3,3,3,3,3,3,3,4,4,4,3,3,2,2,2,3,3,3,3,4,4,2,1,1,1,1,1,1,0,2,2,2,2,2,2,2,2,4,4,3,2,2,3,4,4,2,3,3,4,4,3,3,2,4,4,3,3,2,2,2,2,2,3,4,4,2,2,3,4,2,1,1,2,4,4,3,3,3,3,3,3,3,3,3,3,2,2,2,3,3,4,4,4,3,3,3,3,3,2,2,1,1,1,2,3,3,2,1,0,3,3,3,3,3,3,3,3,4,4,4,4,4,4,4,4,2,2,2,2,3,3,3,3,3,3,3,3,3,3,3,3,3,4,4,3,2,1,2,2,2,2,2,2,2,2,2,2,3,4,3,2,2,2,2,2,2,2,2,2,2,2,2,2,4,2,0,2,4,4,6,5,3,3,3,3,3,3,3,3,2,3,3,3,2,2,2,3,2,2,2,2,2,2,2,2,2,2,2,2,2,2,2,2,3,3,4,4,4,4,3,3,3,3,3,3,3,2,2,2,2,3,3,3,3,3,3,4,3,3,2,1,1,2,3,3,1,1,4,3,3,2,2,2,2,3,4,3,3,2,3,4,1,2,3,4,4,3,3,2,3,3,3,3,3,3,3,3,3,3,3,3,3,3,3,3,3,3,3,3,3,3,3,3,1,1,1,1,1,1,1,1,1,2,3,2,2,2,2,2,2,1,1,2,1,2,2,2,1,3,5,6,6,5,4,4,1,1,2,2,3,4,5,5,4,4,4,4,4,4,4,4,2,2,2,2,2,3,3,2,2,2,1,1,1,2,2,2,2,1,2,2,2,2,3,2,4,4,4,3,4,4,4,3,2,2,2,2,3,3,3,3,2,2,2,2,2,2,2,2,2,2,2,2,2,2,2,2,2,2,2,2,3,3,3,3,2,2,2,2,2,2,2,2,3,3,2,2,2,2,2,2,2,2,2,2,2,2,2,2,3,3,3,3,4,4,4,4,4,4,4,4,3,3,2,2,2,2,2,2,2,2,3,3,5,5,3,3,3,1,1,2,1,2,3,3,4,4,4,4,3,3,3,3,3,3,3,3,5,3,1,1,2,2,2,1,2,2,2,3,3,3,3,3,3,3,4,5,4,4,3,3,3,3,3,3,1,1,1,2,3,3,3,3,3,3,3,3,2,2,2,2,2,3,3,3,2,3,4,3,2,1,2,4,2,2,2,2,2,2,2,2,6,6,5,3,2,1,3,4,3,3,3,3,3,3,3,3,3,3,3,4,4,3,3,3,1,2,3,4,4,4,3,2,1,1,1,1,1,1,1,1,1,1,1,2,3,3,3,2,0,1,1,2,2,3,3,4,3,2,2,2,3,3,3,3,2,2,2,2,2,2,2,2,4,4,3,3,3,2,2,2,2,2,2,2,2,2,2,2,2,2,2,1,1,1,2,2,2,2,2,2,2,2,2,2,4,3,2,1,2,2,1,1,2,3,3,2,2,2,3,2,3,3,3,4,2,0,0,3,2,2,1,2,3,3,2,0,3,3,2,2,2,2,2,2,2,2,2,2,2,3,3,3,4,3,3,3,2,2,2,2,3,4
89,2,2,2,3,3,3,3,5,4,3,3,2,3,3,3,4,4,4,3,3,3,3,3,1,2,2,3,3,2,2,1,2,1,1,1,2,2,4,6,2,2,2,2,2,2,4,5,3,2,2,2,3,4,4,5,3,3,3,3,3,3,4,4,2,2,3,3,4,4,4,4,5,4,3,2,2,2,3,3,3,3,3,3,3,3,3,3,0,2,2,2,3,5,5,4,2,3,3,4,4,3,3,2,2,2,2,2,2,2,2,2,3,3,3,3,3,3,3,3,4,3,2,3,3,3,4,4,5,4,3,2,2,2,3,3,3,3,3,3,3,3,3,3,2,2,2,2,2,2,2,1,3,3,4,4,4,4,3,3,2,2,2,1,1,2,3,5,3,2,2,1,1,1,2,3,2,2,3,3,3,2,3,3,2,2,2,2,2,2,2,2,2,2,1,1,0,1,2,3,5,4,3,2,1,2,2,3,2,1,1,2,4,4,3,1,3,3,2,2,3,4,3,2,3,3,3,3,4,4,5,5,4,4,4,3,3,2,2,2,1,3,5,3,1,0,2,4,3,3,2,2,2,2,3,3,2,2,2,2,2,2,2,2,3,3,3,3,3,3,3,3,4,4,5,4,3,2,1,2,2,2,4,4,4,3,1,0,3,3,3,3,3,3,3,3,2,2,2,2,2,2,2,2,2,2,3,3,3,3,3,4,3,2,2,3,3,2,2,3,3,4,4,3,3,2,2,2,3,3,3,3,3,3,3,3,1,1,2,1,1,1,4,6,2,2,1,1,1,2,3,3,4,4,3,2,2,3,4,4,3,3,3,3,3,3,3,3,3,2,1,2,3,3,2,2,2,2,1,2,3,4,3,3,3,5,6,5,4,3,3,4,3,3,3,3,3,3,3,3,4,4,4,4,4,4,4,4,2,1,2,2,2,2,1,1,1,3,3,3,2,1,2,2,0,1,2,3,3,3,2,2,2,2,3,4,4,4,3,3,2,2,2,2,3,4,5,5,3,3,3,4,4,3,3,2,1,1,2,3,4,4,5,6,6,5,5,4,3,2,2,1,3,3,3,3,3,3,3,3,4,4,3,3,2,2,2,2,4,3,1,2,2,4,6,6,3,3,3,3,3,2,2,2,2,1,1,2,2,2,3,3,1,1,1,1,1,1,1,1,1,1,1,1,1,1,1,1,3,3,3,3,3,3,3,3,2,2,2,2,3,3,3,3,3,3,3,3,3,3,3,3,3,2,1,2,3,3,3,2,2,2,2,2,2,3,3,3,4,3,2,2,2,3,2,1,4,3,3,3,2,2,2,2,5,5,4,2,2,2,3,3,3,3,3,3,3,3,3,2,3,3,5,6,5,4,3,2,4,4,3,3,3,3,2,2,3,3,2,3,4,5,4,3,3,3,4,4,4,3,2,2,2,2,2,2,3,3,3,3,3,3,4,4,4,4,4,4,2,2,3,3,3,3,3,3,3,3,3,4,3,3,2,2,3,3,3,3,3,4,4,4,1,1,1,1,1,1,1,1,1,1,1,1,1,1,1,1,1,1,2,2,2,2,2,2,2,2,2,2,2,2,2,2,1,2,3,3,3,3,2,1,3,3,3,3,3,3,3,3,3,3,3,3,3,3,3,3,2,2,2,2,2,2,2,2,2,2,2,3,3,3,3,3,4,4,4,4,4,4,4,4,2,2,2,2,2,2,2,2,5,4,3,3,3,3,4,5,1,2,4,5,5,5,3,2,2,3,2,2,2,2,2,2,2,2,2,2,2,2,2,2,2,2,2,2,2,2,2,2,2,2,1,2,3,4,4,3,2,2,2,2,2,2,2,2,2,2,2,2,2,2,2,2,3,3,3,3,3,3,3,3,4,4,4,3,3,3,2,2,3,3,3,3,3,3,3,3,4,4,4,4,4,3,3,3,2,3,2,3,3,3,3,3,1,1,3,4,5,4,2,2,2,2,2,2,2,2,2,2,2,2,2,2,2,2,2,2,3,3,3,3,3,3,3,3,1,1,1,3,3,2,2,2,1,2,4,4,2,1,2,3,1,1,1,1,1,1,1,1,1,1,2,2,2,2,1,1,4,3,2,2,2,2,4,5,6,4,3,2,2,2,3,4,3,3,3,3,3,3,3,3,2,2,2,2,2,2,2,2,1,1,2,2,2,2,3,3,6,4,2,3,3,1,2,4,2,1,1,2,2,1,2,2,1,1,1,2,2,3,3,3,3,3,3,3,4,4,5,5,2,2,2,2,3,3,3,3,2,2,2,2,2,2,2,2,1,1,2,2,2,3,3,3,1,2
90,1,1,1,1,1,2,2,2,2,1,1,1,1,2,2,3,3,3,3,3,3,3,3,5,2,1,4,5,3,3,3,4,3,1,0,1,2,2,2,1,1,0,2,5,3,2,5,2,2,1,2,3,2,3,3,1,1,1,1,1,1,1,1,2,2,3,3,3,3,2,2,2,1,3,5,6,4,1,0,2,2,5,6,6,6,5,5,4,3,3,3,3,3,3,3,1,3,3,2,2,3,2,2,1,2,4,5,5,4,2,1,4,4,3,4,3,2,2,3,1,1,2,2,2,2,2,2,3,2,1,2,3,4,3,2,2,3,4,3,3,3,2,3,1,1,1,1,1,1,1,2,2,2,3,3,3,3,2,2,2,2,2,2,2,2,2,2,1,1,1,1,2,2,3,3,3,2,1,0,0,1,2,3,3,3,4,4,3,2,1,1,1,0,1,2,3,3,3,2,3,3,2,2,1,1,0,0,2,2,3,2,2,2,3,3,2,2,2,2,2,2,2,2,3,2,2,3,4,4,4,4,4,4,4,4,4,4,4,4,6,5,3,3,2,3,2,2,2,2,2,2,2,2,2,2,2,2,2,2,2,2,2,2,2,2,2,2,2,2,2,2,4,3,3,3,3,3,3,4,2,2,2,2,2,2,2,2,1,2,4,4,3,2,2,2,3,3,3,3,3,3,3,3,3,3,3,3,3,3,3,3,1,1,1,1,1,1,1,1,2,3,3,2,1,1,2,4,3,3,2,1,1,1,2,2,2,2,2,2,2,2,2,2,3,3,3,1,1,2,4,3,2,2,3,4,4,4,3,2,3,3,4,4,4,4,3,3,2,2,2,2,2,2,2,2,3,3,2,2,2,3,4,4,4,2,3,3,1,1,2,0,2,1,2,3,5,5,4,2,3,3,3,3,3,3,3,3,3,3,3,4,4,4,4,4,5,4,3,3,3,2,1,2,1,1,1,2,2,2,2,2,1,1,1,2,3,2,1,1,2,2,2,2,2,2,2,2,3,3,3,3,3,3,3,3,3,2,2,2,2,2,2,2,1,3,4,4,3,3,4,5,4,3,3,3,3,3,2,2,4,4,4,4,3,2,1,0,3,3,3,4,3,3,3,3,2,1,1,1,1,1,2,2,4,3,2,1,1,1,2,2,2,2,2,2,2,2,2,2,1,2,3,2,2,1,2,3,2,3,3,3,2,2,2,3,3,3,3,2,2,3,3,3,2,2,2,2,2,2,2,2,2,3,3,3,1,1,2,4,2,2,2,2,2,3,3,3,3,3,3,3,3,3,3,3,5,5,4,4,3,3,3,3,4,2,3,4,2,2,3,1,3,3,3,3,3,3,3,3,1,1,2,2,2,2,2,2,2,2,2,2,2,2,2,2,3,3,3,3,3,3,3,3,1,1,2,3,3,3,2,2,4,5,5,5,6,7,5,2,3,3,3,3,3,3,3,3,2,2,3,4,3,3,2,1,3,3,3,2,2,2,3,2,3,3,3,3,4,4,4,4,4,3,3,3,3,4,3,2,1,2,2,3,3,4,4,4,1,1,1,2,2,3,3,3,2,2,2,2,1,1,1,1,1,1,1,1,1,1,1,1,3,3,2,2,2,2,3,3,3,2,1,1,2,2,2,1,1,1,1,1,1,1,1,1,3,3,3,3,3,3,3,3,2,2,3,2,2,2,3,3,2,2,3,3,3,2,2,2,2,2,2,2,3,3,2,2,3,2,2,2,2,2,2,2,0,1,3,4,5,5,4,4,1,1,2,3,3,2,1,1,5,4,3,1,2,2,3,3,2,2,2,2,2,2,2,2,1,4,6,5,3,1,1,3,1,1,2,3,3,4,4,4,3,3,1,1,1,1,2,2,3,3,2,3,2,3,2,2,1,1,3,3,3,3,1,1,2,3,3,2,2,2,1,1,2,2,2,2,2,2,2,2,2,2,2,2,2,2,2,2,4,3,2,2,1,2,2,2,3,3,3,3,3,3,3,3,3,3,2,2,3,3,2,2,1,1,1,1,1,1,1,1,2,2,2,2,2,2,2,2,1,1,1,1,1,1,1,1,1,2,3,3,3,3,2,1,2,1,1,1,2,2,2,2,3,2,1,2,4,4,2,0,1,1,2,2,2,2,3,3,3,3,3,3,3,3,3,3,3,3,3,3,3,3,3,3,1,3,4,2,1,3,2,0,2,2,2,2,4,4,4,3,2,2,2,3,3,3,3,3,1,1,1,1,1,1,1,1,1,1,1,1,1,1,1,1,1,1,1,1,1,1,1,1,3,3,3,2,2,3,3,2,3,3
91,3,3,3,3,3,3,3,2,3,3,4,4,3,3,1,3,2,2,2,2,2,2,2,5,5,4,5,3,2,3,2,2,0,1,1,2,3,2,2,5,4,4,3,3,2,2,1,2,2,2,2,3,3,3,3,3,2,1,1,1,1,2,3,2,2,3,3,3,1,1,1,3,4,5,4,3,3,4,5,4,5,6,7,7,6,5,4,3,3,3,3,3,4,4,4,3,3,3,3,4,3,1,0,2,3,4,3,2,1,2,4,1,2,3,3,3,3,3,3,3,3,3,3,3,3,3,3,4,4,3,2,2,2,2,2,2,2,3,3,4,5,5,5,3,2,2,3,4,4,4,2,3,2,2,1,1,2,2,3,4,3,3,2,2,3,3,4,2,3,4,2,1,2,4,4,3,4,6,6,6,5,3,2,2,3,4,3,3,3,2,1,2,2,3,3,3,2,2,1,2,2,1,1,2,2,2,2,2,0,4,8,9,6,3,3,2,2,2,2,3,3,3,3,4,4,3,1,0,1,2,2,2,2,2,2,2,2,2,2,1,2,3,2,1,1,1,3,3,3,3,3,3,3,3,3,3,3,2,2,2,2,1,1,6,4,3,2,2,3,4,5,5,5,4,3,3,2,2,2,1,1,2,2,2,2,3,3,3,4,6,4,3,1,2,3,3,4,4,2,2,5,6,5,3,3,3,2,2,1,1,1,3,4,4,4,2,1,1,2,1,1,2,2,2,2,2,2,2,2,3,3,2,1,1,1,2,3,4,3,3,3,2,2,3,1,1,2,3,3,3,4,4,4,4,3,2,2,1,1,0,1,2,2,3,2,2,2,2,2,2,2,3,3,4,4,2,2,3,3,4,4,4,4,2,2,2,2,2,2,2,2,1,2,2,4,3,3,3,2,2,2,2,2,3,3,3,3,3,3,3,3,3,3,3,3,3,2,2,2,2,3,3,3,4,4,3,3,3,2,2,2,1,2,4,4,4,4,2,1,2,3,2,1,2,2,2,2,4,4,3,3,2,2,2,2,2,2,2,2,2,2,2,2,2,2,1,1,1,2,2,3,2,2,2,2,2,2,2,2,3,2,2,1,1,2,2,3,4,4,3,3,3,3,2,2,3,3,3,3,3,3,3,3,2,2,2,1,1,2,2,2,3,2,2,1,1,1,2,3,1,2,1,1,2,5,4,1,3,2,3,4,3,2,1,1,2,2,1,2,2,2,3,4,4,3,3,3,2,3,3,3,3,2,2,2,3,3,3,2,3,3,3,3,3,3,3,3,2,2,2,2,2,2,2,2,2,3,5,6,5,4,2,2,3,3,3,2,2,2,1,1,3,3,3,3,3,2,2,2,2,2,2,2,3,3,3,3,2,2,2,2,2,2,2,2,2,1,1,1,1,1,1,1,3,3,3,3,3,3,3,3,3,2,2,4,5,3,3,5,2,2,2,2,2,3,3,3,2,2,2,3,3,4,4,4,0,1,1,1,0,0,1,3,3,3,4,4,4,4,4,5,2,2,2,2,2,2,2,2,2,2,2,3,3,3,3,3,4,3,3,2,2,1,2,2,3,2,1,1,1,1,2,3,1,1,1,1,2,2,2,2,2,2,2,2,2,2,2,2,1,1,2,2,2,2,3,3,2,2,2,2,2,2,3,3,1,2,4,3,2,1,1,2,2,1,1,1,2,2,2,2,1,1,1,1,1,1,2,2,2,2,2,2,2,2,2,2,2,2,2,3,2,2,3,3,2,3,3,4,4,3,3,2,2,2,1,1,2,5,5,3,2,2,2,2,2,2,2,2,3,3,2,1,1,2,3,3,3,3,1,1,1,1,2,2,2,3,3,3,4,4,4,4,5,3,3,2,1,1,2,2,2,2,2,2,2,2,2,2,3,3,4,4,4,3,3,3,3,2,2,2,3,3,3,3,1,1,1,2,3,3,4,4,1,2,2,2,1,2,3,4,5,5,4,3,3,3,2,2,1,2,3,3,3,2,2,3,2,2,2,2,2,2,2,2,2,2,2,2,2,1,1,1,3,1,2,4,4,2,1,3,3,3,2,2,1,2,3,4,1,1,1,2,2,2,3,3,4,3,0,0,2,3,3,1,1,1,2,3,4,4,3,3,2,3,2,2,1,1,3,3,3,3,3,3,3,3,3,3,2,1,3,4,2,1,2,3,0,1,4,4,4,3,2,3,2,2,3,3,4,4,4,3,3,3,3,3,3,3,3,3,3,3,3,4,4,3,3,1,4,4,5,5,5,5,4,4,2,2,2,2,2,2,3,3,4,4,3,3,3,2,2,2,2,2
92,2,3,3,2,2,1,2,1,0,1,2,3,3,2,1,5,5,5,3,3,5,6,5,3,3,3,3,3,3,3,3,1,1,4,4,4,4,4,4,5,5,4,3,2,1,2,3,3,3,3,3,3,3,3,3,2,3,3,3,2,2,3,3,4,4,4,4,4,4,4,4,3,1,3,6,5,3,3,4,3,4,4,4,4,3,3,2,1,2,3,3,2,2,2,3,2,2,4,4,4,3,2,3,4,3,1,3,3,3,2,1,1,5,4,2,4,6,7,7,6,5,4,3,2,2,1,2,2,2,2,2,2,2,2,2,2,1,1,2,2,2,2,3,3,3,3,3,3,3,3,3,2,2,2,2,1,1,3,4,3,3,3,2,3,2,0,0,2,3,3,3,3,3,2,1,0,1,2,3,3,3,4,6,2,3,3,3,2,2,3,3,1,3,3,3,3,3,5,5,2,2,2,3,3,3,3,3,3,3,3,3,3,3,3,3,2,2,1,0,0,2,2,2,4,4,4,3,3,2,3,3,2,2,2,2,2,2,2,3,3,3,3,3,3,3,3,3,2,2,2,2,2,2,3,3,3,3,4,4,3,3,3,3,2,1,1,3,4,2,2,4,4,3,4,4,3,3,2,2,4,4,4,3,3,3,2,2,3,3,1,2,3,4,3,1,2,2,2,2,2,2,3,3,5,5,3,3,3,2,3,3,5,5,5,5,4,4,4,3,3,3,3,3,3,3,3,3,3,1,1,1,1,2,2,1,2,2,4,3,3,3,3,3,2,2,2,3,3,2,2,2,2,4,4,4,4,3,4,5,4,3,3,3,3,3,3,3,3,3,3,2,2,2,3,3,3,2,3,3,3,3,3,2,2,2,2,2,2,2,2,2,2,2,3,4,4,4,4,3,4,4,5,5,4,5,5,4,4,3,4,5,5,3,3,3,1,3,4,4,3,2,2,2,1,3,4,4,3,1,2,3,4,4,4,4,5,5,5,5,5,4,4,4,5,5,5,5,1,0,2,2,3,3,3,3,3,3,3,3,3,3,3,3,3,3,3,3,3,3,3,3,3,2,2,1,2,3,3,3,2,3,3,2,3,3,4,4,2,2,2,0,0,0,1,0,1,1,1,1,1,1,1,1,2,2,3,4,4,4,2,2,2,1,1,1,1,1,1,1,1,3,3,4,4,3,2,1,3,3,3,3,3,3,3,3,2,2,2,2,2,2,2,2,3,3,4,4,4,4,3,3,2,3,3,3,3,3,3,2,2,2,2,2,2,2,3,4,2,2,1,1,1,1,2,2,2,2,2,2,2,2,2,2,2,1,4,5,4,4,5,4,2,2,2,2,2,2,2,2,3,3,3,3,3,3,3,3,3,3,3,3,3,3,3,3,2,2,2,1,1,1,1,1,3,2,2,2,2,2,1,1,1,1,1,2,2,2,3,3,4,3,3,3,3,3,2,2,2,1,1,1,1,2,3,3,3,3,3,2,2,2,2,2,2,2,2,2,2,2,2,2,3,3,3,3,2,2,1,1,3,3,3,3,3,3,3,3,3,3,2,2,2,2,2,1,1,2,1,1,1,1,2,2,2,2,3,3,3,3,2,2,1,1,1,1,1,2,2,2,4,3,3,2,2,3,3,4,3,3,2,2,2,2,3,3,2,2,3,3,3,3,2,2,2,2,2,2,2,2,2,2,5,5,4,4,3,2,2,2,3,4,4,4,2,2,2,3,4,4,4,4,3,3,3,2,1,1,2,2,3,3,3,3,2,3,3,2,2,3,3,2,1,2,4,3,2,1,3,4,1,1,0,1,1,1,1,1,3,3,3,3,1,1,1,2,5,5,5,4,4,3,2,3,5,2,1,2,4,4,3,2,3,3,3,3,3,3,3,3,2,3,3,4,4,3,3,2,2,2,4,4,4,3,5,5,5,3,2,2,1,1,1,1,1,2,3,2,1,1,3,3,3,3,3,3,3,3,3,2,1,2,2,2,2,2,2,2,2,2,2,2,2,2,2,2,2,2,2,2,2,3,3,3,3,3,3,3,3,3,3,3,2,2,2,2,3,3,3,3,2,1,1,2,4,4,4,2,3,3,3,2,2,1,2,2,1,1,1,2,2,1,1,1,3,3,3,3,3,3,3,3,1,3,4,3,3,3,5,5,5,4,5,4,3,5,5,4,3,1,1,3,2,0,2,2,1,2,2,3,3,3,3,3,2,2,2,2,2,2,2,2,2,4,3,1,3,5,4,2,1,1,3,3,3,3,2,1,4,4,4,3,3,3,3,4,3,4,5,2,1,0,0,2,2,2
93,2,0,0,2,3,3,2,2,3,3,3,2,1,2,2,3,3,3,3,3,3,3,3,3,2,2,1,1,1,1,1,3,3,2,2,2,2,3,5,4,4,4,4,4,3,3,3,3,2,1,1,1,1,2,2,2,2,3,3,3,4,4,4,3,2,2,2,3,4,5,4,2,2,4,4,5,5,4,4,3,4,4,3,2,2,2,1,2,3,3,4,4,3,3,3,4,6,6,3,3,3,1,1,3,3,3,3,3,3,3,3,2,2,2,2,2,2,2,2,1,1,1,1,1,1,2,2,3,3,3,3,3,3,3,3,3,3,3,3,3,3,3,3,1,1,1,1,1,1,1,1,3,4,4,4,3,3,2,1,1,3,3,1,2,3,4,2,1,1,2,3,3,2,2,1,3,2,2,3,5,5,5,5,3,2,2,3,3,3,2,0,2,1,1,1,1,2,3,3,4,4,4,3,3,3,2,2,1,1,2,2,3,3,2,3,3,3,3,3,3,3,3,3,4,4,3,2,2,2,3,4,1,2,2,3,3,3,2,1,2,3,3,5,4,3,4,3,1,2,2,2,1,1,1,2,2,2,2,3,3,3,3,3,3,3,3,4,3,2,3,3,3,4,3,1,2,2,3,3,3,3,2,2,2,2,2,2,2,2,2,3,2,3,3,3,2,3,4,4,3,3,3,5,3,2,2,2,3,3,3,3,3,3,1,2,3,4,4,3,3,3,3,3,3,3,3,3,2,2,3,3,3,3,3,2,3,4,3,3,3,3,4,3,4,3,1,1,1,3,3,3,3,3,2,2,1,2,3,4,4,3,3,3,3,3,3,4,3,2,2,2,1,1,1,1,3,3,3,3,2,3,4,5,3,1,2,2,2,3,3,3,3,3,3,3,4,3,3,3,4,4,4,4,3,2,2,4,2,3,3,3,4,4,4,4,3,3,3,3,2,3,3,4,2,2,1,1,1,1,2,3,5,5,5,5,5,5,5,6,7,6,4,4,3,3,2,2,2,3,3,3,3,4,4,4,4,4,4,4,4,4,4,4,4,3,3,3,4,3,4,4,4,4,3,2,2,2,3,4,3,3,3,2,2,2,3,3,2,2,3,3,3,3,2,2,3,3,3,5,4,4,5,5,2,2,2,2,2,2,2,2,2,3,4,3,3,3,2,1,1,2,2,2,3,2,2,1,2,2,3,4,4,3,3,4,3,1,0,0,1,2,2,3,5,4,4,4,3,3,3,3,3,3,3,3,3,2,2,2,3,3,3,3,4,4,4,4,3,3,3,3,4,5,5,5,5,5,5,4,2,3,3,4,3,2,4,3,1,3,5,3,3,2,3,3,3,3,2,1,2,4,4,3,3,4,4,4,2,2,3,3,3,4,3,4,3,2,2,1,2,2,3,3,2,2,2,2,2,2,2,2,4,3,3,3,3,3,4,3,1,1,2,3,4,3,2,1,1,1,1,1,1,1,1,1,1,2,2,2,2,1,1,2,2,2,3,3,3,2,2,3,3,3,3,3,3,3,3,2,1,2,3,3,2,3,3,3,2,3,3,3,3,3,4,3,3,4,5,5,4,4,2,2,2,4,4,3,3,2,3,3,2,2,3,3,3,2,3,3,3,3,3,3,3,3,3,2,1,2,2,1,1,2,1,2,2,2,2,2,2,3,2,1,2,3,3,3,1,1,3,3,1,1,2,3,4,3,2,2,2,3,3,2,3,3,3,3,2,1,1,2,2,3,3,2,1,1,1,2,2,2,2,2,1,1,1,1,1,1,1,2,3,1,1,1,3,3,3,2,4,3,3,3,2,2,2,2,3,3,5,6,5,3,3,3,3,2,3,3,3,3,3,3,2,1,2,3,4,4,3,3,1,1,1,1,2,2,2,3,4,4,4,4,3,3,4,3,2,2,3,4,4,3,2,3,3,3,4,3,3,3,4,3,3,4,3,3,3,3,3,4,2,1,2,3,3,3,2,2,1,3,3,1,1,1,1,2,1,1,1,1,1,1,1,1,3,3,3,4,3,3,3,3,2,1,4,4,2,1,2,4,3,2,3,3,3,3,3,3,3,3,3,3,4,3,3,3,2,1,3,5,6,6,6,6,5,3,5,4,3,4,5,3,3,3,3,3,3,3,3,3,1,1,1,1,2,2,2,1,2,1,1,1,1,1,1,1,2,1,2,1,1,1,2,2,2,2,2,2,2,2,2,2,2,5,4,2,2,3,1,1,2,2,1,1,2,2,2,1,3,3,2,3,1,2,2,3,3,3,2,3,3,2,2,2,3,4,3,3,3,2,2,3,3,2
94,2,1,2,2,3,3,3,2,2,3,3,2,2,2,2,2,2,2,2,2,2,2,2,3,3,3,3,3,3,3,3,2,2,3,2,2,1,2,2,3,4,5,4,3,2,2,4,3,2,2,2,2,2,2,2,3,3,2,3,4,3,3,3,4,4,4,4,4,4,4,4,1,2,3,3,2,2,2,1,3,3,1,1,1,0,1,1,1,1,1,1,1,1,1,1,3,3,1,1,1,2,2,2,3,3,3,2,2,2,2,2,2,2,2,2,2,2,2,2,2,2,2,1,2,3,3,2,3,4,4,3,3,3,4,4,3,3,3,2,3,3,3,3,4,3,3,3,3,3,2,3,2,2,2,3,3,4,3,3,3,3,2,2,2,3,3,3,3,2,2,2,2,2,1,1,1,2,3,3,2,2,2,3,3,3,3,3,3,3,3,3,3,3,3,3,4,4,4,4,4,4,4,4,3,3,3,3,3,3,3,1,3,4,5,7,6,4,2,0,0,1,3,4,4,3,3,2,2,2,3,3,3,2,2,2,3,4,4,3,3,3,3,3,3,4,4,4,3,2,2,1,2,2,2,3,5,3,1,3,5,5,4,2,4,4,4,3,2,1,2,2,3,5,4,2,4,6,5,3,4,4,4,3,2,2,1,2,4,4,4,5,5,5,5,5,3,3,3,3,3,3,3,4,5,4,4,4,4,3,3,2,2,2,2,3,3,3,3,3,3,2,3,3,2,3,3,3,3,3,3,3,3,3,3,3,3,3,3,3,3,3,3,3,1,1,3,3,3,3,3,4,4,4,4,3,3,2,2,3,4,4,4,4,4,4,4,4,3,3,3,3,3,3,3,3,2,2,1,1,1,1,2,2,2,2,2,2,2,2,2,2,3,3,3,3,3,3,3,3,2,2,2,3,3,3,3,4,4,4,5,4,2,2,3,2,3,3,3,3,3,3,3,3,2,3,3,2,2,3,4,4,3,3,3,4,4,3,3,2,3,3,3,4,4,3,3,2,2,2,3,3,3,3,2,2,2,2,2,2,2,2,2,2,2,2,2,2,2,2,2,2,1,3,3,3,3,2,4,5,3,4,4,3,3,5,4,3,2,1,2,1,1,1,1,1,1,1,2,2,3,3,3,4,5,4,3,2,1,2,2,3,2,1,1,1,1,1,1,2,3,1,1,2,2,1,2,2,2,2,2,2,2,2,2,2,3,3,2,2,2,2,3,5,4,3,3,2,2,3,2,2,3,2,1,1,2,3,2,1,5,5,5,5,5,5,4,4,3,4,5,5,4,4,2,2,4,4,3,2,2,3,3,3,3,4,4,3,3,4,4,3,2,2,2,2,2,2,2,2,2,3,3,3,2,1,2,2,1,1,1,1,1,1,1,1,1,1,2,2,2,2,2,2,3,3,3,2,1,1,1,2,3,1,0,1,1,0,1,2,3,2,2,3,5,4,3,2,2,1,2,2,1,1,1,1,3,3,2,2,2,3,2,2,3,3,3,3,3,3,3,3,2,2,2,2,2,2,3,2,2,2,3,3,4,4,2,3,3,2,2,2,3,3,3,3,2,2,2,2,2,2,3,3,3,3,3,3,3,3,4,4,4,3,4,3,2,2,3,3,3,3,2,2,2,2,3,2,3,3,3,3,4,4,4,4,2,2,2,2,2,2,3,3,3,2,3,4,4,2,2,3,3,2,2,3,3,3,2,2,3,3,3,3,3,3,3,3,4,4,4,4,3,2,3,2,3,3,3,3,3,3,3,4,4,4,4,4,4,3,2,2,2,3,4,4,5,5,4,2,1,2,2,2,2,3,3,4,5,4,2,3,4,4,2,1,2,2,2,1,3,3,3,2,3,2,1,2,4,5,5,4,4,3,2,2,2,4,4,6,5,5,4,3,2,1,1,1,1,2,3,3,2,1,2,2,2,2,2,2,2,2,2,2,4,4,3,3,3,3,4,3,2,2,2,2,2,2,2,3,5,4,3,3,3,3,5,5,2,3,3,3,3,2,3,3,3,2,2,2,2,2,2,1,2,2,2,2,2,2,2,2,3,3,2,3,2,2,2,3,3,3,3,3,3,3,3,3,4,4,4,4,4,3,2,2,1,3,3,3,4,4,3,4,4,3,2,1,2,2,2,2,2,1,2,3,4,4,4,3,2,2,2,2,2,2,2,2,1,1,1,1,1,1,1,2,2,2,2,2,2,2,2,2,3,3,3,3,3,3,3,3,3,3,3,3,3,3,3,3,2,2,2,3,3,3,3,2,3,3,3,3,3,3,2,2,1,2,2,2,2,2,3,3,1,1
95,3,4,4,4,4,2,2,3,3,3,3,3,3,2,2,2,3,3,2,4,5,5,3,4,5,5,4,3,4,4,3,4,2,2,3,4,4,4,4,3,3,5,6,5,3,4,5,1,2,4,5,4,2,1,3,5,4,4,3,3,3,4,4,2,2,2,2,2,2,2,2,1,2,3,2,3,3,2,2,3,1,1,1,2,3,3,3,1,1,3,3,2,4,4,2,1,3,2,2,4,5,6,6,6,4,2,1,2,3,3,2,3,3,3,2,2,2,3,3,4,4,3,3,4,4,3,3,4,3,2,3,3,4,3,3,3,3,3,2,3,2,2,3,3,3,3,3,3,3,2,2,3,3,3,4,4,4,3,3,3,3,3,3,3,3,2,2,1,1,3,3,2,2,2,1,2,2,2,2,2,2,2,2,3,2,2,2,1,1,1,1,2,2,2,2,2,2,2,2,3,3,3,4,4,4,4,4,4,6,4,2,2,3,5,6,5,5,5,4,4,5,6,6,2,4,4,3,1,1,3,3,4,4,5,5,5,4,4,4,2,3,3,1,1,0,1,1,4,3,3,3,3,3,4,4,3,3,3,4,4,4,4,3,1,3,3,2,2,1,3,4,2,4,4,4,2,1,1,2,2,2,2,2,2,2,2,3,3,1,1,1,1,3,2,1,3,4,4,4,4,3,2,2,2,2,3,3,3,3,2,2,1,3,3,3,3,3,2,1,2,2,2,2,2,2,2,2,2,2,2,2,2,2,2,3,3,3,3,3,4,4,4,5,5,4,4,4,2,2,3,3,3,3,3,3,2,3,3,3,2,2,2,2,2,2,2,2,2,4,3,1,2,4,3,2,3,3,3,2,1,1,1,2,3,2,1,0,0,0,2,3,4,4,4,3,3,3,2,3,4,4,4,4,3,3,2,2,3,3,2,2,4,4,3,2,0,1,2,3,3,3,2,1,3,2,3,4,5,5,4,5,8,5,4,3,2,2,3,4,4,4,2,2,2,3,4,4,4,3,2,3,4,4,3,2,2,3,3,3,3,3,2,2,1,1,1,1,3,3,4,4,1,1,0,2,4,5,5,3,4,5,3,1,1,3,3,3,1,2,2,1,0,1,2,2,2,2,3,4,4,3,2,3,3,3,2,2,2,1,1,1,2,2,2,2,1,1,1,1,2,2,2,2,2,2,4,4,4,4,4,4,2,2,2,3,3,4,4,4,4,4,5,5,2,2,2,2,2,2,2,2,3,2,2,1,1,1,1,1,1,1,1,2,2,2,2,3,3,2,2,3,4,4,3,4,4,4,4,4,4,4,4,2,2,2,2,3,2,3,4,4,4,3,2,2,3,3,2,4,4,4,4,3,2,2,3,3,4,4,4,3,3,4,4,4,3,3,3,3,3,3,2,3,2,2,3,2,2,2,2,2,2,2,2,2,2,3,3,2,2,3,4,4,4,3,2,4,3,1,2,2,2,2,3,5,5,4,3,3,3,3,3,2,1,2,3,3,3,3,3,3,2,2,1,2,1,1,2,1,1,2,2,2,2,2,1,2,2,1,2,3,2,1,2,1,3,3,3,2,1,1,1,0,0,1,3,3,3,3,2,2,2,2,2,3,3,3,3,4,4,4,4,3,3,2,3,3,3,3,3,4,4,4,4,3,2,2,2,2,2,2,2,2,2,2,2,2,2,2,2,2,1,1,1,3,3,2,1,2,3,2,2,2,3,2,2,1,1,2,2,1,2,1,2,2,2,2,1,1,2,2,3,2,3,3,3,3,4,3,3,3,3,3,4,4,5,5,4,3,1,2,3,3,2,1,2,4,1,1,1,2,2,1,1,0,3,3,4,4,4,4,3,3,3,3,3,3,2,2,1,1,2,2,2,2,2,2,2,2,1,1,1,1,1,1,1,1,1,1,2,2,2,2,1,1,4,2,2,2,3,4,3,2,3,3,2,3,4,4,3,2,3,2,2,3,2,2,2,2,3,3,3,2,2,2,2,3,2,2,2,2,2,2,2,2,4,3,4,4,4,3,4,4,4,4,4,4,3,3,2,2,1,2,2,2,3,3,4,4,2,1,1,2,4,4,3,2,2,2,2,2,2,2,2,2,0,1,1,1,2,2,3,3,2,2,2,2,3,3,3,3,1,1,3,3,3,3,1,1,1,1,1,1,1,1,1,1,1,1,1,1,1,1,1,1,3,3,3,3,3,3,3,3,2,1,1,1,1,1,1,1,2,2,2,2,2,2,2,2,1,1,1,1,1,1,1,1,1,2,3,3,2,2,2,2,2,2,2,1,1,1,1,1,1,3
96,2,1,1,3,3,2,1,4,3,2,2,4,4,3,2,2,2,3,3,3,2,2,2,5,6,5,3,3,4,4,3,3,3,2,2,2,1,1,1,2,3,3,3,2,2,2,3,4,4,3,2,2,2,3,3,4,4,1,1,2,4,6,6,3,2,2,1,1,2,2,2,3,3,4,4,3,4,3,3,2,2,2,3,3,3,3,2,2,2,3,3,2,2,3,4,5,4,4,3,2,2,1,1,1,3,4,3,3,2,4,6,2,2,2,1,1,1,1,1,1,2,4,5,5,5,5,5,1,1,1,2,3,4,6,5,3,3,3,3,3,3,3,3,1,2,2,3,3,2,2,1,6,5,3,2,2,2,4,4,6,4,2,2,3,4,3,3,3,3,3,2,4,3,3,4,3,3,4,3,3,2,3,2,2,2,2,2,2,2,2,2,2,3,3,3,3,4,4,5,3,4,4,3,2,3,3,4,4,3,3,3,3,3,3,3,2,2,2,2,3,3,3,3,4,4,5,3,3,2,2,1,3,3,2,3,3,4,3,4,2,2,2,2,2,1,1,1,2,2,3,3,3,3,3,2,2,2,1,2,2,2,2,1,1,2,2,2,3,3,4,4,2,2,2,2,2,2,3,3,2,2,2,2,2,2,2,3,3,3,3,3,3,3,3,3,3,3,3,3,3,3,3,4,3,3,3,3,1,2,1,1,1,1,1,2,2,1,1,1,1,1,1,1,1,1,1,1,2,2,2,3,3,2,3,2,1,2,3,3,4,4,4,4,2,2,3,3,3,4,4,3,1,2,3,3,3,3,3,4,3,2,2,4,3,1,2,2,2,2,2,2,2,2,2,2,2,2,2,3,3,3,3,3,2,2,2,2,2,2,2,2,3,3,3,3,3,3,3,3,4,4,3,3,2,1,1,0,1,3,6,6,5,4,4,4,2,2,3,3,2,1,1,3,4,4,4,4,4,4,4,4,4,4,2,1,1,2,3,3,2,3,3,3,3,4,4,3,2,3,3,2,2,2,3,3,2,2,2,3,3,3,3,3,2,2,2,2,3,3,3,3,1,3,3,2,2,1,3,3,2,1,0,0,2,2,2,2,2,2,2,2,2,2,2,3,4,4,3,3,3,4,4,4,3,3,3,3,3,3,3,3,3,3,3,3,2,2,2,3,2,2,2,2,2,2,2,2,2,2,2,1,2,2,1,1,2,4,4,4,4,4,3,2,2,2,2,2,2,2,2,2,2,2,2,2,2,2,2,2,3,2,2,2,3,3,3,3,4,4,4,2,2,3,3,2,3,5,7,5,2,1,2,3,3,4,4,4,4,4,4,4,2,1,3,3,3,3,2,2,2,4,4,4,4,5,4,4,4,3,2,3,4,4,3,3,1,1,1,1,2,2,2,1,1,1,1,1,2,2,2,2,2,2,2,2,2,2,2,3,5,3,3,4,3,2,2,3,3,3,3,3,2,2,1,2,3,3,3,3,3,3,3,3,3,3,3,3,2,2,2,3,3,3,3,3,3,3,3,3,3,3,3,3,3,3,3,3,3,3,3,3,3,3,3,3,3,3,3,2,2,2,2,2,2,3,3,3,2,1,3,3,3,3,3,3,2,2,2,2,0,2,2,2,1,1,3,3,2,3,3,2,3,3,3,3,3,3,3,3,3,3,3,3,2,2,3,3,3,3,3,2,1,3,3,3,2,2,2,3,4,4,4,5,4,4,4,4,4,3,3,2,2,3,4,4,2,2,2,2,2,2,2,3,3,2,2,1,1,1,1,1,2,2,2,2,2,2,2,2,2,1,2,2,3,3,3,3,2,2,3,3,3,2,2,2,2,4,3,3,3,2,2,2,3,4,3,4,4,4,4,4,3,2,3,2,3,3,3,3,3,3,3,3,3,3,3,3,3,2,2,2,3,4,4,4,2,3,4,4,4,3,3,2,2,3,3,2,2,2,1,2,1,3,4,2,2,3,5,5,4,2,2,3,3,3,3,3,3,5,3,2,3,4,4,2,3,3,3,2,3,3,4,6,5,4,2,3,3,3,4,3,2,3,3,3,4,4,4,4,3,1,2,3,3,3,3,2,1,1,1,1,1,1,3,3,2,2,2,2,2,2,2,3,2,1,1,1,1,2,2,2,1,1,2,2,2,2,2,2,2,1,2,2,1,1,1,1,1,2,3,3,3,3,2,1,1,2,3,5,6,6,5,5,4,2,2,2,2,2,3,4,2,1,2,2,2,1,1,1,2,2,2,3,3,4,5,4,3,3,3,3,4,4,4,2,2,3,2,4,4,3,3,1,1,2
97,1,0,0,2,3,4,4,3,2,2,2,2,3,3,3,3,2,1,2,2,3,3,4,5,5,4,4,3,4,5,4,3,3,2,1,1,1,3,2,2,4,2,0,1,3,1,2,4,3,3,2,2,1,3,3,3,3,4,4,4,3,3,2,2,2,2,3,2,1,1,2,1,1,2,2,1,1,2,2,3,3,3,3,3,3,4,2,1,3,3,3,2,1,2,2,2,2,2,2,2,2,2,4,5,4,3,3,4,3,3,4,3,3,4,4,3,1,1,2,3,2,3,3,3,2,4,3,3,2,3,3,3,2,3,4,4,4,4,4,4,3,4,3,2,2,3,3,4,3,3,3,3,3,3,3,3,3,4,3,3,3,3,3,4,4,3,4,4,5,5,4,4,4,4,4,3,4,4,3,4,3,1,2,3,3,3,3,3,3,3,2,2,2,2,3,2,3,2,2,3,3,3,4,4,3,3,2,3,3,3,4,3,3,4,3,3,3,3,3,1,2,2,1,4,3,3,3,2,2,2,3,3,3,3,3,3,3,2,3,4,4,4,3,3,3,3,2,0,2,2,2,2,2,2,1,2,2,2,2,2,2,2,2,2,2,2,2,2,2,2,2,2,2,2,2,2,2,2,2,2,1,1,1,1,1,1,1,3,3,3,3,3,3,3,3,3,3,2,4,4,5,3,1,2,2,2,2,2,2,2,2,2,1,2,3,4,4,4,2,2,2,2,2,3,3,4,4,2,1,1,1,1,2,2,2,2,1,2,1,2,1,2,2,2,2,3,4,4,3,3,2,3,3,3,3,3,3,3,3,4,4,4,4,4,4,4,4,1,2,3,3,2,1,1,1,3,3,3,3,3,3,3,3,4,3,3,3,2,2,2,2,1,2,2,2,2,2,3,3,4,4,3,3,3,3,3,3,4,3,3,1,1,2,3,3,2,2,2,2,3,3,3,3,1,1,2,3,3,3,2,1,2,2,2,2,2,2,2,2,3,2,2,2,2,2,2,2,2,2,2,2,2,2,2,2,2,2,2,3,3,1,1,1,2,2,5,7,8,6,3,2,1,1,1,2,2,3,3,3,3,4,2,2,1,0,0,0,2,2,2,2,2,2,2,2,2,2,2,2,2,2,3,3,2,2,2,2,2,2,2,2,3,3,2,1,1,2,3,4,3,2,2,2,2,2,2,2,5,4,3,2,2,2,2,2,1,1,3,4,4,4,4,3,2,2,1,1,2,2,3,3,2,2,2,2,2,2,2,2,2,2,2,2,2,2,2,2,3,3,3,4,4,3,3,2,3,6,6,3,1,0,1,3,3,2,1,1,1,1,3,3,2,2,2,2,3,3,1,1,2,2,2,2,2,2,2,3,3,3,3,4,4,4,4,4,2,2,2,2,2,2,2,2,2,2,2,2,2,2,2,3,3,2,1,3,4,4,3,3,2,3,3,3,4,4,2,1,2,2,2,3,3,3,3,3,2,2,2,2,2,2,2,2,3,5,5,4,3,2,4,4,1,1,0,2,3,3,2,2,3,3,3,3,3,3,3,3,2,1,2,2,1,2,2,3,3,2,2,2,3,3,3,3,2,1,0,0,2,2,1,1,1,1,1,1,1,1,1,1,2,2,2,2,2,2,2,2,2,2,2,2,2,2,2,3,3,3,4,4,4,4,3,3,3,3,3,3,3,3,3,3,1,2,2,2,2,2,3,3,1,2,2,3,2,2,3,3,2,3,3,3,3,3,2,2,2,2,2,2,2,2,2,4,3,2,2,4,5,5,5,3,1,3,3,3,2,2,2,3,6,5,4,4,3,3,3,3,4,4,3,3,2,2,2,2,2,3,3,3,2,2,1,0,2,4,4,4,4,4,4,4,2,2,2,3,3,3,3,4,5,4,3,2,1,2,3,3,2,2,3,3,3,3,3,4,4,3,4,4,3,5,5,4,4,5,4,4,4,3,3,2,2,3,3,3,3,3,2,3,3,3,4,4,3,4,4,4,2,3,3,2,1,3,2,2,2,2,2,2,2,2,2,3,2,2,2,1,1,1,1,1,2,2,2,2,2,2,2,2,2,2,2,2,2,2,4,4,4,3,3,2,3,3,4,4,2,2,2,3,3,3,3,3,1,1,1,1,1,1,1,1,2,3,3,3,3,3,4,4,2,2,2,2,2,2,3,3,2,2,4,5,5,5,3,1,2,2,2,2,2,2,2,3,3,3,3,3,3,3,3,3,2,2,4,4,4,3,2,2,1,3,3,3,3,3,2,1,1,2,2,2,3,3,3,3,3,3,2,2,2,1,1,1,2,2
98,2,2,2,2,2,2,2,4,4,4,3,3,2,2,2,3,3,3,3,3,3,3,3,5,5,4,4,4,4,3,3,4,4,3,3,2,2,2,2,1,3,3,2,3,4,4,3,1,2,3,3,3,3,2,1,1,2,2,4,4,3,3,2,2,2,3,3,3,3,3,3,1,2,4,4,4,3,4,4,2,2,2,1,1,0,0,0,3,3,3,3,2,2,2,2,5,5,4,4,2,2,2,1,2,3,3,3,3,2,1,2,1,2,2,3,3,2,2,1,2,3,4,4,2,2,2,3,0,1,4,3,2,1,1,1,3,2,2,2,3,4,4,3,1,1,1,1,1,1,1,1,4,4,4,4,4,4,3,3,2,2,2,2,2,2,2,2,6,5,5,5,5,5,5,5,2,2,2,2,2,2,2,2,3,3,3,3,3,3,3,3,3,2,1,1,1,1,1,1,1,1,1,2,1,2,1,2,2,2,3,3,4,4,4,6,3,2,2,2,2,2,2,2,2,2,1,1,2,2,2,2,2,3,2,2,1,1,2,2,1,0,1,2,3,4,4,5,4,3,2,3,4,3,2,3,4,6,6,5,4,2,4,5,5,5,5,5,5,5,5,5,3,3,3,3,3,3,3,3,2,2,2,2,2,2,2,2,1,3,3,3,2,2,2,2,1,2,3,4,4,4,3,2,2,2,3,3,3,4,4,4,2,2,3,3,3,3,4,4,2,2,2,2,2,2,2,3,4,3,3,3,4,4,4,4,4,3,1,2,4,4,3,2,5,5,4,4,3,3,3,3,3,3,3,3,3,3,3,3,2,2,2,2,2,2,2,2,3,2,2,1,2,2,3,3,3,3,3,3,3,3,3,3,1,1,1,2,2,2,2,2,4,4,4,4,4,3,3,4,3,3,4,5,5,4,3,3,3,3,3,3,3,3,3,3,3,4,4,4,4,3,5,3,1,3,3,3,2,2,2,1,3,2,3,3,3,3,3,2,2,3,5,6,5,4,3,4,4,3,2,3,3,3,3,3,4,4,4,4,2,2,3,3,1,1,1,1,1,1,1,1,2,3,3,2,1,1,1,4,6,4,3,2,2,4,4,4,3,3,3,3,3,3,3,3,3,3,2,1,1,3,3,3,1,1,1,1,1,1,1,1,3,3,3,3,3,2,2,2,2,2,2,2,1,2,2,1,3,3,3,3,2,2,3,3,2,2,2,2,2,2,2,2,3,3,1,1,1,1,2,2,4,6,7,4,2,0,1,3,3,4,4,4,5,5,5,5,5,2,3,5,6,6,2,1,2,4,4,4,4,3,3,3,3,5,5,4,3,2,3,5,5,3,2,2,2,1,3,3,3,3,2,1,2,4,5,3,5,6,5,4,3,2,1,2,2,2,2,3,3,3,3,3,2,1,2,2,2,3,3,3,2,2,2,2,2,2,2,2,2,2,4,6,6,6,4,2,1,1,1,1,1,1,1,2,2,2,2,2,2,2,2,3,3,3,3,3,3,3,3,3,1,2,2,2,2,3,3,3,4,4,3,3,3,2,2,3,3,2,2,1,2,2,3,3,2,3,3,3,3,2,1,1,2,2,2,2,2,2,2,2,2,2,2,2,2,2,2,3,2,2,2,1,1,1,1,1,1,1,1,1,1,1,1,2,3,3,3,3,2,2,1,2,3,3,2,2,2,2,1,2,1,1,1,1,1,1,1,1,2,2,2,2,2,2,2,2,2,1,0,2,3,3,2,1,3,3,3,3,3,3,3,4,3,2,2,2,3,3,3,3,3,2,2,2,2,2,1,1,2,2,2,2,2,2,2,2,2,2,2,2,2,2,2,2,2,2,2,2,2,2,3,2,2,2,3,3,3,3,3,2,3,2,1,1,1,1,2,3,2,2,2,3,3,4,2,1,3,4,4,4,3,3,3,4,3,3,3,3,3,3,3,3,1,3,3,1,1,3,3,1,4,3,3,2,2,2,3,3,3,1,0,1,2,3,3,4,1,1,1,1,1,1,1,1,1,2,2,2,2,2,3,3,3,3,3,3,3,3,3,3,1,1,1,1,1,1,1,1,1,1,2,3,3,3,2,2,2,2,2,2,3,3,3,3,4,3,3,5,5,3,3,4,6,3,2,4,4,3,4,6,3,3,3,2,3,2,3,3,3,3,3,3,2,2,1,1,1,1,1,1,1,2,2,2,3,2,2,3,2,2,1,1,1,1,2,3,3,2,1,1,3,3,2,2,2,2,3,3,4,4,2,2,2,2,4,3,3,3,3,3,3,3,3,3,3,5,5,3,2,2,3,2,2,3
99,2,2,2,2,2,2,2,2,2,2,2,2,2,2,2,3,3,3,3,3,3,3,3,4,4,3,3,2,2,2,2,2,2,3,3,3,3,2,2,4,3,2,2,2,2,2,2,2,2,2,2,2,2,2,2,3,4,2,1,1,2,3,3,3,3,3,3,3,3,3,3,2,3,4,5,5,5,5,4,4,3,3,3,4,5,4,3,2,3,3,4,4,3,3,2,5,5,4,4,3,3,3,3,1,1,1,2,2,3,3,3,2,2,2,2,2,2,2,2,2,2,3,3,3,3,3,3,3,3,4,4,3,3,3,4,2,1,2,2,3,3,2,2,0,1,2,2,2,1,1,2,3,3,3,3,3,3,3,3,2,2,2,2,2,2,2,2,1,2,2,1,1,2,2,1,1,3,4,4,3,2,2,3,2,2,2,2,2,2,2,2,3,4,5,4,2,1,2,4,1,2,3,3,2,2,2,2,2,2,1,1,2,4,5,4,5,4,3,2,2,2,2,2,4,4,4,4,4,4,4,4,1,1,1,1,1,1,1,1,1,1,1,2,1,2,2,2,2,2,2,2,2,2,2,2,3,3,3,3,3,2,2,2,2,2,2,2,3,3,3,3,3,3,3,1,1,1,2,3,3,3,3,3,3,3,3,3,3,2,2,2,2,2,2,2,2,2,2,2,2,2,2,2,4,4,4,3,1,2,3,3,2,2,2,2,3,3,3,3,3,2,2,1,2,2,2,3,3,3,3,3,2,2,2,1,2,2,2,2,2,2,2,2,2,2,2,2,2,2,2,1,3,3,3,3,3,3,3,3,3,2,2,2,2,2,2,2,3,3,3,3,3,3,3,3,3,3,3,3,4,4,5,6,3,2,3,3,3,3,3,3,2,3,3,3,3,1,2,4,3,2,4,5,5,3,1,3,1,0,0,2,3,4,5,4,2,2,3,1,1,1,2,2,1,0,1,1,1,1,2,2,2,2,2,2,2,2,3,3,3,3,4,4,4,4,4,4,3,1,3,4,4,4,2,3,3,3,3,3,2,2,2,1,3,3,2,2,2,3,4,4,3,2,2,2,2,3,4,4,1,2,3,2,2,1,1,1,1,1,1,2,1,1,1,1,3,3,3,3,3,3,3,3,3,3,3,3,3,3,3,3,4,3,3,3,3,3,3,3,2,2,2,2,1,1,1,1,2,2,2,2,2,1,1,0,2,3,2,2,2,1,1,2,2,2,2,2,2,2,2,2,2,1,2,3,3,3,3,3,4,4,5,4,4,4,4,5,3,2,3,3,4,4,4,5,2,2,4,6,4,3,3,3,3,3,3,3,4,4,4,5,3,2,2,2,3,3,3,3,3,3,3,3,3,3,3,3,3,2,2,2,3,3,3,3,3,3,3,3,3,3,3,3,1,1,1,1,1,1,1,1,2,2,2,2,3,2,3,3,2,1,3,3,4,4,4,4,1,1,3,5,5,5,3,2,1,1,2,1,2,2,2,2,1,1,1,1,1,1,1,1,2,2,1,1,2,2,3,3,3,4,4,3,3,2,2,2,1,1,1,1,2,2,2,2,1,1,3,2,2,2,2,1,2,2,2,2,2,2,2,2,2,2,2,2,2,2,2,3,3,2,2,3,4,4,4,5,3,3,3,3,3,2,2,2,3,3,3,3,3,2,2,1,3,4,4,3,3,3,3,3,2,2,2,3,2,2,1,1,1,1,1,3,2,2,2,2,2,1,1,1,1,2,2,2,3,3,2,2,2,3,2,1,2,2,2,2,3,3,3,4,2,1,2,3,4,4,3,2,1,1,1,1,1,1,1,1,1,1,1,1,1,1,1,2,3,4,5,5,4,4,3,2,3,3,3,2,2,1,1,1,2,1,1,1,1,1,1,2,2,2,2,2,2,2,2,2,3,3,3,3,3,3,3,3,2,2,2,2,2,2,2,2,3,3,2,2,2,2,1,1,2,2,2,2,2,2,2,2,2,2,2,2,2,2,2,2,2,2,2,2,2,2,2,2,2,2,2,2,2,2,2,2,2,1,2,4,4,2,1,2,2,2,2,2,2,2,2,2,2,2,2,2,2,2,2,2,2,2,3,3,3,2,1,1,1,1,1,1,2,2,2,2,2,2,2,2,2,2,2,1,1,2,2,2,2,2,3,3,3,2,1,1,1,1,2,3,3,2,3,2,2,3,3,4,1,1,1,1,1,2,3,3,1,2,3,3,1,1,2,3,3,3,2,2,2,2,2,2,2,2,2,2,2,2,2,3,3,3,3,3,3,3,3,3,2,2,2,2,2,2,2,2,0,1
100,3,4,3,4,3,3,2,4,2,2,1,2,1,2,1,1,1,0,1,1,2,1,0,3,3,3,3,3,3,3,4,2,2,3,5,3,2,4,5,4,4,4,3,3,3,2,2,2,3,3,3,2,2,2,3,3,3,3,3,3,3,2,2,3,3,3,3,2,1,2,2,1,2,2,3,3,3,2,2,3,3,3,3,3,3,3,3,2,2,2,2,3,3,3,4,6,4,4,3,3,2,2,1,3,2,1,3,3,3,3,1,2,3,3,4,4,4,4,4,2,2,2,3,3,3,3,3,0,2,3,3,3,3,2,2,2,2,2,2,2,2,2,3,5,3,1,1,3,4,4,4,3,3,2,2,2,3,5,5,4,3,3,3,3,2,3,3,4,3,3,3,3,3,3,3,1,3,3,3,3,3,2,2,4,3,2,1,1,2,3,3,3,3,2,1,1,1,2,3,2,2,2,2,3,3,3,4,4,4,3,3,3,3,2,2,1,1,2,1,1,1,1,2,1,0,0,1,2,2,1,0,2,2,2,2,2,2,2,2,5,4,3,3,3,2,2,3,3,3,3,3,3,3,2,2,2,2,3,3,3,3,3,3,3,3,3,3,3,3,3,3,3,3,2,2,2,3,3,3,2,2,2,2,2,2,2,3,3,3,3,3,3,3,3,2,2,5,5,2,2,2,1,2,4,4,4,4,2,2,2,2,1,2,2,2,3,2,3,3,3,3,3,2,2,2,2,3,2,2,2,2,2,2,2,2,2,2,2,3,3,2,2,2,2,3,3,3,3,3,3,3,2,2,1,2,2,2,2,4,5,2,2,3,3,3,3,3,1,2,2,3,2,3,4,3,3,2,2,3,3,3,3,2,2,2,2,3,3,3,2,3,4,4,3,3,3,3,3,4,4,4,5,3,3,2,3,3,3,3,3,3,3,3,3,4,4,4,3,3,3,3,3,3,1,1,1,1,1,3,3,3,3,3,3,3,3,3,3,3,4,3,3,4,4,5,5,5,3,3,3,3,3,3,3,3,3,3,3,3,3,3,4,4,3,3,3,3,2,2,2,2,2,2,2,2,2,2,3,3,2,2,2,2,2,2,2,2,2,3,3,2,2,2,2,2,3,3,3,4,3,3,2,2,4,3,3,3,3,3,3,3,3,3,3,3,4,3,3,4,3,3,3,3,3,3,3,3,2,4,4,4,3,2,4,4,4,3,2,2,2,4,4,4,3,2,2,1,1,1,1,1,1,3,3,2,1,1,3,3,2,2,1,1,3,3,5,5,2,3,3,3,3,3,2,2,2,3,4,4,4,4,2,3,3,2,1,2,3,3,2,2,3,2,2,1,2,2,2,2,2,2,3,3,2,2,0,2,4,3,2,2,2,2,4,4,4,3,3,4,5,4,4,3,3,2,2,2,2,2,2,2,2,3,3,2,2,3,3,4,3,1,2,4,6,6,3,1,1,2,4,4,4,3,2,2,2,2,2,2,2,2,2,2,4,4,4,4,2,2,3,3,3,3,2,2,2,3,3,3,3,3,2,2,2,2,2,3,3,3,3,3,3,3,3,3,2,2,2,2,2,2,2,2,3,3,3,3,2,2,4,4,3,3,3,3,3,3,2,1,0,1,2,2,2,2,2,2,2,3,2,1,2,2,2,3,3,3,2,2,2,2,2,1,2,3,3,3,3,3,2,3,2,2,2,1,1,1,1,1,1,2,2,3,3,2,2,2,2,1,1,3,3,3,3,2,3,3,3,3,3,3,3,3,3,3,3,3,2,2,2,2,3,4,4,5,5,4,3,3,4,2,2,3,5,5,4,3,4,4,4,4,3,3,2,3,3,3,3,5,5,5,4,3,3,3,3,3,3,3,3,3,3,3,3,3,3,3,3,3,3,2,2,2,2,2,2,2,2,2,2,2,2,2,2,2,0,1,2,2,3,3,4,4,2,2,2,2,2,2,2,2,2,2,2,2,2,2,2,3,4,3,2,3,3,3,2,3,2,2,2,2,2,2,2,2,1,1,1,1,1,2,2,2,2,2,4,4,3,1,1,1,1,1,1,1,1,1,1,1,1,1,1,1,1,2,2,3,3,2,2,1,1,1,1,3,4,4,4,2,2,4,4,4,3,2,2,2,2,2,2,2,2,2,2,2,2,2,2,2,2,2,4,4,4,3,2,2,1,1,2,2,2,2,2,2,0,2,2,2,2,2,1,1,2,2,2,2,2,2,2,2,1,1,1,1,1,1,1,2,3,2,2,1,2,2,3,3,1,1,1,1,2,2,2,2,2,2,2,2,2,2,2,2,3,3
101,1,3,3,3,3,4,2,2,3,2,2,3,2,1,2,3,1,1,1,1,1,1,1,3,4,4,4,4,5,4,4,3,3,3,1,2,2,4,3,3,4,4,3,4,4,3,2,1,2,3,3,2,3,3,3,3,3,2,3,3,3,3,4,4,3,4,3,3,3,2,3,3,3,3,3,3,3,3,4,2,1,1,3,3,4,2,2,3,3,3,2,3,3,3,3,3,3,3,3,3,3,3,5,5,3,2,3,4,3,2,2,3,3,3,3,3,2,2,2,1,1,1,1,2,2,2,2,0,0,1,3,4,3,1,1,3,4,4,2,1,1,2,2,3,2,2,3,3,3,3,3,2,2,4,3,3,3,2,3,3,3,3,3,2,2,1,2,2,2,2,2,2,1,2,2,2,2,2,4,4,4,3,1,1,1,1,1,1,2,3,3,3,4,4,4,3,3,2,1,3,3,3,3,3,3,3,3,3,3,3,3,4,4,4,4,2,2,2,2,2,2,2,2,3,3,2,2,2,2,3,3,4,4,4,3,3,3,2,3,4,4,3,3,3,3,4,3,0,1,3,3,3,2,3,3,1,2,3,3,3,3,3,3,2,3,1,1,3,3,3,2,1,2,1,1,1,1,1,1,2,2,2,2,2,2,2,2,2,3,3,3,3,2,2,3,3,2,2,2,2,2,2,2,3,3,2,2,3,4,3,1,2,2,1,1,2,2,1,1,2,2,2,2,3,3,3,3,4,4,3,3,3,3,3,2,2,3,3,3,3,3,3,4,3,2,3,3,3,4,4,4,2,1,1,1,1,1,1,1,2,2,2,3,3,3,4,4,4,3,3,3,3,3,3,3,2,2,2,2,2,2,2,2,3,3,3,3,3,3,3,3,2,1,2,3,3,3,3,2,2,2,2,2,2,2,2,2,2,2,2,2,3,3,3,3,3,4,4,4,4,3,2,1,1,0,0,3,2,1,0,1,2,1,1,1,1,2,2,3,3,3,3,3,4,4,4,4,6,6,4,1,1,2,4,5,2,1,2,2,2,2,3,3,3,2,2,2,2,3,3,3,3,3,3,3,3,3,3,3,4,4,4,4,4,4,4,4,2,1,1,2,2,2,2,2,2,1,2,3,4,4,2,1,1,2,2,2,1,1,2,2,1,2,4,4,3,2,3,2,3,3,3,3,3,3,2,2,3,3,3,3,3,3,4,4,4,3,3,2,3,3,3,4,4,4,3,2,2,2,4,4,3,3,3,3,3,3,3,3,3,3,3,3,3,3,3,3,3,3,3,3,3,3,3,1,3,4,4,4,3,3,3,2,3,3,3,2,2,2,2,2,2,1,2,2,2,2,3,3,3,4,4,3,3,2,1,2,3,4,2,2,2,2,2,2,3,3,3,3,3,4,4,3,1,1,1,1,1,2,1,2,2,2,2,2,2,2,3,2,2,2,2,4,4,4,2,2,3,2,2,2,2,2,2,2,3,3,3,4,4,4,2,1,3,3,3,3,3,4,6,7,2,2,2,2,2,2,2,4,5,4,3,5,6,7,5,5,5,3,3,3,3,3,4,4,3,3,2,2,3,2,3,2,0,1,2,3,3,2,1,1,2,2,2,2,2,2,3,2,1,2,3,4,4,4,3,3,2,2,2,2,2,2,2,2,1,2,2,2,2,2,1,1,2,2,2,3,3,3,3,4,2,2,1,1,1,1,1,1,3,3,3,3,3,3,3,3,1,1,1,1,2,2,1,1,2,1,2,2,2,2,3,3,4,4,2,2,2,1,1,1,2,2,2,2,2,2,2,2,2,1,2,3,3,3,2,2,2,2,3,3,3,3,3,3,2,2,3,3,3,3,3,2,1,2,2,2,3,2,2,3,4,3,4,3,2,4,4,3,2,2,4,4,4,2,2,3,2,3,3,3,2,1,1,1,1,1,1,1,1,1,1,2,3,2,2,2,2,2,3,2,2,2,2,2,2,2,2,2,2,3,4,4,3,3,2,1,1,2,2,2,2,3,3,3,1,1,1,1,1,1,1,1,2,2,2,2,2,2,2,2,2,2,2,3,3,3,3,2,2,3,3,3,3,2,1,4,2,1,3,3,2,3,3,1,3,3,4,5,5,4,2,3,3,2,2,3,3,3,4,3,3,3,4,4,4,5,4,4,3,3,3,2,2,2,4,3,1,2,2,2,2,1,2,2,3,2,2,3,3,3,1,3,5,3,3,3,3,4,4,4,3,2,2,2,2,2,2,2,1,2,3,3,3,3,2,3,3,3,2,2,2,1,1,2,3,4,3,2,3,5,3,3,4,3
102,3,3,4,4,4,3,3,1,1,1,1,1,1,1,1,1,1,1,2,2,2,2,3,4,3,3,4,4,4,4,3,4,3,3,3,4,4,5,5,4,4,4,4,3,2,2,3,3,3,2,2,4,4,3,3,2,2,2,2,2,2,2,2,1,1,0,0,1,3,4,3,2,3,4,3,3,4,3,3,3,3,3,3,3,4,3,4,3,3,3,3,3,3,3,3,3,3,3,2,2,4,4,4,4,4,4,4,4,4,4,3,1,2,2,3,3,4,4,4,3,3,3,3,3,2,2,2,2,2,2,2,2,2,2,2,2,3,3,1,1,3,2,1,2,3,3,3,3,3,4,3,0,2,3,4,4,4,4,2,4,4,4,3,3,3,2,3,4,4,2,2,2,4,5,2,1,2,2,3,3,3,3,6,4,1,3,4,2,0,1,2,2,3,3,2,1,1,2,3,3,2,2,2,2,1,0,1,2,2,2,2,2,2,2,2,3,3,3,3,3,3,3,3,3,3,2,2,3,3,3,3,3,3,2,1,1,2,3,3,2,3,3,3,3,3,4,4,3,3,3,2,3,3,4,5,3,3,3,3,3,3,3,3,2,2,2,2,3,2,3,2,2,3,3,3,3,3,3,3,4,4,4,4,4,4,4,3,3,4,4,5,4,4,4,4,2,2,3,4,4,4,5,4,2,2,1,2,2,1,2,2,3,3,3,4,5,5,4,2,1,3,3,3,3,3,5,3,2,3,3,3,3,3,3,3,1,1,1,1,2,2,4,3,3,3,3,3,2,2,2,2,2,2,2,2,3,3,2,2,2,2,2,3,3,2,2,2,3,3,3,3,3,3,3,2,1,2,2,3,3,3,4,3,2,2,2,3,3,3,3,2,2,2,3,2,2,2,2,3,3,2,2,2,2,3,4,3,1,1,1,2,2,2,2,1,1,2,2,1,1,1,1,2,3,3,3,4,3,3,3,3,1,2,2,2,2,2,1,2,1,1,1,1,1,1,1,1,2,2,2,3,2,2,2,3,2,2,2,2,2,3,2,1,5,5,3,3,3,4,5,2,3,3,2,1,1,2,2,2,2,2,1,1,1,2,2,2,3,3,2,2,2,2,4,3,1,0,0,1,1,4,5,2,1,2,1,1,2,1,2,2,3,3,1,1,2,3,3,3,2,2,2,2,2,2,2,3,3,3,4,4,3,3,3,2,2,1,3,3,3,3,1,1,3,3,3,3,4,4,4,3,2,3,2,2,3,3,3,3,2,2,2,3,3,3,3,3,3,2,2,2,2,2,3,3,2,4,6,5,3,2,3,4,3,1,1,1,2,3,2,2,2,3,4,4,3,2,2,3,1,2,5,6,5,2,1,2,2,1,3,2,2,3,3,2,2,3,3,4,4,3,3,3,2,2,3,3,3,3,3,3,2,3,3,3,4,4,3,3,2,2,2,2,2,2,2,2,3,2,3,3,3,2,2,2,1,1,3,3,4,4,4,3,3,2,1,1,1,1,1,1,3,3,1,2,3,2,0,1,2,4,4,5,4,3,2,3,2,2,3,3,3,3,2,1,4,4,3,2,2,2,2,2,3,3,3,3,3,3,3,3,2,2,2,2,2,2,2,2,1,0,0,1,3,5,5,3,2,2,1,2,4,4,4,3,2,2,2,2,2,2,2,2,1,1,2,2,3,3,2,1,3,3,3,3,4,4,3,4,3,3,3,3,3,3,3,3,2,2,2,2,1,1,1,1,2,2,2,2,2,2,2,2,1,1,1,1,1,1,1,1,2,2,3,3,3,3,2,2,2,1,3,3,3,4,4,4,3,3,2,3,3,4,4,4,4,5,4,3,3,3,4,4,3,3,2,1,1,1,1,1,3,3,3,3,3,3,3,3,1,1,2,2,2,2,3,2,2,2,2,2,2,2,3,2,2,2,3,3,3,3,3,3,2,2,1,2,2,2,3,4,3,1,1,1,1,1,2,2,2,2,2,2,2,2,2,3,2,2,2,2,2,2,2,2,3,1,2,2,2,3,3,2,2,3,3,3,3,3,2,3,3,2,2,2,2,2,2,2,2,2,2,3,2,2,4,4,3,2,2,3,3,5,5,3,3,3,3,3,3,3,3,3,1,1,1,1,1,1,1,1,1,1,1,1,1,1,1,1,4,3,2,3,3,3,1,2,1,1,1,2,3,3,2,1,2,2,3,3,4,4,3,2,1,1,2,2,2,3,3,3,2,2,2,2,2,2,2,1,3,3,1,2,2,1,3,3,4,4,4,4,4,4,4,4,3,2,2,3,3,3,3,2,1,1
103,1,1,1,1,1,1,1,2,3,3,3,2,1,1,1,2,2,1,1,2,2,3,3,2,1,2,3,4,2,1,2,3,1,1,1,2,1,1,3,3,2,3,4,4,4,4,4,4,4,3,2,2,3,4,4,3,3,3,2,2,1,2,3,2,2,2,2,2,2,2,1,3,3,2,2,2,2,4,4,4,4,4,3,3,2,2,2,1,1,1,1,1,1,1,2,2,2,2,2,2,2,2,2,1,1,1,1,4,4,3,3,2,3,2,2,2,2,1,1,1,1,1,1,1,1,1,1,3,5,6,6,5,3,2,3,2,2,2,2,2,2,2,2,1,1,1,1,1,1,1,1,1,3,5,5,5,3,1,2,3,3,2,1,2,2,2,3,2,2,4,4,2,4,5,3,5,4,4,4,4,2,2,3,3,3,3,3,3,3,3,3,2,2,2,2,2,2,2,2,5,3,2,3,3,2,4,5,2,2,2,2,3,3,3,3,2,2,2,2,2,2,2,2,2,2,4,4,4,3,4,4,2,2,3,3,3,4,6,4,2,2,3,3,3,4,4,4,4,4,2,2,1,2,2,3,2,2,2,2,3,3,3,2,3,3,3,2,2,2,1,1,3,1,1,1,1,1,2,2,3,3,3,4,4,3,2,2,2,2,2,2,2,2,2,3,3,3,3,3,2,4,4,3,3,2,2,1,1,2,2,2,2,2,2,2,2,2,2,2,1,1,2,2,3,4,4,5,5,3,3,3,4,4,4,3,1,1,1,2,2,1,1,1,1,1,0,0,0,0,3,3,3,4,5,5,3,2,3,4,4,3,3,2,1,1,2,4,3,2,2,2,2,1,1,1,1,1,1,2,2,4,4,3,1,2,3,4,4,2,1,1,2,3,3,4,4,4,3,3,3,3,2,1,1,3,4,4,2,2,1,2,2,3,2,2,3,4,4,3,3,3,3,3,4,4,3,3,3,3,3,2,2,3,3,3,3,3,3,3,1,2,3,2,2,3,4,4,2,3,3,3,3,3,4,3,2,3,3,3,2,2,3,2,2,2,3,4,4,3,3,2,1,1,2,2,2,4,4,2,4,4,3,4,4,3,4,4,2,2,3,2,2,2,2,2,1,1,2,3,3,3,3,3,6,5,5,5,4,3,2,3,3,3,3,3,3,3,3,3,2,2,2,2,2,2,2,3,4,4,4,4,4,5,5,5,2,2,3,3,3,3,2,2,3,3,3,2,1,0,3,3,2,2,2,2,2,2,2,2,2,2,2,2,2,3,3,3,3,3,3,3,3,3,3,3,3,3,2,2,2,1,1,1,3,3,4,3,3,3,2,2,3,3,3,2,2,2,2,2,3,3,3,3,3,3,3,3,3,3,2,2,2,2,3,3,2,3,3,3,2,2,2,2,0,0,2,3,3,4,3,3,3,4,2,2,2,4,4,3,2,2,2,2,3,3,3,3,1,2,2,3,3,2,2,1,1,1,2,3,2,2,2,1,4,5,4,3,3,3,3,4,1,2,2,2,2,2,3,2,0,1,2,2,2,3,3,3,4,4,3,3,3,3,3,3,2,1,0,0,0,1,2,2,2,2,2,2,2,2,2,2,2,3,3,2,2,3,3,2,1,2,1,1,1,1,1,2,1,2,3,3,3,4,3,3,3,3,3,3,3,3,3,3,2,2,2,3,3,3,3,4,5,5,5,5,5,5,6,5,3,1,1,2,3,3,1,1,1,1,1,1,2,3,3,3,3,3,3,4,5,4,4,3,3,3,3,3,3,3,3,3,3,3,3,3,3,3,3,3,2,2,2,2,2,2,2,4,5,4,3,3,3,3,2,4,4,3,4,4,3,3,2,1,3,3,3,3,2,2,2,1,1,1,1,2,2,2,3,3,2,1,1,2,3,3,3,3,5,5,5,4,4,4,4,5,1,1,0,2,2,2,3,2,1,2,2,1,2,2,1,1,2,3,2,2,3,3,3,3,4,5,4,4,3,2,3,4,4,3,1,1,3,3,2,2,1,1,1,1,1,1,1,1,1,2,1,2,2,2,1,2,4,4,3,2,2,1,1,1,3,2,3,3,3,3,3,4,3,3,3,3,3,3,3,3,3,4,3,3,4,3,3,4,4,2,3,2,2,2,3,4,3,3,2,3,2,2,2,3,1,2,3,3,3,2,2,2,4,4,3,3,2,3,3,4,2,1,2,3,3,2,2,1,3,4,3,3,3,2,3,4,3,3,2,2,2,2,2,1,1,1,1,2,1,1,1,0,2,3,3,2,3,3,3,4,2,3,3,4,2,1,1,2,3,4
104,5,5,3,3,3,3,2,2,2,2,3,2,2,3,3,2,2,2,1,2,2,1,2,2,2,3,3,3,2,2,2,1,2,2,3,3,2,3,3,1,4,6,4,2,1,4,6,3,2,2,2,2,2,2,1,2,4,4,3,3,3,2,2,3,4,3,3,3,3,2,2,2,2,2,3,2,2,3,4,2,1,1,1,2,2,2,2,3,3,3,2,2,2,1,1,1,1,2,1,2,3,3,3,1,2,2,1,2,3,3,2,3,3,3,2,2,2,3,3,1,1,1,1,1,1,2,2,1,3,2,1,1,2,3,1,3,3,3,3,3,3,3,3,2,2,1,1,2,2,1,1,1,1,1,1,1,1,1,1,3,3,2,2,2,3,3,3,2,2,2,2,2,2,2,2,2,2,3,3,4,4,3,3,4,4,3,3,3,3,4,4,2,2,1,2,2,2,2,3,4,5,4,3,3,4,4,3,1,3,3,4,5,6,5,6,4,4,5,4,4,3,5,7,3,3,3,2,3,2,2,3,3,3,2,2,2,3,3,3,2,2,2,2,2,2,2,2,2,2,3,2,1,2,3,3,1,2,2,4,4,5,3,2,3,1,0,1,1,3,2,2,2,3,2,1,2,1,1,1,2,1,2,3,3,3,3,3,3,3,3,2,2,1,2,1,1,1,1,3,4,2,0,1,2,2,3,2,3,2,2,3,4,4,3,3,3,2,2,2,3,4,5,4,3,2,1,2,3,4,5,3,3,3,3,3,2,2,2,2,3,3,3,3,3,2,1,0,0,1,1,2,3,3,2,2,2,2,1,2,4,3,2,1,1,1,2,3,4,4,4,4,4,4,4,4,3,3,3,3,3,3,3,3,2,2,2,2,2,2,2,2,2,2,2,2,3,3,3,2,1,3,4,4,3,3,2,3,2,2,2,2,2,2,2,3,4,3,2,1,1,1,2,2,3,3,3,3,3,3,3,4,3,2,2,2,2,1,1,1,1,1,2,2,2,3,3,3,2,2,3,4,5,4,2,2,3,3,3,3,3,3,3,3,3,3,3,3,3,3,3,2,2,2,2,2,2,2,2,2,2,2,2,2,2,2,2,1,3,3,4,4,4,4,2,4,4,4,4,4,5,5,6,4,1,2,3,3,2,2,3,2,1,1,1,1,1,1,1,1,1,3,4,4,3,3,2,3,3,3,3,2,3,2,3,4,4,4,4,4,4,3,4,4,1,2,2,3,4,3,1,2,3,3,2,2,2,2,2,2,2,2,1,0,1,2,3,4,2,1,2,3,5,6,5,6,1,3,5,5,2,2,3,3,2,1,1,1,2,3,3,3,2,3,4,4,4,3,2,2,2,4,4,4,3,2,1,3,5,2,2,2,3,3,1,3,4,2,2,2,3,2,3,3,3,3,3,3,2,2,1,2,3,3,3,3,3,3,4,3,1,1,1,1,2,2,2,2,4,3,3,3,3,4,4,4,4,4,5,4,4,5,4,4,2,2,4,4,2,2,4,3,1,1,1,1,1,2,1,1,1,1,1,1,1,1,1,1,4,4,4,3,3,2,3,4,2,2,2,2,2,2,1,1,3,3,3,4,3,3,2,2,2,2,1,1,1,1,2,2,2,2,3,3,2,3,3,3,1,1,2,3,3,4,3,3,2,1,1,1,1,0,1,1,3,3,3,3,3,3,3,3,2,2,2,2,2,2,3,3,2,2,1,1,2,2,2,2,3,3,3,3,3,4,4,3,1,2,2,2,2,3,3,4,3,2,3,3,3,3,3,3,3,1,2,4,5,4,2,2,3,2,2,2,2,2,2,2,2,1,1,1,1,1,1,1,0,0,1,2,2,1,1,0,1,2,2,2,2,2,2,2,3,2,1,1,2,2,2,2,3,3,3,5,5,5,4,3,3,3,3,3,3,3,3,3,4,5,5,5,3,2,2,2,3,4,3,2,1,2,2,3,2,3,3,2,1,1,1,1,2,2,2,2,2,2,2,2,2,1,1,1,1,1,1,1,4,3,2,2,4,5,4,1,1,4,3,3,3,3,3,3,4,5,2,1,0,0,1,2,2,2,2,2,1,1,1,0,2,2,2,2,2,2,2,2,3,3,3,3,3,3,3,3,2,2,2,2,1,1,1,1,1,1,1,1,1,1,1,1,2,1,1,3,3,3,3,2,3,2,0,2,2,2,2,2,3,3,3,3,3,3,3,3,1,2,3,3,3,3,3,2,2,2,2,2,2,2,2,2,2,2,2,2,2,2,2,2,1,1,1,1,2,2,3,3,2,1,2,2,4,3,2,3,4,3
105,3,3,3,3,2,2,2,1,3,5,3,1,2,3,2,2,2,2,2,3,3,3,3,3,3,3,3,3,3,3,3,2,1,1,1,2,2,1,1,3,4,3,2,3,4,3,3,4,3,3,3,3,3,3,3,2,2,2,2,2,2,2,2,3,2,2,2,3,3,3,3,4,4,3,3,3,3,3,2,3,3,3,3,3,3,3,3,1,1,1,1,2,2,2,2,3,4,3,3,3,2,2,2,3,3,3,3,4,3,3,3,4,5,4,3,3,2,2,2,3,3,3,3,3,3,3,3,3,2,2,3,3,4,4,4,3,2,2,2,2,2,2,2,2,1,0,1,2,2,2,1,2,3,3,4,4,3,3,2,0,1,2,3,3,3,2,1,1,2,2,1,2,2,1,2,2,2,4,4,4,3,2,1,3,3,3,3,3,3,3,3,2,3,2,2,2,2,2,2,4,4,2,1,2,3,3,3,2,3,3,3,4,4,4,5,4,4,4,4,3,3,3,3,2,2,2,1,1,3,4,4,2,2,2,2,2,2,2,2,3,3,3,2,1,3,3,3,2,2,3,3,3,3,2,2,2,2,2,2,2,2,2,3,3,3,3,3,3,3,3,2,2,2,2,2,2,2,2,3,4,3,3,2,2,2,2,3,2,2,2,2,2,2,2,2,3,3,3,3,3,3,3,4,2,2,2,2,2,2,2,2,3,4,3,3,3,3,2,2,0,1,1,2,2,2,3,2,1,1,1,1,3,3,3,1,4,3,3,3,4,4,2,3,3,2,3,3,2,2,2,1,2,3,3,2,2,2,1,2,2,2,0,0,0,1,2,3,4,4,2,2,3,3,3,4,3,3,3,3,3,3,3,4,3,3,2,1,2,3,3,3,4,4,5,5,5,4,3,3,2,2,2,2,2,2,2,2,1,3,5,5,4,4,3,2,2,2,2,3,2,3,3,3,2,2,2,2,2,2,2,2,2,4,4,4,2,2,2,2,3,3,3,3,3,3,3,3,1,2,3,3,3,3,2,1,1,2,2,3,3,3,4,4,3,3,3,4,4,4,5,4,2,2,3,3,2,3,3,4,4,3,2,1,1,1,2,2,2,2,2,2,2,2,2,3,4,3,1,2,3,3,3,3,3,3,2,3,2,3,3,4,3,3,3,3,2,2,4,4,3,2,3,3,3,3,2,2,2,2,3,3,3,3,3,2,2,2,3,3,3,3,3,2,4,5,4,3,3,2,2,3,3,3,2,2,4,4,3,3,3,3,3,3,3,3,3,3,2,2,3,3,3,4,3,3,4,4,3,3,2,2,2,2,2,2,3,3,4,5,6,6,3,2,3,4,4,3,2,2,0,1,3,5,5,4,2,0,6,5,5,5,4,4,4,4,4,4,3,2,2,1,1,1,1,1,1,1,2,2,2,2,3,2,2,2,2,2,2,2,3,2,3,2,2,2,2,2,2,2,2,2,2,2,2,2,3,3,3,3,3,3,3,3,3,4,5,4,3,2,3,5,2,2,2,2,2,2,2,2,1,1,1,1,1,1,1,1,0,1,4,3,2,1,2,4,1,2,2,3,2,3,3,4,2,2,2,2,2,2,2,2,2,2,2,2,2,2,2,2,2,2,1,1,1,1,1,1,1,2,1,2,2,2,1,1,1,1,1,1,1,2,2,2,2,2,2,2,2,2,2,2,1,1,2,3,3,2,1,1,2,2,2,3,4,4,5,5,3,3,2,2,2,2,3,3,3,3,3,3,3,3,3,4,3,2,1,1,3,3,2,1,2,2,2,2,2,2,2,2,2,2,1,2,3,3,3,3,4,4,3,3,3,3,2,2,1,1,1,1,2,2,2,3,2,1,2,2,2,4,3,3,2,2,2,2,1,1,1,1,2,2,2,2,2,2,2,2,4,3,2,3,3,3,3,4,3,2,1,3,2,2,2,2,4,3,3,3,3,3,3,4,3,3,3,2,2,1,2,3,2,2,2,2,2,2,2,2,3,3,3,3,3,3,3,3,2,0,1,1,2,2,2,0,2,2,2,2,2,2,2,2,1,1,1,1,1,1,1,1,1,1,1,1,1,1,1,1,4,4,4,4,3,3,3,3,1,1,2,2,2,2,1,1,2,2,2,3,3,3,3,3,0,1,2,3,4,3,3,2,3,3,3,3,3,3,3,3,5,4,2,2,3,5,4,5,0,1,1,2,2,2,1,2,1,3,4,4,1,0,1,0,0,0,1,1,1,2,2,2,1,1,1,2,2,2,3,3,2,2,2,2,2,2,2,2,2,2,2,2,2,2,2,2,1,1
106,3,3,3,3,3,3,3,4,4,5,4,2,3,3,3,4,4,4,3,3,3,3,3,3,1,3,3,4,4,4,4,3,3,4,4,4,3,2,2,3,3,3,3,3,3,3,3,4,4,4,5,5,4,4,5,3,1,1,1,1,1,1,1,5,5,4,4,4,3,3,2,4,5,4,2,3,4,5,4,5,5,4,4,3,3,3,3,2,3,3,3,2,1,1,2,1,1,2,2,2,1,1,3,3,3,3,3,3,3,3,3,3,3,4,4,4,5,5,5,5,3,4,4,4,2,1,0,2,3,2,1,2,2,4,5,4,2,1,1,3,4,4,3,2,0,3,2,2,4,3,4,3,1,0,0,1,4,3,1,1,1,4,4,4,4,2,3,2,2,2,2,2,2,2,2,4,3,3,2,2,2,1,3,4,3,3,3,3,3,3,3,3,2,1,1,1,1,2,2,2,2,3,4,4,4,3,3,4,4,4,4,4,4,4,3,3,3,2,2,3,3,2,2,3,4,4,3,1,2,2,1,1,2,2,2,2,2,2,2,3,2,2,2,2,3,3,3,2,2,3,3,4,4,5,5,7,2,2,2,2,3,3,2,3,3,3,4,4,4,4,3,2,3,5,5,4,4,3,2,3,4,4,3,3,4,4,4,5,4,3,3,3,4,4,4,3,3,2,2,2,2,2,2,2,3,3,2,3,3,3,2,2,3,2,3,3,3,4,4,3,2,2,2,2,2,1,1,1,1,1,1,1,2,2,2,1,2,2,2,2,2,3,3,1,0,1,3,1,0,1,2,3,3,3,3,3,3,3,3,2,3,3,3,3,3,4,3,3,3,3,3,3,3,4,3,2,3,3,3,3,2,3,2,4,3,3,3,3,3,3,2,1,1,2,1,1,3,4,5,5,3,3,4,6,5,4,2,1,3,3,3,3,3,3,3,2,3,3,3,3,3,3,3,4,3,4,3,3,3,2,2,3,3,3,4,3,3,3,3,3,2,2,3,3,3,3,3,2,2,1,1,1,2,2,3,4,4,2,2,2,2,3,3,2,2,3,3,3,4,4,4,2,2,1,2,2,1,1,3,5,3,2,1,1,3,4,3,3,3,3,3,3,3,1,0,1,3,2,2,3,3,4,4,3,3,2,3,3,2,2,3,3,3,3,3,3,3,3,3,3,2,3,2,2,2,2,1,2,2,2,2,2,2,2,2,3,3,3,3,3,3,3,3,2,1,1,1,1,1,1,1,2,2,2,2,1,1,1,1,3,3,3,3,3,3,3,3,2,2,2,2,2,2,2,2,3,3,3,3,3,3,3,3,1,1,2,2,2,2,2,1,4,2,1,1,2,4,4,2,3,4,3,3,3,3,3,3,3,2,2,4,4,4,2,2,2,1,2,2,2,2,3,3,3,3,3,3,3,3,3,3,2,1,2,1,2,2,2,3,2,2,5,6,5,4,3,3,3,1,2,3,3,4,3,3,3,2,2,2,2,2,2,2,2,2,2,2,2,2,2,2,4,4,2,2,4,4,4,3,3,4,3,2,2,2,3,3,1,0,0,0,1,1,2,3,3,2,4,4,2,2,2,2,3,3,2,2,3,3,4,3,1,2,2,2,2,2,2,2,2,1,2,2,3,1,1,2,3,3,2,1,3,4,3,3,3,3,3,3,2,2,2,2,2,2,2,2,2,2,2,2,3,4,3,3,3,2,2,2,2,3,2,2,1,2,2,2,2,2,2,1,1,2,2,3,3,2,2,2,2,2,2,2,2,2,2,2,2,2,2,1,3,4,4,4,3,2,3,5,4,2,2,2,2,2,2,2,2,2,3,3,3,3,3,2,0,0,1,2,2,3,2,1,2,2,4,5,5,5,4,4,2,2,2,2,0,0,2,2,2,3,3,3,3,3,4,4,3,1,1,3,3,2,4,4,2,2,2,2,2,2,2,2,1,1,1,1,1,1,1,1,2,2,2,2,2,2,2,2,1,1,2,2,2,2,2,1,2,3,2,1,1,1,1,2,2,2,3,3,3,3,3,4,3,2,2,2,2,2,2,2,1,0,0,0,1,1,1,2,1,2,4,4,4,2,2,4,3,2,2,2,3,3,3,5,3,0,1,2,1,2,1,0,1,2,2,2,2,2,2,2,2,2,4,4,3,2,2,5,4,3,3,1,2,2,2,3,1,1,2,2,2,2,2,3,1,1,2,1,1,1,2,2,2,2,2,2,2,2,2,2,3,3,2,2,2,2,2,1,3,3,3,3,3,3,3,3,2,2,2,2,2,2,2,2,4,4,2,2,2,1,2,2,2,2
107,3,4,5,3,3,4,4,2,2,2,1,1,1,2,2,5,3,2,3,5,3,2,4,1,2,2,2,2,1,2,2,2,4,4,3,2,2,3,3,1,1,1,1,2,2,2,2,3,3,3,3,3,3,3,3,3,2,2,2,3,3,3,3,3,3,3,3,2,2,2,3,4,3,3,3,2,2,2,1,3,2,2,2,2,3,2,0,5,5,5,4,4,4,4,4,2,5,3,2,4,2,0,0,2,2,2,1,1,2,4,5,2,3,3,3,2,2,1,1,2,3,2,2,2,1,2,4,4,3,4,3,2,3,3,2,3,3,4,4,3,3,3,3,2,2,2,2,2,3,3,3,3,2,2,3,3,4,4,2,5,7,5,4,4,3,3,3,1,2,2,1,2,2,1,1,0,1,2,3,3,2,2,2,2,2,2,2,2,2,2,2,1,2,2,2,4,3,3,6,5,3,4,3,3,3,3,2,3,2,2,2,3,3,3,3,1,1,2,1,2,4,4,1,1,1,1,2,2,3,3,1,2,3,3,2,3,4,4,5,3,2,2,3,2,3,2,3,2,1,1,4,4,2,3,5,4,5,4,4,3,3,3,4,3,3,3,3,3,3,3,3,2,2,1,2,2,2,2,2,1,1,1,1,1,1,1,2,1,1,1,4,5,3,4,4,4,3,3,3,2,1,1,2,3,3,4,4,3,3,3,2,2,1,0,0,0,2,4,3,1,1,1,1,1,1,1,1,3,1,2,3,2,1,1,1,0,0,1,1,2,2,2,2,2,1,1,1,1,2,2,1,0,1,2,2,1,2,5,5,3,3,5,5,4,4,2,2,2,2,2,2,2,2,2,2,3,3,3,3,3,3,3,3,4,4,4,4,4,4,4,3,1,2,3,3,3,3,2,3,4,4,4,2,3,4,4,1,3,3,3,2,1,2,2,2,2,2,3,4,4,3,3,2,1,2,2,3,2,2,1,1,1,1,1,1,2,2,1,1,2,2,1,2,3,3,2,2,3,3,3,3,3,3,3,3,3,3,3,3,3,3,3,3,2,2,3,3,3,3,4,4,2,2,1,1,1,1,2,2,1,1,1,1,1,1,1,1,2,2,2,1,1,2,3,3,3,2,1,1,2,3,4,4,2,2,3,3,3,3,3,4,2,3,3,3,4,4,4,3,2,2,2,2,2,2,2,2,1,1,2,2,4,4,3,3,4,4,3,3,3,3,3,3,3,3,3,3,3,3,3,3,2,4,5,5,4,3,3,4,5,4,4,4,4,4,4,4,4,3,3,3,2,3,3,4,2,2,2,2,2,2,2,2,3,3,2,2,4,4,3,3,2,4,4,4,4,4,4,4,3,3,3,3,3,3,3,3,1,0,1,1,2,2,1,1,2,4,3,3,4,4,2,0,2,3,3,3,3,3,2,2,2,2,2,1,1,1,1,1,1,1,1,1,1,1,1,1,1,1,2,1,1,1,1,1,3,4,4,2,2,3,4,4,3,3,3,3,3,3,3,3,3,4,4,4,3,2,3,3,1,1,2,2,3,3,3,3,3,2,2,2,2,2,2,2,2,2,2,2,2,2,2,2,1,1,1,2,2,2,2,3,4,3,3,3,3,3,3,3,4,5,2,1,2,3,3,2,2,3,3,2,2,2,2,3,1,1,1,1,1,1,1,1,1,2,2,3,2,1,2,2,3,3,3,3,3,3,4,3,4,3,3,3,3,3,3,3,2,2,2,2,1,2,3,4,3,2,2,2,2,2,2,2,2,2,2,1,1,1,2,3,4,3,3,3,3,3,3,3,3,3,3,3,3,3,3,3,2,2,2,2,2,2,2,2,2,2,2,2,1,1,1,1,0,1,3,4,3,3,2,1,3,3,3,3,4,4,4,4,4,4,4,4,4,3,2,2,2,2,2,3,4,3,3,2,3,3,3,4,3,3,3,3,2,2,3,3,2,2,3,2,2,2,2,1,2,2,1,2,4,5,4,4,3,3,2,3,3,2,3,3,2,2,2,1,2,2,2,2,2,2,2,2,3,3,3,3,4,4,3,3,2,2,3,3,3,3,3,2,0,2,3,3,3,3,4,4,3,3,2,2,2,1,1,1,1,1,2,2,2,3,3,3,3,2,2,2,2,2,2,2,2,2,2,2,2,2,3,3,3,3,3,3,3,3,3,3,2,1,1,2,3,3,4,3,1,2,2,2,2,2,2,1,2,1,1,1,1,1,1,1,4,3,2,1,2,3,3,4,2,2,1,1,1,1,2,2,3,2,3,4,4,3,2,2,3,3,3,3,2,2,3,5,4,2
108,2,3,3,3,4,4,4,4,4,4,4,4,4,4,4,3,2,3,3,4,2,2,2,4,3,3,2,2,3,2,3,4,4,3,3,3,3,5,2,1,9,9,4,3,5,4,5,5,4,3,2,1,2,3,4,1,1,2,2,2,3,3,3,3,3,3,3,3,3,3,3,4,2,3,4,4,3,2,3,5,5,4,4,4,3,3,2,2,3,3,2,2,1,1,2,1,0,1,2,2,4,5,5,3,3,3,3,3,3,3,3,2,2,2,1,2,2,2,2,0,1,2,2,2,0,0,1,3,3,3,3,3,3,3,3,2,2,2,0,0,1,0,0,1,2,2,2,3,3,3,3,2,2,2,2,2,2,2,1,3,6,6,4,3,2,2,2,5,4,3,4,3,2,0,1,2,2,3,3,2,3,4,4,4,4,6,5,4,4,2,1,3,5,6,3,1,2,5,4,1,2,2,1,3,3,4,3,4,3,3,3,3,3,3,3,3,3,2,2,2,2,1,1,2,0,2,4,3,2,3,1,1,2,3,4,4,4,2,2,2,2,3,4,4,4,2,3,2,1,3,3,2,3,2,1,2,2,2,2,2,2,2,2,3,3,3,3,3,3,3,3,3,3,4,5,3,2,1,2,1,1,3,2,1,0,0,2,4,3,3,2,2,3,3,3,4,3,3,3,3,3,3,3,3,3,4,4,4,4,3,3,2,3,3,3,3,3,3,2,3,2,3,3,3,3,2,2,1,1,2,2,3,3,5,5,4,2,2,1,0,1,2,3,3,2,4,6,6,5,2,2,1,2,2,2,2,2,2,3,4,5,4,2,2,3,5,5,3,4,3,2,1,0,2,4,4,3,3,3,2,2,2,2,3,3,3,3,3,3,3,3,3,1,2,3,4,4,3,4,4,4,5,5,3,3,4,4,3,3,4,4,3,3,2,3,3,3,4,4,3,2,3,4,4,3,3,3,4,4,4,4,2,3,3,3,2,2,2,0,1,1,1,1,1,1,1,1,1,1,1,1,2,2,2,3,1,2,3,2,3,2,4,5,2,1,1,1,1,1,1,1,1,2,6,6,4,2,0,0,4,4,2,2,2,2,3,4,2,2,3,3,3,2,3,4,3,3,1,2,3,3,3,1,1,0,1,1,1,2,2,3,3,4,4,4,3,1,1,2,5,3,2,1,2,3,5,5,2,2,2,2,2,2,3,3,2,2,2,2,2,2,2,3,5,3,2,3,2,3,4,4,4,4,4,4,4,4,4,3,1,2,2,2,3,3,3,1,3,4,3,3,4,3,3,4,3,4,6,5,4,4,2,3,3,3,3,3,3,2,2,3,4,4,4,3,3,3,2,3,3,3,3,3,3,3,4,2,3,6,6,5,3,2,3,4,2,3,2,2,2,2,4,2,1,2,2,2,1,1,2,1,1,2,2,2,3,3,3,4,5,5,5,4,4,4,3,4,2,2,3,4,3,3,3,4,2,2,2,2,2,2,3,3,2,3,4,3,2,2,3,3,3,4,4,4,4,5,3,2,3,3,4,3,2,2,2,2,2,2,2,2,2,2,2,2,2,2,2,2,2,2,2,2,0,0,1,2,2,1,0,1,2,2,2,2,2,2,2,2,3,3,3,2,2,2,2,2,1,1,1,1,1,1,1,1,0,1,1,2,2,2,2,2,4,5,5,4,3,2,1,1,3,2,2,3,3,3,4,4,3,3,3,3,3,3,3,3,3,3,3,3,3,3,3,3,3,4,4,4,4,4,1,2,3,2,2,2,2,2,2,2,4,4,4,4,4,4,4,4,2,1,2,2,2,2,3,3,3,4,4,4,4,2,2,4,2,1,2,2,1,1,2,3,4,4,4,5,5,4,3,1,0,1,1,1,1,1,1,1,0,1,1,2,2,3,3,4,3,4,4,4,4,4,4,4,2,2,3,3,3,2,2,3,3,4,5,3,2,3,4,3,3,2,2,2,1,1,3,3,3,4,5,4,4,3,2,2,1,1,2,2,4,4,4,4,2,1,2,2,3,3,3,5,1,1,3,3,2,1,1,2,3,2,2,2,2,3,3,3,4,5,3,3,2,2,3,3,3,3,3,3,3,3,4,3,1,1,1,1,1,1,1,1,2,1,1,1,1,1,1,2,1,1,1,1,1,1,1,2,1,1,1,1,1,0,1,1,1,2,3,2,2,2,2,3,1,3,1,1,2,3,3,1,2,2,1,2,2,2,1,2,3,3,3,3,3,3,3,3,3,4,4,4,4,4,4,4,3,2,2,2,3,2,2,3,2,1,1,3,4,4,4,3,3,3
109,4,2,2,2,2,1,1,3,3,3,2,2,2,2,2,5,3,3,3,4,5,7,7,3,1,1,1,0,1,1,0,3,2,2,2,2,2,2,2,1,1,4,3,3,2,2,2,1,0,1,1,1,1,1,2,3,3,3,2,1,1,1,1,1,2,2,3,2,1,2,3,2,1,1,3,2,1,1,2,4,4,1,0,2,3,3,1,3,3,1,2,3,1,1,3,2,2,4,4,4,4,2,2,3,3,4,3,4,4,5,6,2,1,1,1,1,2,2,4,4,3,1,2,1,1,1,1,1,2,3,2,1,2,3,4,2,3,3,3,3,2,1,2,3,1,2,3,3,3,2,2,4,3,4,4,2,3,4,5,1,1,2,2,1,2,2,2,5,4,3,3,3,4,4,2,2,2,3,3,3,2,3,3,2,3,3,2,3,3,4,4,2,1,1,2,2,3,4,4,5,5,3,3,3,4,3,0,1,3,2,3,3,3,3,5,4,3,4,2,3,3,1,3,2,2,3,3,4,4,4,6,4,3,4,5,5,5,5,5,3,2,2,2,3,3,3,2,0,1,3,4,3,2,1,1,2,2,2,2,2,2,2,2,2,2,3,3,3,3,3,3,2,1,2,2,2,2,2,1,2,3,3,4,4,3,3,2,2,3,5,5,4,2,3,3,1,1,0,0,2,3,2,2,3,4,3,5,4,3,3,1,2,2,3,2,3,4,4,5,4,4,3,3,3,3,2,3,4,5,4,4,3,2,4,6,1,2,2,2,2,4,4,3,2,2,3,2,1,3,3,2,1,2,1,2,2,2,3,3,1,0,2,2,2,3,4,3,2,2,3,4,3,3,3,5,4,1,1,2,2,1,1,2,1,1,4,3,3,5,5,4,5,5,4,4,3,4,5,3,1,1,2,2,0,2,3,4,5,4,4,3,2,3,2,2,1,1,3,3,2,2,2,2,1,0,2,2,3,3,1,0,1,1,3,4,3,3,2,1,1,1,2,2,2,3,5,3,2,2,2,3,4,5,4,2,4,4,3,3,3,3,3,3,1,3,2,1,1,1,2,3,4,3,3,3,3,3,2,2,3,2,1,1,1,2,3,3,2,3,3,3,2,2,3,2,3,3,3,3,3,3,3,3,3,4,2,3,3,2,1,2,5,5,4,3,3,2,4,4,3,4,4,5,5,4,3,3,2,2,2,2,2,2,2,2,1,3,3,4,3,1,2,3,5,5,0,0,1,3,4,3,3,4,2,1,2,2,2,2,2,2,3,3,3,4,5,3,2,3,2,2,3,3,3,3,2,3,5,6,6,6,3,1,1,2,2,1,1,2,3,3,0,1,2,3,3,2,3,4,1,3,3,3,4,4,3,3,3,2,2,2,2,2,3,3,2,2,2,2,3,3,3,4,2,0,2,2,2,3,3,1,1,3,3,3,2,3,2,1,0,1,2,2,1,1,3,3,1,1,3,2,2,2,2,2,1,1,4,3,2,2,2,2,3,3,3,3,2,2,3,2,2,3,1,1,1,1,2,2,1,2,3,2,3,3,3,3,2,1,1,1,1,1,1,1,1,2,2,2,2,2,3,2,2,2,3,3,3,2,2,2,2,2,0,1,3,4,4,3,2,2,2,2,3,3,3,3,3,3,4,4,4,4,4,1,1,2,3,4,3,3,3,3,2,2,2,1,2,2,2,1,3,4,3,3,3,4,5,4,2,3,3,3,3,3,3,3,4,4,3,3,3,2,1,1,3,3,4,3,1,0,2,3,2,2,1,1,1,2,1,1,4,4,3,3,2,3,3,3,3,3,2,2,3,3,2,2,2,3,3,3,3,3,3,2,1,1,2,2,3,3,2,3,1,1,1,1,2,2,1,1,2,2,1,2,4,4,4,4,4,4,4,4,3,3,3,3,2,2,3,3,2,3,3,3,1,2,3,3,3,3,2,3,2,3,3,2,2,2,1,2,2,2,1,1,1,2,3,3,2,2,2,3,2,2,3,3,1,1,1,1,1,0,1,3,2,1,3,3,3,3,2,2,3,2,3,3,3,3,3,1,3,2,2,2,2,2,2,2,2,4,4,3,4,3,2,1,3,2,4,4,4,4,4,5,2,1,2,3,3,3,2,2,1,1,1,1,2,2,2,2,2,1,1,1,2,3,2,1,4,3,4,6,6,4,4,3,2,3,3,4,4,4,5,3,1,1,3,1,1,1,3,4,2,2,2,2,2,2,2,2,1,2,1,1,2,3,5,1,1,2,3,3,3,1,1,2,3,3,3,3,3,2,2,3,2,3,3,3,3,3,3,2,1,2
110,2,4,4,3,3,3,3,3,2,2,2,1,1,2,2,2,1,2,2,2,2,2,3,7,5,2,2,2,1,1,1,1,1,1,2,2,2,1,1,1,2,2,2,2,2,2,2,1,1,3,4,3,2,1,1,3,2,3,3,3,3,2,2,1,2,2,3,4,4,4,4,2,3,3,4,4,3,3,2,1,2,4,3,3,2,2,2,2,2,0,3,3,3,3,4,1,2,2,1,1,2,3,2,1,2,1,2,1,0,5,2,0,3,3,3,3,3,3,4,2,3,1,1,3,4,2,3,4,4,2,2,3,4,4,2,2,3,4,5,5,4,3,2,3,2,2,2,0,0,2,3,2,0,1,2,2,2,1,1,4,4,4,3,3,3,2,3,2,2,2,2,3,1,2,2,1,3,4,3,2,2,2,2,1,1,2,0,1,2,3,4,2,1,1,3,3,2,2,2,2,2,1,2,3,3,2,4,4,3,3,3,3,3,3,4,3,3,2,2,3,3,3,1,3,3,1,1,1,1,1,1,4,3,4,4,4,3,2,4,2,3,5,5,5,4,2,2,3,1,2,2,3,3,3,3,0,1,1,1,3,3,3,2,3,3,2,3,4,4,3,2,2,2,1,1,1,1,2,2,2,3,3,3,2,3,5,4,4,1,2,3,3,3,4,3,2,3,4,6,5,4,2,2,1,2,2,3,2,1,1,1,1,2,1,1,2,2,1,2,2,2,0,0,0,2,3,3,1,1,0,1,1,1,1,1,2,1,1,1,1,1,2,1,1,1,1,1,1,1,1,1,2,2,2,2,2,2,2,4,3,3,2,3,4,3,3,3,3,2,2,1,1,2,2,2,2,2,1,2,2,4,4,4,1,1,1,1,2,2,2,3,3,2,2,2,2,2,3,3,1,2,2,2,2,3,3,2,3,3,3,4,3,3,2,2,5,6,5,4,5,4,2,1,1,1,1,1,1,1,1,2,2,3,1,2,1,0,1,3,2,2,1,1,1,2,3,3,2,2,3,1,1,1,1,1,0,1,1,1,1,1,0,0,1,1,2,2,1,1,1,1,1,2,3,5,5,3,2,0,3,3,1,1,2,2,3,3,2,2,2,2,4,4,2,1,1,1,3,4,4,3,2,3,3,3,3,3,3,3,3,3,5,4,2,1,2,2,3,3,4,4,4,3,3,3,3,4,5,3,2,1,2,1,1,1,1,1,1,3,4,4,3,3,3,5,3,2,3,3,2,2,2,3,2,3,3,3,3,2,2,2,2,1,1,1,2,3,2,1,2,2,2,3,3,3,2,1,3,3,3,3,2,2,2,3,3,4,4,2,2,1,2,3,2,2,2,2,2,2,2,2,3,4,3,3,3,3,2,2,1,1,1,2,3,3,2,1,1,1,1,1,1,1,0,0,1,1,1,1,1,1,1,3,3,3,2,3,4,2,2,1,3,4,4,3,3,3,3,4,3,3,3,2,1,3,2,1,2,2,2,3,4,4,4,3,4,4,4,3,3,2,2,2,2,3,3,2,3,2,1,1,2,1,2,2,3,3,2,2,2,2,2,3,5,5,2,2,3,3,3,3,4,4,1,1,4,4,5,5,2,2,1,0,1,1,3,3,4,4,1,2,2,2,4,4,2,1,2,3,4,3,5,5,4,4,4,4,4,3,4,3,2,2,2,1,3,3,2,2,2,2,1,1,2,2,1,1,2,2,3,3,3,3,3,4,4,4,3,2,3,3,3,2,3,2,1,2,3,3,3,1,2,2,1,1,3,3,2,2,4,4,1,2,2,1,1,1,1,1,2,2,2,2,2,2,2,2,2,2,2,2,2,1,2,2,1,3,3,2,3,4,4,3,2,2,2,2,2,4,4,4,4,3,2,3,3,3,3,4,2,1,2,4,4,3,1,1,1,0,1,1,1,2,3,3,5,4,4,3,4,3,2,2,3,3,3,3,3,3,3,3,4,4,3,2,1,3,3,1,5,5,2,1,2,1,2,3,1,3,3,2,2,2,2,2,3,1,1,1,2,3,3,1,2,3,4,5,3,3,4,4,0,1,1,1,1,1,2,3,3,3,2,3,3,3,3,2,5,6,4,4,3,3,2,2,2,3,2,3,3,3,4,4,3,2,1,2,2,4,3,2,0,1,1,2,2,2,3,3,2,2,2,3,1,2,3,3,2,2,2,0,2,0,2,3,4,4,2,2,2,2,2,2,1,1,2,2,3,2,2,2,3,4,3,3,2,2,1,1,1,3,2,1,3,3,4,3,1,1,2,2,1,1,1,1,2,3,3,3,3,3,2,2,3,2
111,0,2,3,4,4,4,3,3,3,3,3,3,3,3,3,3,3,2,2,2,2,1,2,4,3,3,3,3,4,3,3,1,1,3,4,3,2,4,4,5,4,2,1,1,4,9,11,3,4,4,3,3,3,3,4,3,3,4,3,2,2,3,4,2,1,1,2,2,3,3,2,2,2,2,3,2,3,3,1,1,1,1,1,1,1,1,1,2,2,2,2,2,2,2,2,2,0,0,1,3,2,2,0,2,2,2,2,2,3,2,2,1,1,1,2,1,1,2,2,3,3,2,2,1,2,2,3,2,2,1,1,1,1,2,2,2,3,4,4,2,2,3,4,1,2,2,1,1,1,1,1,2,4,4,4,5,5,4,4,2,2,1,0,0,1,2,1,2,2,4,5,5,4,6,5,2,1,1,2,1,2,2,2,1,1,2,2,2,3,4,3,2,1,1,1,2,2,2,4,3,1,1,3,3,6,5,3,2,2,2,2,2,2,2,2,3,2,2,1,3,3,1,2,4,4,4,4,4,4,3,1,2,3,3,4,3,4,2,4,1,1,1,1,1,1,1,1,1,1,2,3,4,2,1,1,4,3,4,3,3,2,2,2,1,3,3,3,4,4,3,3,3,4,4,4,4,4,4,3,2,1,1,2,3,2,2,3,4,3,2,1,2,1,1,1,1,1,1,0,0,0,1,1,4,4,4,3,2,2,4,3,0,0,0,1,1,1,1,2,2,1,2,2,2,2,2,2,3,3,3,3,3,4,4,3,2,1,3,3,3,3,3,4,7,6,5,3,2,2,1,1,1,1,3,3,2,3,3,3,2,2,2,2,3,3,3,2,3,4,4,4,4,3,3,3,2,3,3,2,3,3,2,3,1,1,2,2,2,2,2,2,0,0,1,1,1,2,2,2,4,4,4,4,4,4,5,5,3,1,1,2,3,3,4,3,5,3,4,4,3,2,1,0,1,2,3,3,1,1,2,3,1,1,2,2,2,2,1,3,3,1,2,3,3,5,5,4,3,3,2,3,3,4,4,2,3,4,4,3,3,3,3,2,2,3,2,1,1,1,2,2,2,2,2,4,4,3,2,4,4,3,3,2,2,0,0,0,3,3,2,2,2,1,1,1,2,2,1,1,3,4,6,5,3,2,1,2,3,2,1,2,2,2,2,2,2,1,2,2,2,2,2,3,3,1,1,2,2,1,1,1,1,3,3,1,1,2,2,2,1,1,1,2,5,6,5,4,3,4,4,2,3,3,2,3,2,3,2,2,4,3,1,1,2,3,2,2,1,1,0,1,3,3,3,2,2,1,4,6,5,5,3,2,2,2,2,4,4,4,3,3,2,1,2,1,2,1,0,0,2,3,3,3,3,3,3,3,1,1,1,2,2,2,1,1,2,2,2,2,2,2,3,3,2,2,1,1,2,3,4,6,5,2,2,3,3,3,3,3,2,2,1,1,3,4,3,2,1,1,2,2,1,1,2,2,4,4,5,4,3,3,2,2,1,2,3,3,4,4,4,3,5,3,3,3,3,2,2,2,1,1,1,1,1,1,1,1,4,3,3,4,4,3,1,1,2,2,2,3,3,2,3,3,3,3,3,2,1,3,5,2,1,3,3,2,3,3,3,3,1,1,1,1,1,1,1,1,3,1,1,1,1,2,2,2,2,2,3,1,2,1,2,2,3,3,5,3,3,4,3,3,3,4,3,2,3,3,3,2,1,2,3,2,2,1,1,1,2,2,1,1,2,3,3,3,1,1,5,5,3,2,3,3,2,1,1,2,2,3,2,3,3,2,2,2,2,3,4,5,3,2,2,2,2,2,2,3,3,3,3,3,3,3,3,3,1,1,1,2,2,3,2,2,2,1,3,4,4,4,1,2,2,2,2,2,2,2,2,3,3,3,3,3,2,2,2,3,7,4,3,3,5,5,3,1,3,2,2,4,3,1,2,2,2,1,1,2,2,3,3,3,2,2,2,1,1,1,3,3,3,2,3,3,2,2,2,2,1,2,2,2,1,1,2,2,3,1,1,2,3,4,3,1,3,3,3,2,3,3,4,4,1,1,1,1,2,2,1,1,1,1,1,1,1,0,1,3,2,2,2,1,1,1,1,2,1,1,1,2,2,1,1,1,1,1,2,2,2,2,2,2,3,2,1,2,2,3,4,4,1,2,1,1,2,3,3,2,2,2,2,3,3,2,1,3,2,2,1,1,2,2,2,3,2,2,2,2,2,2,2,2,1,2,2,3,3,3,3,2,1,2,2,1,2,2,2,2,2,1,1,1,2,1,1,2,2,3,3,2,1,2,2,1,3,2
112,1,3,3,4,4,2,1,3,1,1,1,1,2,1,0,3,3,2,2,4,4,4,3,4,4,3,3,3,3,3,4,3,2,2,2,2,2,3,3,5,5,4,3,2,3,3,3,4,3,3,3,3,3,3,2,1,2,3,3,3,3,3,3,2,2,1,1,1,1,1,2,1,1,4,4,2,1,2,2,4,4,4,3,2,1,2,3,4,3,2,2,2,2,2,2,2,1,1,2,2,3,2,2,5,4,2,3,3,5,3,0,3,3,4,3,3,2,4,3,2,4,3,4,4,4,4,5,3,2,2,2,2,2,1,2,1,2,3,4,5,5,4,5,4,3,3,3,4,4,3,4,3,1,2,2,2,3,3,3,1,2,2,2,2,4,3,2,3,3,3,3,3,3,4,5,3,3,2,4,6,5,1,1,2,2,2,2,2,2,2,2,2,1,2,2,2,2,1,1,1,2,1,1,1,1,1,1,1,2,2,3,4,4,5,3,0,1,3,2,3,3,3,4,2,2,1,1,1,1,2,1,1,2,2,4,3,2,2,4,5,2,4,2,2,2,2,2,5,4,3,4,2,2,2,4,3,3,4,4,3,3,2,0,2,2,2,3,3,3,4,3,0,2,4,4,2,2,2,4,3,2,4,2,3,2,0,2,1,3,3,2,2,2,2,2,3,4,4,3,1,3,5,3,3,3,2,2,3,2,2,2,4,2,3,4,4,4,4,4,3,3,3,3,3,3,3,2,3,4,3,3,3,2,2,3,1,0,0,1,2,2,1,2,5,3,3,2,3,2,2,3,1,1,2,3,3,2,1,2,4,3,3,3,4,3,3,3,3,3,3,3,3,3,3,2,3,5,4,3,3,3,4,3,2,1,2,3,2,2,2,1,1,1,1,0,1,2,3,2,3,4,4,2,3,2,2,2,2,3,4,4,4,4,3,2,1,1,4,2,2,3,3,3,4,3,2,2,3,4,4,3,3,3,3,2,2,3,2,2,2,3,3,4,3,2,1,2,2,3,3,2,2,1,1,1,1,4,3,2,2,3,4,4,4,4,3,0,1,2,4,5,1,4,4,3,3,2,1,1,3,4,3,3,4,4,4,3,4,4,4,4,4,4,3,3,3,3,2,2,3,2,4,5,5,3,4,3,2,2,3,1,2,2,2,2,2,2,2,2,1,2,2,2,2,3,2,2,1,1,2,3,3,3,3,2,2,2,3,2,2,1,1,1,5,3,3,2,1,2,2,4,3,4,5,5,5,5,5,4,1,2,3,3,3,3,4,4,2,2,3,4,3,3,4,2,3,4,4,5,5,4,2,2,1,1,2,2,2,2,2,3,2,2,4,4,4,4,4,3,2,4,4,4,2,2,3,2,1,4,4,2,1,0,0,3,3,3,3,4,3,3,2,2,2,2,1,2,3,3,3,2,3,4,3,3,2,2,2,1,2,1,2,1,2,2,2,3,4,3,3,3,3,3,3,4,4,4,4,4,4,4,4,2,2,4,3,3,3,3,2,3,3,3,3,3,3,3,3,3,1,1,2,2,2,2,1,1,1,2,3,3,2,2,2,1,1,2,2,1,1,1,1,1,3,2,2,2,1,1,2,2,1,1,1,1,2,2,2,1,3,2,3,3,3,3,3,3,2,2,2,2,1,2,3,2,3,3,3,2,3,2,3,3,1,3,4,4,4,3,2,2,1,1,1,2,2,3,2,3,4,3,3,3,3,3,3,3,1,1,2,2,1,2,1,1,2,2,2,2,2,2,2,2,2,2,2,2,4,5,5,4,1,1,2,1,1,1,1,1,1,1,1,1,1,1,1,1,1,1,1,1,1,1,2,2,4,4,2,2,2,2,2,4,4,4,4,3,3,3,3,4,2,3,3,3,2,2,2,1,2,1,1,2,3,3,2,1,3,3,3,3,3,3,3,2,2,2,4,4,4,3,3,4,2,0,1,2,2,2,3,3,2,1,1,2,2,2,3,2,1,2,3,1,2,2,2,3,2,2,2,2,2,2,2,3,3,2,1,1,3,3,2,2,5,4,3,3,3,4,3,3,2,2,1,1,1,1,1,1,1,1,1,2,2,1,1,1,2,2,2,2,1,1,2,2,2,3,3,3,2,3,3,3,2,2,3,3,2,3,4,3,2,3,2,2,3,3,3,3,1,1,3,2,2,2,2,1,1,2,2,4,3,1,1,1,2,0,2,3,4,4,3,4,1,1,2,2,2,2,2,0,0,1,1,2,2,3,3,3,3,2,2,2,3,3,2,3,1,2,3,2,2,2,2,2,1,1,1,2,2,1,2,3,2,1
113,3,3,2,0,2,2,1,2,2,2,2,3,2,2,2,1,3,4,3,4,3,2,2,2,3,2,3,2,2,3,2,3,4,2,2,2,2,5,4,3,2,3,3,1,1,2,3,4,4,4,4,4,4,4,3,4,5,4,4,3,4,5,6,4,2,3,3,4,4,4,3,2,2,2,2,2,1,3,2,2,2,2,3,4,4,4,4,3,3,3,3,3,3,3,2,1,2,2,4,4,3,3,1,1,1,1,2,1,2,3,4,3,4,4,3,2,2,2,2,3,4,6,5,2,0,1,2,2,2,2,2,2,2,2,2,4,5,3,3,3,1,4,3,3,2,3,3,2,3,3,5,3,3,2,2,1,3,3,4,4,4,4,4,3,3,3,3,1,3,4,4,3,4,4,4,3,2,3,4,3,1,1,3,4,4,3,3,2,1,3,5,5,4,2,2,3,4,4,4,4,3,2,4,4,3,1,2,1,2,4,4,4,4,3,4,3,1,1,2,3,2,3,3,1,1,1,1,2,2,2,2,2,2,1,1,2,2,2,2,3,2,2,3,2,2,3,3,1,1,2,4,5,5,5,6,3,3,3,3,3,3,3,3,3,3,2,2,2,2,1,1,3,2,2,3,2,4,5,4,2,4,3,2,3,3,3,2,5,4,2,1,0,1,3,4,2,1,3,2,2,2,2,2,4,2,4,5,4,4,2,0,3,4,1,2,3,4,3,2,3,2,2,2,2,2,3,4,3,2,2,4,4,4,2,2,3,3,3,3,3,3,3,4,3,3,3,2,2,1,2,2,0,1,1,0,1,1,2,1,2,3,3,2,2,3,2,2,4,6,4,3,4,4,4,4,3,1,0,2,2,2,2,2,2,2,2,2,2,2,3,3,3,2,2,2,2,3,3,3,1,0,1,2,2,3,3,2,3,4,3,1,2,3,3,2,1,3,4,4,4,2,1,3,3,2,3,3,3,3,3,3,2,1,2,2,2,2,1,1,2,2,1,1,3,3,1,1,2,1,2,2,1,1,2,2,3,3,4,4,3,4,4,4,3,2,1,1,1,1,1,0,1,1,1,2,2,2,3,3,2,2,3,2,1,2,2,3,1,1,1,1,1,1,2,1,2,3,2,3,3,3,3,3,1,1,3,4,3,3,2,1,1,2,2,3,2,2,2,1,2,1,2,2,2,2,3,2,2,2,2,3,3,3,3,3,3,3,3,3,3,3,3,3,3,3,3,3,3,2,3,3,2,3,3,3,3,2,2,2,2,2,2,2,3,3,3,4,4,3,4,4,4,4,5,6,1,2,2,2,3,2,3,4,1,2,4,3,3,4,5,4,2,1,3,4,4,4,3,2,1,1,3,3,3,2,3,3,3,3,3,4,4,4,4,4,2,2,1,1,1,1,1,1,2,2,3,3,3,3,4,4,2,3,2,2,2,1,3,4,2,2,2,2,2,2,2,3,2,1,1,1,1,1,1,1,1,1,3,4,3,3,3,3,1,1,1,2,4,3,4,3,3,3,2,3,3,3,4,3,3,3,2,2,2,1,2,3,3,3,3,2,3,3,1,2,3,2,3,3,2,2,2,2,1,1,2,2,2,2,3,3,2,2,3,1,2,2,1,1,5,3,2,3,5,5,5,4,2,3,3,3,3,3,3,3,3,3,4,4,5,4,5,3,2,3,3,3,3,3,2,2,1,2,1,2,2,2,2,1,1,2,3,2,2,2,3,3,1,1,4,3,2,3,3,2,3,2,1,1,1,1,1,2,2,2,3,3,4,3,3,2,2,2,3,3,3,3,3,3,0,1,0,1,1,1,1,1,2,1,1,2,1,2,2,2,2,3,4,3,4,4,3,3,2,2,2,3,3,2,3,3,1,2,2,2,2,1,2,2,2,2,2,1,1,1,1,1,5,5,2,2,2,2,2,2,1,1,1,2,1,2,3,4,3,2,2,2,3,3,3,2,4,3,3,1,1,2,3,4,3,2,2,2,1,2,2,2,3,3,2,2,3,2,2,3,2,3,3,4,3,3,3,1,1,2,2,2,2,2,2,2,4,2,1,1,2,3,3,2,3,2,1,2,1,2,2,2,2,3,2,1,1,1,1,2,3,2,2,3,2,2,2,2,1,1,0,1,2,2,1,0,2,2,2,2,3,3,2,2,2,2,2,2,2,2,2,2,1,1,1,2,2,2,3,3,2,2,2,2,3,3,2,1,3,3,2,2,2,2,3,4,1,2,3,3,1,0,0,1,2,2,2,2,2,2,2,1,3,3,3,2,2,2,3,3,2,3,3,2,2,3,3,3,4,3
114,2,2,3,3,2,2,2,2,1,3,4,4,4,4,3,4,3,3,2,4,4,4,4,2,2,3,3,3,3,2,3,4,3,2,3,4,4,2,2,3,3,4,4,3,3,3,3,3,3,3,3,2,3,2,2,2,1,2,2,1,2,3,3,3,1,1,2,4,4,2,0,2,3,3,7,8,4,3,7,4,5,4,4,2,2,4,5,4,4,2,3,4,6,8,5,3,2,4,5,4,3,3,2,3,3,3,3,3,2,2,3,3,2,3,3,2,2,2,2,1,1,1,1,2,2,2,1,1,2,3,3,3,4,3,3,3,3,3,4,4,3,4,3,1,2,3,3,3,3,4,3,2,2,3,3,2,2,1,3,2,2,2,1,2,4,5,3,3,2,3,3,4,4,3,3,2,2,2,3,5,3,3,4,3,4,3,3,3,4,4,2,3,2,2,3,4,5,3,2,2,3,2,3,4,5,4,4,5,5,3,3,5,4,5,5,3,3,3,3,3,3,3,3,0,2,2,2,3,2,2,2,3,2,1,2,3,3,3,2,2,1,2,2,2,3,3,3,4,2,3,2,3,4,3,5,2,4,4,3,1,1,3,3,1,1,3,2,1,2,1,0,1,2,2,2,2,2,2,1,1,3,4,3,3,2,3,3,2,2,1,1,2,1,1,2,2,2,2,2,2,2,2,1,1,2,1,2,2,1,1,1,2,1,1,1,2,1,1,1,1,0,1,3,3,3,3,2,3,5,4,2,3,4,3,2,4,4,4,4,3,3,5,6,7,5,4,5,3,2,3,3,4,4,4,4,4,4,2,2,3,3,4,4,3,4,4,4,2,1,2,3,2,3,4,4,2,3,3,2,1,1,3,2,3,4,4,4,3,3,3,4,1,1,1,3,3,2,1,0,4,3,3,4,4,2,2,3,2,3,3,2,3,2,3,2,5,3,2,3,3,3,4,3,2,3,3,3,3,3,3,3,2,2,2,3,3,2,2,1,1,1,1,1,1,1,1,1,1,1,1,1,2,2,3,2,2,2,3,3,2,2,3,3,1,1,1,2,3,2,1,1,1,1,1,1,1,2,3,4,3,4,4,3,3,2,3,3,1,1,1,2,2,2,2,2,2,2,2,2,2,1,2,2,1,1,1,2,2,2,2,2,0,1,2,4,3,1,3,5,5,2,3,3,3,4,3,4,1,1,0,1,1,0,1,0,1,2,1,1,1,2,5,5,2,2,2,2,2,2,2,2,2,2,2,2,2,2,2,1,2,2,2,3,2,1,1,0,1,1,1,2,3,2,1,1,3,4,4,4,4,3,1,2,3,2,2,1,2,2,2,2,1,1,1,2,3,3,4,4,1,2,3,4,4,4,4,4,2,1,1,1,2,2,3,4,6,6,5,4,5,4,2,1,2,3,2,2,2,2,2,2,3,2,2,2,2,2,2,2,0,2,3,3,4,3,2,3,3,0,2,3,3,3,3,2,3,2,2,3,2,1,2,2,3,4,3,3,3,3,2,1,1,1,1,1,2,2,2,2,3,3,3,3,3,3,3,3,1,1,1,1,1,1,1,1,2,2,1,2,2,2,3,4,2,1,1,4,4,5,3,3,2,2,2,2,2,2,2,2,1,2,3,3,3,2,1,1,1,2,2,2,2,1,0,0,3,4,3,3,5,4,3,3,2,1,2,2,2,2,3,4,4,3,2,2,3,3,3,3,2,1,1,2,2,2,2,3,2,1,1,1,1,1,1,1,2,2,2,2,1,1,1,3,3,3,3,3,3,3,3,3,4,4,3,3,4,3,3,4,3,2,2,2,2,2,1,3,3,1,1,1,1,1,1,1,2,2,2,2,2,2,2,2,2,2,3,4,3,3,3,3,4,4,3,3,4,4,3,4,4,5,4,3,3,3,4,1,2,2,2,2,2,2,2,2,2,2,2,2,3,3,4,4,2,2,2,2,2,2,2,3,4,3,2,1,2,3,3,1,1,1,1,3,3,2,1,2,4,4,1,2,3,1,2,3,1,1,3,4,4,3,1,1,1,2,2,2,2,2,2,2,3,3,3,3,3,2,2,2,2,2,2,2,2,2,2,1,3,4,3,2,2,3,3,3,2,2,1,2,2,1,2,2,3,2,1,2,2,3,4,3,4,3,2,2,2,1,3,5,2,1,1,1,1,1,1,1,4,4,1,1,1,2,4,4,2,2,2,2,2,3,4,4,3,4,3,3,2,1,1,2,4,3,3,3,3,4,4,4,3,3,3,3,3,3,3,2,1,1,3,3,4,5,4,4,2,3,3,2,4,4,3,4,2,2
115,3,3,2,2,2,2,3,0,1,1,2,1,1,1,1,2,2,2,3,4,5,5,3,1,1,1,1,2,0,0,0,3,3,1,2,3,4,1,1,2,3,3,3,2,2,2,2,1,1,1,2,3,3,2,2,2,2,2,2,1,1,1,2,3,4,2,1,1,2,3,3,3,3,1,1,2,2,1,1,2,2,2,3,3,3,3,3,1,2,2,3,3,4,5,4,1,2,2,3,3,2,2,4,4,3,2,1,0,2,3,2,4,3,2,3,3,3,3,2,2,2,2,3,3,3,3,3,2,3,4,3,2,2,3,3,2,4,3,3,2,3,1,0,0,1,3,2,1,1,2,3,2,2,3,5,5,5,3,3,2,1,1,3,3,4,3,2,6,8,4,1,3,4,1,1,2,3,3,3,4,5,5,4,3,3,3,2,3,3,3,3,1,1,0,0,3,3,2,2,3,3,3,3,3,3,3,3,4,3,4,5,5,5,3,1,4,4,3,3,4,4,3,3,2,2,2,2,2,2,2,2,3,3,4,3,3,2,3,3,2,2,3,3,2,2,3,3,2,4,2,0,1,2,2,3,1,1,3,2,3,2,0,0,3,3,3,3,2,2,3,4,3,3,3,3,3,4,5,5,3,3,5,4,3,3,3,1,3,3,5,5,5,5,4,3,1,1,3,3,2,2,3,3,0,1,1,1,2,2,1,1,3,3,3,3,4,4,4,4,3,3,2,2,1,2,1,1,2,2,2,2,2,2,2,2,4,3,2,3,3,3,3,3,1,2,2,2,2,2,2,2,2,2,2,2,2,2,2,2,3,3,2,2,3,3,2,2,1,0,1,2,2,1,3,4,4,4,5,4,3,4,4,3,3,3,2,2,2,3,2,1,1,3,3,2,3,3,2,2,2,3,3,2,3,4,5,3,1,1,3,3,3,4,4,3,2,2,2,3,3,2,3,3,1,1,3,3,2,1,2,2,0,0,2,3,3,2,1,1,1,2,2,2,3,2,2,2,4,4,4,3,2,2,2,3,2,2,2,2,2,3,3,1,1,1,1,1,1,1,3,4,5,4,3,2,2,2,2,3,1,1,1,1,1,2,3,2,3,3,5,5,6,6,3,2,2,2,3,3,2,2,2,2,1,1,2,2,2,2,2,1,1,1,2,3,1,1,3,2,1,1,1,1,1,1,2,2,1,2,2,3,2,1,2,3,2,1,0,0,1,3,3,2,3,3,1,1,1,1,2,2,1,2,3,3,3,3,3,3,0,1,2,2,2,2,3,2,1,2,3,3,3,3,3,1,1,1,1,2,2,2,3,2,2,2,2,2,2,1,2,4,2,3,3,4,4,3,2,0,1,2,3,3,3,2,2,1,1,1,2,2,2,2,3,2,1,2,3,2,2,2,2,1,2,2,2,2,2,2,1,1,1,2,2,2,1,1,1,1,1,1,1,1,1,1,1,1,2,2,2,1,1,1,1,3,2,1,1,1,1,1,2,1,3,3,3,3,3,1,3,2,1,2,2,2,2,1,1,1,1,1,1,1,1,1,1,1,2,2,3,3,4,3,3,3,1,1,2,2,3,4,4,3,1,2,1,1,1,1,1,1,1,4,3,3,3,2,1,1,0,2,2,3,2,2,3,2,4,3,3,4,5,3,1,2,2,2,2,3,3,2,3,2,2,2,2,2,2,2,2,2,4,3,2,3,3,3,4,3,2,3,3,3,3,3,3,3,2,2,2,2,2,2,2,2,3,4,4,4,3,3,3,3,1,1,1,1,1,1,2,2,2,2,2,2,2,2,2,2,3,2,1,2,2,2,3,2,2,3,3,1,1,3,2,0,4,5,4,2,3,2,2,2,3,3,3,2,1,1,1,1,4,2,3,2,2,2,2,1,2,1,2,2,1,3,4,2,2,2,2,2,2,1,1,2,2,2,1,2,2,3,2,2,3,3,3,3,2,1,1,3,3,2,1,2,2,2,1,1,3,3,2,3,2,4,3,2,2,2,1,3,4,3,3,3,2,2,2,1,1,1,1,0,1,1,1,3,3,3,2,3,3,1,1,1,1,1,2,4,3,2,3,3,4,4,3,2,2,2,3,2,1,1,1,1,2,2,2,2,2,2,2,2,4,3,3,3,3,2,2,2,0,3,6,3,2,0,2,4,2,2,3,3,2,2,3,3,3,3,3,2,1,2,3,4,2,1,1,1,2,2,3,4,4,2,2,2,1,3,3,2,1,1,1,1,1,2,2,3,2,3,4,3,2,3,3,2,3,3,3,3,3,3,3,2,4,4,4,3,3,2,2,2,2,3
116,2,1,2,2,2,4,5,4,4,4,4,4,4,4,4,3,2,2,2,4,4,4,2,3,3,3,3,3,3,3,3,3,3,2,2,3,4,4,3,1,3,4,4,4,4,6,4,2,3,1,0,1,2,3,3,3,4,4,2,1,2,3,4,2,1,2,3,3,2,3,2,2,1,2,3,3,4,2,2,2,2,2,4,4,3,4,5,2,3,4,5,4,5,2,2,1,2,2,1,2,2,3,4,4,3,3,2,2,3,3,4,2,2,3,1,0,1,2,3,4,4,2,2,2,2,1,3,3,2,1,3,3,2,2,3,3,2,2,2,3,4,5,3,3,3,3,3,2,2,4,5,3,2,2,2,2,2,2,2,2,2,2,2,1,2,2,1,0,2,6,5,3,0,2,3,0,1,1,1,1,2,3,1,3,4,4,3,3,2,2,2,0,2,4,2,1,2,4,2,4,2,0,1,1,1,1,1,3,2,2,3,4,5,4,2,3,2,1,1,2,2,2,3,1,1,1,2,1,1,1,1,2,2,1,2,2,2,2,3,3,1,2,2,2,3,2,3,2,1,3,4,3,3,2,3,1,1,2,2,2,3,4,2,2,2,2,2,3,3,3,2,3,3,2,2,2,2,3,3,3,3,2,2,4,4,3,3,3,2,3,3,3,4,3,1,3,2,2,5,4,3,4,2,2,1,3,3,3,2,2,4,4,3,3,4,4,4,5,3,2,1,2,1,2,1,2,3,2,1,3,3,3,4,5,6,4,4,4,3,4,4,2,2,3,3,3,3,3,2,3,3,5,4,4,4,4,3,3,3,2,1,2,4,4,3,2,1,3,1,1,3,3,2,2,2,3,3,3,3,3,3,3,2,2,2,2,2,2,2,2,4,4,3,3,2,2,1,2,2,1,1,2,1,1,1,2,2,3,4,4,5,6,5,4,4,4,4,5,5,6,5,5,5,2,2,2,4,2,1,1,0,2,4,5,4,2,1,1,4,3,3,2,2,2,4,4,3,2,2,3,3,2,2,3,3,3,2,2,2,2,2,2,4,3,2,0,1,3,3,2,2,3,3,2,1,1,1,1,1,3,3,3,3,3,3,3,3,2,3,3,4,4,3,4,3,5,4,3,3,3,3,3,4,2,2,3,2,2,4,4,4,2,1,1,1,1,1,1,2,2,1,1,1,2,2,2,2,2,2,2,2,2,2,2,2,1,1,1,1,1,1,1,1,4,3,3,4,4,4,3,5,3,3,1,0,1,1,2,3,3,3,7,7,3,3,5,5,3,3,3,4,5,5,4,4,3,2,3,3,3,1,0,1,3,4,3,3,3,4,3,3,1,1,1,2,2,3,3,3,1,1,2,5,4,3,3,3,3,3,3,3,3,3,3,3,2,4,3,1,1,1,1,1,2,3,3,3,3,3,3,3,3,4,4,3,3,4,5,4,2,3,5,5,4,2,1,0,2,4,3,3,2,0,0,2,4,3,2,2,3,3,2,2,2,2,2,2,2,2,2,2,0,1,2,2,1,2,1,1,3,3,3,3,3,4,4,2,3,4,5,3,4,3,2,1,1,2,1,2,2,1,1,1,2,2,2,1,2,1,0,1,2,1,1,3,2,1,1,1,1,2,3,3,2,2,2,1,1,1,1,2,2,2,2,1,3,2,3,3,2,2,3,3,1,1,2,2,3,3,1,1,3,3,3,2,2,1,0,2,3,3,2,3,3,2,2,1,2,1,1,1,1,1,1,1,4,5,4,2,2,3,3,1,2,3,3,2,2,2,2,3,4,2,2,3,3,3,3,3,3,3,3,3,4,4,4,4,3,2,3,3,4,3,3,3,2,3,3,3,2,4,6,5,2,2,3,3,3,3,4,4,2,2,2,2,2,2,2,2,3,3,2,2,2,2,3,3,1,0,0,1,2,1,3,2,1,1,1,1,1,1,1,1,2,3,3,1,1,3,3,1,0,1,1,0,0,3,3,3,3,2,3,2,2,3,3,3,3,3,3,2,3,4,3,2,4,3,1,0,0,3,4,4,5,3,4,5,5,2,2,3,2,2,3,4,4,3,3,1,2,2,2,3,3,4,4,4,3,3,2,2,3,3,3,4,4,3,3,2,1,1,2,2,3,2,2,4,5,4,1,0,5,4,4,4,4,5,4,4,2,2,1,1,1,1,1,0,1,1,1,2,2,2,2,1,2,0,1,3,3,2,3,2,4,2,2,2,2,2,2,2,1,1,2,3,3,3,2,1,1,1,1,1,1,1,1,1,3,3,3,4,4,3,2,2,2,3,2,2,3,2,3,3,2,2
117,2,2,2,3,3,4,3,3,3,3,3,2,1,1,1,2,2,2,2,4,5,4,3,2,2,2,2,1,1,2,2,3,3,4,4,3,3,3,1,2,4,3,1,3,3,4,4,3,3,1,1,1,1,1,2,3,2,2,2,2,3,3,2,2,2,2,2,2,2,2,3,5,4,3,5,5,3,1,2,2,2,3,2,2,2,4,4,2,1,1,3,2,2,1,2,4,5,4,3,2,1,1,1,0,2,3,3,4,4,3,4,2,1,2,3,3,2,3,3,2,2,3,3,3,4,5,4,4,3,2,2,3,3,3,3,2,2,2,1,2,2,1,2,2,2,3,3,3,4,4,3,2,2,2,2,3,4,4,5,4,1,1,4,3,1,1,4,6,3,2,4,2,1,4,5,3,2,4,3,2,3,4,2,2,4,3,2,2,3,3,3,2,2,1,2,3,3,3,3,2,2,3,3,3,3,4,3,3,1,2,3,2,1,2,5,7,4,2,4,4,4,2,3,4,2,2,2,2,3,4,4,2,2,2,2,2,2,2,1,3,3,2,3,2,3,3,3,2,2,0,1,1,2,2,2,6,4,3,4,3,2,1,2,3,3,3,3,3,3,3,3,4,4,4,4,5,4,3,3,3,3,3,3,3,3,2,2,2,3,4,4,4,3,3,1,2,3,3,3,3,2,2,4,4,3,2,2,2,1,1,2,3,3,3,3,2,2,1,1,1,2,2,2,4,5,4,2,3,3,3,3,2,3,2,0,1,3,3,2,2,2,1,1,2,3,2,3,2,2,3,3,3,1,0,2,2,3,2,2,3,4,3,3,3,2,2,4,3,4,3,2,2,2,4,3,3,3,2,3,3,3,3,3,2,1,2,2,2,2,2,2,3,2,2,2,3,3,3,3,3,3,2,3,2,1,2,2,1,3,4,4,4,4,4,4,3,3,2,1,2,3,2,2,3,3,3,3,2,2,3,3,1,1,2,3,3,2,2,1,1,2,2,1,1,3,3,5,3,2,3,3,3,5,5,3,3,3,3,3,3,3,2,3,3,2,2,2,1,2,2,1,2,2,1,2,2,2,2,1,2,2,2,1,2,3,3,2,2,3,3,3,3,2,3,2,4,2,1,2,3,3,3,4,4,4,4,3,4,4,3,4,4,3,3,3,3,3,4,3,2,3,5,5,3,2,2,3,1,2,4,4,4,3,2,3,3,2,3,2,2,2,3,3,2,2,2,2,2,2,3,3,3,3,3,3,2,2,3,1,2,2,2,3,3,3,2,2,4,4,3,4,3,3,2,2,3,5,4,3,2,0,0,0,3,4,3,3,3,4,3,4,1,2,2,2,2,2,1,0,2,4,3,1,1,3,3,2,2,2,2,3,4,5,4,3,2,2,2,3,5,3,1,1,1,2,1,1,1,1,1,1,3,2,3,4,2,3,4,4,2,3,3,4,5,4,3,2,3,4,4,4,4,4,3,3,3,2,2,2,2,3,6,5,0,2,4,2,1,2,4,2,1,2,2,2,1,1,2,1,2,2,1,2,3,3,2,2,3,2,2,3,4,5,4,3,1,1,2,1,1,1,2,2,3,3,4,4,3,1,3,4,3,4,4,2,2,4,4,3,3,3,2,2,2,2,2,2,3,3,3,3,2,2,2,2,3,3,3,2,2,1,3,3,2,3,3,2,2,2,1,1,2,3,1,1,1,1,1,1,2,1,1,1,1,1,1,2,2,2,3,3,1,2,1,2,2,1,3,3,3,3,3,3,3,3,3,3,3,3,3,3,2,2,3,3,2,2,2,2,1,3,3,2,1,0,2,2,1,1,3,2,3,3,1,1,2,3,5,4,3,4,2,3,4,3,3,2,2,2,3,2,1,2,1,1,1,2,2,1,5,5,4,4,3,2,2,2,1,2,2,2,1,1,1,1,1,1,1,2,3,2,4,3,4,4,4,3,3,2,3,4,3,2,2,1,1,1,2,2,3,4,3,3,3,3,3,4,2,2,3,4,3,1,2,3,4,2,2,3,4,4,2,3,3,2,2,4,4,3,1,0,2,2,1,1,2,1,1,2,2,1,2,3,3,2,4,3,4,4,4,3,4,3,4,3,3,3,3,3,3,2,1,1,3,3,2,3,1,1,1,1,1,1,3,4,3,2,1,1,3,4,2,0,0,0,2,1,3,3,3,4,1,1,3,4,2,1,0,1,2,2,1,2,3,2,3,3,1,0,1,3,1,2,2,2,3,3,3,2,1,1,1,1,1,1,1,1,1,2,4,2,2,3,4,3,2,1,1,2,2,2,4,3,3,2
118,2,1,1,1,2,2,3,2,1,1,1,1,2,1,1,1,3,3,4,4,3,2,4,5,4,4,3,3,3,3,4,2,2,3,3,3,5,6,5,4,7,7,5,3,4,6,3,1,1,3,3,2,2,4,4,3,2,2,2,2,3,2,2,2,4,2,1,1,1,1,1,2,2,2,3,2,2,2,1,3,3,3,3,3,4,3,4,2,1,1,1,1,1,2,1,2,3,3,3,2,2,2,2,4,4,4,4,4,3,3,3,2,3,4,3,2,3,3,2,3,3,3,3,2,2,4,4,4,4,2,0,2,5,4,2,1,1,3,3,4,4,3,4,4,4,3,3,3,3,1,2,0,0,1,3,4,4,3,2,2,2,5,5,4,2,1,2,4,4,1,1,5,4,3,1,3,2,2,2,2,2,2,2,2,2,2,2,2,2,2,2,3,3,2,2,3,2,2,2,2,2,2,2,3,4,3,4,3,2,2,2,2,3,3,1,2,2,1,1,3,3,2,2,5,4,3,3,3,2,3,2,2,5,4,2,2,3,3,3,3,3,3,3,2,3,4,3,3,3,3,2,2,1,1,1,1,1,2,3,2,2,2,2,5,4,3,3,3,3,2,3,3,2,2,2,3,3,3,3,3,3,3,4,3,3,4,3,3,3,2,1,1,0,2,2,3,2,2,2,2,3,4,5,3,4,3,2,2,2,2,2,2,2,2,2,2,2,2,3,3,2,0,1,3,3,2,2,3,3,3,3,1,1,1,2,3,3,3,3,1,2,4,4,2,2,2,3,3,3,3,2,1,1,1,3,4,4,4,3,3,2,2,4,4,3,3,1,0,0,0,2,3,3,1,0,3,4,4,3,3,3,2,2,5,4,2,2,2,2,2,3,4,4,5,4,5,5,4,3,1,2,3,2,2,3,1,2,3,2,1,2,3,2,3,2,2,2,2,2,2,2,2,2,2,2,2,2,2,2,2,2,1,1,3,3,4,2,3,3,1,1,1,1,1,1,2,2,3,2,2,2,2,2,2,2,3,2,1,2,2,3,3,3,4,4,4,4,4,4,4,4,3,3,3,2,3,1,1,1,3,2,2,2,2,2,3,3,2,1,2,2,1,1,1,1,4,2,4,4,3,5,4,2,4,3,1,1,1,1,4,6,4,2,1,2,2,3,2,3,2,2,2,2,2,2,2,1,2,1,2,3,4,4,4,4,3,3,3,2,3,3,3,3,4,3,4,4,4,3,4,4,3,3,4,4,2,2,3,3,5,5,4,4,3,3,4,3,2,2,2,2,2,2,2,2,3,6,6,4,2,2,4,5,3,2,1,1,2,2,3,3,2,2,3,3,2,2,3,2,2,4,4,3,3,3,3,3,3,3,2,3,4,3,2,1,3,3,3,3,3,2,2,3,1,3,1,1,1,2,2,1,1,1,1,2,1,1,1,1,3,3,3,2,3,4,5,3,3,3,3,1,2,2,3,3,1,1,2,3,3,4,5,3,2,3,2,2,3,3,2,3,3,1,3,3,2,4,3,4,5,3,4,4,4,4,5,5,2,3,3,3,2,3,3,2,2,1,1,1,1,1,1,1,1,1,1,3,3,3,2,2,1,1,2,2,2,3,3,4,2,2,3,3,3,3,3,3,4,2,0,2,4,4,4,3,3,2,3,1,2,2,3,3,3,2,2,2,2,2,2,2,4,4,2,2,2,2,3,5,4,2,2,2,2,2,3,3,3,3,2,3,3,4,4,3,0,0,0,0,1,2,3,4,2,2,3,3,3,5,6,3,3,4,5,4,3,2,3,4,5,3,3,2,2,2,3,3,3,3,3,3,3,3,3,3,3,3,3,3,4,4,5,6,5,3,3,4,3,3,4,3,2,3,3,3,3,3,3,2,2,3,4,4,3,3,3,4,5,4,3,3,3,3,3,3,2,3,3,2,2,3,3,2,3,3,2,1,2,2,3,3,3,3,2,2,4,4,3,5,3,2,1,3,4,3,4,2,1,2,1,2,2,2,3,2,1,1,2,2,2,2,1,1,1,1,1,1,1,2,3,2,2,3,3,2,2,3,3,2,1,2,1,2,2,1,1,1,3,3,3,3,3,4,3,3,2,3,3,3,1,0,3,3,2,3,3,2,2,3,3,3,3,2,1,2,3,2,2,1,2,3,3,3,2,2,1,2,2,2,2,2,1,3,5,5,2,2,2,1,2,2,1,3,4,3,3,3,1,1,1,2,6,3,3,3,2,3,3,4,4,4,3,3,5,4,2,3,3,3,1,1,1,1,2,3,3,3,4,5,2,3,3,3,1,1
119,3,3,3,2,3,3,2,1,1,2,2,2,4,5,2,3,3,4,3,3,3,3,4,4,3,4,4,3,2,2,2,0,2,3,2,3,5,6,4,1,2,2,1,1,1,2,2,2,1,0,0,1,3,3,3,4,4,2,2,3,2,1,2,1,2,3,3,4,3,3,3,0,1,3,3,4,3,2,4,4,2,2,3,4,5,6,4,0,2,2,2,2,1,1,1,1,3,3,2,3,4,4,3,4,4,3,3,4,4,5,4,3,3,3,2,3,2,2,2,2,2,2,2,2,3,3,2,4,3,2,1,1,1,1,2,3,3,4,3,4,3,3,2,2,2,3,2,1,3,3,4,4,3,4,3,3,4,4,4,3,3,3,3,2,2,2,2,3,1,2,5,5,5,5,5,3,2,2,2,2,2,1,1,3,4,3,4,4,3,4,5,2,4,4,5,4,4,5,2,0,1,1,1,2,2,1,1,2,3,3,3,4,3,3,4,4,4,3,3,2,2,3,3,5,2,0,1,2,3,3,3,4,3,3,2,3,3,2,2,1,1,1,1,1,2,1,2,1,1,2,1,2,3,4,1,3,2,1,1,1,0,1,2,2,3,3,3,3,4,3,2,2,2,2,3,3,2,2,3,2,1,2,3,2,2,2,2,2,2,3,3,3,4,5,4,3,3,2,2,2,1,1,2,4,6,5,4,4,4,3,2,4,4,3,4,4,3,3,5,1,1,1,1,1,1,1,1,4,4,2,1,2,2,2,1,2,3,1,1,2,2,1,1,3,3,2,1,4,4,3,2,1,1,1,2,2,2,3,2,2,2,1,1,2,2,2,1,3,2,2,3,2,2,2,2,2,3,3,4,4,4,4,3,3,2,2,4,3,2,3,3,1,2,2,3,4,3,1,0,2,4,3,4,4,3,4,5,5,3,2,3,3,3,2,3,4,4,3,3,1,1,2,2,1,2,2,2,2,2,3,3,2,3,3,2,4,2,1,2,2,1,2,2,3,3,2,2,3,3,3,1,1,3,4,4,4,3,4,4,3,4,4,4,3,2,2,2,3,4,5,4,2,2,4,4,2,0,0,0,0,2,4,3,1,0,2,3,2,2,2,2,2,2,2,2,4,4,5,5,5,4,4,4,1,2,2,2,2,2,2,2,4,3,3,3,3,2,3,2,1,1,3,1,1,1,1,1,3,3,2,3,4,4,4,2,2,4,4,4,3,3,4,4,2,3,4,2,1,2,2,3,5,3,2,4,4,4,3,0,1,3,2,1,3,3,2,2,3,3,2,2,3,4,3,3,3,3,2,3,3,2,3,2,1,1,3,5,5,4,2,1,2,2,2,1,2,2,2,3,2,2,4,4,4,4,3,1,1,1,1,1,1,1,2,1,1,1,2,3,3,3,4,2,2,2,2,2,2,2,1,1,3,2,2,3,3,2,2,2,2,1,2,1,1,1,3,3,1,1,1,1,1,1,1,1,3,2,2,2,2,2,2,2,4,4,3,3,3,4,5,6,2,2,1,2,2,2,1,0,2,2,2,3,3,3,3,3,3,3,2,2,2,2,2,2,3,3,3,2,3,3,3,3,3,3,1,2,2,2,2,2,3,3,4,3,3,3,3,2,3,3,2,4,5,4,2,1,1,2,2,2,3,3,4,4,3,3,4,6,5,4,2,2,3,3,3,3,3,3,3,4,2,2,3,4,3,3,4,3,2,3,3,2,4,5,7,3,0,1,1,2,3,3,3,1,2,2,2,2,2,2,2,2,2,2,2,2,2,2,2,2,2,2,2,2,2,2,2,2,3,1,1,2,3,3,3,5,4,1,1,3,3,3,4,4,2,3,2,2,3,3,3,3,2,3,2,2,2,2,1,1,2,1,1,2,2,2,1,2,4,3,3,4,5,4,4,2,1,2,2,1,0,1,3,2,2,3,3,3,3,3,3,2,1,1,2,2,2,3,3,1,1,2,2,1,1,2,1,1,2,1,2,3,3,3,2,2,1,2,2,2,2,2,3,2,3,3,3,3,3,2,2,2,2,2,2,2,3,2,2,2,2,1,2,3,3,3,2,1,2,2,2,2,3,3,4,3,4,2,2,3,3,3,1,1,1,1,2,4,4,3,3,1,1,1,1,1,1,1,1,1,2,2,2,2,2,2,2,2,2,3,4,3,3,3,3,3,2,2,2,3,2,3,4,3,3,4,5,5,4,4,4,3,4,3,3,3,3,4,3,3,3,3,3,3,3,2,2,2,2,3,3,2,3,3,3,3,1,1,1,2,2,2,3,3,4,2,1,1,2,2,1,2,0,0
120,3,3,3,4,3,3,3,1,2,2,2,2,3,3,1,2,2,2,3,2,3,2,3,4,3,2,3,3,4,6,3,3,0,3,3,2,1,2,2,1,1,2,3,1,1,2,4,4,2,3,3,2,2,4,2,1,4,3,1,2,3,3,4,2,1,3,3,2,2,3,4,4,3,2,3,4,4,4,2,5,4,2,2,2,3,4,4,5,5,3,2,3,5,4,1,3,4,4,4,4,2,2,3,2,2,1,1,1,1,2,1,5,5,2,3,1,1,2,4,3,2,2,3,5,8,6,2,1,3,3,3,4,3,3,2,2,3,3,3,5,4,3,2,2,2,3,3,4,4,3,3,2,2,2,2,3,3,2,4,4,3,2,2,2,2,1,2,1,1,1,2,4,3,1,1,3,2,2,3,3,4,3,3,2,1,2,2,2,2,2,2,2,2,3,2,2,3,3,2,1,1,2,4,3,3,3,3,3,2,1,3,2,3,1,3,4,3,2,1,0,1,1,1,1,1,2,2,1,1,1,1,2,3,4,4,4,4,2,2,3,3,1,1,1,1,2,5,4,3,0,3,3,3,4,4,3,3,3,3,3,4,4,4,3,2,3,3,2,3,3,3,4,4,3,3,2,3,3,4,3,2,4,6,6,3,2,3,4,4,4,4,3,3,2,2,2,2,2,1,2,3,3,3,3,2,2,2,2,2,2,3,5,4,4,3,3,2,2,3,4,3,3,3,4,4,2,2,3,4,3,2,2,1,1,1,2,2,2,3,3,3,3,4,5,5,3,2,3,3,3,2,1,3,2,2,3,3,2,3,2,2,3,2,2,3,2,2,2,2,1,2,2,2,3,3,3,3,3,3,3,3,4,4,3,4,5,4,3,4,4,3,2,4,4,3,3,3,3,2,4,2,1,2,2,3,3,1,4,5,2,1,2,1,2,5,3,2,3,3,2,3,3,4,1,1,1,1,3,2,2,2,2,2,4,4,5,5,4,3,4,4,3,3,3,3,3,5,4,3,4,4,3,5,5,3,2,3,3,3,2,1,3,3,0,1,2,2,2,3,3,3,3,3,3,2,3,3,3,3,2,3,3,2,2,2,3,4,2,3,3,3,3,3,2,1,2,4,2,1,3,3,2,3,2,2,3,3,4,4,5,5,2,2,3,3,3,4,4,4,4,3,1,2,2,1,1,1,3,3,2,4,4,2,1,2,2,2,2,2,2,2,2,3,3,2,3,3,3,3,4,4,1,2,3,3,3,2,1,2,3,4,4,5,5,4,4,4,3,3,3,3,3,3,3,2,2,3,5,4,3,2,4,5,4,4,5,5,3,3,2,3,4,4,2,3,3,2,3,2,2,4,5,4,4,2,1,1,4,3,4,6,6,6,5,4,2,3,3,5,5,5,3,1,2,2,3,3,2,4,4,2,1,1,2,1,1,2,1,1,1,1,2,2,3,3,3,2,2,2,3,2,1,1,1,2,4,3,3,3,2,1,1,2,2,2,3,3,3,4,4,3,4,4,4,3,3,3,3,3,2,2,3,4,3,3,3,3,3,3,3,3,3,3,3,4,3,1,1,1,3,4,4,3,2,1,2,3,3,1,2,2,3,2,2,1,2,3,3,3,3,3,2,1,1,1,2,2,1,2,3,2,2,4,2,1,1,3,4,3,2,2,2,2,3,2,3,4,3,3,3,3,1,1,2,2,2,2,2,2,1,1,1,3,3,3,1,1,2,3,4,4,3,3,2,3,3,1,1,1,1,2,4,1,2,2,3,3,3,2,2,2,3,4,4,4,4,3,2,2,2,3,3,2,2,3,3,3,2,3,3,3,3,3,3,2,3,4,4,3,3,4,3,2,3,4,3,2,4,4,4,3,1,3,4,4,3,3,3,3,3,4,6,3,1,3,6,3,2,1,2,2,3,3,1,1,1,1,2,2,2,2,2,2,2,1,1,1,2,3,3,2,4,4,4,4,4,3,3,2,1,1,1,2,3,2,1,2,3,2,0,1,1,1,2,1,3,3,2,3,2,2,2,1,2,3,2,1,3,3,3,3,2,2,2,2,2,2,2,3,3,3,1,1,3,4,2,1,3,3,2,2,2,1,2,2,1,0,2,4,4,4,2,1,0,1,2,2,1,1,2,2,1,1,2,2,2,2,2,1,2,1,3,3,3,3,2,2,4,4,1,2,2,2,2,5,3,5,5,3,3,3,3,2,2,3,3,3,4,4,4,5,4,3,3,3,3,3,4,4,3,2,0,2,4,4,2,0,0,1,1,1,2,3,2,2,2,2,1,1,1,1,0,0,2,2
121,1,1,1,1,1,1,1,1,2,5,6,4,2,2,3,2,2,2,3,3,2,3,3,2,2,2,3,3,4,4,4,2,2,2,1,0,0,0,2,6,5,4,4,2,1,3,3,3,2,3,4,4,3,4,3,2,3,3,2,2,2,2,2,3,3,3,3,2,2,3,3,2,4,4,4,5,4,4,5,5,5,4,3,3,3,2,3,3,2,4,4,3,3,4,4,4,4,5,5,4,3,4,5,5,2,1,2,2,2,2,2,2,3,3,3,2,3,3,4,3,3,2,3,4,4,4,5,4,2,2,4,4,4,4,2,2,3,3,4,4,3,4,5,3,1,1,1,1,0,1,2,3,3,3,3,3,4,4,4,5,4,3,2,3,3,4,5,3,2,2,4,5,3,1,2,2,2,3,3,2,3,4,3,4,5,3,3,3,4,4,3,2,1,1,1,1,1,1,1,2,2,2,3,3,3,3,3,4,3,3,4,4,4,4,4,4,4,4,4,1,2,4,3,3,2,2,2,3,3,3,4,5,3,3,2,2,1,1,2,4,4,3,3,3,2,3,2,0,2,3,3,4,3,3,4,2,2,2,2,2,2,2,3,2,2,4,5,3,2,1,1,2,3,2,2,2,2,2,2,4,4,4,5,5,4,5,4,2,1,3,3,3,4,3,3,4,3,1,3,3,3,2,2,2,1,1,3,5,5,3,1,3,5,4,3,3,3,4,4,3,4,4,4,4,3,3,4,4,3,2,3,2,1,2,2,0,2,3,3,2,2,1,1,3,3,2,2,2,2,2,3,2,2,1,1,3,4,4,4,2,2,2,2,2,2,3,1,3,2,2,3,3,3,3,1,2,2,2,2,2,3,3,4,3,2,3,3,3,3,3,3,3,3,3,3,3,3,1,3,2,2,1,2,3,4,5,4,4,3,4,5,5,4,3,3,3,3,4,4,4,3,3,3,4,3,3,3,3,4,4,3,1,3,4,4,3,2,3,2,1,2,2,3,3,5,3,1,3,3,3,3,3,3,3,3,2,2,3,4,3,2,2,3,1,1,2,1,1,1,1,1,3,2,1,1,2,3,3,2,1,1,1,1,1,1,1,1,3,3,3,3,3,3,3,2,4,4,4,2,1,1,1,1,4,5,5,5,2,0,2,1,2,1,1,1,1,1,1,2,3,3,2,2,4,4,3,4,3,3,1,1,1,1,1,1,2,2,2,2,2,1,2,1,2,2,3,3,5,5,2,2,2,1,2,3,1,1,2,3,3,3,3,3,3,3,3,3,3,3,3,3,2,3,2,2,4,2,2,3,3,3,2,2,4,4,4,3,1,3,4,3,1,3,3,1,1,2,1,2,1,3,3,4,3,2,4,4,4,5,5,2,1,1,2,3,3,3,3,3,3,2,3,3,2,2,1,1,1,1,0,1,3,2,2,2,1,3,3,3,3,3,3,2,1,2,2,2,1,1,2,3,3,3,2,1,4,5,5,3,4,4,3,2,3,3,3,3,3,3,3,3,2,3,3,2,3,3,1,3,2,2,3,3,3,2,1,4,2,1,4,5,6,5,3,3,3,3,3,3,3,3,4,3,2,3,3,4,4,4,3,3,3,2,2,2,3,3,3,3,5,4,2,3,2,2,2,2,2,3,3,2,2,1,1,3,1,1,2,2,2,2,1,1,3,2,3,3,2,3,3,3,2,1,2,2,1,1,2,4,4,2,2,2,2,3,3,3,2,1,1,1,1,0,2,4,5,4,3,3,3,3,3,3,1,1,2,2,2,3,2,1,2,4,2,1,0,1,2,3,3,4,3,3,4,4,2,3,3,3,1,2,2,1,1,1,3,3,2,3,3,2,3,3,3,3,3,2,2,2,2,2,4,4,3,2,2,4,3,2,4,4,3,3,3,3,3,3,2,3,3,3,2,2,3,2,1,1,0,1,2,2,1,1,3,3,3,3,3,3,4,4,4,2,3,3,4,3,4,4,3,2,2,2,2,2,1,2,3,3,3,2,2,2,2,1,3,3,3,2,1,1,1,1,2,3,3,3,4,3,4,4,2,3,2,1,2,3,2,2,2,1,2,2,2,2,2,3,3,2,2,2,3,3,3,5,5,2,0,1,1,1,1,1,1,1,2,2,1,2,2,2,3,3,2,2,2,3,2,4,3,2,3,3,3,1,1,1,1,1,1,1,1,1,1,2,2,2,2,2,2,2,2,2,1,1,1,1,1,1,1,1,2,1,2,2,2,3,2,1,2,2,3,2,3,2,2,3,3,3,4,4,4,3,4,3,2,3,3,3,4,3,3,3,2,3
122,4,4,4,4,3,3,4,3,3,3,3,3,3,2,2,3,4,3,2,3,4,4,4,4,4,3,2,3,3,4,3,0,2,2,1,1,2,2,2,6,7,6,5,5,5,4,3,2,2,3,2,2,2,2,3,5,5,4,4,5,5,3,2,4,3,3,3,3,3,3,2,3,3,3,4,4,3,3,3,4,3,2,3,3,3,1,2,3,4,4,3,3,4,5,3,3,3,4,3,4,4,4,4,4,3,5,5,3,4,3,2,4,3,3,4,3,3,3,1,1,3,2,3,3,2,3,4,1,2,3,2,2,3,4,3,1,1,1,1,1,3,3,2,1,2,1,2,3,2,2,3,3,2,2,2,1,2,2,2,2,2,2,2,3,3,3,4,4,4,4,3,2,1,3,3,1,2,3,2,2,3,4,3,2,2,2,2,2,2,2,2,0,2,3,3,3,3,2,2,1,0,1,2,2,2,2,2,1,1,1,1,1,3,3,1,3,3,2,2,3,3,3,1,2,2,2,3,3,3,3,5,5,3,3,2,2,3,3,3,5,3,2,2,4,2,1,3,2,2,3,3,3,2,2,2,0,0,1,2,2,2,3,3,1,2,2,2,3,3,5,4,2,2,3,2,1,2,1,2,4,4,4,4,4,4,4,4,3,3,4,3,2,3,1,1,4,2,3,3,3,3,3,1,2,2,2,3,3,5,5,3,3,2,2,2,2,2,1,2,2,2,2,3,3,3,2,2,3,3,2,2,3,3,2,3,1,1,3,3,3,3,3,3,3,3,1,2,1,1,1,1,2,2,2,2,2,1,3,4,2,3,3,3,2,2,2,4,2,2,2,2,1,2,2,1,2,2,1,2,2,2,3,2,2,2,1,1,1,2,2,3,2,2,2,1,1,2,1,1,3,3,3,2,3,2,1,4,4,2,2,2,2,2,2,2,3,5,4,3,2,2,3,3,2,3,1,1,1,1,1,1,2,1,5,6,5,4,3,2,2,2,2,2,2,2,3,2,1,3,4,4,3,3,4,2,2,4,4,3,3,3,1,2,4,3,2,2,2,2,3,3,1,1,2,2,3,3,2,3,3,3,1,3,4,2,3,5,3,2,2,2,2,2,2,2,3,3,3,3,4,4,2,2,2,2,3,3,3,2,1,2,2,3,2,2,2,2,2,2,2,1,1,2,3,2,2,3,3,2,2,3,2,2,2,2,1,2,3,4,3,3,3,3,2,3,4,2,1,1,1,3,3,2,2,2,3,3,2,2,4,3,3,3,1,2,2,1,3,3,1,1,2,1,2,2,2,4,4,3,2,2,3,3,2,1,2,2,1,1,2,2,2,2,2,2,2,2,2,2,1,3,5,5,4,2,1,2,1,1,2,2,2,2,1,1,1,2,2,2,3,3,2,3,2,3,3,3,3,3,1,3,4,2,0,2,4,4,4,5,2,2,2,3,3,1,1,2,2,2,2,2,2,1,1,1,1,1,1,2,2,2,2,2,3,3,3,3,2,2,3,4,4,3,2,2,2,2,2,3,2,2,1,2,3,2,1,2,2,4,4,2,1,1,2,2,3,2,3,3,3,4,4,3,1,1,2,2,2,2,2,1,0,1,1,1,2,2,2,2,2,2,3,5,7,5,2,2,3,3,1,1,2,3,3,1,2,2,3,3,2,2,3,5,5,3,3,2,2,2,2,2,1,2,2,2,3,2,3,3,2,3,3,3,3,3,4,3,2,1,1,1,1,1,1,1,1,2,2,2,2,1,1,1,0,1,3,2,3,3,1,0,1,4,4,3,2,1,1,1,4,4,2,1,1,2,2,1,2,2,1,2,4,4,2,2,2,1,1,1,1,1,1,1,2,2,1,1,1,1,2,2,1,1,3,3,2,3,2,1,3,5,4,4,4,3,3,2,1,1,3,2,2,3,3,2,1,1,1,3,3,2,2,3,2,2,2,1,2,3,1,1,2,3,5,3,2,0,1,3,1,2,2,2,2,2,2,2,3,2,2,1,1,1,1,1,2,1,2,2,2,2,3,2,1,2,1,2,2,2,3,2,2,4,4,3,3,3,4,4,4,1,1,1,1,3,4,3,2,2,2,1,1,2,2,2,2,1,1,3,3,2,3,4,2,2,2,2,2,2,2,3,4,4,2,3,3,3,3,3,2,2,3,3,3,3,2,2,2,1,1,1,1,0,0,0,4,3,3,3,4,4,2,2,4,3,2,3,4,3,2,2,2,2,1,1,1,2,1,1,1,2,3,3,2,2,3,3,3,2,1,2,3,2,2,3,3,3,2,4,4,3,3,3,3,2
123,2,2,3,3,4,4,3,1,1,1,1,1,1,1,2,3,3,2,3,4,5,5,4,5,4,4,2,2,2,2,3,2,2,3,2,3,5,4,2,3,3,5,4,2,3,3,3,4,4,1,0,1,4,4,4,3,4,4,3,4,4,3,3,3,3,4,4,4,5,4,4,2,2,3,3,3,3,2,2,1,1,1,1,1,2,2,1,3,3,2,3,1,2,3,2,2,3,2,3,3,2,3,4,2,2,2,2,1,2,3,4,3,2,3,3,2,2,2,3,3,2,3,4,3,4,5,5,4,1,1,1,1,2,1,1,2,2,1,1,2,2,2,4,2,3,4,3,3,4,4,3,2,1,2,3,3,3,3,3,3,3,2,3,3,3,4,3,1,2,2,2,5,5,6,3,0,2,5,4,2,1,1,3,4,3,3,3,3,3,3,2,2,3,3,3,3,4,3,3,4,4,2,1,2,2,2,2,2,1,1,2,3,4,4,4,3,4,4,3,2,3,4,4,1,1,2,2,4,4,4,4,1,0,1,1,1,2,3,2,4,3,2,4,5,5,3,3,1,1,2,1,2,2,2,1,3,3,3,3,2,2,2,2,4,4,5,5,4,4,5,6,4,4,3,3,3,2,2,3,3,4,3,2,4,4,3,2,2,1,1,1,1,1,1,1,3,3,3,3,3,3,3,3,3,2,3,3,3,3,3,3,3,2,3,2,3,5,4,3,4,4,3,3,3,3,3,2,2,1,2,2,1,3,3,4,4,3,3,3,3,3,3,3,4,3,3,4,5,5,4,4,3,2,1,2,2,2,1,3,3,2,2,2,1,0,1,1,3,3,2,2,2,2,1,1,3,3,3,2,2,2,1,1,3,3,2,2,2,2,2,2,3,1,1,1,2,4,4,2,4,3,2,2,3,3,3,3,2,2,2,1,3,4,4,4,3,3,2,3,3,3,3,3,4,4,2,2,3,2,1,1,4,4,4,2,1,3,4,3,3,2,3,4,4,5,3,1,2,2,1,1,1,2,2,2,1,2,1,2,4,5,4,2,1,3,3,4,4,2,1,2,3,3,3,3,3,3,3,3,3,3,3,3,3,3,3,4,3,3,3,2,2,2,2,2,2,1,1,2,2,2,3,3,3,3,2,2,2,1,1,2,0,1,3,2,2,2,2,2,2,3,2,2,2,2,2,2,1,0,1,1,1,2,1,0,2,2,2,2,2,2,1,1,2,2,2,2,2,2,2,2,1,1,1,1,1,1,1,1,3,2,3,3,3,3,2,3,2,2,2,1,1,1,3,3,2,3,3,2,3,2,3,3,2,4,4,3,2,2,3,3,2,2,1,1,2,2,2,2,1,1,2,4,4,2,2,2,2,1,1,3,2,2,3,3,3,3,3,2,1,2,2,2,3,3,3,1,1,1,1,0,1,2,1,1,4,4,4,2,2,0,0,1,2,3,2,1,4,4,3,4,2,2,2,2,2,3,2,2,3,3,2,3,2,1,2,2,4,4,3,2,2,2,1,2,3,2,2,2,2,1,1,2,2,3,2,1,3,3,2,2,2,2,2,2,2,1,2,2,1,1,1,1,2,3,2,2,2,2,3,3,3,3,3,4,4,2,2,2,1,1,2,2,2,2,2,3,1,1,1,1,2,1,2,4,4,3,2,3,3,2,2,1,1,3,3,3,3,2,3,3,2,2,1,1,2,2,2,2,2,2,2,2,2,3,4,4,4,4,3,2,2,3,2,4,4,5,4,3,3,3,3,2,2,2,2,2,2,2,2,2,2,1,2,3,3,2,1,2,3,3,2,3,3,3,2,2,5,5,4,4,3,3,2,2,1,1,1,1,1,1,1,1,2,2,2,2,2,2,2,2,2,2,2,2,2,2,1,1,2,2,2,2,4,3,2,2,3,3,4,4,4,4,4,3,2,3,3,3,3,4,4,2,1,1,1,1,1,1,1,0,1,1,2,2,3,3,1,1,1,2,3,2,2,3,3,2,2,3,2,2,2,1,1,1,1,3,3,3,3,4,5,4,3,3,3,3,3,3,2,2,3,3,2,2,1,2,2,3,4,3,3,3,3,3,3,3,3,3,3,3,3,3,2,2,1,2,3,3,2,3,3,2,3,3,3,3,3,3,3,3,1,1,1,1,1,1,1,1,1,1,1,1,1,1,1,1,0,1,1,1,1,1,1,2,1,1,2,2,2,2,2,3,3,2,2,2,3,3,2,1,1,0,2,4,4,4,3,1,1,3,3,3,2,0,2,3,3,3,2,3,4,4,3,2,1,3,3,2,2,1,1,3,4,3
124,2,2,2,2,2,2,3,4,3,2,2,2,3,3,3,3,3,3,3,3,2,2,3,2,2,2,2,3,2,1,2,3,3,1,2,3,4,3,0,1,3,3,5,3,3,4,2,1,3,2,1,1,3,4,4,5,5,3,3,3,3,3,4,3,3,1,2,2,2,1,0,1,1,1,1,1,1,3,3,3,4,2,2,3,2,2,3,2,2,3,2,2,2,2,3,4,4,2,2,2,2,3,3,1,1,3,3,2,2,1,2,4,5,4,5,5,4,4,5,2,1,1,2,2,3,3,2,3,2,2,2,3,3,4,4,4,4,3,4,4,3,2,3,3,3,2,3,2,2,2,2,2,2,2,1,1,3,3,3,4,3,3,2,2,3,3,2,2,4,4,4,4,4,3,2,2,3,4,5,3,3,2,3,5,6,6,6,5,2,3,3,1,2,2,2,1,2,1,3,3,2,3,2,2,2,4,7,6,5,4,2,2,2,2,5,4,2,2,3,3,2,2,2,2,2,1,1,1,1,2,3,2,1,4,3,2,3,4,5,3,2,3,3,1,2,5,5,2,2,3,2,1,3,3,2,2,2,3,3,3,2,2,3,3,3,3,3,3,3,3,3,4,4,4,3,3,2,3,2,3,2,2,3,3,3,2,2,3,2,2,2,3,3,3,5,3,0,0,2,4,4,1,1,3,2,2,2,2,2,1,1,1,1,2,2,2,2,3,3,1,1,2,2,2,3,4,3,3,3,3,2,2,2,3,3,2,2,2,2,3,2,2,3,2,2,1,2,2,2,3,3,4,2,1,2,3,4,5,5,3,1,3,2,2,3,3,1,2,2,2,3,3,3,3,3,2,3,4,3,2,2,3,3,3,3,3,3,3,4,4,4,4,4,3,2,2,2,2,3,3,3,3,3,3,3,2,2,2,2,1,1,2,5,5,6,7,3,2,2,2,3,3,2,4,4,3,4,3,1,2,1,2,3,1,2,2,1,2,2,3,3,3,4,4,4,4,5,3,2,3,3,2,2,3,4,4,2,3,3,2,2,3,2,1,2,2,2,3,3,3,2,2,2,1,2,1,1,1,2,3,3,2,3,3,3,3,3,2,0,1,2,4,4,4,4,0,0,2,2,3,2,3,5,4,4,4,3,2,2,2,2,1,2,2,2,2,1,3,4,3,2,3,3,3,3,4,3,1,1,1,1,1,1,1,1,1,1,2,2,2,2,3,3,3,3,1,1,2,4,4,3,2,2,4,4,4,5,3,2,3,2,2,2,4,3,1,1,2,3,3,3,3,3,3,3,3,4,2,2,3,2,4,4,3,3,2,3,3,3,3,3,2,1,2,3,3,2,3,4,2,2,4,3,3,4,5,2,1,2,2,2,1,3,3,2,3,2,1,1,4,4,4,3,1,1,1,1,2,1,1,2,2,1,1,1,1,1,1,0,2,2,2,3,3,3,3,2,2,2,2,2,2,2,2,3,2,3,2,1,2,3,2,2,2,3,3,3,2,1,3,4,3,2,3,3,4,3,3,2,1,1,3,3,3,3,3,2,3,3,3,3,3,3,3,3,2,1,3,3,2,2,3,2,2,2,2,3,2,1,1,1,1,1,2,2,1,1,2,2,1,1,1,1,1,1,2,3,2,1,1,1,2,2,2,2,1,2,2,1,1,1,2,1,1,2,3,2,2,2,2,2,2,2,3,2,3,4,3,3,3,3,2,3,3,3,3,3,3,3,2,3,3,3,4,3,3,3,3,3,3,3,3,3,2,1,1,2,3,4,4,3,1,2,2,1,2,3,2,2,1,1,1,1,2,1,2,2,1,1,1,1,2,2,1,1,3,2,3,3,3,3,3,3,2,1,1,2,3,2,2,2,3,2,3,4,4,3,2,3,4,4,3,3,4,5,5,3,2,2,3,3,3,3,3,2,3,3,2,3,3,3,2,2,2,1,1,1,2,2,2,2,1,2,3,3,2,2,2,1,1,1,2,2,1,3,2,1,2,2,2,1,2,1,2,2,2,4,2,2,3,1,2,3,2,1,1,2,2,1,2,3,1,1,3,3,3,3,3,2,3,3,2,2,1,2,2,2,3,3,4,3,4,3,2,3,2,2,2,3,2,2,1,2,1,2,3,2,1,1,3,4,0,2,5,2,2,2,3,2,1,1,2,3,3,2,2,2,1,1,1,1,1,0,0,1,2,2,2,2,3,4,3,4,4,3,4,3,3,3,3,3,1,1,1,2,2,3,3,2,3,2,2,2,2,2,2,3,2,2,2,2,2,2,2,2,2,2,3,2,1,1,2,1,2,2
125,3,2,2,2,2,2,2,1,3,2,1,1,2,2,2,2,1,2,3,4,4,5,5,4,3,4,4,2,1,2,2,3,2,2,4,4,2,2,2,4,4,4,4,3,3,2,2,3,3,3,3,3,3,3,2,1,2,2,2,2,2,2,3,3,3,3,3,3,3,3,2,2,2,2,2,3,3,2,2,3,1,1,3,3,2,2,3,4,4,3,3,3,3,3,2,3,3,3,3,3,2,1,1,1,2,3,2,4,4,3,2,2,2,2,3,3,2,2,2,3,4,4,4,4,4,4,4,3,2,2,5,4,2,2,3,3,2,2,2,2,1,1,2,2,2,3,4,3,4,5,2,0,2,1,2,2,4,4,3,4,2,0,2,3,3,5,4,3,3,3,3,4,4,3,3,2,2,3,4,2,2,3,3,4,4,3,3,3,3,3,3,3,2,1,1,1,2,3,4,3,2,2,1,2,2,2,2,2,3,3,1,1,3,3,2,2,3,3,2,3,4,3,3,4,4,3,3,3,3,3,3,3,4,3,3,3,2,3,3,3,3,3,3,2,2,2,2,2,3,4,4,4,3,3,3,3,2,3,2,3,3,2,2,3,3,3,3,2,3,3,3,1,1,2,2,3,3,4,4,2,2,3,1,2,1,2,2,4,3,3,3,3,3,3,3,1,2,1,1,1,1,1,2,3,3,3,4,4,3,2,1,1,2,1,1,2,2,3,3,3,2,1,1,1,2,3,3,3,5,4,3,3,3,2,2,1,1,1,1,1,1,1,3,4,3,3,3,2,1,1,2,3,3,3,2,2,2,2,2,2,2,3,4,3,2,3,4,5,5,4,3,2,2,2,4,5,4,4,4,4,4,3,3,4,3,1,1,0,1,2,2,4,4,4,4,4,4,4,4,2,3,3,3,3,3,3,5,5,3,2,3,3,3,4,5,6,4,3,5,5,4,4,3,1,2,1,3,3,3,3,2,4,3,1,3,3,0,0,3,3,2,3,1,1,3,5,2,1,1,1,1,2,1,0,1,1,1,2,3,4,5,2,1,3,3,2,3,3,3,3,2,1,2,2,1,2,2,3,4,3,1,1,1,1,1,1,1,2,2,3,2,3,4,5,4,2,2,2,1,2,2,2,3,3,3,2,1,2,1,2,2,2,1,3,5,4,2,1,2,2,3,3,3,4,4,4,4,3,3,2,2,2,2,4,3,2,2,3,3,2,2,2,1,3,2,4,4,4,3,2,1,2,2,3,2,1,1,0,2,4,4,4,5,4,5,4,1,1,0,1,2,2,5,3,2,3,3,5,5,3,3,4,2,1,2,3,3,3,5,5,5,4,3,3,1,1,1,1,3,6,7,5,5,4,4,4,2,1,2,2,2,4,4,4,1,0,2,4,3,3,4,4,4,4,3,3,3,3,3,4,3,3,3,4,5,4,4,3,1,2,2,2,2,2,2,2,3,3,2,3,4,3,2,4,3,1,1,1,1,1,1,2,3,2,3,3,3,1,2,3,3,4,4,2,2,3,5,4,4,4,4,3,3,4,3,3,4,3,2,2,3,3,3,2,2,2,1,1,1,1,1,2,1,2,2,3,3,3,2,2,3,3,2,3,4,3,3,3,3,3,3,2,2,3,3,3,2,0,0,2,4,4,3,2,1,3,2,2,2,2,3,3,3,3,3,3,3,3,2,2,1,1,3,3,3,2,1,2,4,4,2,1,1,4,4,3,3,1,0,3,4,5,4,3,3,1,1,2,2,2,3,3,4,2,2,2,2,2,3,3,3,3,4,4,4,3,2,2,2,1,1,2,2,2,3,4,4,3,2,2,2,2,2,2,3,2,2,2,2,2,2,2,2,3,2,1,1,2,2,2,2,1,1,4,5,3,2,2,3,4,3,5,5,4,4,4,3,2,3,3,2,3,3,3,3,3,4,1,1,1,1,3,3,1,0,0,1,1,1,1,1,3,3,3,2,3,3,3,3,3,3,3,3,3,3,2,1,2,3,3,3,3,3,4,4,4,3,3,2,2,2,1,1,4,3,2,2,4,4,3,3,1,0,1,1,1,2,1,2,3,3,3,3,3,3,3,4,4,4,3,3,3,1,1,0,1,2,2,3,4,3,4,4,1,0,1,2,2,1,2,2,2,2,2,2,2,2,2,3,2,2,3,4,4,3,3,4,2,3,3,2,2,3,2,3,3,3,2,2,2,2,2,2,2,3,3,3,3,3,3,1,4,3,4,4,2,2,2,2,3,3,4,5,4,3,2,2,3,2,3,3,3,3,2,2,3,4,4,3,4,4,5,5,2,4
126,2,2,2,2,2,3,2,2,4,3,2,3,3,4,4,4,3,2,2,2,2,3,3,3,2,3,4,3,2,2,1,3,2,2,4,3,3,3,3,2,4,6,4,4,5,3,3,4,3,4,4,4,3,2,3,3,2,2,2,2,2,1,0,2,4,3,3,4,3,2,4,4,4,5,5,3,2,1,1,3,3,2,1,3,4,4,3,2,4,4,4,4,4,4,4,4,3,2,2,2,2,3,2,3,3,3,3,3,3,1,2,3,3,3,3,3,3,3,2,2,2,2,1,2,3,4,4,3,1,2,1,2,2,2,2,2,2,2,3,4,4,3,3,1,3,3,4,3,4,4,4,3,3,5,5,4,5,3,2,2,3,3,3,3,3,1,3,5,4,4,3,3,3,3,4,2,2,2,2,2,2,2,2,5,5,5,4,4,3,2,1,3,3,3,4,4,4,4,3,4,4,2,2,2,2,2,2,3,4,3,3,3,3,3,3,4,2,3,4,2,3,4,3,2,1,2,2,3,4,3,5,4,2,2,2,2,2,2,1,0,1,3,4,4,2,1,3,4,1,2,3,2,3,4,3,2,2,1,2,1,4,4,4,4,3,3,3,2,1,2,3,2,2,1,1,1,2,2,2,2,2,2,2,2,2,2,2,4,3,1,2,2,2,3,2,2,1,1,2,2,3,3,2,3,3,3,4,3,1,3,5,4,2,3,2,3,3,2,3,1,2,3,2,3,3,2,3,3,5,6,5,4,4,4,4,3,4,4,4,5,5,6,6,5,5,4,4,3,3,2,3,3,3,4,4,2,2,3,4,3,2,2,3,3,2,2,3,3,3,3,1,1,2,2,3,3,3,3,3,3,3,3,2,2,4,4,3,3,3,2,2,3,3,3,3,3,3,3,4,4,3,4,4,4,4,4,3,3,3,3,3,3,4,4,5,6,3,3,3,1,2,1,0,2,3,3,3,4,3,2,1,1,2,3,2,2,1,2,2,1,3,3,3,3,2,4,5,1,2,4,4,4,3,2,2,4,3,2,3,2,2,3,4,4,4,4,3,3,3,4,3,3,1,2,3,2,3,3,3,2,3,4,3,2,2,1,2,4,4,4,4,5,4,4,3,2,1,0,1,0,1,2,3,3,3,3,3,3,3,2,2,1,1,1,1,1,1,1,1,2,1,3,4,5,6,2,1,5,3,4,4,3,4,3,2,2,2,2,2,2,2,2,2,2,3,2,1,1,1,3,3,2,2,2,2,2,2,2,3,3,4,3,4,4,4,5,5,4,4,4,5,5,5,4,4,1,2,2,2,2,3,4,2,2,3,3,3,3,3,3,2,1,1,1,1,1,1,1,1,1,1,2,2,2,3,4,2,2,2,3,2,2,4,4,3,2,3,3,2,2,1,1,2,2,2,2,2,2,2,2,4,3,2,3,2,3,4,2,2,2,2,3,3,2,2,2,2,2,1,1,2,3,3,3,3,3,4,4,3,1,2,2,4,3,1,1,2,2,2,4,4,3,3,3,3,3,3,3,3,4,4,2,1,2,2,2,4,4,2,1,3,3,3,1,2,4,3,4,4,5,4,4,2,6,5,2,2,2,2,2,1,2,2,1,1,2,2,2,2,2,2,2,3,3,3,2,1,2,3,4,2,2,4,4,3,2,2,2,2,2,2,2,2,2,2,2,2,2,2,2,2,5,5,5,4,5,6,5,4,3,2,2,1,2,2,2,1,1,1,2,2,3,3,3,3,3,3,3,2,2,2,3,3,3,2,2,2,2,2,2,2,2,3,3,3,3,2,2,2,2,1,1,1,1,2,2,2,2,1,1,1,1,1,0,1,1,1,1,1,1,1,1,2,4,4,2,2,2,2,3,3,1,1,2,2,2,2,1,1,1,1,1,1,1,1,1,1,2,2,2,1,2,2,1,2,4,3,1,2,3,3,3,3,0,0,1,1,1,3,3,1,3,4,2,1,3,5,4,3,3,2,2,2,1,1,1,1,3,4,2,2,2,2,2,1,2,2,2,2,1,3,3,3,2,2,2,2,2,3,3,3,3,3,4,4,4,4,3,2,1,0,2,2,2,2,1,2,3,3,4,4,3,2,3,4,3,2,4,4,4,3,2,3,1,1,1,1,2,2,3,4,2,1,1,1,1,1,1,1,2,2,3,4,3,3,3,3,4,2,2,3,3,3,2,2,1,2,2,2,2,3,5,4,3,3,3,3,3,3,3,2,3,2,3,4,3,1,1,1,3,4,2,2,2,2,3,3,2,2,1,3,3,3,3,2,2,2,2,2,3,3,4,4,3,3
127,2,3,3,3,3,4,4,1,1,2,2,2,3,3,3,2,2,3,3,2,3,3,3,3,3,2,2,3,2,4,4,2,2,2,2,2,2,2,2,2,2,2,2,2,2,2,3,1,1,2,2,1,1,2,2,2,2,2,3,3,3,3,2,4,4,5,5,5,5,5,5,2,3,2,2,2,1,2,2,4,4,2,2,2,3,4,5,4,4,4,3,2,3,2,1,3,3,3,3,3,3,3,3,2,2,3,4,4,3,2,2,2,0,1,3,4,4,3,3,3,2,2,1,0,1,3,3,2,2,2,2,2,2,2,2,2,2,2,2,2,2,2,2,3,3,3,2,4,6,4,3,2,2,3,3,1,2,4,3,1,1,2,2,3,3,3,3,3,4,3,4,4,4,5,4,2,2,2,2,1,2,2,3,4,3,4,4,5,6,4,1,3,2,2,2,3,4,4,3,1,3,2,1,1,4,4,2,5,3,0,1,3,2,3,3,1,2,4,4,4,4,3,3,2,3,4,3,3,2,1,1,2,2,3,3,3,2,1,2,4,3,4,4,4,3,4,4,3,3,3,3,3,3,2,2,3,3,3,2,2,2,2,2,2,2,3,3,3,3,3,3,3,3,3,2,3,3,3,3,3,3,2,2,3,3,2,2,3,3,3,3,3,3,3,3,3,4,4,3,3,3,2,3,2,2,2,2,2,2,2,2,1,2,2,2,2,1,2,1,1,4,4,3,3,3,3,3,2,3,2,2,2,2,2,2,1,2,2,2,2,3,3,4,3,1,2,2,2,2,3,2,4,4,3,3,3,3,3,3,2,2,3,5,5,4,2,3,1,1,2,2,2,2,4,3,3,3,3,3,3,3,3,3,3,3,3,4,4,4,4,4,2,2,2,2,2,2,4,3,3,3,3,2,2,1,2,3,2,2,3,5,3,2,2,3,2,2,3,4,2,2,2,2,2,3,3,3,3,3,3,2,2,3,3,3,2,2,1,2,3,3,3,3,4,4,3,4,3,2,3,3,1,1,3,3,2,2,2,2,2,2,1,2,2,2,3,3,3,2,2,2,3,3,3,3,3,3,3,3,2,2,1,1,1,1,2,2,1,1,1,1,1,2,2,3,3,2,1,1,2,2,1,1,1,1,1,1,1,1,1,1,4,4,3,2,2,4,5,5,4,2,1,3,3,2,3,3,3,3,3,3,3,3,3,3,2,2,2,2,2,2,2,2,4,3,3,3,2,2,2,3,4,3,3,3,3,4,4,3,4,3,4,4,4,4,5,4,4,4,4,4,5,4,5,4,2,2,2,3,3,5,5,4,3,4,3,3,2,3,4,3,2,3,2,1,2,2,1,2,4,4,4,4,3,1,1,3,1,2,4,4,3,3,4,3,2,2,4,4,3,4,3,3,1,2,4,2,2,1,1,1,2,2,2,3,3,2,2,2,2,2,2,2,2,2,2,2,2,2,2,2,1,1,1,1,3,3,3,3,3,3,3,3,2,3,5,5,4,3,3,4,1,1,2,2,1,2,1,1,3,3,3,3,3,2,2,2,3,3,3,2,3,3,2,3,2,2,2,2,2,2,2,2,3,3,3,3,3,3,3,3,2,2,3,3,3,3,3,3,1,1,1,2,3,2,3,2,1,1,1,2,2,2,2,2,2,1,1,2,2,2,2,4,5,5,4,2,3,4,3,4,2,2,2,2,3,2,3,2,1,2,4,3,4,2,1,2,1,3,3,3,3,3,2,2,2,2,2,1,2,2,2,2,2,1,1,3,5,4,2,1,2,3,3,3,3,2,2,2,2,2,2,2,2,2,1,3,2,0,0,1,2,3,4,2,3,4,3,3,3,3,3,4,4,3,3,3,2,3,3,5,2,3,3,2,2,2,1,1,2,3,3,1,1,1,1,1,2,1,1,2,2,3,3,4,3,1,1,3,5,5,5,2,1,1,2,3,3,3,3,3,3,3,3,1,2,3,4,3,2,2,3,3,3,3,4,3,3,3,3,3,3,3,3,3,3,2,2,2,2,2,2,2,2,2,2,2,2,2,2,2,5,5,5,4,4,5,5,4,4,4,4,4,4,4,3,2,3,2,2,2,2,2,3,2,3,3,3,2,2,2,2,3,1,1,1,1,1,2,3,2,2,3,3,2,2,3,3,4,2,2,2,1,2,2,1,1,2,2,2,2,3,3,4,4,2,2,2,2,2,2,2,2,3,3,2,3,3,3,3,3,3,4,3,2,1,1,2,1,1,0,1,2,2,2,2,3,3,3,4,4,4,4,4,4,4,3,2,2,2,1,1,4,2,1
128,2,3,2,3,3,3,2,2,2,1,1,2,2,2,2,3,3,3,2,3,3,3,4,4,3,3,3,2,1,1,2,2,1,1,3,3,2,3,2,3,4,3,3,3,3,3,2,2,2,3,2,3,4,4,4,2,1,2,2,3,2,3,3,3,3,2,2,2,1,3,3,4,3,2,3,3,3,3,2,2,2,2,2,1,2,2,2,4,5,4,3,3,3,3,3,2,3,3,3,5,6,2,1,3,3,2,2,2,3,4,5,6,5,4,4,4,4,5,3,3,4,4,4,2,2,4,2,3,3,3,3,3,3,1,2,3,3,2,1,3,3,3,1,4,3,3,2,2,2,3,2,3,2,3,3,3,3,4,3,3,3,4,3,3,4,1,1,4,4,5,4,2,3,4,3,3,3,2,4,5,6,5,4,2,3,3,3,3,3,3,3,3,2,2,2,2,2,2,2,3,3,2,2,3,3,2,2,3,3,3,3,3,3,2,1,1,1,1,1,4,4,3,2,3,2,3,3,2,2,2,0,2,2,2,2,2,2,2,2,1,2,2,1,1,1,3,4,0,0,0,0,0,1,2,2,5,1,2,2,1,2,2,1,3,3,3,2,1,1,1,1,3,3,3,3,3,3,3,3,4,2,3,2,2,2,3,4,3,2,3,3,2,3,3,3,3,3,4,4,3,3,2,2,4,3,4,4,4,4,4,3,2,3,4,4,3,4,5,5,3,2,2,3,4,4,3,4,5,4,4,4,3,4,4,4,4,3,4,4,3,2,3,5,2,0,0,1,2,3,2,1,2,2,3,3,3,3,2,3,2,2,2,1,1,1,1,0,4,3,3,3,3,3,3,3,4,4,2,1,1,2,3,3,2,2,2,2,1,1,1,1,2,1,1,1,1,1,1,1,1,3,4,3,2,2,1,3,5,4,2,2,4,5,3,3,3,2,4,4,4,4,2,1,1,2,1,2,2,3,3,5,5,4,4,3,3,2,2,2,3,3,2,3,3,4,3,2,2,1,1,2,3,4,2,3,3,2,2,2,2,3,3,2,3,3,3,4,4,3,2,3,3,2,2,3,3,3,2,3,4,4,4,3,3,3,3,2,2,1,3,4,5,4,4,3,3,5,4,5,4,3,4,2,1,1,2,2,2,2,2,2,3,3,2,3,3,2,2,3,3,2,0,1,1,1,1,1,1,1,2,3,3,3,3,3,2,2,2,2,2,2,2,2,3,4,3,3,3,2,3,3,3,3,2,1,2,1,1,1,1,1,1,2,3,2,3,3,2,2,2,3,2,3,2,2,3,4,4,3,3,5,6,3,1,1,2,3,5,4,4,3,1,2,2,2,2,3,3,2,3,3,4,3,1,1,0,1,2,2,1,1,1,1,2,2,1,2,2,2,2,2,1,2,3,2,2,2,2,3,2,2,4,4,2,3,3,2,4,4,2,2,2,2,2,2,2,2,2,2,2,2,2,2,2,2,3,3,1,1,1,2,2,2,3,3,3,4,4,4,5,4,2,2,2,3,3,3,3,3,2,2,2,2,2,2,3,3,4,3,3,3,3,2,2,3,1,2,2,2,2,2,1,1,2,2,4,4,3,4,4,5,3,0,0,2,3,3,2,2,2,2,2,3,3,2,2,2,1,3,3,3,4,4,3,2,1,1,1,1,1,1,2,1,3,1,1,2,2,2,3,3,4,4,4,3,3,3,2,2,4,4,4,3,3,3,2,2,2,2,2,2,3,3,4,4,4,4,3,3,3,3,2,4,5,3,1,2,3,4,4,3,3,3,3,3,3,3,3,3,2,2,3,2,2,2,2,2,2,2,2,2,2,3,3,3,2,2,2,2,2,2,2,2,2,2,3,3,3,3,3,3,5,4,3,2,4,5,5,2,1,2,2,2,1,1,1,1,3,4,3,3,3,4,4,4,4,3,2,3,2,2,1,2,4,3,3,3,3,3,4,3,3,3,3,2,2,2,4,4,2,2,3,3,3,4,3,3,3,2,2,2,2,2,2,1,2,2,2,2,2,2,2,2,2,2,1,1,1,1,2,2,2,2,2,2,2,2,2,2,2,2,2,2,2,2,3,3,3,4,4,4,5,4,3,3,3,2,1,2,3,3,3,1,2,4,5,3,3,4,3,3,3,2,3,3,1,1,2,3,3,2,1,2,2,1,1,2,3,3,3,2,2,1,2,2,1,1,1,2,2,2,2,2,2,3,2,2,3,3,3,3,2,2,2,2,3,4,3,4,4,1,2,3,2,3,4,3,4,4,3,2,2,2,1,1,1,2,4,4,3,2,3,3,2,2
129,2,1,1,2,2,1,2,3,1,2,2,4,4,3,3,2,3,3,2,2,3,3,2,3,1,3,3,3,4,4,4,4,3,2,3,3,3,2,0,3,6,6,7,5,4,3,6,2,1,3,5,4,5,5,4,3,3,2,2,1,2,2,3,2,3,4,4,3,3,2,3,3,2,2,2,3,3,2,3,1,2,2,2,1,0,1,3,3,2,3,4,4,4,2,2,1,0,0,1,1,1,1,1,1,1,1,2,1,2,2,1,2,2,1,2,2,2,2,0,2,3,1,0,1,1,3,4,2,2,2,2,2,2,3,3,2,3,3,3,2,2,2,2,2,2,2,2,2,2,2,2,2,2,3,3,3,4,4,4,2,1,3,3,3,2,1,1,3,3,2,2,2,2,2,1,3,3,2,2,1,2,2,2,3,1,2,1,1,1,2,1,2,2,1,1,1,1,2,2,2,2,2,2,2,2,2,2,2,2,3,4,4,4,4,3,3,4,4,3,1,2,3,2,4,3,2,2,3,3,2,3,3,3,3,3,3,3,3,2,3,2,2,3,2,2,2,3,3,3,3,2,2,2,3,1,2,3,3,2,3,3,3,3,4,2,3,3,3,3,3,3,1,1,1,1,1,1,1,1,3,3,3,3,3,3,4,3,2,2,2,2,2,2,2,2,2,1,1,2,2,3,4,4,3,3,3,2,2,2,2,2,1,1,2,2,3,3,3,3,1,2,5,5,3,1,0,1,4,5,4,2,1,1,1,1,3,3,2,4,4,4,3,2,4,4,3,3,2,2,3,5,4,2,2,2,2,2,2,3,3,2,1,1,1,1,1,1,3,5,3,3,3,5,4,3,4,3,4,4,3,4,4,4,3,1,1,1,1,2,2,2,3,4,4,4,4,3,4,4,5,5,4,3,2,1,4,4,4,4,5,4,4,3,2,3,2,1,1,3,3,3,4,4,4,3,3,4,4,3,4,4,3,4,3,3,4,2,2,3,4,2,3,4,3,3,3,4,4,3,3,3,3,3,3,3,3,3,3,3,3,3,3,4,2,1,4,3,1,1,1,2,1,0,1,1,1,1,1,1,3,3,3,3,3,3,3,2,2,3,3,2,1,1,1,2,4,4,2,2,2,2,2,2,1,2,2,2,2,2,1,3,2,1,1,3,3,3,3,1,2,3,3,3,5,5,4,1,2,3,3,3,3,2,2,2,1,2,4,4,3,3,3,3,2,2,2,2,2,1,1,1,2,4,6,4,3,3,4,4,3,3,3,3,3,3,3,2,1,2,2,2,1,2,2,2,2,2,2,1,1,1,1,1,2,2,1,1,1,1,2,3,2,2,2,1,1,2,2,2,3,4,4,3,3,2,1,4,3,2,2,2,2,3,1,1,2,3,3,3,4,5,3,2,4,4,3,3,4,4,3,2,1,2,2,3,4,3,2,3,1,3,3,1,1,3,3,4,2,2,3,3,4,4,4,5,3,2,2,2,2,2,2,2,2,3,4,2,2,4,5,4,2,2,2,2,2,2,2,1,1,2,2,2,3,3,1,1,2,3,2,2,2,4,4,4,4,3,3,3,2,2,4,4,2,2,2,3,3,3,2,0,1,2,3,4,4,2,0,2,2,2,3,2,2,2,2,1,2,3,4,3,2,1,2,3,1,2,1,3,4,4,5,5,3,3,3,2,3,3,2,2,2,2,1,2,3,3,3,4,3,3,3,3,3,3,3,1,1,2,2,2,3,4,3,1,1,1,2,2,2,2,2,2,2,3,3,3,3,3,3,2,2,2,3,2,2,2,3,3,2,2,2,2,2,2,2,2,2,2,2,1,1,1,2,2,2,3,3,3,2,3,2,2,2,2,3,3,3,3,2,2,4,4,4,3,3,3,3,4,1,1,1,1,2,2,2,3,2,1,3,4,4,3,2,3,3,2,3,2,3,4,4,3,3,3,1,1,1,2,4,2,1,3,1,1,2,2,2,3,4,2,2,2,1,2,2,1,3,4,3,2,2,3,3,2,1,2,2,0,0,2,3,3,2,3,3,3,3,3,3,3,4,4,2,2,3,3,3,3,3,4,4,2,2,1,1,2,1,1,2,2,2,2,2,1,1,1,2,2,2,3,3,3,4,3,3,3,3,3,3,2,1,3,2,2,3,4,3,2,3,3,3,2,1,1,2,3,4,3,2,2,3,3,3,2,3,3,2,3,3,3,2,3,3,2,1,2,2,3,3,2,0,1,3,4,4,4,4,4,3,3,3,3,3,3,3,3,2,4,4,3,1,1,3,4,2,2,2,2,2,2,2,2,2,3
130,2,3,2,3,3,2,2,2,2,2,2,3,2,2,2,3,2,1,2,3,4,3,3,4,2,2,2,3,3,2,2,2,3,4,3,3,3,2,2,2,2,2,2,3,3,3,3,4,4,4,4,3,2,2,3,3,3,3,3,3,3,2,2,2,2,4,3,3,3,2,2,2,2,2,2,2,3,3,3,5,5,3,3,3,2,3,3,0,0,1,2,1,2,1,1,1,1,1,1,1,1,1,1,1,2,2,3,2,2,3,2,4,3,4,3,3,3,4,3,0,3,3,0,0,0,2,2,2,2,2,1,2,2,2,1,2,2,2,3,3,3,5,5,3,2,3,2,3,3,2,2,0,1,2,2,3,3,3,2,2,3,3,2,3,3,4,4,1,0,0,2,2,3,4,3,4,4,4,3,2,2,1,2,2,2,2,1,2,2,2,3,3,4,3,3,2,2,1,2,3,2,2,3,2,2,2,2,1,0,3,6,6,5,3,3,2,1,2,2,2,2,3,3,3,3,3,3,2,2,2,2,3,3,3,3,4,4,4,3,3,2,2,2,2,2,2,2,1,1,3,4,2,2,4,4,3,3,3,2,2,2,2,0,2,3,3,3,2,3,3,3,2,1,1,1,3,3,2,2,3,4,3,2,3,5,5,5,4,4,4,4,4,3,3,3,2,3,3,3,4,4,5,5,3,3,3,3,3,3,3,3,3,2,2,2,3,4,5,3,4,3,2,1,3,3,4,5,4,4,3,2,2,2,1,1,3,3,3,3,3,3,4,4,3,3,2,2,4,3,3,4,2,1,1,2,3,2,2,2,2,2,2,2,2,2,2,1,3,2,2,3,3,3,3,3,2,2,3,4,2,2,2,2,4,2,0,3,3,1,1,3,1,1,1,1,2,2,4,5,5,4,4,3,2,3,4,4,4,2,3,3,3,4,4,3,4,4,2,2,2,3,2,3,3,4,4,3,3,4,2,3,2,3,2,2,2,3,3,3,2,1,3,3,4,4,3,1,1,4,4,2,2,2,2,1,3,3,3,2,3,3,3,3,2,2,2,2,2,2,2,2,3,2,3,3,2,2,2,1,2,2,2,2,2,2,2,1,2,2,3,3,3,3,3,2,3,3,4,3,3,4,4,3,2,3,3,3,3,3,4,3,3,3,3,4,4,3,2,3,1,1,1,1,4,3,2,2,2,2,3,3,3,4,5,4,3,3,3,2,2,2,2,2,3,4,3,1,0,1,1,2,3,0,1,3,2,1,1,0,3,3,3,3,3,3,3,3,3,3,3,3,3,3,1,2,3,2,2,3,3,3,3,3,5,5,4,4,4,3,3,4,3,3,2,3,2,3,3,2,4,4,4,5,5,4,5,4,5,4,2,3,4,4,4,3,3,3,3,3,3,3,3,3,3,2,2,2,2,2,1,2,4,4,3,2,4,5,3,1,3,4,3,3,4,5,5,3,3,3,3,3,3,3,3,1,0,3,4,2,1,1,3,4,3,2,3,2,2,3,2,2,2,2,2,2,2,2,2,3,3,3,3,4,4,4,3,3,3,3,2,3,2,1,3,3,1,1,1,1,3,3,3,2,3,3,3,2,3,3,2,2,1,2,3,3,3,3,3,3,3,2,1,1,3,2,2,3,1,2,4,3,3,2,1,2,1,1,1,1,1,1,2,1,0,2,3,4,3,4,3,1,3,4,3,3,3,2,2,2,2,2,3,3,3,3,3,2,2,1,1,1,1,1,1,1,2,3,2,2,1,1,2,4,2,1,1,1,1,3,3,5,6,1,1,3,2,1,3,3,3,1,1,1,2,1,1,1,2,2,2,2,2,2,2,2,1,2,2,1,1,1,2,3,2,2,1,1,1,1,1,1,2,3,2,2,2,1,2,4,4,4,2,2,2,4,4,3,4,2,2,2,2,2,3,3,3,3,3,3,3,3,2,1,2,3,1,2,2,2,1,2,2,2,3,2,1,1,3,3,2,1,1,2,3,2,2,2,2,2,2,2,2,2,1,1,1,1,2,2,1,1,4,4,3,3,3,3,3,3,3,4,3,2,2,2,2,2,2,4,4,2,3,3,3,1,2,2,2,3,3,1,1,1,0,1,2,2,4,5,4,5,3,3,3,4,4,4,4,3,3,3,2,2,2,3,3,4,4,4,3,3,2,2,4,5,2,1,3,3,2,2,3,3,2,3,2,2,1,3,4,4,3,2,3,4,3,4,4,4,5,3,1,2,2,1,2,3,2,2,1,1,2,2,2,2,1,1,3,3,3,3,3,3,3,3,1,2,3,4,4,3,2,2,2,3
131,2,3,2,3,3,3,3,4,4,2,4,5,4,3,3,4,3,2,2,2,3,2,3,1,1,2,2,1,2,2,1,0,2,2,3,3,3,3,1,1,3,3,3,4,4,4,3,3,3,2,1,3,3,2,0,1,1,1,2,2,4,3,2,3,3,3,3,2,2,3,2,2,3,2,2,3,2,3,3,3,3,3,3,3,4,3,2,3,4,3,3,2,1,3,3,3,2,4,4,4,4,4,3,3,3,2,3,3,3,2,2,2,3,3,3,3,3,3,2,3,3,3,3,3,3,3,3,3,1,1,2,2,2,2,1,1,3,3,3,4,3,3,2,2,2,3,3,2,2,3,2,3,3,3,3,3,3,4,2,3,3,3,3,3,2,2,1,2,2,4,3,3,3,2,1,2,5,3,3,4,3,3,3,2,2,2,2,2,3,3,3,0,1,1,1,1,1,3,3,4,4,4,4,3,3,3,3,3,2,2,1,1,1,1,2,2,2,2,3,2,2,2,1,3,2,2,3,2,1,1,3,4,2,3,3,2,3,3,3,3,2,3,3,3,3,3,2,1,3,3,3,3,4,4,3,1,2,3,3,4,4,4,4,3,3,1,0,0,1,3,3,3,2,2,2,2,2,2,2,5,5,5,5,4,4,3,2,3,3,1,1,2,2,2,3,3,3,2,4,7,8,6,3,1,2,2,2,2,3,3,3,1,1,1,1,1,1,3,2,2,2,2,2,3,3,3,3,3,3,3,3,3,3,3,2,1,2,4,5,4,3,3,3,2,1,1,1,2,2,2,3,3,3,3,3,3,3,4,5,3,3,3,3,4,4,4,4,4,3,2,3,3,3,2,2,3,2,1,1,1,2,3,2,2,2,2,2,2,2,2,2,2,3,3,3,3,3,3,4,3,4,4,2,4,4,3,3,4,3,3,4,3,3,2,2,2,2,2,1,1,1,1,1,3,4,4,4,4,3,3,3,2,4,4,4,4,3,3,2,3,4,3,2,2,2,4,4,2,2,2,1,2,2,1,2,2,2,2,2,2,2,2,2,1,2,2,1,1,1,1,2,3,2,3,3,3,3,3,3,3,2,2,3,3,2,3,3,1,1,1,2,3,2,1,1,4,3,4,3,3,3,3,2,1,3,3,3,2,2,3,3,2,1,2,2,3,3,3,3,2,2,2,1,1,1,2,4,4,4,3,3,2,2,3,3,2,4,5,2,2,2,3,5,5,4,3,2,1,1,1,2,3,3,2,2,3,4,3,2,2,2,2,3,3,3,3,4,4,1,1,1,3,4,5,4,3,5,5,5,4,4,4,3,2,2,2,2,1,2,1,0,2,2,2,2,2,2,2,3,3,2,3,3,3,3,4,4,3,3,3,3,3,4,5,3,2,2,2,2,2,1,2,3,0,1,2,2,2,1,3,3,3,3,3,3,3,3,3,3,1,2,3,2,4,5,5,4,1,0,1,1,1,2,2,3,2,3,3,3,3,3,3,3,2,3,4,4,4,4,3,3,1,2,5,3,1,3,3,2,1,2,2,2,3,2,3,3,1,1,1,1,1,1,1,1,1,1,1,1,1,1,1,1,3,1,1,2,3,3,3,2,2,2,2,2,2,2,2,3,2,0,2,3,3,4,3,2,1,1,2,3,4,4,2,2,1,2,2,3,3,2,1,2,2,1,1,1,1,1,1,1,1,2,3,3,3,3,4,4,3,2,3,3,3,4,4,4,2,2,2,2,2,2,2,2,2,2,2,2,2,2,2,2,2,1,1,1,3,3,3,3,1,1,3,3,4,4,2,3,3,3,3,3,2,3,2,3,4,4,4,4,4,3,3,2,1,1,1,1,1,1,0,1,2,2,5,5,5,5,3,3,2,2,3,4,5,3,3,3,3,2,1,1,3,3,3,2,2,2,3,3,3,3,2,1,3,3,2,1,1,1,3,4,3,2,4,4,3,2,3,4,3,2,3,3,2,4,4,5,4,3,1,1,1,1,1,1,1,2,2,1,1,1,1,1,3,3,2,2,2,2,2,2,2,2,3,4,4,5,4,2,3,3,3,3,3,3,3,2,2,3,3,3,3,3,3,3,2,2,2,2,2,2,1,2,3,2,2,1,1,1,1,2,2,2,1,0,1,2,3,3,3,2,1,2,2,2,2,3,3,3,3,2,2,3,2,2,3,3,3,3,3,3,3,3,2,2,3,3,2,3,3,1,2,2,2,2,2,2,1,3,2,2,1,1,2,2,2,1,3,5,4,3,3,3,3,4,2,1,1,1,1,2,3,2,3,3,2,1,1,1,2,3,4,3
132,3,3,3,3,3,3,4,2,1,2,3,4,4,4,2,1,3,3,2,2,1,2,2,3,5,5,3,3,3,2,2,4,3,2,3,5,5,4,3,2,2,3,1,2,4,4,4,4,4,3,3,4,4,4,4,4,3,2,1,2,2,3,3,3,3,4,5,4,4,4,3,3,3,3,3,3,5,5,4,3,3,3,3,3,3,2,2,3,3,3,3,2,2,2,3,2,2,3,3,2,3,3,1,3,4,3,4,4,3,4,5,2,1,1,1,1,1,2,2,3,2,3,4,4,3,1,1,1,3,5,5,4,4,3,2,3,4,4,5,4,4,3,3,1,2,3,3,4,4,4,4,3,3,3,3,3,4,5,4,2,3,5,3,3,4,3,4,4,1,1,1,2,2,3,5,1,3,4,4,5,5,6,2,1,3,3,4,2,1,3,3,3,2,3,3,3,3,2,3,4,3,2,1,2,2,3,2,2,3,3,4,2,1,1,1,2,2,2,1,1,2,2,1,3,3,3,2,3,2,3,3,2,2,2,3,3,3,4,4,2,2,2,3,2,2,3,3,4,3,3,3,2,2,2,3,4,3,2,2,3,3,4,5,6,5,5,4,4,4,4,4,3,3,2,2,2,2,1,2,1,2,2,2,3,2,2,4,3,3,2,1,2,2,2,2,3,2,3,4,4,4,3,3,2,3,3,3,3,2,2,2,3,3,4,3,1,1,1,1,2,3,2,3,3,3,3,5,5,4,4,3,2,1,2,3,2,2,2,2,2,2,2,2,3,3,3,3,3,3,3,3,3,3,2,2,3,2,2,2,2,2,2,3,3,3,3,3,2,1,1,1,1,1,1,1,2,3,1,1,2,3,3,4,2,2,3,3,2,2,2,2,2,3,3,2,2,2,3,3,3,3,3,3,3,3,4,5,2,1,1,1,1,2,2,2,1,1,1,1,2,2,1,1,2,1,2,2,1,0,2,2,3,3,3,3,3,3,2,3,4,3,2,2,3,3,3,2,2,2,1,1,1,1,1,1,1,1,1,1,1,1,1,2,3,2,2,2,3,3,3,4,4,4,3,3,3,2,2,2,6,2,1,1,2,2,2,2,0,1,1,1,1,2,1,2,3,3,3,3,3,2,2,1,1,2,3,3,2,2,1,2,1,2,2,2,3,3,2,2,2,2,2,2,2,2,2,2,2,2,3,3,3,3,2,2,3,3,3,3,3,3,3,3,4,4,3,3,3,3,3,4,4,3,2,4,2,0,2,2,1,2,2,2,2,2,3,2,3,3,2,3,3,2,3,3,3,2,3,3,2,3,4,3,3,4,3,3,3,4,3,3,3,2,2,2,1,1,3,3,1,2,4,4,3,3,3,3,2,2,3,2,3,4,3,4,3,2,2,2,2,3,3,3,4,5,4,3,3,2,1,0,1,1,2,3,3,2,1,2,4,3,3,3,2,2,3,2,3,2,2,4,3,3,2,1,1,1,2,1,2,1,1,1,1,1,1,1,1,1,1,2,2,2,2,3,3,3,3,5,5,3,2,1,1,1,2,2,3,2,3,3,3,4,3,3,3,3,2,2,2,2,2,2,2,2,2,2,3,3,3,2,1,2,2,2,3,4,3,3,4,1,1,1,1,1,2,3,5,5,2,2,2,2,5,5,2,1,1,1,1,1,1,1,1,2,2,2,2,2,4,3,4,3,2,2,1,3,4,3,3,1,2,2,2,3,3,3,4,4,3,3,4,4,4,5,5,4,3,4,4,4,4,4,1,2,1,1,1,1,1,1,1,1,1,1,1,1,1,1,3,2,2,3,2,2,3,4,2,2,2,3,4,2,1,3,2,1,3,4,4,2,2,2,2,2,1,1,2,2,2,2,4,3,3,3,3,3,3,2,3,3,1,1,2,1,3,3,3,2,4,4,4,2,1,2,3,2,2,4,4,3,2,2,2,2,4,3,3,4,4,3,1,2,1,2,2,2,2,2,2,2,3,3,3,3,4,3,1,2,1,2,1,1,1,1,3,3,2,2,2,2,2,2,3,3,3,3,4,4,3,5,3,2,4,4,4,6,6,4,3,2,2,2,2,3,4,4,2,2,4,4,3,4,2,0,2,5,4,5,4,3,2,2,1,1,0,1,3,4,3,2,2,3,3,3,3,3,3,3,1,2,2,2,3,3,3,2,3,3,3,3,3,3,3,3,1,0,2,3,4,4,4,4,3,3,3,3,3,3,3,3,3,5,4,3,3,1,1,1,3,3,3,3,3,3,3,4,1,2,2,2,2,2,2,3,4,3,3,3,3,3,3,2,1,2
133,4,3,2,2,3,5,4,4,4,5,5,4,4,2,3,3,3,2,3,2,1,3,3,4,4,4,3,3,4,2,1,1,2,4,3,2,1,0,2,2,5,6,4,2,2,2,3,4,4,3,3,3,3,3,2,5,5,3,2,3,3,1,2,3,5,5,6,6,4,4,2,0,2,2,3,3,1,1,1,4,4,2,2,3,3,3,4,4,4,2,2,2,3,4,3,2,2,2,2,2,2,3,2,2,2,2,1,0,2,2,2,3,3,3,3,3,3,3,3,2,2,2,2,2,2,2,3,3,4,3,3,3,3,3,3,3,2,2,3,4,4,3,1,2,3,2,1,3,3,2,3,2,1,2,2,2,3,4,4,4,3,3,3,5,5,4,5,4,3,3,3,1,0,2,4,2,2,3,4,3,3,3,3,2,2,2,2,1,1,1,1,3,3,2,3,3,2,1,3,3,3,3,3,4,3,3,3,2,3,3,2,3,4,5,4,4,4,4,4,4,4,3,2,2,3,3,3,3,2,3,3,3,2,2,3,5,4,3,3,1,0,1,1,2,2,2,1,2,2,2,3,3,2,1,1,3,3,2,2,3,3,3,3,2,2,2,2,2,2,2,2,4,4,3,3,2,2,1,1,4,4,3,1,2,3,3,2,2,5,5,5,5,4,3,3,3,3,3,4,4,3,3,4,4,3,3,3,3,3,2,2,3,3,3,3,3,3,3,3,3,5,4,3,3,3,2,2,3,2,2,3,3,3,1,0,1,2,2,2,2,3,3,4,2,0,3,3,2,2,2,3,2,2,2,2,2,2,2,3,3,3,2,3,3,3,3,4,3,2,1,2,3,3,3,2,3,3,3,3,4,4,4,4,4,4,3,3,3,3,3,2,2,2,3,2,2,3,3,3,2,3,3,2,2,2,2,1,1,2,3,3,3,4,4,3,3,3,3,3,3,3,3,2,3,3,3,3,3,2,2,2,3,3,5,5,3,3,3,2,2,2,2,2,2,2,2,3,3,3,2,2,2,3,4,4,4,4,3,3,2,3,3,3,5,6,5,4,5,4,4,5,2,0,2,2,1,1,2,1,2,2,2,3,2,2,3,2,2,4,5,4,2,2,5,3,3,2,3,2,2,3,3,3,2,0,2,6,4,0,4,5,2,2,2,1,2,1,1,1,1,1,1,2,2,2,4,2,3,2,3,3,2,4,4,4,3,2,3,3,2,3,2,3,2,1,2,2,2,2,2,1,2,2,2,3,3,2,2,2,3,2,3,4,4,3,3,4,4,3,2,1,1,1,2,1,4,3,3,5,5,3,3,2,1,1,1,1,1,1,1,1,2,2,2,2,2,2,2,1,1,4,5,5,5,3,2,1,1,2,3,1,1,1,2,2,3,3,4,3,3,2,1,1,3,3,3,3,3,3,3,3,4,4,1,1,3,3,3,2,4,2,2,3,3,3,3,2,2,3,2,2,2,2,2,2,2,2,1,2,4,3,4,3,2,2,3,3,3,2,2,3,2,2,1,1,1,1,1,1,2,1,1,1,2,2,2,2,3,2,2,3,3,3,3,3,2,2,2,1,2,2,2,4,3,3,1,1,2,2,1,2,3,3,3,2,3,2,2,2,1,1,2,2,2,1,2,3,3,2,3,3,2,3,3,3,2,3,3,1,2,3,2,2,2,3,3,3,3,4,3,3,3,3,4,4,4,4,2,1,3,3,4,4,3,3,3,2,0,1,1,2,1,1,2,1,2,2,2,2,2,2,2,3,2,2,2,2,2,2,2,3,2,3,2,1,3,3,3,3,1,1,1,0,2,3,3,2,2,2,2,2,2,2,3,3,4,3,3,3,3,2,2,2,4,4,3,2,3,4,4,4,2,3,2,2,1,1,1,2,3,2,2,2,2,1,3,4,4,3,2,2,4,4,3,3,3,3,4,4,3,2,2,3,3,3,3,3,4,4,4,4,3,2,1,1,1,2,2,3,6,1,1,4,4,4,4,1,3,3,3,3,3,3,3,4,4,3,2,3,5,3,2,4,3,2,4,2,2,3,3,1,1,3,4,4,3,4,3,1,2,3,3,3,3,3,3,3,2,3,2,1,1,1,2,1,2,2,3,3,3,4,4,2,2,2,2,2,2,2,2,3,3,2,2,2,1,1,2,1,2,4,4,4,3,3,3,3,2,1,1,2,2,2,3,3,1,2,2,2,2,2,2,2,2,2,3,3,2,3,2,3,3,2,3,4,4,3,3,2,1,1,3,3,5,4,2,2,2,2,2,2,2,2,2,2,3,3,4,5,5,5,4,2,2,2
134,3,3,3,4,4,4,4,4,2,2,2,2,2,2,1,4,3,3,2,2,3,3,5,6,4,2,2,2,3,4,4,2,1,2,2,2,1,2,2,3,5,5,3,4,6,5,3,2,3,3,3,3,3,2,3,2,2,2,3,3,3,3,2,2,3,3,2,3,2,2,2,3,4,3,2,3,3,3,2,2,2,2,2,2,3,2,1,1,2,2,2,3,2,1,0,1,1,2,4,4,4,4,3,3,2,3,2,2,2,2,2,3,1,1,1,3,4,2,2,3,2,3,3,2,2,2,2,3,3,2,3,3,2,2,3,3,3,3,3,3,3,3,4,2,2,4,5,3,3,4,3,1,1,3,3,3,3,4,4,4,3,4,3,3,3,4,4,2,3,4,4,4,3,2,1,3,6,4,2,4,3,2,2,1,2,2,2,2,2,4,4,2,1,1,2,1,2,2,2,4,4,4,4,4,4,4,4,3,3,2,2,3,3,3,3,2,2,2,2,2,2,2,2,3,3,3,3,3,3,3,3,3,3,3,4,4,4,4,5,4,3,2,3,2,3,2,2,0,1,2,3,4,4,4,4,1,1,2,1,1,2,2,3,3,3,4,5,5,3,3,2,1,3,3,2,3,3,5,6,3,2,2,1,1,2,2,2,1,2,1,1,2,2,2,1,2,3,3,3,4,4,3,1,1,1,1,1,2,1,1,2,2,2,1,2,2,1,1,1,4,3,4,3,3,3,3,2,0,2,5,5,3,2,3,4,3,3,4,3,3,3,3,4,3,3,3,3,3,3,2,2,1,0,1,3,3,3,2,3,4,4,3,3,3,3,3,3,1,2,2,2,2,2,2,2,2,2,2,1,2,2,1,1,2,1,2,2,2,3,2,1,1,3,2,1,2,3,3,3,5,3,4,4,4,2,1,2,2,0,1,4,3,2,1,1,2,1,0,2,2,2,3,2,4,4,3,3,3,3,2,2,1,3,4,3,2,1,3,1,4,5,5,5,5,5,5,4,1,1,1,2,2,2,2,1,4,4,4,2,2,3,3,4,2,1,1,1,1,1,2,2,1,1,1,1,1,1,1,1,2,2,3,2,2,2,1,1,2,2,1,1,1,1,1,1,2,2,2,3,3,2,2,1,2,3,2,1,1,2,3,2,1,1,1,1,1,2,2,2,3,3,3,3,3,3,3,2,2,2,2,2,2,2,2,2,2,2,2,2,2,2,2,2,3,1,1,1,1,2,1,1,1,3,3,3,3,3,3,3,4,3,4,4,4,4,4,5,2,1,2,1,2,1,1,2,1,3,5,5,3,1,3,4,5,4,4,3,4,4,3,5,2,1,2,1,1,2,2,2,2,3,3,3,3,3,2,2,2,2,3,3,2,1,1,1,1,0,1,2,2,2,2,0,1,3,3,2,2,4,4,3,2,2,4,3,2,2,3,5,0,0,1,2,2,2,2,2,1,1,2,2,2,2,1,2,1,2,2,1,1,1,1,0,2,2,2,2,3,3,4,4,5,3,2,1,2,1,1,1,3,2,1,2,2,3,3,3,2,4,4,4,3,2,2,1,3,3,4,2,2,2,1,0,1,2,3,4,4,4,3,3,3,3,2,2,3,3,3,3,1,3,2,1,1,1,1,1,1,1,1,1,1,2,1,2,3,2,2,2,2,2,2,2,1,1,1,1,1,1,1,1,3,3,3,3,3,3,4,3,2,4,2,3,3,3,4,2,2,2,2,2,2,2,2,2,4,6,5,4,4,4,3,4,3,2,1,2,3,3,1,1,2,2,2,1,2,2,3,2,1,1,1,1,1,2,2,2,3,2,2,2,2,2,2,2,2,2,3,1,2,2,3,2,3,3,2,2,2,2,1,2,4,4,3,1,1,3,3,2,2,2,1,1,2,3,1,1,2,2,2,1,3,3,2,3,4,2,2,2,3,3,3,3,1,1,1,1,1,1,1,1,3,3,2,2,2,2,2,2,2,2,4,4,2,3,3,3,3,3,1,2,3,3,2,2,1,3,4,2,2,2,3,3,2,2,2,2,2,2,2,1,1,0,0,1,1,1,1,1,3,2,2,3,3,3,3,3,2,3,3,2,2,2,2,1,1,1,2,1,1,3,2,1,2,1,2,3,3,3,2,1,1,2,2,2,2,2,2,2,2,2,3,3,4,4,2,3,4,3,3,3,2,2,2,4,1,1,1,1,2,2,2,2,2,1,3,2,2,2,1,2,1,0,1,1,1,1,1,0,3,3,2,2,2,2,2,3,2,1,3,3,3,4,3,2,1,4,3,1,1,2,1,1,2,0
135,1,1,1,1,1,1,1,2,0,0,0,2,2,2,1,5,4,5,4,4,4,4,3,1,4,4,4,3,4,3,2,3,2,3,4,4,3,2,2,1,3,4,4,3,3,3,2,2,2,2,0,1,1,0,2,2,1,2,3,3,1,1,2,2,1,1,1,1,1,2,1,1,3,3,3,3,4,3,4,2,2,1,1,3,3,4,3,2,1,1,2,2,1,2,2,3,2,2,2,1,1,1,2,1,1,4,5,5,4,3,2,1,0,2,2,1,1,0,0,3,3,3,3,3,3,3,3,1,2,3,2,3,2,1,1,3,2,2,3,4,4,2,3,3,2,2,2,3,3,3,3,2,2,2,3,3,3,3,2,2,2,2,2,3,3,3,3,2,2,1,1,2,2,1,1,0,0,1,3,3,3,2,1,2,2,1,2,3,3,3,3,5,4,3,2,3,4,4,2,3,3,4,5,4,4,4,4,1,1,3,4,4,4,3,4,6,5,4,4,4,4,5,5,2,2,3,2,2,2,3,4,3,2,2,1,1,1,2,2,2,2,1,2,2,2,3,3,3,3,3,1,1,1,3,2,3,3,2,2,2,2,2,2,4,4,4,4,5,5,5,5,1,1,1,2,3,2,2,3,2,2,2,2,2,2,2,2,3,3,2,3,4,3,2,3,3,2,3,3,2,3,3,3,5,6,5,5,5,5,4,2,3,4,3,2,2,2,2,3,1,1,1,2,2,2,1,1,3,3,3,3,2,2,1,1,2,1,3,4,4,4,2,2,5,5,5,4,3,2,3,3,3,2,2,2,3,4,2,2,3,3,2,3,3,3,3,3,2,2,2,2,2,2,3,3,0,1,1,1,1,1,2,1,3,1,1,1,2,2,3,4,2,1,1,1,4,6,5,1,5,5,4,3,3,4,3,2,3,4,5,4,2,1,1,0,1,2,2,2,3,3,3,3,3,2,3,4,3,2,2,2,1,1,2,3,1,2,3,2,1,1,1,1,1,2,2,1,2,3,2,2,3,3,2,2,2,2,3,3,3,3,3,3,3,2,1,2,3,4,4,2,3,3,2,1,2,1,2,3,1,3,3,2,2,1,1,1,2,1,2,4,3,2,1,1,2,3,2,2,2,2,2,3,2,2,1,1,1,2,2,2,3,2,2,2,2,2,2,2,2,2,3,3,2,1,1,2,1,2,3,4,4,3,3,2,2,2,1,2,3,3,3,2,4,4,3,3,2,3,4,1,5,7,6,4,2,2,3,3,3,3,4,3,4,3,3,2,1,3,3,1,1,3,3,1,0,2,2,3,2,2,0,1,5,4,3,3,4,4,2,2,4,4,4,2,3,3,3,4,3,3,3,3,3,3,2,2,2,2,2,3,2,2,2,2,2,2,2,2,2,2,2,2,1,1,1,2,2,4,4,3,4,4,3,3,3,4,5,4,1,0,0,4,3,0,2,3,3,3,2,2,1,1,4,4,3,2,2,1,2,2,2,2,3,3,1,2,4,4,1,1,3,3,3,3,3,3,3,3,3,3,3,3,3,4,4,4,3,2,3,3,2,2,2,3,1,1,1,1,1,1,1,1,3,3,2,2,2,2,3,2,2,2,1,2,2,2,3,2,4,2,2,1,2,4,5,5,4,3,3,2,2,4,5,5,2,2,3,2,3,3,3,3,2,0,1,2,1,1,1,3,2,2,2,2,3,3,3,3,3,2,3,3,3,3,2,2,0,1,1,1,1,2,3,4,3,3,3,3,3,3,3,3,1,2,2,4,4,3,4,4,2,3,3,3,2,1,1,1,2,1,1,3,3,3,3,2,1,1,1,1,1,1,2,2,2,2,1,2,2,1,2,3,1,1,1,1,1,1,1,2,3,3,3,3,3,3,2,2,2,2,1,3,5,5,5,2,3,2,2,3,4,4,5,4,3,2,1,2,2,2,2,2,3,4,5,4,4,4,4,4,4,2,3,3,3,1,1,0,4,4,3,3,3,2,1,2,1,1,1,1,1,1,1,2,3,3,4,4,4,3,2,2,3,2,2,4,4,4,4,3,2,2,2,2,2,2,2,2,2,2,2,2,2,2,2,2,6,3,3,3,3,3,5,4,2,2,4,6,6,5,1,1,2,2,2,2,2,2,2,2,3,3,3,4,4,5,6,5,4,3,3,3,3,3,3,3,4,5,2,1,2,1,3,4,3,1,1,2,2,2,1,2,3,2,3,3,3,3,2,1,2,2,1,1,2,2,1,1,3,1,1,1,1,1,1,1,2,1,2,2,2,2,2,2,1,1,0,1,2,3,2,1,1,1
136,2,2,3,3,3,2,2,1,1,2,3,3,4,4,3,3,4,3,2,2,1,1,1,2,1,1,1,1,2,3,2,1,1,1,1,1,2,2,2,4,5,5,3,1,2,2,1,1,1,2,4,4,3,4,4,3,3,3,3,3,2,2,2,1,1,1,1,1,1,1,1,1,1,2,2,2,2,2,2,1,1,1,1,1,1,1,1,2,2,1,1,1,2,3,3,4,4,3,1,3,5,4,3,2,2,2,2,2,2,3,3,5,3,2,2,3,3,2,2,4,3,3,3,3,3,3,3,2,2,2,2,2,2,2,2,2,2,2,3,3,3,3,3,1,1,1,1,1,2,3,3,3,3,4,3,4,4,2,2,2,3,3,2,2,3,3,3,3,2,2,1,3,3,2,2,3,2,3,2,2,2,3,4,1,0,1,2,4,3,2,3,2,2,2,2,3,3,3,3,6,4,3,2,3,0,0,0,3,4,3,3,4,4,5,6,4,3,1,1,3,4,3,1,1,4,4,3,2,2,2,4,3,3,3,3,3,2,3,2,2,1,1,2,2,2,2,1,0,1,2,3,3,3,2,2,2,2,2,2,2,1,2,2,2,2,3,3,2,2,1,1,2,2,2,3,3,3,3,4,3,3,3,3,3,3,3,2,3,2,1,2,2,2,2,1,1,2,2,2,1,1,2,2,1,1,1,1,1,1,1,1,1,1,2,3,2,2,2,1,4,5,4,4,3,3,1,2,4,3,2,2,1,2,2,3,3,3,3,4,4,3,3,4,3,3,3,4,3,3,2,3,5,4,4,4,4,4,4,4,3,3,3,3,4,4,3,4,0,3,3,1,1,1,1,1,1,1,3,3,3,3,3,1,2,2,3,3,2,3,3,3,2,2,2,3,2,2,3,3,4,3,3,3,3,3,3,3,4,2,1,1,1,2,5,6,3,2,2,3,3,3,3,4,3,3,3,3,3,3,3,2,2,3,3,3,3,3,3,2,1,2,2,2,2,2,2,2,1,2,1,2,3,3,3,3,3,2,2,2,3,3,3,4,3,3,3,4,3,3,3,3,2,1,1,2,2,3,3,2,2,4,2,1,1,1,1,1,3,4,1,1,1,1,4,4,3,3,3,3,3,3,3,2,1,3,4,4,4,3,3,3,2,2,2,1,2,1,1,2,2,3,2,3,3,3,2,3,2,2,2,2,2,2,2,2,3,3,3,3,3,3,3,3,1,2,1,1,1,1,1,2,1,3,4,3,1,0,1,0,1,1,1,2,2,2,2,2,2,2,2,2,2,2,2,2,1,2,3,2,3,3,3,3,3,3,4,4,4,3,3,3,2,3,4,4,2,2,3,2,4,3,2,1,1,2,4,5,3,4,5,5,3,2,1,1,1,1,1,1,1,2,2,2,2,2,3,3,3,2,2,2,1,1,0,1,2,3,4,4,5,3,5,6,4,4,4,2,3,3,3,3,3,3,3,2,2,1,2,2,3,3,1,2,3,3,3,3,3,3,3,3,1,2,2,2,1,1,1,1,2,1,2,2,3,2,2,4,2,1,1,1,1,1,1,1,3,3,3,3,3,4,4,3,2,3,3,3,3,2,3,2,1,3,3,2,1,1,2,3,2,2,3,3,3,3,4,4,1,1,1,1,1,1,1,1,1,0,1,0,0,0,0,2,3,1,2,2,3,3,2,3,2,2,2,2,2,2,2,2,3,3,3,4,4,4,5,5,2,2,2,2,2,2,1,1,1,1,1,2,4,4,3,4,3,3,3,3,3,4,3,3,1,2,4,4,4,5,3,3,2,2,3,3,2,2,2,3,1,2,2,1,1,1,2,2,4,4,2,2,2,2,2,2,3,2,2,2,3,3,3,3,3,4,2,2,3,3,2,2,2,3,2,3,3,5,5,2,4,4,3,3,2,2,1,0,1,2,2,2,3,3,2,2,5,3,2,1,1,2,3,2,2,2,1,1,3,3,3,3,1,1,2,2,3,3,3,4,3,2,2,4,3,2,2,3,2,2,1,1,1,1,2,2,2,3,4,5,3,1,2,2,2,1,2,3,4,4,3,3,1,2,2,2,3,3,2,2,2,2,2,2,2,2,1,1,1,0,1,2,3,1,1,1,0,1,1,2,2,2,1,1,3,4,5,5,5,3,4,4,2,2,2,3,3,3,3,4,1,0,1,2,1,1,2,2,4,3,2,3,2,3,4,4,4,3,3,3,3,3,3,4,2,2,2,2,2,2,2,2,3,3,3,3,3,3,3,2,1,1,2,3,3,2,2,2,2,2,2,2,2,2,2,2,1,1
137,3,2,2,1,2,1,1,1,2,2,2,3,2,2,3,4,3,2,1,2,3,3,3,4,4,3,3,3,3,3,2,4,4,4,3,2,2,2,3,3,4,5,4,5,4,2,2,4,4,4,4,4,3,3,4,3,4,4,3,3,5,4,2,4,2,2,2,1,1,1,2,1,2,2,2,2,2,2,2,3,3,2,2,3,3,3,2,4,4,3,2,2,3,3,4,3,2,2,1,2,2,3,3,1,1,2,3,3,2,1,1,2,2,2,2,3,3,2,1,2,2,2,3,3,3,3,2,3,3,2,2,2,2,1,1,1,3,3,2,2,3,3,2,1,2,4,2,1,0,2,3,2,2,2,2,4,4,5,6,1,1,1,2,3,3,4,3,3,4,3,2,3,4,4,3,2,3,4,4,4,2,2,3,4,4,4,4,2,2,3,3,3,2,2,1,2,4,4,4,4,3,1,1,3,3,2,1,4,2,4,4,3,3,3,1,0,1,1,3,3,2,0,1,1,1,1,1,2,2,3,4,5,4,3,2,2,2,2,2,0,0,0,1,2,1,2,1,0,1,2,3,3,4,6,4,0,2,4,4,2,3,3,3,2,2,2,2,1,2,3,4,4,6,5,4,4,3,2,1,3,4,4,3,2,3,2,2,2,2,2,2,2,2,2,2,3,1,3,3,2,4,4,4,4,3,2,3,2,0,1,3,3,3,2,2,2,2,2,2,3,2,2,2,2,2,2,2,2,3,3,1,2,1,3,3,2,3,3,3,3,3,3,3,2,2,1,1,2,3,3,2,2,2,1,1,2,2,4,4,3,4,3,3,2,2,3,2,3,5,4,3,3,2,2,5,4,3,3,3,3,3,3,2,2,1,1,2,2,1,1,1,3,4,4,4,4,4,4,3,4,4,4,3,3,3,3,3,3,2,3,3,3,3,3,2,3,2,3,3,3,2,2,4,2,0,0,2,2,2,3,3,3,3,4,3,4,4,3,2,3,3,5,4,4,1,1,1,3,3,5,5,3,2,2,2,3,4,4,4,4,3,2,4,5,2,0,1,4,1,0,1,2,2,2,2,2,2,2,1,3,4,4,4,2,3,3,2,2,2,2,2,3,3,1,2,0,2,2,2,3,3,2,2,2,2,2,3,3,3,2,2,2,3,3,2,3,3,4,3,3,4,3,4,3,3,3,3,1,2,4,3,1,1,1,1,3,2,2,2,2,2,2,2,2,3,4,3,3,3,2,2,2,2,4,3,4,4,3,4,1,3,1,1,1,2,3,2,2,1,0,2,2,1,2,2,2,4,5,5,3,2,1,2,3,3,3,3,3,3,4,4,1,2,2,1,1,1,2,3,3,3,3,2,2,2,2,2,4,4,5,5,2,1,1,2,1,2,4,4,4,4,3,1,3,3,3,3,3,2,2,2,1,1,1,1,1,1,3,4,3,4,2,2,2,2,2,2,2,2,1,1,1,1,1,1,1,1,1,1,1,1,1,1,3,2,3,3,2,2,2,1,1,0,1,0,1,2,3,2,0,0,2,3,3,5,5,4,2,3,3,2,2,3,1,2,2,2,2,2,2,2,3,3,3,3,3,3,1,2,4,2,0,2,3,3,1,1,0,3,0,1,1,1,1,1,3,3,3,4,4,4,4,4,4,3,1,2,2,1,2,2,2,4,5,4,3,4,4,4,4,3,3,3,2,2,3,3,2,3,2,2,3,3,2,3,3,2,4,3,3,4,4,4,4,3,2,3,3,3,3,2,2,3,4,2,1,1,4,4,3,3,4,4,4,2,2,1,1,1,1,1,1,1,1,1,1,1,2,1,1,1,2,2,2,3,3,2,1,2,3,3,1,1,4,4,3,3,3,3,3,3,1,2,2,1,2,2,4,4,2,2,3,3,3,3,2,2,1,1,1,1,2,2,1,1,2,2,2,3,3,3,3,4,3,3,3,3,3,2,2,1,2,4,3,3,3,3,3,3,2,1,1,1,1,1,1,2,2,3,2,3,2,2,2,3,2,1,1,2,2,2,2,2,2,3,2,2,2,2,2,2,3,4,3,4,4,4,3,4,3,3,3,3,3,3,3,3,3,3,3,3,3,3,2,4,5,4,4,4,4,4,4,2,1,2,1,1,1,1,1,2,2,2,3,2,2,3,3,2,0,2,2,2,3,3,3,0,4,5,4,1,0,0,2,2,2,3,3,3,2,2,2,4,2,2,1,1,1,0,0,1,3,4,2,1,1,2,4,3,1,1,3,2,1,2,2,2,1,1,1,1,1,1,3,4,2,2,1,1,2,3,3,4,1,0
138,2,3,3,3,3,4,4,3,3,3,3,3,3,3,3,2,2,2,2,2,2,2,2,4,3,3,3,2,2,2,2,3,3,2,3,3,4,4,4,2,3,4,4,2,2,3,3,4,4,3,2,1,2,3,2,2,2,3,2,2,2,1,1,2,1,1,2,2,2,2,2,5,4,4,3,4,5,7,8,4,3,3,3,3,3,4,3,3,3,2,3,3,3,3,3,2,3,3,4,4,3,3,2,2,2,2,1,2,2,1,1,3,3,3,3,3,3,4,3,3,2,3,3,2,2,3,3,1,2,3,3,3,3,4,4,3,3,3,3,3,3,3,3,2,1,2,1,2,2,2,1,4,4,2,2,1,2,2,1,3,3,2,1,2,3,3,2,3,4,2,1,1,1,3,4,2,3,3,4,4,3,3,3,6,5,4,2,2,2,3,1,1,2,2,2,3,3,2,1,1,2,1,2,3,2,2,2,5,5,4,3,4,4,5,6,3,3,3,3,3,3,3,4,2,2,3,3,3,3,4,3,1,1,2,1,2,3,2,3,4,3,3,3,3,3,4,4,2,1,2,3,4,4,5,5,3,3,3,3,3,3,3,3,3,3,3,3,3,3,3,3,4,4,4,4,4,4,4,3,1,1,2,2,3,4,1,2,4,4,3,3,3,3,3,3,4,4,1,2,4,3,3,1,2,2,2,2,2,2,2,2,1,1,2,1,1,1,2,2,4,4,4,3,3,3,2,3,3,3,3,3,3,3,3,2,4,3,3,2,3,2,3,1,3,3,3,4,3,3,2,1,2,3,2,2,2,2,2,0,1,2,2,2,2,2,2,2,4,3,2,3,2,3,4,2,3,2,2,3,3,2,2,3,8,5,2,3,4,4,2,2,2,1,3,3,2,3,3,5,2,2,2,2,3,2,3,2,3,1,2,4,5,4,3,1,1,1,1,1,1,1,2,1,4,4,5,4,3,4,5,5,3,3,1,2,2,1,1,1,3,2,2,2,3,3,2,2,3,3,3,3,3,3,3,3,4,3,2,2,3,3,3,2,2,2,3,2,2,3,3,2,2,3,2,3,3,3,3,3,3,3,3,3,3,3,3,3,2,2,1,2,2,1,1,2,2,2,2,2,2,2,2,2,3,3,3,3,3,3,3,2,2,2,2,2,2,2,2,1,2,3,3,2,2,1,1,2,3,3,3,3,4,4,5,2,0,1,3,4,4,3,3,3,3,4,4,3,3,3,3,3,4,3,2,3,2,2,1,1,3,2,3,3,3,4,4,5,1,0,2,3,5,5,2,0,0,1,3,4,4,4,4,3,4,4,3,2,3,2,3,2,4,4,5,5,4,4,5,5,3,4,5,5,2,1,2,4,2,1,2,3,2,2,2,2,1,1,1,1,1,1,1,2,1,1,2,2,1,1,2,2,1,1,2,2,2,4,4,4,1,1,2,2,4,3,2,2,1,1,1,2,3,3,3,2,4,3,2,3,4,4,3,2,3,3,4,3,4,4,4,3,1,2,2,2,2,2,2,3,2,2,2,2,2,2,2,2,3,3,3,3,3,3,3,2,3,2,2,3,2,2,3,3,3,3,3,3,3,3,2,2,2,2,2,2,2,2,1,1,2,2,2,2,2,2,4,5,4,3,3,2,3,3,2,2,2,2,2,2,2,2,2,2,1,2,2,2,2,2,2,2,1,0,2,3,2,2,2,4,4,2,4,3,4,3,4,3,2,2,2,2,1,1,2,2,1,3,3,4,4,4,3,2,2,2,3,4,3,3,1,0,3,5,4,3,3,3,2,2,1,1,1,1,1,1,1,1,2,2,3,3,3,3,2,2,3,2,1,2,3,2,3,2,1,3,6,5,5,4,4,4,1,1,2,2,2,3,3,4,4,4,4,4,4,4,4,4,3,3,3,3,1,1,1,1,2,2,1,2,2,3,4,4,4,4,4,3,3,3,3,3,2,1,2,2,2,2,2,0,3,3,3,3,2,3,3,3,2,2,2,2,2,2,2,2,3,3,3,4,4,4,4,4,3,2,5,8,6,4,1,1,2,3,3,3,3,1,2,2,1,1,2,2,2,2,3,3,3,3,3,3,3,3,3,4,3,1,2,1,2,5,5,3,1,1,2,2,2,1,2,2,4,3,2,2,4,4,3,2,1,2,2,1,2,2,2,1,1,1,2,4,4,4,3,3,2,2,2,2,2,2,2,2,3,3,3,3,3,3,2,2,0,1,3,5,5,3,1,2,3,5,5,5,4,2,3,3,1,1,1,2,1,0,2,2,2,2,2,2,2,2,2,4,2,2
139,2,3,2,2,2,3,3,1,2,3,4,4,3,3,2,2,1,2,2,2,2,3,3,4,4,4,3,3,3,2,1,3,2,2,1,2,2,3,2,3,4,4,3,3,4,3,4,2,2,3,3,2,2,1,2,5,5,4,3,2,2,2,1,2,2,3,3,3,3,3,3,1,2,2,2,3,2,2,3,4,2,2,1,4,3,3,3,4,3,3,3,2,2,4,6,3,2,3,2,2,3,4,5,3,2,1,2,3,3,3,3,3,3,3,3,3,5,3,4,6,4,2,2,1,2,2,1,3,3,3,3,3,2,2,3,3,2,2,3,2,2,2,2,2,2,2,1,1,2,3,4,3,2,1,2,3,4,4,4,1,1,1,1,1,1,2,2,2,2,2,3,2,2,2,2,3,3,4,4,4,4,4,2,1,2,2,3,3,3,4,1,0,1,1,1,1,1,0,1,3,3,3,3,3,3,3,3,2,3,3,3,3,3,3,4,1,2,2,2,3,3,3,1,2,1,1,1,2,3,2,2,2,2,1,1,1,1,1,1,2,1,1,2,2,2,3,2,3,4,2,1,1,1,1,3,4,3,1,1,4,5,3,3,4,3,1,0,0,1,3,4,1,1,1,1,1,1,1,1,4,4,5,4,4,5,4,6,5,4,4,4,4,4,3,3,3,2,1,1,1,2,1,1,4,1,2,2,1,2,1,1,1,1,2,3,3,4,3,4,0,0,1,1,1,1,1,0,2,3,2,2,2,2,3,3,1,1,1,1,1,1,1,1,1,1,1,1,1,1,1,1,3,4,3,3,4,3,3,4,2,2,2,3,3,1,0,0,4,3,5,3,1,0,0,1,0,1,2,3,3,2,3,4,2,1,2,4,2,3,3,2,2,3,3,3,3,3,3,3,3,3,3,3,3,3,3,3,2,2,2,2,3,3,4,4,1,0,1,1,1,2,2,2,2,2,1,1,1,1,2,3,1,0,2,2,3,3,3,2,2,4,3,3,3,4,4,5,4,3,3,3,3,3,3,2,4,3,1,1,0,0,1,3,2,1,2,2,4,3,3,3,1,2,2,2,2,2,2,2,2,2,1,2,2,2,2,2,1,1,2,3,1,1,2,2,4,3,3,4,4,4,4,3,2,3,2,2,2,3,3,3,1,1,1,1,1,1,1,1,1,1,1,2,1,1,3,2,1,1,3,2,1,1,3,2,1,1,1,1,3,3,3,2,3,3,2,1,2,2,2,2,3,4,4,4,3,4,4,4,5,4,3,3,4,4,4,4,2,2,3,3,2,2,2,3,2,3,2,3,4,4,2,1,0,2,3,3,1,2,0,2,2,2,2,2,2,2,1,1,2,1,2,2,3,3,3,3,1,1,2,1,1,3,3,3,2,2,2,2,2,2,2,2,2,2,2,2,3,3,3,3,2,2,1,2,3,5,2,1,2,2,3,4,5,5,3,3,3,3,3,3,3,3,3,4,4,3,1,1,1,1,3,3,2,2,3,4,4,5,5,4,1,2,2,0,2,3,3,5,4,3,1,0,1,3,4,3,2,2,3,3,2,4,5,4,2,1,1,1,2,2,3,3,3,3,3,3,3,3,3,2,1,1,2,2,1,1,1,1,2,2,2,2,2,2,2,2,3,3,2,2,1,3,2,2,3,2,2,2,2,3,3,3,2,1,1,3,3,3,3,3,4,4,4,3,2,1,3,3,3,4,4,2,2,2,2,3,1,2,2,2,2,2,2,2,4,5,4,3,2,3,3,3,1,1,1,1,1,1,2,4,1,2,3,2,2,3,2,1,2,2,2,2,3,3,3,3,4,3,3,3,3,3,3,3,3,1,1,1,1,2,3,3,3,3,3,3,3,3,3,3,3,3,3,3,3,3,3,3,4,4,4,4,4,4,4,4,4,2,3,3,2,2,2,3,5,3,2,3,3,4,3,2,1,2,1,1,1,2,1,2,5,4,4,4,3,3,3,4,2,1,1,1,1,1,2,1,1,2,2,2,2,2,2,2,2,2,3,2,2,2,2,1,1,2,1,1,1,2,3,4,3,2,1,1,1,2,3,3,2,2,2,1,2,3,3,5,5,4,3,2,2,2,2,2,5,3,1,1,2,4,4,3,1,1,1,0,0,1,1,0,2,2,2,2,4,5,5,3,5,5,4,3,3,2,1,1,1,1,1,1,1,1,2,3,2,3,3,3,3,3,2,3,3,2,3,3,2,2,2,2,4,4,3,3,3,3,3,3,3,2,3,3,3,2,3,3,1,1,1,3,4,3,2,1,1,1,1,1,1,1,1,1,4,3
140,1,1,1,1,1,2,2,3,3,2,1,2,1,1,2,1,2,4,3,4,4,3,4,4,3,4,3,2,3,4,4,3,2,3,3,3,3,3,4,5,3,4,4,4,3,4,4,3,2,3,5,4,4,4,2,1,1,2,2,2,2,2,2,2,2,2,2,2,2,1,2,4,4,4,4,4,4,4,4,3,1,2,2,2,3,2,2,2,3,3,3,3,3,3,2,2,1,2,2,2,3,4,5,2,1,3,2,2,2,2,2,2,2,3,3,3,2,3,4,2,1,0,2,5,5,6,4,4,4,3,2,2,3,4,3,3,3,3,3,3,3,3,1,2,0,1,3,3,1,0,1,0,0,0,2,4,5,4,4,2,0,1,2,2,3,5,5,3,2,2,3,3,2,2,2,2,2,2,2,3,3,4,2,2,3,1,1,1,2,4,3,1,1,1,1,2,1,2,2,3,3,3,2,2,2,1,1,1,1,1,1,1,1,2,3,2,2,4,4,3,2,2,3,3,3,4,3,3,2,3,2,3,2,2,2,3,2,1,1,3,4,3,4,5,4,3,3,1,1,2,2,3,3,2,2,3,3,2,2,2,2,3,3,3,3,3,3,3,3,3,3,2,3,4,3,2,2,2,2,3,4,4,4,4,4,4,4,2,3,2,1,1,2,3,3,4,3,3,3,4,3,2,3,5,5,3,2,2,3,2,2,2,3,2,3,3,2,2,2,3,3,4,4,2,1,2,3,3,4,4,4,4,3,3,3,1,2,1,1,1,2,2,1,2,2,2,2,2,2,3,2,3,3,3,2,1,1,1,2,3,3,1,1,1,1,1,1,3,3,3,3,3,3,3,3,3,3,4,4,4,4,5,5,3,3,2,3,4,4,2,1,3,3,3,3,3,3,4,4,3,3,4,4,3,4,4,3,0,2,2,3,3,3,3,4,2,2,2,1,1,2,2,1,2,3,3,2,3,3,0,2,2,3,4,4,3,4,4,4,2,2,1,1,1,1,1,0,1,1,1,1,1,2,3,4,3,2,3,3,3,4,3,3,2,4,3,3,3,4,3,3,2,5,4,3,3,3,2,1,3,2,1,1,3,4,2,2,2,2,2,2,2,1,1,1,1,1,1,1,1,1,1,2,3,2,2,2,2,2,2,2,3,0,1,2,4,4,3,3,4,3,2,3,5,5,4,3,2,2,2,2,2,2,2,3,4,2,1,1,0,0,3,4,2,3,2,1,2,2,3,3,2,4,4,2,2,1,3,4,3,4,5,5,5,4,3,3,3,3,3,3,3,3,3,3,2,3,4,2,2,2,2,3,5,3,4,4,4,3,3,3,2,3,3,2,3,3,2,3,1,2,4,4,5,3,3,3,2,2,1,2,3,2,2,2,2,2,2,3,3,4,5,4,1,2,2,1,2,2,2,2,1,2,2,1,1,1,1,2,3,2,2,3,3,3,3,2,4,4,1,1,1,1,1,3,2,3,4,4,4,3,4,5,2,2,3,3,3,2,2,1,1,1,3,2,1,2,1,2,2,2,1,1,1,1,1,2,2,1,1,1,1,2,2,1,3,3,3,3,3,3,4,2,1,1,2,2,2,2,2,1,1,2,2,2,2,2,1,0,2,3,3,3,3,4,2,2,2,2,2,2,2,2,2,3,4,4,3,3,3,2,2,4,5,5,3,3,4,3,2,4,2,0,1,3,6,6,2,1,2,1,2,2,2,1,1,1,2,2,2,2,3,3,3,3,3,3,3,3,2,2,2,1,2,3,2,2,2,2,3,3,3,3,3,3,3,3,2,2,1,1,1,1,1,2,1,2,1,1,1,1,1,1,1,1,3,3,3,3,2,2,3,2,4,4,3,3,2,3,3,3,1,1,1,1,1,1,1,1,1,1,1,2,2,1,2,3,1,1,3,4,3,4,3,3,3,3,3,3,3,3,2,3,1,1,1,1,1,2,2,1,3,3,2,2,2,2,0,0,2,1,2,1,1,2,2,3,2,1,1,1,1,1,1,1,2,2,3,3,3,1,1,2,3,3,2,2,3,3,3,3,2,2,2,2,2,2,2,2,2,2,2,2,2,2,2,2,3,2,3,2,2,2,3,3,2,2,3,3,4,4,3,2,3,4,4,2,2,4,3,4,2,1,2,3,3,3,2,1,3,2,2,2,2,2,2,2,2,2,2,2,2,2,2,2,2,2,1,1,1,1,1,2,1,2,3,3,3,1,1,0,2,2,0,2,2,2,1,2,1,2,2,2,2,3,3,5,3,2,1,2,2,2,2,2,2,3,2,2,2,2,2,2,1,1
141,2,2,2,2,2,2,2,3,3,3,3,3,3,3,3,1,1,0,2,2,3,4,4,4,4,4,3,3,3,2,2,2,3,4,3,2,3,3,5,6,6,6,5,5,5,4,4,1,1,2,2,2,2,3,2,1,2,3,3,4,4,4,2,1,2,3,3,4,3,5,4,2,2,3,3,3,4,4,4,3,3,4,3,3,2,2,2,4,4,3,3,2,3,3,2,2,2,2,3,3,3,3,3,3,2,3,3,3,3,3,4,5,5,4,2,2,2,2,2,3,2,1,2,3,3,4,3,3,3,2,2,1,2,2,3,3,3,3,3,4,4,4,5,2,2,2,2,2,1,1,3,5,5,4,4,4,4,3,3,4,4,4,4,4,4,3,3,5,3,3,2,3,3,4,3,2,2,2,3,2,2,2,2,2,3,1,1,0,1,3,4,4,4,3,2,2,1,1,2,2,1,1,2,2,2,2,3,3,2,1,2,3,2,2,2,3,3,2,3,3,2,3,2,2,2,2,3,3,3,3,4,3,3,3,3,3,3,3,3,2,3,2,2,4,3,5,3,4,4,3,2,1,3,5,3,2,3,3,3,3,3,2,3,2,1,2,4,2,2,3,4,1,1,1,1,1,2,2,2,2,2,3,3,3,3,2,2,3,1,1,1,2,2,1,2,1,2,2,2,2,3,3,4,2,1,1,1,1,1,1,1,3,4,4,4,2,2,1,2,2,1,2,3,3,4,2,1,3,3,4,3,3,2,2,3,2,2,2,2,2,3,3,4,3,1,2,2,2,2,3,4,3,3,3,3,3,3,2,3,3,3,3,3,3,3,2,2,2,2,2,2,2,2,2,2,1,2,2,1,2,2,1,2,1,2,3,4,3,4,3,2,0,1,2,1,2,1,3,2,2,2,4,5,5,3,2,2,3,3,3,2,3,2,2,2,1,1,1,1,2,2,2,3,2,2,2,2,2,2,2,3,3,4,3,2,2,2,2,0,5,4,4,3,3,3,3,2,1,1,1,2,2,3,3,3,1,1,1,1,1,1,1,2,3,3,3,2,1,1,2,2,0,0,0,0,0,1,1,1,3,3,3,3,3,3,3,3,3,2,2,2,2,2,2,2,3,3,2,2,3,3,3,3,4,2,2,2,1,2,3,4,3,0,2,2,2,3,3,3,2,2,2,3,3,3,3,2,3,3,3,3,4,3,3,3,2,2,3,3,3,4,4,4,4,3,4,4,3,3,3,4,6,4,5,4,4,4,3,4,2,3,3,3,3,3,3,3,2,2,2,2,2,2,2,1,3,3,3,4,4,4,4,4,4,4,3,1,2,3,3,4,3,2,3,2,2,2,2,3,2,3,5,5,3,2,1,2,3,3,3,3,3,4,2,1,3,3,2,3,4,6,4,2,2,3,2,2,2,2,2,2,2,3,2,3,2,2,3,2,2,3,4,4,3,3,3,3,0,1,3,4,4,3,1,1,2,2,2,3,3,3,3,3,3,2,2,2,1,1,2,3,4,4,3,3,3,3,3,2,1,0,2,3,3,5,4,3,2,2,3,3,3,4,3,2,2,1,1,2,2,3,2,4,3,2,2,1,1,1,0,0,3,3,3,3,3,3,3,3,2,1,1,2,2,3,2,3,2,1,2,2,1,1,2,2,3,3,3,3,3,3,3,3,3,2,2,2,2,2,1,2,2,1,1,1,2,2,1,1,4,4,5,5,5,5,4,4,1,2,2,2,2,2,1,1,2,1,2,2,2,2,1,1,3,2,1,1,1,1,1,1,2,3,1,1,1,1,3,3,2,2,2,2,3,3,3,3,2,2,1,1,1,1,2,2,1,2,3,3,2,1,1,3,2,1,1,1,1,2,2,2,3,3,3,3,3,3,3,3,4,3,3,3,2,2,2,2,2,2,2,1,2,2,2,2,1,0,1,1,2,3,1,1,2,2,2,2,2,2,2,2,4,4,4,4,4,4,4,4,2,1,3,3,3,3,2,2,3,2,2,2,2,1,1,0,4,4,3,1,1,1,3,3,3,5,6,4,3,2,2,4,3,3,3,3,3,3,2,2,2,3,3,3,3,3,4,4,5,5,5,4,4,4,4,5,3,3,3,3,3,3,2,2,2,3,3,4,4,4,5,5,4,5,3,1,1,3,2,2,3,2,2,2,1,1,2,4,2,1,1,1,1,1,1,1,2,1,0,0,2,2,3,2,3,2,2,3,3,3,3,2,2,2,2,1,1,1,2,2,1,1,1,1,2,2,2,2,4,3,2,2,4,4,2,3,1,1,1,1,2,2,2,2,3,3
142,3,4,4,4,4,4,3,2,3,3,4,4,3,4,5,3,3,3,3,3,4,2,1,2,2,1,1,3,2,3,4,2,2,4,4,4,2,2,3,5,4,4,2,2,4,5,3,2,3,3,3,5,5,3,2,3,3,4,4,2,1,2,2,2,3,3,3,3,4,5,3,1,3,3,2,2,2,3,3,2,2,2,2,2,2,2,2,2,2,2,2,2,2,2,2,3,3,4,5,4,3,3,1,1,1,1,1,1,1,1,1,2,3,3,2,2,4,4,3,3,3,2,3,4,4,4,2,3,3,3,3,3,2,3,6,4,2,1,2,2,2,2,1,2,2,2,2,4,4,3,3,2,2,3,3,3,5,3,1,4,1,1,2,2,2,2,3,2,2,4,3,3,3,3,3,4,4,3,3,4,4,2,2,4,4,2,2,2,2,3,2,2,2,2,3,3,2,3,4,3,1,2,3,4,3,3,4,3,3,3,3,3,4,4,3,3,2,2,3,3,3,2,2,2,2,2,3,3,3,3,3,4,4,3,3,4,6,5,2,3,2,3,3,3,2,3,3,3,3,4,4,3,4,4,4,2,1,1,1,3,4,3,2,2,4,3,0,1,4,5,3,2,3,4,3,2,2,2,1,3,3,3,3,3,2,2,2,3,3,3,3,2,2,3,4,3,1,1,2,1,3,4,2,4,5,4,4,4,2,3,4,2,2,2,3,3,3,4,2,1,2,2,1,1,1,1,4,5,3,3,2,2,2,3,1,0,2,2,2,2,3,4,2,1,3,3,3,3,2,1,2,2,2,2,2,2,3,3,2,1,3,3,3,3,4,2,2,2,3,3,2,2,3,4,3,3,2,2,2,3,3,3,4,2,2,2,1,2,2,3,4,3,3,3,2,2,2,4,4,3,3,3,3,3,3,3,3,3,2,2,2,2,2,2,2,2,3,3,3,3,3,3,3,4,4,4,4,3,2,3,4,2,3,2,2,3,4,1,1,2,2,3,3,3,2,1,2,3,2,3,3,3,3,3,2,3,4,3,4,5,3,2,3,4,4,5,5,4,4,4,4,3,3,2,4,4,3,4,4,2,2,2,2,3,3,1,1,3,2,3,3,3,2,1,2,4,5,3,3,3,3,1,3,4,3,1,2,3,2,3,3,2,2,2,1,1,3,3,3,3,2,2,2,2,2,2,3,4,3,2,2,2,3,3,4,3,3,2,2,2,2,2,2,4,4,3,2,3,3,5,4,2,2,4,4,3,4,4,4,3,3,3,2,2,2,2,1,2,2,2,2,3,3,3,3,4,4,4,3,2,4,5,4,3,3,3,3,3,3,3,3,2,1,2,3,1,1,2,2,2,2,3,4,4,3,3,3,3,3,3,2,3,2,3,3,4,3,3,4,4,4,4,4,4,4,4,4,4,3,4,4,3,4,3,3,2,2,2,2,3,3,4,4,3,3,2,2,1,2,3,2,2,2,2,2,2,3,3,3,3,3,3,3,2,2,1,2,2,3,5,4,2,1,2,2,2,2,2,2,1,2,3,2,3,3,2,2,2,2,3,3,1,2,2,2,3,1,2,3,4,4,4,3,1,1,2,2,2,2,2,2,2,3,2,2,3,2,2,3,3,3,2,2,2,2,2,2,2,2,2,3,2,3,3,2,2,3,3,3,3,3,3,3,3,2,2,2,3,3,3,3,3,2,2,2,2,3,3,3,3,4,3,4,4,3,2,2,3,3,3,2,2,2,2,2,2,2,2,2,3,2,2,2,1,1,2,2,2,2,1,1,3,3,3,3,3,3,3,3,3,3,2,1,1,1,2,2,1,1,1,1,1,1,1,1,2,1,2,3,3,3,3,4,1,1,1,1,1,1,2,1,1,2,2,3,3,2,1,2,2,2,1,1,2,2,2,3,3,3,1,1,1,1,1,1,2,3,3,3,4,3,5,6,4,3,2,2,2,2,3,3,2,1,0,1,1,1,2,2,2,3,5,5,4,4,3,1,1,1,1,1,2,3,2,2,6,4,4,4,2,2,2,3,1,1,3,4,3,3,2,0,2,2,3,3,3,3,2,1,2,2,3,2,2,1,2,2,1,3,3,3,4,3,3,4,4,3,3,3,3,3,4,3,1,1,1,1,2,3,4,2,2,3,3,2,3,3,3,2,2,4,4,3,4,4,3,1,2,1,1,3,4,2,1,2,2,3,3,3,3,3,3,3,3,2,1,2,2,3,3,2,2,3,4,4,5,5,5,3,2,3,3,3,3,3,3,1,1,2,2,2,2,1,4,5,3,2,2,2,2,2,2,2,2,3
143,2,3,2,2,2,2,2,3,4,3,3,3,2,2,2,3,2,1,3,4,4,3,2,2,2,2,2,4,4,4,5,3,2,2,2,3,3,4,5,5,4,5,3,2,2,1,1,2,3,3,3,3,2,3,2,1,1,2,3,3,2,2,2,3,4,2,2,3,2,4,6,3,2,3,3,4,4,4,2,4,4,3,2,1,2,3,4,3,3,2,3,3,3,2,1,1,2,2,2,2,1,1,1,2,2,3,3,3,3,3,4,3,4,4,4,4,3,2,1,1,1,3,4,2,2,4,4,4,3,1,1,3,3,2,3,3,2,2,2,3,3,1,2,1,1,2,3,1,1,3,2,2,2,2,1,2,4,4,3,4,2,2,3,3,4,4,4,3,2,3,3,3,3,3,3,1,2,2,2,2,2,3,5,4,1,3,4,3,4,4,4,2,3,3,3,3,2,4,3,3,2,1,0,1,3,3,1,2,2,2,2,3,3,3,3,3,3,3,3,3,3,4,3,3,3,2,2,3,4,3,4,4,3,2,2,3,3,4,5,3,1,1,1,1,1,1,2,3,3,2,2,3,4,5,4,4,4,3,3,3,3,4,4,2,1,2,3,2,2,2,1,1,2,3,3,3,3,3,3,4,5,5,4,4,4,4,3,1,4,3,3,3,2,2,2,2,2,2,2,2,2,2,1,1,2,2,2,2,1,2,3,5,5,4,4,3,3,2,1,1,4,2,1,1,2,2,1,2,3,3,4,4,3,1,2,1,2,3,3,3,4,4,4,3,3,3,3,3,1,0,0,3,3,3,2,2,3,3,2,2,2,2,1,1,2,2,1,3,4,3,2,3,3,3,3,3,3,3,3,3,3,3,3,4,4,4,3,4,3,2,2,5,3,3,3,2,2,1,3,2,3,4,4,3,4,5,3,3,3,1,1,1,2,2,2,2,2,1,1,1,1,1,2,3,4,4,4,4,3,3,1,0,2,2,2,2,2,1,2,3,3,3,2,2,2,2,3,2,3,5,5,6,6,5,4,4,3,1,3,3,2,2,2,2,1,1,2,2,1,1,2,3,1,1,1,1,1,1,1,1,2,2,2,2,2,2,2,2,3,3,2,2,3,3,2,2,2,4,3,1,2,3,4,3,2,3,2,2,3,4,3,3,3,3,3,3,3,3,3,3,4,4,4,4,3,2,3,1,2,2,3,3,2,2,1,2,2,3,3,3,3,2,2,6,6,5,5,4,3,2,2,3,3,3,3,3,3,3,3,3,3,3,3,3,2,2,2,2,3,2,2,3,3,3,3,4,4,3,4,4,4,3,2,3,3,3,3,3,3,3,3,2,2,2,2,2,2,2,1,1,1,1,2,2,2,2,2,1,1,2,2,1,1,1,2,1,1,1,1,2,2,2,2,3,3,1,1,3,3,3,4,4,2,1,1,1,1,2,2,3,3,3,3,3,3,3,3,2,2,2,2,2,2,3,3,4,4,4,4,4,1,2,2,2,3,2,2,2,1,2,2,2,2,2,2,2,2,3,3,3,3,3,3,3,4,4,2,1,2,2,2,2,2,2,1,1,2,2,2,3,2,1,1,2,1,1,1,1,1,2,1,2,3,2,2,2,1,1,1,1,2,1,2,3,3,3,3,4,4,3,3,4,4,3,4,2,2,2,2,2,2,3,3,3,3,3,2,2,2,2,3,3,3,1,2,3,3,1,1,2,3,3,3,3,3,3,3,3,3,3,3,3,2,2,3,5,4,2,2,2,2,1,1,2,1,1,2,2,2,2,2,3,3,2,2,2,2,1,2,2,1,3,3,3,2,1,2,1,1,2,2,3,3,3,2,1,1,2,2,2,4,4,4,2,1,2,1,1,1,1,2,1,1,1,1,1,1,2,2,4,4,4,4,4,4,3,3,3,3,3,1,1,3,4,3,2,3,3,2,3,5,4,1,2,4,3,3,3,3,3,4,3,2,2,2,2,2,2,2,1,3,3,1,1,1,2,4,3,2,2,2,2,2,2,2,0,1,1,0,1,2,1,2,3,3,3,3,3,3,3,3,2,2,2,2,2,2,2,2,2,3,4,3,4,3,2,3,3,4,4,4,4,4,3,3,2,2,2,1,1,1,1,1,2,2,2,1,1,3,3,2,2,2,1,1,1,1,0,1,3,3,3,2,3,2,4,3,4,5,3,2,3,3,3,3,3,3,2,1,1,1,1,1,3,3,3,3,3,2,2,2,3,3,1,1,1,1,1,1,1,2,2,2,2,2,2,2,4,1,1,3,4,4,2,2,2,2,2,3,3,3,4,2,1,2
144,2,3,4,3,2,1,5,3,3,3,2,2,2,4,2,3,2,2,2,3,3,3,2,2,1,2,1,0,1,1,0,3,3,2,2,1,2,4,6,2,1,5,4,2,4,6,7,4,2,2,2,2,2,2,3,3,2,2,2,2,2,2,2,2,1,1,2,4,5,3,2,1,2,4,4,3,2,4,2,2,3,4,3,1,2,4,3,1,2,2,2,2,2,2,3,3,2,3,2,2,3,3,4,5,3,2,2,2,2,3,5,2,2,2,3,3,4,4,4,3,3,3,3,3,2,3,2,3,2,2,2,2,3,2,1,2,2,2,3,1,2,3,3,2,1,2,3,2,1,2,3,2,2,2,2,1,1,2,1,2,1,2,3,2,1,2,1,3,5,4,4,3,2,3,5,3,3,5,6,5,5,3,3,3,2,2,2,3,3,3,2,3,4,3,3,3,3,3,3,4,4,3,4,4,4,4,4,2,2,1,1,1,3,3,3,2,4,4,1,2,2,2,2,2,2,2,2,2,2,3,3,2,2,2,2,2,2,2,2,3,3,2,3,2,3,2,2,2,3,2,2,2,2,3,2,3,2,1,1,2,2,2,2,5,4,3,2,2,2,2,1,3,3,2,2,2,4,4,4,2,3,2,2,2,2,1,1,3,3,4,5,4,4,3,1,2,1,0,1,2,2,2,2,1,1,1,1,1,1,1,1,3,3,3,3,3,3,3,3,3,3,2,3,3,3,3,3,1,4,3,1,1,1,1,2,2,1,3,3,3,3,2,2,2,2,3,3,3,4,4,7,6,4,4,2,1,1,2,2,2,3,2,2,1,1,3,3,4,5,3,3,5,5,4,3,3,3,3,3,3,3,3,3,2,3,3,3,2,3,3,3,3,2,2,3,4,3,1,0,2,2,3,3,3,3,3,3,3,3,3,4,3,3,2,2,4,4,2,2,3,2,1,2,2,2,3,3,2,3,3,2,4,5,4,3,2,3,3,3,3,3,2,3,3,3,2,1,3,1,1,3,3,4,3,1,3,3,3,2,2,3,4,4,1,1,2,3,2,2,3,2,2,2,2,2,2,2,2,3,3,2,2,2,2,3,4,2,1,2,2,2,1,2,4,3,1,0,0,1,1,2,2,1,1,2,3,2,2,3,4,3,0,3,4,2,2,1,0,2,4,4,3,3,2,2,5,5,3,3,3,3,3,3,3,3,3,3,3,3,3,3,3,3,1,2,2,1,2,2,2,2,3,2,3,3,3,4,4,4,4,4,3,3,4,4,4,4,5,4,4,5,4,4,4,3,2,2,2,2,3,3,3,4,3,2,3,3,4,4,3,3,2,2,2,2,2,2,3,3,5,5,5,5,5,4,4,3,4,4,3,4,3,4,3,2,2,1,2,3,3,3,3,4,4,4,3,3,2,3,3,4,4,4,3,2,1,2,3,3,3,2,3,3,3,4,4,3,3,2,1,3,3,3,3,2,3,2,3,4,4,3,3,4,4,3,3,3,3,4,3,3,3,3,3,3,3,3,3,3,2,2,3,2,2,2,2,2,2,2,1,1,2,2,2,2,3,3,3,3,3,4,4,3,3,3,3,3,3,3,2,3,3,3,4,3,2,2,2,2,2,3,4,4,4,4,2,2,3,3,2,1,1,1,1,2,4,5,4,4,2,2,3,4,3,2,3,3,3,3,4,4,2,3,3,3,2,2,2,1,1,1,1,1,2,3,3,2,3,3,3,2,3,3,3,3,1,1,1,1,2,2,2,2,3,3,3,3,3,3,3,3,2,3,3,2,3,4,3,2,2,3,3,3,3,2,3,3,3,3,3,3,3,3,3,3,3,3,2,2,2,2,2,2,3,3,3,3,3,3,3,3,2,2,2,2,2,2,2,2,2,2,2,1,1,1,1,1,2,3,3,3,3,3,3,3,1,1,1,1,1,1,1,2,1,2,2,1,2,2,2,1,2,4,2,1,1,1,2,1,4,3,1,3,4,5,6,5,3,3,3,1,2,2,3,3,2,2,1,1,2,2,3,3,2,3,4,4,4,4,2,3,1,1,1,1,1,1,1,1,1,2,2,2,2,3,3,3,2,2,2,2,2,2,3,4,4,4,4,4,4,3,3,3,2,1,1,2,2,2,2,2,1,1,2,2,3,2,2,1,2,1,2,2,2,4,4,5,4,2,2,2,2,2,1,3,2,2,2,3,4,3,2,2,2,4,3,2,3,3,4,5,4,2,3,3,2,2,2,2,1,1,1,1,1,2,2,2,2,2,2,2,2,2,2,1,1,2,3,1,1,1,4,3,4,2
145,2,2,2,2,3,3,3,3,3,3,3,3,3,3,2,2,2,4,2,1,3,5,3,3,4,5,3,0,0,3,4,3,3,2,2,2,1,3,5,3,2,3,3,3,3,3,3,2,1,1,1,1,1,1,1,1,1,1,1,1,1,1,1,2,5,4,1,0,1,3,4,2,2,3,2,1,3,3,2,2,2,2,2,2,2,1,2,3,1,3,4,4,3,4,4,3,3,3,3,3,3,3,2,2,2,2,2,3,4,5,3,4,4,4,5,2,2,3,2,2,2,3,4,3,3,4,4,1,3,4,4,4,4,2,1,1,1,1,1,1,2,1,1,3,2,2,2,3,3,2,2,2,3,3,2,3,3,4,4,4,3,2,2,3,4,2,1,4,4,4,4,4,3,2,2,2,2,2,2,2,2,2,2,2,3,3,2,2,2,2,1,2,2,3,3,4,4,3,3,3,4,4,3,3,3,2,2,2,2,3,3,3,3,2,2,1,2,2,1,2,3,3,3,3,2,3,3,3,3,4,4,3,3,2,3,3,3,4,4,3,4,4,3,4,3,2,1,3,3,2,3,3,3,4,4,4,5,6,4,3,3,3,4,4,2,2,3,3,3,3,3,3,4,3,1,1,1,2,2,2,1,1,1,1,1,3,4,2,1,1,3,2,1,3,2,0,0,1,1,1,1,1,3,2,2,2,2,2,1,2,1,2,2,2,2,3,3,2,2,3,3,3,2,2,2,2,3,4,2,1,1,1,2,1,1,2,1,2,2,1,1,1,2,3,4,4,3,2,2,1,2,2,2,2,2,2,2,2,3,3,3,3,3,3,3,3,3,2,2,2,2,2,3,3,2,3,4,3,3,3,2,2,2,2,3,3,3,3,3,2,2,2,1,2,2,2,3,3,3,2,1,2,2,1,1,2,0,1,3,4,3,3,3,3,1,1,2,2,3,3,3,2,2,3,3,3,3,2,2,2,3,2,1,1,2,2,2,2,2,2,1,1,2,2,2,3,3,2,2,3,4,4,5,4,2,3,2,2,2,1,2,3,2,2,2,2,2,2,2,3,3,2,3,3,3,4,4,4,3,2,2,3,4,4,3,3,4,2,3,3,3,3,2,2,2,2,2,2,2,2,2,2,2,2,1,1,2,2,2,2,1,3,3,1,0,1,2,3,2,3,3,2,3,3,3,3,3,2,3,3,3,4,4,4,4,3,3,2,2,3,3,1,3,4,3,2,2,2,2,3,4,4,4,3,3,3,3,4,6,3,3,3,3,3,3,3,2,3,3,3,3,3,3,3,3,3,3,3,3,3,3,3,3,3,4,3,4,4,5,5,5,2,2,2,2,2,2,2,2,3,3,3,2,2,2,2,2,3,2,2,1,2,2,3,3,0,1,2,2,1,2,4,3,1,1,1,1,1,2,1,2,3,1,1,2,1,1,3,2,2,2,3,2,2,2,1,1,2,1,2,2,1,1,2,2,3,4,3,3,4,3,3,4,4,2,2,4,5,5,4,2,2,2,2,2,2,2,2,2,3,3,2,2,3,2,2,2,2,2,2,3,1,2,1,1,1,1,2,2,2,2,2,2,3,2,2,2,2,2,2,2,4,4,3,3,3,3,3,3,4,3,2,2,3,3,3,3,3,3,3,3,3,3,4,4,3,3,4,4,3,3,3,4,5,2,2,3,4,5,2,2,3,3,3,2,1,1,1,3,1,1,1,2,1,1,2,2,1,2,2,3,3,2,1,1,2,2,1,1,4,3,1,1,3,3,3,3,3,3,4,4,4,5,4,4,4,4,5,4,4,3,3,3,3,3,3,3,2,2,3,3,3,3,1,1,2,1,1,3,3,3,3,3,4,5,3,1,1,2,2,2,2,2,3,3,2,2,2,2,2,3,3,4,3,3,2,2,2,2,2,2,2,2,2,2,3,3,2,3,3,2,2,1,2,4,3,4,4,3,2,3,3,2,2,3,4,4,3,3,2,3,4,5,4,3,3,3,1,2,3,3,3,3,3,3,3,2,1,2,1,2,4,5,4,5,5,4,4,2,2,3,2,2,2,2,2,1,1,2,2,3,4,4,3,3,3,3,4,3,3,2,3,2,3,3,2,2,3,4,3,3,3,3,2,3,1,1,2,2,2,2,2,2,1,1,2,2,2,2,2,2,1,2,3,3,4,2,1,2,2,1,0,0,0,3,3,2,2,2,3,3,4,4,4,3,2,3,4,2,1,3,1,2,1,1,2,2,3,2,2,2,3,2,2,1,2,2,2,3,3,3,2,2,3,3,2,3,5,4,3,2,2,3,3,2
146,2,2,2,1,2,2,2,1,1,3,2,2,2,2,4,3,3,3,3,3,3,3,3,2,2,2,2,2,2,1,1,2,2,2,3,2,2,3,3,3,4,4,3,2,2,2,1,1,1,2,4,5,4,3,4,5,6,4,4,4,4,4,3,2,2,2,2,2,2,2,2,0,0,1,2,3,3,3,2,2,2,2,4,4,3,2,2,3,3,3,4,4,3,3,4,3,3,2,2,2,1,1,1,3,3,3,2,3,2,3,2,3,1,2,3,2,3,3,3,3,2,2,1,3,3,5,3,2,3,3,4,4,3,2,3,3,3,3,3,3,3,4,4,3,3,2,2,2,2,2,3,2,2,2,1,1,3,3,3,1,1,4,4,2,3,4,3,2,2,3,3,1,3,4,2,3,3,4,4,4,3,3,4,3,2,3,4,4,2,2,2,2,2,3,4,4,3,2,1,4,6,5,3,2,3,3,2,3,3,2,2,3,3,3,3,3,2,3,3,3,3,3,2,3,3,3,2,2,2,1,1,3,3,4,4,2,2,2,3,3,3,3,4,5,5,3,2,2,2,2,2,2,2,2,2,2,2,4,4,3,3,3,4,4,3,3,3,3,3,3,3,4,5,4,3,3,2,1,2,4,3,2,2,3,3,2,3,4,3,3,3,3,3,3,3,3,3,3,3,3,3,3,3,2,2,2,2,3,2,2,1,3,3,4,4,3,4,4,3,3,3,3,4,4,3,3,4,4,4,4,4,3,4,3,4,2,3,3,3,3,3,3,3,2,2,3,3,3,2,2,3,2,1,2,2,2,3,2,2,4,4,4,4,3,3,2,2,4,4,4,3,3,2,2,2,2,2,2,2,2,2,2,2,2,2,2,2,2,2,2,2,3,3,3,3,3,3,3,3,2,1,2,2,2,3,3,2,3,4,6,6,4,4,2,2,4,3,2,3,3,2,1,2,3,3,3,3,2,2,1,1,3,3,3,4,4,5,5,4,3,2,4,4,3,3,3,4,4,4,3,3,4,5,6,5,4,3,3,3,4,4,2,1,1,1,2,2,2,3,3,1,2,3,3,3,2,1,2,2,1,1,2,2,2,3,3,4,3,1,2,2,1,2,2,2,2,2,2,2,1,1,1,2,2,2,3,4,3,3,3,3,3,4,4,4,4,4,4,2,2,3,2,3,3,3,1,2,1,1,1,1,1,1,1,1,1,1,1,1,1,0,0,2,4,4,3,2,2,1,2,2,3,3,2,2,1,1,1,2,3,3,3,4,5,5,5,5,3,3,3,3,3,3,3,3,2,2,3,3,4,3,3,3,3,3,1,1,3,4,3,3,4,4,4,3,1,1,2,5,3,5,6,5,3,2,2,3,3,1,2,3,3,2,2,2,2,2,2,2,2,2,2,2,1,1,1,1,1,1,1,1,1,1,2,2,1,1,2,5,2,2,2,3,5,5,1,1,2,2,2,2,3,3,3,2,0,1,1,1,1,3,3,2,3,3,3,3,2,1,3,3,2,2,2,3,3,3,3,2,2,1,1,2,3,3,3,3,2,2,3,3,2,3,3,3,2,2,1,1,1,1,1,1,1,1,1,1,2,2,2,2,2,3,3,3,3,4,4,3,2,3,2,2,3,4,3,3,3,4,3,2,2,2,2,4,4,3,3,2,3,4,4,4,3,2,3,2,1,1,2,3,3,2,3,2,2,3,4,3,5,6,4,3,2,3,4,4,4,3,2,1,2,4,4,2,1,2,3,2,2,2,1,1,1,1,3,2,1,4,5,4,4,2,2,2,1,2,2,2,2,1,1,1,2,2,2,1,1,1,1,2,3,2,2,2,3,3,3,3,3,3,3,3,3,3,3,3,4,4,4,4,2,2,4,4,3,2,2,2,3,3,4,3,3,2,2,3,2,1,2,2,2,2,3,1,1,1,2,2,2,2,3,4,1,2,2,3,2,3,2,3,2,3,3,3,2,2,2,3,2,2,2,2,1,1,1,2,2,2,2,2,2,2,2,1,3,2,1,1,1,1,1,1,2,3,3,3,2,3,3,3,2,2,2,2,2,2,2,2,2,4,5,4,3,4,5,5,4,4,4,3,4,4,2,2,4,3,3,1,1,1,1,2,3,4,3,2,3,4,3,2,1,1,1,1,2,2,2,2,2,2,2,3,3,3,2,2,2,3,2,3,3,2,3,2,2,2,2,2,2,2,2,2,2,2,3,3,3,3,3,3,3,1,1,1,1,1,2,1,3,2,0,2,4,4,3,3,1,1,1,3,3,3,3,1,2,2,2,2,2,2,2,2,2,2
147,2,2,3,2,1,1,0,4,3,3,2,1,3,3,3,3,3,3,2,3,3,4,3,4,4,2,2,3,3,3,3,1,2,5,3,3,3,2,2,1,4,4,2,1,4,5,3,3,2,3,3,3,3,3,3,2,2,3,3,2,2,3,2,2,3,3,4,3,3,3,4,4,3,5,5,3,2,3,5,4,4,2,4,4,3,2,2,2,3,3,3,3,3,3,3,4,5,5,4,2,2,3,3,3,3,3,3,3,3,2,1,2,2,2,2,3,3,2,2,4,4,4,4,4,4,4,4,2,2,2,2,2,3,3,3,3,2,2,1,1,1,1,2,1,1,2,2,2,2,3,3,3,3,3,3,3,3,4,3,1,1,0,0,1,2,4,4,4,4,3,2,4,4,3,1,2,3,3,3,3,3,3,3,3,3,3,2,2,2,2,2,2,2,2,2,2,2,2,2,4,4,3,4,4,4,4,2,2,1,3,4,4,3,4,5,5,5,4,4,2,3,4,3,3,3,3,3,4,4,4,3,3,3,3,3,3,3,3,3,3,3,2,2,3,2,2,3,4,3,3,3,3,3,2,3,4,4,5,5,3,3,3,4,4,4,2,3,3,3,3,4,1,2,2,3,3,1,0,1,3,3,4,3,3,2,2,3,4,2,0,2,4,3,2,3,3,2,3,3,4,4,5,3,3,3,4,4,4,3,2,3,3,3,3,3,2,3,5,5,5,5,3,3,3,3,3,3,2,2,3,3,3,3,3,2,2,4,4,4,2,1,3,3,2,2,2,2,2,2,2,2,2,3,3,3,3,3,2,1,1,1,1,2,3,3,1,1,4,2,2,2,1,2,2,2,2,2,2,2,2,2,2,2,2,1,2,4,4,4,3,1,1,2,3,3,3,3,3,4,3,3,2,3,4,2,0,1,1,1,1,4,5,4,3,2,3,3,4,4,3,3,3,3,3,2,2,3,3,4,5,5,3,2,3,3,4,4,1,1,2,2,2,2,2,2,2,2,2,2,2,2,2,2,2,2,1,1,2,1,1,1,2,2,3,3,3,3,4,4,4,3,2,2,3,2,3,3,3,3,2,2,2,2,2,3,2,2,3,3,3,3,3,3,2,3,2,2,1,2,2,2,4,5,3,3,3,2,2,3,2,3,3,3,3,3,3,3,3,3,3,3,3,3,3,3,3,4,2,2,2,2,2,2,2,2,2,2,2,2,2,2,2,2,5,2,1,1,2,4,6,3,3,6,6,6,4,3,3,4,1,1,1,1,1,2,2,2,4,4,2,2,3,4,4,3,3,2,3,3,3,3,4,2,2,3,3,3,4,5,6,4,3,1,2,2,1,2,2,1,3,4,4,3,2,3,3,2,1,2,4,2,2,1,1,3,4,3,2,2,3,3,1,2,3,3,3,3,3,4,4,4,2,1,1,2,3,2,1,2,2,2,3,2,3,3,3,3,2,1,1,1,1,1,1,2,2,4,4,4,3,1,2,4,2,3,5,5,3,3,4,4,2,2,2,3,3,3,2,2,2,2,2,2,2,2,2,2,4,4,2,4,4,4,4,3,3,4,3,2,3,3,3,3,2,2,2,2,2,2,2,2,3,3,3,3,2,2,3,3,2,2,2,2,2,2,3,3,2,2,2,2,1,1,1,1,2,2,3,4,3,2,2,1,1,2,3,2,2,1,1,2,3,3,3,3,4,3,2,4,4,3,4,4,3,3,2,2,2,2,2,2,2,2,2,2,1,1,1,2,3,5,5,2,0,1,2,2,3,5,5,3,0,1,2,2,2,1,1,2,4,4,4,3,3,3,3,2,3,3,3,3,3,3,3,3,2,2,3,3,4,4,4,3,1,1,2,2,2,2,2,2,2,2,2,2,3,3,3,3,4,4,4,4,4,4,4,3,3,3,3,3,3,2,3,3,3,3,2,2,2,2,2,1,1,1,1,1,1,1,1,2,3,3,2,2,2,2,2,2,3,3,2,2,2,3,3,1,2,4,2,2,2,2,2,2,2,2,3,3,3,2,2,4,4,2,1,3,3,3,3,2,2,2,2,2,2,2,2,2,3,3,2,3,4,3,3,4,4,4,3,4,3,3,3,2,2,2,2,3,2,1,1,2,3,3,3,2,3,3,3,3,3,3,3,3,3,2,2,3,3,3,2,2,2,3,3,3,5,3,2,2,2,1,3,4,2,2,2,2,2,2,1,3,5,4,4,4,4,4,4,4,3,3,3,3,3,3,3,3,3,2,2,2,2,2,2,2,2,1,1,1,2,3,3,2,1,2,2,2,2,2,1,2,4,2
148,1,3,4,4,4,3,3,3,3,4,4,3,3,4,3,2,2,1,1,1,1,1,2,3,4,4,2,1,2,1,1,2,3,3,3,3,2,2,4,4,4,3,2,3,4,3,3,2,2,2,2,2,2,2,2,2,3,3,2,2,2,2,3,3,2,2,2,2,2,2,2,3,2,2,2,2,2,2,1,3,3,2,2,2,2,2,3,3,3,4,3,3,5,4,3,4,3,3,3,3,3,2,3,5,4,1,1,1,2,3,3,5,4,3,3,3,2,3,4,1,1,2,2,2,4,4,4,3,4,3,3,4,4,3,2,3,3,3,3,3,2,2,3,2,1,2,1,2,3,2,2,2,4,4,3,3,4,3,3,3,5,4,3,4,5,3,3,1,1,1,2,3,4,2,1,1,3,4,4,3,2,1,4,3,3,4,4,4,2,1,2,2,2,2,3,3,3,4,4,4,3,3,3,4,4,5,5,3,1,2,1,2,2,2,3,4,3,2,2,3,2,2,3,2,1,1,1,1,3,3,3,3,4,3,4,4,3,2,2,3,3,3,3,3,3,3,1,1,2,2,2,3,3,1,2,4,4,4,3,2,3,2,2,3,3,3,3,3,3,3,3,3,3,2,2,2,3,2,2,2,2,3,3,3,3,3,3,2,1,2,2,2,2,2,2,3,3,3,3,3,2,3,3,3,4,5,5,5,3,3,5,4,1,1,2,2,2,2,1,4,5,4,3,2,3,3,2,2,2,3,3,3,2,4,5,2,2,1,2,3,3,2,3,1,1,1,1,1,1,1,1,2,2,2,2,2,2,2,2,3,3,3,3,3,3,3,2,1,1,1,2,1,2,2,1,2,3,3,2,1,1,0,0,1,1,1,1,3,4,6,4,1,2,2,2,1,1,1,1,2,3,3,3,4,4,4,4,2,3,3,4,5,5,3,3,5,7,7,5,3,1,1,2,2,2,2,2,2,2,2,3,1,2,2,3,1,2,4,5,5,4,4,4,6,4,2,3,2,3,3,3,5,4,2,2,1,1,1,1,2,3,3,2,1,1,1,1,1,1,1,1,1,1,3,3,3,3,3,2,2,3,3,3,3,3,3,3,2,2,1,1,1,1,1,1,3,4,3,3,3,2,3,2,2,2,2,2,3,3,3,3,2,4,4,2,2,3,3,3,3,2,2,3,3,3,3,3,3,3,4,4,4,4,3,3,2,2,3,3,3,3,4,4,3,3,2,2,2,3,3,3,3,3,2,2,2,3,4,5,3,3,3,3,3,3,3,3,1,2,2,2,2,2,2,3,0,0,3,4,1,0,1,1,3,3,4,5,5,5,4,3,1,2,3,3,3,4,4,3,1,1,1,1,1,2,4,1,3,1,2,1,1,1,1,1,1,1,2,2,2,2,2,1,2,4,5,3,3,4,3,2,1,1,1,1,2,2,2,3,5,5,5,5,5,5,5,5,3,3,3,3,3,3,2,3,2,2,3,3,2,2,1,1,2,2,1,2,2,2,2,2,3,3,3,3,3,3,3,3,2,2,2,1,1,2,3,0,2,2,2,1,1,2,3,3,3,3,2,3,3,3,3,3,3,4,3,3,3,3,3,2,2,2,2,2,2,2,2,2,1,1,1,1,2,2,2,3,3,2,2,2,2,3,2,2,3,3,3,2,3,3,3,3,3,3,3,3,3,3,3,3,5,3,3,2,2,4,1,0,2,2,2,3,3,2,3,3,3,3,3,3,3,4,3,3,4,5,3,4,3,2,3,1,2,2,2,2,2,3,3,1,1,1,1,1,2,2,2,1,1,1,1,1,2,2,2,2,2,3,4,3,2,2,2,3,3,3,3,3,3,3,3,3,2,2,2,2,2,2,2,2,2,1,1,1,1,1,1,1,3,3,1,1,1,1,1,1,3,2,3,3,3,3,3,2,2,2,2,3,3,3,3,3,1,3,4,1,1,2,2,1,1,1,1,2,3,2,1,1,2,4,4,4,4,4,4,4,4,3,2,3,3,4,3,2,2,3,3,3,3,4,5,3,1,3,4,2,2,3,3,2,2,2,2,2,2,3,2,2,3,4,3,2,3,3,3,3,2,2,3,3,2,3,4,4,3,3,3,2,2,2,2,3,2,2,2,2,3,3,3,3,2,1,0,1,1,2,1,1,2,2,2,1,2,2,4,4,3,2,2,2,2,2,2,3,2,2,1,1,4,4,4,3,1,1,2,2,3,2,2,1,2,3,1,1,2,2,2,2,3,3,2,3,3,3,3,3,2,1,2,2,3,4,3,3,3,3,2,2,2,2,3,2,3,4
149,3,5,4,2,1,3,4,4,2,2,3,4,3,3,4,3,2,2,2,2,2,3,3,4,3,1,1,3,4,3,1,1,2,2,1,0,2,2,2,5,4,3,3,4,4,4,4,1,0,1,0,1,1,1,1,2,1,1,2,2,2,2,2,4,3,2,3,4,3,2,0,3,5,4,3,4,3,2,1,4,3,3,2,2,2,3,5,3,2,2,2,1,2,3,2,1,0,1,3,3,3,2,1,3,4,4,4,3,3,3,1,2,2,3,3,3,3,2,3,3,3,3,3,4,4,3,2,2,4,5,4,4,3,2,2,3,5,6,6,4,3,2,2,1,1,2,2,2,2,1,2,2,3,3,4,4,4,3,4,4,5,6,5,5,5,6,5,3,2,1,1,1,2,2,3,3,2,3,2,3,3,2,3,3,3,4,3,4,4,3,3,3,2,2,2,2,2,3,3,4,3,3,2,0,1,3,2,3,4,4,4,2,2,3,2,3,3,3,3,3,3,3,3,2,3,3,1,1,1,2,2,3,3,2,2,2,3,3,3,3,3,3,3,5,4,2,2,2,2,1,3,4,3,4,4,1,1,1,1,1,1,1,1,2,2,2,3,3,3,4,5,2,2,1,1,2,2,2,3,3,3,3,3,3,3,3,3,3,2,2,3,3,2,3,3,1,0,2,4,5,2,1,5,4,2,4,4,3,3,3,4,3,2,2,3,3,4,4,4,3,3,3,3,2,2,2,2,1,1,1,2,2,2,2,2,4,3,2,2,4,4,3,2,1,3,3,2,4,3,2,3,3,2,2,3,3,4,3,3,2,2,2,1,1,1,2,2,4,3,3,4,3,3,4,3,1,1,1,1,1,3,3,2,2,3,3,2,4,4,4,5,3,2,2,2,2,3,3,3,2,2,2,3,3,3,4,3,3,3,2,3,4,3,2,3,2,2,2,2,3,3,3,3,3,4,4,4,4,4,5,3,1,5,5,3,2,2,3,4,4,3,2,3,4,3,2,2,4,5,4,4,4,4,4,3,3,4,4,4,4,4,4,4,6,4,4,4,4,4,4,4,2,2,2,2,2,2,2,2,1,1,2,2,2,2,2,2,4,5,3,3,2,2,3,3,4,4,4,2,2,2,3,4,2,1,2,2,2,3,3,2,1,2,2,2,1,0,0,1,2,3,3,2,2,3,2,1,2,2,3,3,3,3,2,2,3,3,3,2,2,1,3,4,2,3,3,3,3,3,2,2,4,5,5,4,4,4,3,3,3,2,1,2,1,2,3,3,5,5,5,5,5,4,4,3,2,3,3,4,5,4,3,2,2,2,3,3,3,3,3,3,2,3,3,3,3,2,3,3,4,3,3,4,5,5,5,4,4,4,3,1,2,4,1,1,3,3,3,4,3,3,2,2,4,3,3,3,4,4,3,3,2,3,4,4,4,5,4,4,2,3,3,4,4,5,3,3,3,2,1,2,2,3,3,3,3,3,3,3,3,3,3,3,2,2,3,4,3,3,3,3,2,3,2,2,2,3,3,3,1,2,3,3,4,4,5,4,2,2,2,2,2,2,3,2,1,1,1,1,1,1,1,1,1,1,1,1,1,1,1,1,1,2,3,3,3,2,4,4,1,2,3,3,3,2,1,1,2,2,3,2,2,2,2,2,1,1,1,2,3,3,3,1,3,5,4,3,2,2,1,1,1,2,3,4,3,3,1,1,2,2,2,2,2,3,4,2,1,1,1,2,2,2,2,2,2,1,1,1,1,1,1,1,4,3,3,3,3,3,3,2,2,3,3,3,3,3,3,3,3,2,2,2,1,1,1,1,1,1,2,1,3,3,3,2,2,2,3,3,3,3,3,3,3,4,3,3,2,3,4,3,5,5,5,3,3,3,3,3,3,2,2,2,3,3,2,3,3,2,3,3,3,3,3,2,1,3,4,4,4,4,3,3,2,3,3,3,3,2,1,2,3,3,3,2,2,2,2,2,2,1,1,1,2,1,2,1,1,1,1,1,2,3,3,2,2,2,3,3,3,3,3,3,2,1,3,3,3,3,1,1,2,2,3,5,5,4,2,2,3,3,3,4,4,5,3,4,4,4,4,3,3,3,4,3,2,3,3,3,3,3,3,3,1,0,1,1,1,1,1,2,3,3,4,4,4,3,3,2,1,2,2,2,3,4,3,2,3,4,4,3,3,3,3,1,0,2,3,3,3,2,3,4,3,1,2,2,3,3,3,3,2,1,2,3,3,3,3,3,3,3,3,3,3,3,3,4,1,1,1,1,2,2,2,2,2,1,1,1,2,3,2,3,2,2
150,4,4,2,2,2,3,2,1,1,1,1,1,1,1,1,3,3,3,2,3,3,3,2,2,2,3,3,3,3,3,3,3,1,2,2,2,3,1,0,1,2,3,2,1,2,5,4,0,2,3,2,3,4,3,1,2,3,3,3,2,2,1,1,3,3,3,3,3,3,4,3,1,1,1,1,2,3,3,2,1,2,1,1,1,1,1,1,2,3,2,1,1,1,1,1,4,4,3,3,3,3,3,2,1,2,3,3,3,3,4,4,3,3,3,3,3,3,3,4,3,1,1,1,1,2,3,4,1,1,3,3,2,3,4,4,3,1,1,1,1,1,1,1,3,4,3,3,3,3,3,3,2,3,3,1,0,2,3,3,4,4,3,3,2,3,3,3,4,4,3,3,3,3,2,2,2,2,1,2,2,2,1,1,1,1,3,3,3,3,2,2,4,3,2,3,2,3,3,0,1,3,3,3,4,4,4,3,2,2,2,2,2,2,2,2,3,3,4,4,3,5,5,4,4,3,2,1,3,3,4,4,3,2,2,2,2,2,3,2,2,3,3,3,3,3,3,3,2,2,2,2,2,2,2,2,1,1,1,1,1,1,1,1,2,2,3,3,3,3,3,4,3,1,2,4,4,3,2,3,4,1,0,2,2,2,3,2,4,5,4,4,3,4,4,3,3,2,2,2,2,3,3,3,3,3,2,3,3,3,2,2,3,4,4,4,3,3,3,3,2,2,2,2,2,1,2,3,2,2,1,0,0,1,2,3,2,1,2,3,3,2,2,4,3,3,3,3,3,3,3,3,2,1,1,2,2,3,2,1,3,3,2,3,3,2,3,4,3,3,2,3,2,3,3,3,2,3,4,4,2,1,2,2,0,1,1,1,1,1,1,2,1,1,2,1,2,3,3,3,3,3,3,3,3,4,3,3,3,2,2,2,1,1,2,1,2,2,2,2,3,3,3,3,3,2,2,3,2,2,3,0,1,0,1,2,2,2,2,1,2,2,3,3,3,3,4,4,2,3,2,3,2,3,3,2,2,3,3,2,2,2,2,2,4,3,3,3,3,3,3,3,1,1,1,1,1,1,1,2,1,3,2,2,2,1,2,2,3,3,3,2,3,1,3,2,2,2,2,2,1,1,1,3,5,3,1,1,1,2,2,2,1,2,1,1,2,3,4,4,2,3,3,2,1,2,1,2,3,3,3,4,3,3,4,4,2,2,2,2,2,2,2,2,3,4,4,3,3,3,2,3,4,3,2,3,4,3,3,2,2,2,3,2,1,2,2,1,3,4,3,3,3,3,3,4,2,4,4,3,3,2,3,3,2,3,2,2,2,2,3,3,2,2,2,2,2,2,2,3,3,3,3,3,3,3,3,3,2,3,3,4,4,4,3,3,1,2,2,3,2,2,2,1,3,3,3,3,2,2,1,0,2,3,2,1,2,4,4,3,2,3,3,3,3,3,2,3,3,3,3,3,3,3,3,2,3,3,2,3,4,4,5,5,3,2,2,2,2,3,4,3,2,2,2,2,2,2,2,3,2,1,1,3,3,3,1,1,2,2,2,2,3,3,2,2,2,1,1,3,4,4,4,4,2,3,3,3,3,3,3,3,3,2,2,2,2,2,2,2,3,3,3,3,3,3,2,3,3,3,3,3,3,2,3,2,1,5,5,3,3,3,2,3,2,1,2,1,1,1,1,1,2,3,3,4,5,5,3,3,2,2,2,2,4,4,3,2,3,3,3,3,3,3,3,3,3,3,3,3,2,1,0,1,1,1,1,1,1,1,1,1,2,1,1,1,1,1,1,2,1,2,2,1,2,2,2,2,3,4,4,5,5,4,5,5,2,3,3,3,2,0,2,4,4,4,2,3,3,3,4,4,3,3,3,3,4,4,4,3,3,3,3,3,2,3,4,3,1,1,1,2,2,2,1,1,2,2,2,2,2,2,1,1,3,2,2,2,2,2,2,3,3,2,3,3,3,2,3,3,3,2,3,3,3,3,4,3,1,2,3,2,2,1,2,4,2,2,2,2,2,2,2,2,3,3,3,3,2,2,2,1,1,2,2,3,4,2,1,1,2,3,3,3,3,3,2,1,3,3,4,4,4,6,5,4,5,4,4,4,3,2,0,0,2,2,1,1,2,2,2,2,4,4,2,2,0,0,1,1,2,2,2,2,2,2,2,2,1,1,1,1,1,1,1,1,1,1,1,2,1,1,1,2,4,4,2,2,2,2,2,2,2,3,3,3,3,3,2,2,3,2,3,3,3,3,2,2,2,2,2,2,2,2,2,3,5,5,4,4,2,3,4,3,2,2
151,2,2,3,3,3,3,2,2,2,2,2,2,2,2,3,3,3,4,3,3,3,2,3,3,3,3,3,3,3,3,3,2,1,3,4,4,4,3,2,2,3,3,4,3,3,3,3,2,3,3,2,3,2,2,3,3,3,2,2,1,3,4,4,4,3,3,3,3,3,3,3,3,3,1,1,2,2,3,4,3,3,3,3,3,3,3,3,2,3,3,1,2,4,3,2,1,2,3,5,6,7,8,5,2,2,2,2,2,2,3,4,4,4,4,4,4,4,4,4,2,1,2,2,3,4,4,2,3,3,3,3,3,3,3,4,4,3,3,3,3,2,3,3,1,1,1,1,1,1,1,1,1,2,2,2,3,3,2,2,2,2,2,3,3,2,2,2,3,3,3,3,3,3,2,3,4,6,6,5,5,3,2,4,3,4,4,4,4,4,5,4,4,4,2,0,0,0,3,7,5,4,3,4,4,3,3,2,3,3,3,4,4,5,5,5,4,3,3,3,3,3,3,3,3,3,3,3,2,2,3,3,3,3,2,3,3,3,3,3,5,5,5,4,4,5,4,2,2,2,3,2,2,2,2,2,2,2,3,3,3,4,4,4,2,2,2,3,3,4,4,4,4,4,4,4,4,4,4,4,2,1,2,2,3,2,3,3,2,4,4,4,2,2,3,2,2,3,4,4,4,4,4,5,3,2,2,2,2,2,2,2,2,2,2,2,2,2,2,2,3,3,4,4,3,2,2,2,3,4,4,4,3,2,2,2,1,2,1,1,1,1,1,1,1,2,2,1,1,1,1,1,3,3,1,1,1,2,3,2,2,2,2,2,2,2,2,2,4,3,3,3,3,3,3,4,5,5,5,4,4,4,4,3,2,2,2,2,3,3,3,2,1,1,2,2,2,2,1,1,3,3,3,4,4,5,4,4,4,4,4,4,4,4,3,2,1,3,3,3,4,4,4,4,2,3,4,4,4,4,3,3,1,1,3,2,2,1,2,2,2,2,2,3,3,3,3,3,4,3,2,3,3,3,5,5,4,2,2,2,2,3,2,2,2,2,3,3,2,2,3,3,3,2,2,2,3,4,3,2,3,1,2,1,2,2,2,2,2,2,1,1,2,2,2,2,1,2,3,3,2,2,1,1,2,3,2,2,2,2,2,2,2,3,3,2,2,2,2,1,1,1,1,1,1,1,2,2,1,1,2,1,2,3,3,4,2,3,2,3,3,3,2,2,2,2,3,3,3,4,4,4,3,3,3,3,3,3,3,3,0,1,2,4,3,3,3,3,2,1,2,2,2,2,2,2,2,3,3,3,4,4,2,2,2,2,3,3,3,4,4,4,3,1,1,1,3,3,3,2,2,2,2,2,2,2,2,3,3,3,3,3,3,3,3,3,2,2,1,1,3,3,3,2,3,2,2,3,3,3,3,3,2,1,2,3,3,3,3,2,3,2,3,3,3,3,3,3,3,4,2,3,3,4,4,3,1,1,1,1,1,1,0,2,2,1,1,1,1,1,3,3,6,6,2,1,1,3,5,5,2,1,1,1,1,1,1,1,2,2,2,1,1,1,1,2,2,2,2,2,2,1,1,1,4,4,4,4,4,4,4,4,4,4,4,3,3,2,2,2,1,1,1,1,1,1,1,1,2,2,2,2,2,3,4,4,3,2,1,1,1,1,1,1,1,3,4,3,3,3,3,4,3,2,2,2,2,4,4,3,2,2,2,2,2,2,2,2,5,4,2,2,2,2,1,2,2,2,2,3,4,2,2,2,2,2,3,4,5,4,4,2,1,2,2,2,2,2,2,1,2,2,3,2,3,2,3,3,2,3,3,4,4,3,3,2,3,3,4,4,4,4,4,4,3,3,3,3,4,4,3,3,2,2,2,2,2,2,2,3,4,3,3,3,3,3,2,3,2,2,2,2,2,2,3,3,2,2,3,4,3,3,4,4,4,4,3,3,3,4,3,2,2,2,2,2,2,1,1,2,2,2,3,2,3,3,3,3,3,3,2,2,2,2,2,1,2,1,2,2,2,2,2,2,2,2,3,3,3,3,3,3,2,1,2,2,2,2,3,3,2,2,1,1,2,2,2,4,3,3,3,3,3,4,3,4,3,3,3,3,3,3,3,3,3,4,5,4,3,3,3,3,3,3,2,3,3,2,2,3,2,2,2,2,2,2,2,3,3,3,3,3,3,3,3,3,2,2,3,3,3,3,4,3,3,3,3,2,2,2,3,4,4,4,4,3,3,3,3,2,2,1,1,2,3,3,3,2,1,1,1,1,1,1,1,1,1,1,1,2,2,2,2,1,2,3
152,4,3,4,3,3,2,2,1,1,1,2,2,1,2,1,4,2,2,2,3,3,3,3,2,2,3,3,3,4,4,4,1,3,4,2,2,3,4,2,2,3,2,2,2,2,2,2,2,2,2,2,2,2,2,2,2,2,2,2,2,2,2,2,3,3,2,2,3,3,2,3,4,5,7,4,3,4,4,5,3,2,4,5,7,6,4,2,5,5,5,5,5,4,3,3,3,3,3,4,4,5,4,3,4,4,5,5,5,5,5,4,4,3,3,4,4,3,3,4,2,2,2,2,2,2,2,2,3,3,3,3,2,2,4,5,4,4,5,4,5,5,5,4,2,2,3,4,2,1,1,2,3,3,3,3,3,3,3,2,3,4,4,2,3,3,3,3,2,1,1,2,3,3,4,4,3,2,2,3,2,1,1,2,2,2,2,2,2,3,3,3,2,1,1,0,1,2,2,1,2,2,2,2,2,2,2,2,2,2,3,3,3,3,4,3,1,1,1,1,1,1,2,2,1,1,1,1,1,1,1,1,2,2,3,3,2,2,3,3,1,2,2,3,3,3,2,2,2,2,2,2,3,2,2,2,3,2,2,2,2,2,2,2,2,2,1,1,1,1,1,1,1,1,3,2,2,2,3,3,2,3,3,3,3,3,3,3,3,3,3,2,2,2,2,3,2,1,3,4,4,4,4,4,0,1,2,5,5,4,3,2,2,2,2,2,2,2,2,2,3,2,2,3,3,4,4,3,4,3,4,4,3,3,3,2,2,1,1,2,2,2,2,1,3,3,2,2,2,2,3,3,4,4,4,4,2,4,4,4,2,2,3,3,3,4,4,4,3,3,4,3,3,3,3,3,3,3,3,3,3,5,3,1,1,1,2,3,3,3,3,2,1,2,2,2,3,3,3,4,3,3,3,3,3,2,2,1,2,4,3,3,4,4,4,4,2,2,4,4,2,2,4,4,3,4,3,2,2,3,3,2,5,4,3,3,3,3,3,3,3,2,2,2,2,2,2,2,3,1,3,3,3,3,4,4,3,1,2,2,2,2,4,5,3,3,4,3,3,3,3,3,2,2,2,3,2,3,3,2,3,3,3,4,3,3,3,3,3,3,3,3,3,3,4,2,2,2,2,1,2,4,4,3,4,4,3,3,3,3,3,2,3,3,2,2,2,2,2,1,1,1,1,1,2,2,2,2,2,2,3,3,3,3,2,3,5,5,4,4,2,3,4,3,3,3,2,1,1,2,3,1,0,1,3,2,1,0,1,2,2,1,1,2,2,3,3,2,1,2,2,1,2,3,2,1,1,1,1,2,3,3,4,4,2,2,3,3,2,2,2,2,2,3,2,2,2,2,2,3,2,2,3,4,4,3,2,2,3,4,3,3,2,2,2,2,1,1,3,3,4,4,3,3,3,2,2,2,2,2,2,2,2,2,3,4,4,3,2,3,3,2,3,4,4,4,3,2,2,2,1,1,1,1,1,1,2,2,2,1,1,1,1,2,4,4,3,2,2,2,2,2,2,2,3,3,2,2,2,3,2,1,2,2,2,2,1,2,3,3,3,3,3,3,3,3,2,4,4,3,2,2,3,4,3,3,3,3,3,3,3,3,2,2,2,3,2,2,2,1,2,1,1,1,1,1,1,2,2,3,3,1,0,0,0,2,2,2,2,3,4,1,0,1,4,3,3,3,3,3,4,3,3,3,3,3,3,3,3,3,4,3,3,4,3,3,3,2,3,3,1,2,3,4,4,3,3,4,2,2,2,1,1,1,4,3,3,2,2,2,1,1,3,3,3,2,3,3,4,4,1,1,2,2,2,2,1,1,6,5,5,4,4,3,3,2,2,2,2,2,2,2,2,2,4,4,3,3,2,2,2,2,2,2,3,1,1,2,3,3,2,2,2,2,2,2,2,2,2,2,2,2,3,3,3,3,2,1,1,1,1,1,1,1,1,3,6,5,3,3,2,3,4,3,2,2,4,4,4,2,3,2,2,2,2,2,2,2,2,2,2,2,2,2,2,2,3,3,3,4,3,2,3,3,3,4,6,6,5,4,1,2,1,0,0,1,2,2,2,3,1,1,2,3,3,3,2,1,2,2,3,3,3,3,2,2,2,1,2,1,1,1,1,2,3,3,3,3,2,2,2,2,3,2,1,1,3,4,3,2,5,5,5,3,3,4,5,5,4,2,2,3,3,3,3,3,2,2,2,3,4,4,1,1,2,2,2,2,2,2,3,3,3,3,3,3,3,3,3,3,1,2,3,4,5,4,3,3,2,4,4,4,4,4,2,2,3,2,2,3,3,3,4,4,1,1
153,4,4,4,4,3,3,3,2,2,2,2,2,3,3,3,2,2,2,2,2,2,2,2,2,1,1,2,2,2,2,3,4,3,3,3,4,3,4,4,2,2,4,4,2,2,2,3,3,3,3,3,3,3,3,3,2,2,3,2,1,1,0,3,3,2,3,3,3,3,4,4,2,2,2,2,2,2,2,2,3,3,3,3,4,4,3,2,2,2,2,2,2,2,2,2,3,4,4,4,3,3,4,4,2,2,3,3,3,3,4,4,1,0,1,2,2,2,1,1,2,2,4,4,3,4,4,2,4,2,1,1,3,3,2,3,4,5,5,4,4,4,4,3,2,3,2,2,2,2,3,3,2,2,2,2,2,2,2,1,3,3,3,1,2,3,3,3,2,2,2,3,3,3,3,3,3,3,2,2,4,5,5,5,3,2,3,3,4,4,2,2,2,2,2,2,2,2,2,2,3,3,3,4,4,4,4,4,0,1,1,1,2,3,2,3,3,1,1,1,1,2,4,3,3,2,2,2,3,4,4,2,2,2,2,2,2,3,3,2,1,1,1,2,1,2,2,2,3,3,3,3,3,4,4,3,3,2,4,5,4,4,4,4,3,3,3,3,3,3,3,4,3,2,3,3,3,3,4,3,2,2,1,2,3,3,2,3,3,3,1,2,3,3,1,4,5,3,1,1,1,1,1,2,3,2,2,1,1,1,1,2,1,1,1,1,1,1,1,2,1,1,1,1,1,2,1,2,3,4,4,4,3,3,3,3,2,2,2,3,3,3,4,2,2,3,4,4,4,3,2,2,0,0,1,1,2,2,3,2,4,3,3,3,3,4,4,3,5,3,3,4,4,3,1,4,5,2,1,2,2,1,3,3,3,2,2,3,3,3,3,2,2,1,1,2,3,2,1,2,3,4,4,4,3,3,2,3,3,3,4,4,3,4,4,3,3,3,3,3,3,3,4,3,3,2,2,3,3,2,3,3,1,3,4,4,3,3,2,2,1,2,1,2,3,3,3,2,2,2,2,2,2,2,3,3,3,3,3,3,3,3,2,2,3,3,3,2,2,3,2,3,3,2,2,2,3,3,3,3,4,3,3,3,4,4,3,3,3,3,3,3,3,3,3,4,1,1,3,4,5,4,5,4,3,3,3,3,3,4,3,3,2,2,2,2,2,2,2,2,2,2,2,2,2,2,2,2,1,0,2,5,6,6,4,2,2,3,3,3,3,3,3,2,1,2,2,3,3,3,4,3,2,2,2,2,2,2,1,2,3,3,3,1,1,3,4,2,1,2,2,3,3,3,3,2,3,4,4,4,3,3,3,3,3,3,3,3,2,3,2,2,3,3,3,4,4,4,3,3,1,1,2,2,1,1,2,2,4,4,4,4,3,3,3,3,1,1,2,3,3,2,2,2,2,2,2,3,3,3,3,3,2,2,2,1,2,2,2,2,2,2,5,5,5,5,2,1,0,0,1,1,1,3,3,4,2,3,2,1,1,2,3,2,1,2,1,4,4,2,1,2,4,4,3,2,2,2,2,3,2,1,2,3,2,2,2,1,1,2,2,2,2,2,3,3,2,3,3,2,3,3,3,2,1,1,2,1,1,1,1,1,1,2,3,3,3,4,4,3,3,2,3,3,3,4,4,2,3,3,3,3,3,3,1,0,1,2,1,1,2,2,2,1,0,1,2,3,4,4,5,4,2,2,2,2,2,2,2,2,3,3,3,3,3,3,3,3,1,2,2,2,2,2,1,2,3,3,2,2,2,3,2,1,3,2,2,2,2,3,3,3,3,4,4,4,3,3,3,3,1,1,1,1,2,2,2,3,1,1,1,1,1,1,1,1,2,2,3,3,4,4,4,5,1,2,3,2,2,1,2,3,4,3,2,1,1,2,2,1,1,1,1,2,3,2,3,2,5,4,4,4,4,4,3,3,1,1,2,2,2,2,1,2,1,1,1,1,2,2,2,2,3,4,5,4,3,4,2,1,1,2,3,3,1,1,1,1,1,1,1,1,1,1,2,2,2,2,2,2,2,3,3,3,3,2,2,2,1,1,1,0,2,5,4,2,3,4,4,2,3,4,3,3,3,2,2,3,1,1,3,3,3,2,2,1,2,2,2,1,1,1,1,2,3,1,1,2,3,3,1,1,2,2,3,3,3,3,4,4,3,4,3,4,3,2,3,3,2,2,1,1,1,0,1,2,0,1,1,2,2,1,1,0,0,1,3,3,2,2,2,2,3,3,3,2,3,3,2,1,3,2,2,2,2,2,2,3,3,4,3,3,4,3,3,3,3,2,2,1,2,2,4,4,3,2
154,4,4,4,4,4,4,4,3,3,3,2,2,2,1,1,4,4,4,3,3,3,2,2,3,3,3,3,3,3,3,3,2,2,5,4,4,5,4,2,3,5,6,6,6,4,4,4,4,1,3,3,3,3,3,3,2,2,2,2,2,2,2,2,3,3,3,2,3,3,3,4,4,3,3,5,5,4,3,3,2,3,4,4,4,2,1,2,1,0,1,2,2,2,2,2,2,2,3,3,2,2,2,3,4,2,1,2,2,3,4,3,2,2,2,2,2,2,3,3,2,2,3,3,3,3,2,1,3,3,3,4,4,3,3,3,3,2,2,3,3,4,4,2,2,2,1,1,2,3,2,2,1,2,1,1,1,1,1,2,2,2,2,2,2,2,2,2,3,3,3,3,3,3,3,4,1,2,2,2,2,2,3,2,3,3,4,4,4,4,3,3,1,2,3,4,4,3,4,4,3,3,4,3,3,4,3,3,2,1,2,1,2,1,2,1,1,2,2,2,2,3,2,3,3,1,1,2,1,1,1,2,3,1,1,3,3,3,2,1,2,2,3,3,4,3,4,3,2,2,3,3,4,3,4,3,2,2,3,3,2,3,3,3,3,3,2,3,3,2,3,3,2,3,3,2,1,2,2,2,2,2,2,2,2,2,2,3,2,2,2,2,2,2,2,1,2,3,3,3,2,3,3,3,2,2,1,3,4,4,4,4,3,2,2,2,2,1,1,1,0,1,0,1,1,1,1,1,3,5,3,2,2,3,5,4,4,3,3,4,4,4,4,3,4,4,3,3,4,3,4,3,5,4,4,4,4,4,4,4,2,2,2,3,2,4,4,5,3,3,2,2,3,3,3,3,4,5,3,3,3,3,3,3,3,2,3,3,3,3,3,3,2,1,2,2,2,2,2,3,5,4,4,4,4,4,4,4,1,2,2,2,1,3,2,3,4,4,3,3,3,3,3,3,3,3,3,3,3,3,3,4,4,4,3,3,3,3,3,2,3,3,3,3,3,3,3,3,3,3,3,3,3,2,2,2,3,3,4,4,3,3,3,3,2,2,1,3,4,4,2,2,2,2,3,3,3,3,5,5,2,3,2,1,2,2,3,3,4,2,2,2,3,3,4,4,3,3,4,4,4,3,3,2,2,2,1,3,3,4,4,3,3,3,2,3,3,2,2,2,3,4,3,3,4,4,3,4,1,1,2,3,3,2,1,1,1,2,3,3,2,2,3,4,3,3,3,3,3,3,3,3,3,2,2,1,1,2,2,3,2,2,3,3,2,3,3,4,2,0,1,1,3,3,4,4,3,1,1,1,1,3,4,2,2,3,3,2,2,2,2,2,2,3,3,3,3,4,3,3,2,2,4,3,2,2,4,3,3,3,3,3,3,2,2,3,2,2,3,3,3,3,3,4,4,4,3,3,3,3,2,2,2,3,3,2,2,3,2,2,4,3,4,4,3,3,3,3,3,2,3,2,2,2,3,3,4,5,5,4,2,1,0,1,2,3,3,4,4,5,3,1,2,1,1,2,2,3,4,2,0,1,2,3,3,2,2,3,1,1,2,2,2,2,2,2,3,4,4,2,2,4,4,4,2,3,2,1,2,1,1,1,2,3,2,1,2,2,3,3,2,2,2,2,3,3,3,3,2,1,2,3,3,3,4,4,1,1,1,2,2,2,3,3,3,3,3,2,2,2,2,2,3,4,4,5,5,4,4,3,0,1,3,3,3,4,5,5,4,3,3,4,4,4,3,3,0,1,2,1,1,1,2,2,2,2,2,2,2,2,2,3,4,3,3,3,5,6,4,4,3,1,1,1,2,2,2,2,2,2,2,4,5,4,3,2,2,2,2,2,2,2,2,2,2,4,4,3,4,3,2,3,4,3,3,3,2,2,2,1,4,4,4,3,3,3,3,3,2,2,2,2,2,2,2,2,2,2,2,2,2,2,2,2,3,3,3,3,3,3,3,3,1,1,1,1,2,2,3,3,3,3,3,3,3,3,3,3,1,1,2,2,2,3,3,3,1,1,2,2,2,2,1,1,2,2,2,2,2,2,2,2,3,3,3,3,3,3,3,3,2,2,3,2,3,3,4,3,3,2,3,3,2,2,2,2,2,4,4,4,3,1,3,4,1,1,2,2,2,2,3,3,2,1,2,2,3,4,4,4,3,2,2,2,2,2,2,2,3,3,2,3,3,2,1,3,2,1,1,1,2,2,2,2,3,3,2,2,1,2,2,2,4,3,3,3,2,2,3,2,1,3,3,3,2,1,2,2,1,2,1,1,2,3,3,2,3,3,2,2,2,3,3,3,2,1
155,3,2,2,2,3,3,2,3,3,4,4,4,4,4,4,3,3,3,3,4,4,4,3,2,2,2,2,2,2,2,2,3,2,4,5,4,2,2,3,3,4,4,4,3,2,3,4,3,2,3,3,4,5,6,8,4,2,2,2,2,2,1,1,4,4,3,3,3,3,2,2,3,4,3,3,1,3,3,2,3,3,3,3,3,3,3,4,4,4,3,3,3,3,3,1,2,3,3,3,4,4,4,5,5,3,2,1,3,3,3,3,4,3,4,4,4,4,3,4,3,2,2,2,2,2,2,2,3,2,2,1,2,4,4,4,3,3,3,3,3,3,3,3,2,2,2,3,3,3,2,3,3,2,2,2,3,3,3,3,3,3,3,4,4,4,3,3,2,1,2,2,2,2,2,1,1,1,1,1,1,1,1,1,2,2,2,2,2,2,1,3,3,2,2,2,2,2,2,2,3,3,3,3,3,3,3,3,4,3,3,3,3,3,3,3,3,3,3,3,3,3,3,3,4,4,3,3,3,3,3,3,4,2,2,3,5,5,3,3,2,3,2,2,3,1,0,2,4,3,3,3,3,3,3,3,2,2,3,2,3,3,3,4,3,3,3,3,3,3,3,3,2,2,2,2,2,1,1,1,2,3,4,4,5,5,3,4,4,3,3,3,3,3,3,3,3,3,3,3,1,1,1,1,2,3,3,3,3,3,3,3,2,3,4,1,0,5,6,3,2,4,3,3,3,3,4,4,3,4,4,4,4,3,3,2,1,1,1,1,1,1,1,1,1,2,2,2,2,2,2,2,1,2,1,2,3,3,3,3,2,2,2,3,3,2,1,2,5,4,3,3,4,5,5,5,1,2,3,3,3,4,4,3,2,2,2,2,2,3,2,2,1,2,2,2,2,2,3,4,3,4,4,3,3,2,3,3,1,2,2,2,3,3,4,4,2,3,2,1,1,2,4,4,4,2,2,2,2,2,2,2,3,4,4,4,3,3,2,3,3,3,3,2,2,2,2,3,3,2,2,2,2,2,1,1,1,1,1,1,1,2,2,2,2,3,3,3,3,3,4,4,1,1,2,2,3,3,4,2,1,1,2,2,2,1,3,4,2,1,2,1,1,2,1,2,2,2,2,2,2,1,1,2,3,2,2,2,2,3,2,2,3,3,3,3,3,3,3,4,4,4,3,2,2,2,3,5,5,5,5,3,2,2,2,2,2,2,2,2,2,2,2,2,3,2,3,3,3,4,3,3,3,2,2,2,2,2,2,3,4,3,3,3,3,3,3,3,2,1,2,2,2,1,2,2,3,4,4,4,4,3,5,5,3,3,2,2,1,1,2,3,3,3,4,4,4,5,5,4,3,5,4,5,5,3,1,1,2,2,2,2,1,1,1,1,2,2,2,2,2,3,2,2,1,0,1,1,1,1,2,1,3,5,2,1,1,1,3,1,4,3,4,3,3,3,3,1,2,3,3,3,4,3,2,3,2,3,3,3,3,4,3,2,2,2,3,3,3,3,3,4,3,2,1,1,2,2,1,1,1,2,3,4,5,5,4,4,3,4,5,4,3,2,5,5,3,2,2,3,3,3,2,3,3,3,3,3,3,3,2,3,3,2,3,3,3,3,3,3,3,3,3,2,3,3,3,5,4,3,3,3,2,3,4,3,3,2,2,2,2,3,4,5,5,4,4,3,3,2,2,1,2,2,2,2,2,2,3,3,3,4,4,4,5,5,4,3,2,2,3,3,3,2,3,3,2,3,2,2,2,2,2,2,1,1,1,0,1,1,3,2,2,2,2,2,2,2,2,2,1,2,2,3,3,3,3,3,4,4,4,4,3,3,3,3,1,1,2,3,3,2,3,4,4,4,3,3,3,3,3,2,2,2,2,2,2,2,2,2,2,2,3,2,3,4,3,2,3,3,3,3,3,3,3,3,2,2,2,2,2,2,2,2,3,3,2,2,2,2,3,3,2,1,2,2,2,2,2,2,1,2,2,2,2,2,2,2,2,2,2,2,2,2,2,2,1,1,3,3,2,1,1,3,4,3,3,3,3,3,3,2,3,3,2,3,2,2,3,3,3,2,1,2,2,2,3,4,2,3,4,2,3,4,2,2,4,3,3,2,1,2,3,1,2,1,1,2,2,2,2,2,1,1,1,1,1,2,3,1,3,3,1,2,2,3,3,2,1,0,1,1,1,1,1,2,4,3,1,1,1,1,3,3,1,1,2,2,3,2,1,1,2,2,2,3,3,3,4,4,2,2,3,3,4,4,5,3,0,2,3,3,1,1,2,2,2,2,1,1,3,3,2,2,2,2
156,0,1,1,2,2,5,5,3,3,3,2,2,2,2,2,2,2,2,2,3,4,4,4,3,5,4,5,6,5,4,3,1,1,3,3,3,2,3,4,2,4,5,3,3,3,3,1,1,2,2,2,2,2,2,3,4,3,4,3,3,2,3,2,3,4,4,4,3,4,5,4,1,3,3,4,4,5,4,4,3,3,3,3,2,1,2,3,2,2,2,2,3,2,2,1,3,2,2,3,3,3,3,2,3,5,3,1,2,3,2,3,2,3,2,2,2,2,4,4,2,3,3,3,2,2,2,1,2,3,3,3,3,3,2,1,3,2,2,2,2,3,2,1,1,1,1,1,1,2,2,2,3,2,3,3,4,4,4,3,2,2,2,2,1,2,2,2,1,3,4,4,3,3,2,2,3,4,4,4,4,4,5,4,3,3,3,3,3,3,3,4,3,1,2,3,3,4,4,3,3,2,3,3,2,3,3,3,2,3,4,4,6,6,4,3,2,2,3,2,3,2,2,4,3,3,4,3,3,3,4,3,3,4,4,6,5,3,1,3,3,3,4,3,3,4,4,4,3,2,2,2,2,1,2,1,2,1,1,1,2,3,3,2,1,1,1,1,1,1,1,2,1,1,2,2,2,3,3,3,4,4,4,4,4,4,4,4,3,3,3,4,4,4,4,4,2,2,2,2,2,2,2,2,4,4,2,2,3,3,3,1,1,3,3,3,3,3,3,1,0,0,0,0,0,0,0,1,4,3,2,1,0,2,4,4,3,3,3,3,3,4,4,3,3,3,3,3,3,3,3,3,2,2,3,2,2,2,2,2,2,2,1,3,3,2,1,1,3,4,3,3,3,2,1,2,3,1,2,2,2,2,2,2,2,2,4,4,4,4,3,3,3,2,2,2,3,4,3,3,3,2,2,3,3,3,4,5,5,2,1,2,3,4,3,2,0,1,1,1,1,1,0,1,3,2,3,2,2,3,3,2,3,3,4,4,4,3,3,2,2,2,2,2,2,2,5,4,4,2,2,3,3,4,5,6,4,2,1,1,1,3,4,5,3,1,2,2,3,3,3,3,2,1,2,2,2,2,2,2,2,2,2,2,2,2,1,1,2,2,3,2,3,3,3,2,1,3,4,4,5,4,3,1,2,2,1,2,2,2,2,2,2,2,2,2,2,2,2,2,5,5,4,4,4,4,4,3,4,4,2,2,2,2,3,3,3,3,3,3,3,3,3,3,3,4,5,4,3,2,3,5,4,3,3,3,2,2,2,2,3,3,2,2,2,2,1,1,2,2,2,2,3,3,4,4,2,3,5,7,5,3,1,2,2,1,0,1,2,2,2,3,5,6,6,6,4,4,2,2,4,5,2,3,4,2,2,2,1,1,1,1,1,1,1,1,4,3,2,2,2,3,3,2,1,1,3,3,3,3,3,2,2,2,2,2,3,3,3,3,4,4,3,3,3,4,3,2,2,2,2,2,3,3,3,3,1,0,1,1,2,3,2,1,2,1,2,2,2,3,3,5,3,2,2,2,2,2,2,2,2,1,1,1,2,2,2,3,1,1,1,1,1,1,1,1,2,2,2,2,1,2,1,1,1,1,2,2,3,4,5,5,2,2,3,2,3,3,3,2,2,2,2,2,2,2,2,2,1,1,1,1,1,1,1,1,2,3,3,3,3,2,3,4,3,3,4,4,4,4,2,1,3,3,1,2,2,2,2,2,1,1,1,1,2,2,2,2,2,2,2,2,2,1,1,1,3,2,2,2,2,2,2,2,2,2,2,3,2,2,2,2,2,2,3,3,3,4,4,4,2,2,1,3,3,3,2,1,1,2,2,1,1,1,1,3,1,1,1,2,2,2,3,3,2,2,2,2,3,3,2,2,2,3,3,4,5,4,1,1,2,2,2,2,2,2,2,2,1,1,1,1,1,1,1,1,3,3,3,3,3,2,2,2,2,2,2,2,2,2,2,1,1,1,1,1,2,2,2,2,3,3,3,3,3,3,3,3,3,2,2,2,2,2,2,2,3,4,4,4,3,4,3,4,3,2,3,3,3,3,3,3,1,2,1,1,2,2,1,2,1,2,2,1,2,2,2,1,2,4,5,4,3,1,3,5,5,4,3,3,3,2,2,2,2,3,3,3,3,3,3,2,3,2,2,3,2,3,3,3,3,4,4,4,2,2,2,3,3,3,3,3,3,3,3,3,3,3,3,3,3,3,3,3,3,3,3,3,3,1,2,2,2,3,3,3,3,3,3,3,1,1,2,3,2,2,3,4,2,2,2,2,2,2,2,2,1,2,3,3,3,3,3,4,2,1
157,3,3,2,2,3,3,4,2,5,5,2,1,2,3,1,3,3,3,3,3,3,3,3,4,4,4,3,3,3,3,3,3,4,3,1,0,1,3,4,7,8,7,7,5,4,5,4,4,3,3,3,3,3,3,3,3,2,2,2,3,3,2,1,3,4,3,3,3,2,2,3,3,3,3,5,5,5,4,4,4,4,4,4,4,4,4,4,1,1,3,3,1,1,3,3,4,2,2,3,4,3,3,2,3,4,3,3,2,2,2,3,2,2,3,3,3,2,1,4,6,4,2,2,2,2,4,4,4,3,3,3,3,3,3,4,3,3,3,2,2,1,1,1,1,2,2,2,2,3,2,2,2,2,3,3,4,4,4,5,4,3,3,3,4,4,4,3,2,2,3,3,3,2,2,2,1,2,3,3,3,3,4,4,3,2,2,2,2,2,2,3,2,4,3,3,3,3,2,1,0,2,3,2,1,2,2,2,2,2,2,2,2,2,1,3,5,4,2,2,2,3,4,4,2,1,1,1,3,3,2,2,2,2,2,2,2,2,2,2,2,2,3,3,3,3,4,5,4,4,2,1,1,2,2,2,3,3,3,2,2,2,2,3,2,2,3,2,2,2,2,2,2,1,2,1,1,1,3,3,1,2,2,2,2,2,3,3,3,3,4,5,4,3,2,2,4,3,2,3,2,1,1,1,3,3,2,1,2,2,1,1,1,1,1,3,4,3,3,2,2,2,2,2,2,2,1,1,2,4,5,4,4,3,3,3,2,3,4,5,4,3,4,5,4,2,2,4,4,4,4,3,2,2,3,4,4,4,5,4,3,2,2,2,2,2,2,2,3,4,4,3,3,3,2,3,3,3,3,3,2,3,3,3,3,3,2,3,4,5,4,4,4,2,1,3,4,4,4,3,3,4,4,4,2,2,4,3,3,3,3,5,5,4,4,4,3,3,2,2,3,2,2,3,2,4,5,4,3,3,3,3,3,3,3,3,3,3,2,2,2,3,2,3,2,3,4,4,4,3,2,3,3,3,2,3,2,2,3,3,3,5,4,3,1,1,2,3,3,3,4,4,1,1,1,1,2,2,1,1,2,3,3,2,3,3,3,2,3,3,3,3,2,3,3,3,2,3,3,3,4,4,3,3,3,2,2,2,2,2,2,2,4,3,1,1,4,4,3,3,5,4,4,4,5,4,3,3,6,5,4,2,2,2,2,2,3,2,3,3,2,2,2,2,3,2,2,2,1,2,3,3,2,2,3,3,4,3,3,3,2,2,3,2,2,3,3,3,2,3,3,2,3,3,3,3,3,3,3,4,3,2,3,4,2,1,1,2,3,3,2,1,2,1,1,1,1,1,1,1,1,2,1,2,3,2,2,2,3,3,3,3,3,3,3,3,2,3,2,2,3,3,2,2,2,2,2,2,3,3,3,3,3,3,3,3,3,3,3,3,4,3,3,3,3,3,3,3,2,2,2,2,2,2,2,2,2,2,2,2,2,1,1,2,1,3,3,2,3,3,3,3,4,2,4,3,4,3,3,2,3,3,2,3,4,2,2,2,3,5,5,6,6,4,2,2,2,4,3,3,3,3,3,4,2,2,1,1,1,1,1,1,1,0,1,2,2,3,2,2,3,2,2,2,3,4,3,4,3,1,2,2,2,2,2,2,1,1,1,1,1,2,1,1,2,2,1,2,2,3,3,1,2,2,3,3,4,4,4,3,2,3,3,3,2,3,3,2,2,2,2,2,4,3,3,2,3,4,3,3,3,2,2,2,2,2,2,1,2,4,3,2,4,4,3,3,3,3,4,3,4,2,2,3,3,3,3,3,3,3,3,2,2,3,2,1,2,3,3,1,2,3,3,2,3,3,3,3,3,3,3,3,2,3,2,3,3,4,4,3,3,2,3,3,3,3,3,3,4,4,4,4,4,4,4,4,3,3,3,2,2,2,2,2,4,3,3,3,3,4,4,2,2,2,2,1,1,2,3,3,4,3,2,2,3,3,3,3,1,1,1,2,2,2,1,2,0,2,1,1,2,1,0,2,5,5,4,5,4,3,3,3,2,1,1,1,1,1,1,2,6,4,4,4,3,3,3,3,4,4,4,4,4,4,4,4,3,1,2,3,3,3,3,2,2,2,1,2,2,2,2,2,1,1,1,1,1,2,2,2,1,1,3,3,3,3,1,1,2,2,1,1,1,2,2,2,3,3,2,2,2,2,2,2,2,3,2,1,2,4,5,4,2,1,1,1,2,2,2,4,3,1,1,2,2,2,1,1,1,3,4,4,3,3,3,4,4,3,3,3,3,3,3,3,2,2
158,4,3,3,3,3,3,3,4,5,3,2,2,4,4,2,3,3,3,4,3,3,5,5,2,1,2,3,4,2,2,2,2,2,2,2,2,1,1,3,4,5,5,1,1,4,4,2,0,2,3,4,4,3,2,1,2,2,2,3,3,3,4,4,4,3,3,3,3,3,5,5,4,4,5,5,4,5,4,6,3,2,2,3,2,2,2,2,3,3,3,3,4,4,4,4,3,3,3,3,3,2,3,2,2,4,4,4,4,3,3,2,2,3,4,3,3,3,4,3,2,3,3,3,1,1,2,2,0,1,4,4,5,3,1,3,4,4,3,4,4,3,2,3,4,3,4,3,1,1,1,1,1,1,2,2,2,1,2,2,4,4,4,3,2,2,4,4,3,3,3,3,3,3,3,3,3,3,3,2,2,2,2,2,3,3,2,2,2,3,3,4,4,4,3,3,2,3,3,4,4,3,3,3,4,4,4,4,3,2,3,3,3,3,3,3,3,3,3,3,2,2,2,3,1,2,4,3,3,4,4,3,3,3,2,3,3,2,1,1,2,3,3,3,4,3,2,2,4,3,1,0,0,2,4,2,2,1,2,2,2,2,2,2,3,3,3,3,3,3,3,3,2,2,2,2,2,2,2,2,3,3,3,2,3,2,2,2,1,2,2,2,4,3,1,2,3,3,2,2,2,2,2,1,4,3,3,2,2,2,3,2,3,3,3,3,4,4,4,4,4,4,3,1,1,3,3,3,4,3,1,1,2,2,2,3,1,0,0,1,1,2,2,2,1,1,2,2,3,3,2,1,3,3,2,2,1,2,2,3,3,1,1,1,1,1,1,1,3,2,3,3,3,3,3,3,2,2,2,2,2,2,2,2,3,3,4,3,2,2,3,3,2,2,2,2,2,2,3,3,4,4,5,4,2,2,3,3,3,2,2,2,5,6,5,3,3,3,2,2,2,2,2,3,3,2,2,2,1,1,2,1,3,3,4,4,3,3,2,2,3,3,3,3,3,3,4,4,2,2,2,2,2,2,2,3,2,2,2,2,2,2,3,3,3,4,3,1,2,3,3,3,2,4,4,3,2,2,3,3,2,1,1,2,2,3,2,2,2,2,2,2,2,2,2,1,2,1,1,3,3,3,3,3,4,4,3,3,4,4,4,4,4,3,3,2,2,3,3,4,5,6,5,4,3,2,2,2,2,1,2,2,2,3,2,2,1,1,1,1,1,2,2,3,2,2,2,2,3,3,4,5,4,3,3,3,3,5,3,2,5,4,3,3,4,4,3,3,3,3,3,3,3,3,3,3,3,4,3,3,4,4,4,3,5,4,4,5,5,6,6,5,1,1,2,2,2,2,2,1,3,4,5,4,2,2,4,3,1,1,2,2,2,3,3,3,2,3,3,3,3,3,2,3,3,4,4,4,3,3,1,1,0,2,3,3,2,1,2,3,3,2,3,5,5,5,3,3,1,2,2,2,3,2,2,2,2,2,2,2,2,2,2,2,1,2,2,2,2,1,2,1,3,3,4,4,4,4,2,2,1,1,2,1,2,3,2,3,3,3,3,1,1,1,1,1,3,3,4,5,4,5,5,4,4,4,3,3,4,2,2,3,3,2,3,3,3,4,4,4,3,3,3,2,2,2,2,2,2,2,2,3,3,4,4,4,1,1,2,3,3,2,2,3,2,2,2,2,3,3,1,2,4,4,3,3,3,5,6,6,4,4,4,3,3,3,2,2,2,2,2,2,2,2,2,2,2,2,2,2,1,1,1,1,1,1,2,2,2,2,2,2,2,2,2,3,5,5,4,4,5,4,3,3,3,3,4,5,1,1,1,1,1,1,3,3,1,1,1,1,3,3,4,3,2,2,2,2,3,3,3,2,1,1,1,1,2,2,2,3,3,2,3,3,2,2,2,2,1,1,1,1,1,1,1,1,3,2,2,2,2,2,2,2,2,2,2,2,2,2,2,3,2,2,2,4,4,4,3,2,3,3,3,2,3,2,2,3,2,2,2,2,2,2,2,2,3,3,3,3,3,3,3,3,3,3,3,3,3,3,4,5,5,5,2,1,2,3,3,3,2,2,3,3,2,2,1,2,3,3,3,3,4,4,4,3,1,1,1,2,2,1,1,1,3,3,2,3,3,3,3,2,3,3,2,2,3,2,3,4,3,3,3,3,3,3,3,3,3,3,1,1,1,1,2,1,3,3,2,3,2,3,3,3,2,2,2,1,2,3,3,2,2,1,2,2,4,4,3,2,3,2,3,3,3,3,2,2,1,2,1,1,1,1,1,1,5,5,5,4,4,4,4,4,2,1
159,3,3,3,3,3,2,2,2,2,2,2,2,2,1,1,1,1,4,4,4,5,4,3,3,3,3,3,2,2,2,2,1,1,1,1,1,1,1,1,0,2,2,3,3,3,3,2,2,2,2,2,2,2,2,2,2,2,2,2,2,2,2,2,3,2,2,3,3,3,3,1,2,3,3,3,3,3,3,3,5,4,4,4,4,4,4,5,1,1,2,1,2,4,2,3,2,2,3,3,2,1,1,1,2,3,2,2,2,1,1,1,3,3,3,3,3,3,3,3,4,4,4,4,3,3,2,2,2,1,2,2,1,4,5,2,2,3,1,2,2,2,3,4,4,4,4,3,3,3,3,3,2,1,2,3,2,3,3,3,2,2,2,2,2,3,3,3,4,3,2,2,3,2,2,1,3,2,2,1,2,1,2,1,2,2,2,2,2,2,2,2,1,2,2,3,2,2,2,1,2,1,2,2,2,3,3,3,0,1,1,2,2,3,3,4,2,2,2,3,3,3,3,3,3,2,1,2,3,3,1,1,2,2,2,2,2,2,2,2,3,3,4,4,4,4,4,4,3,3,2,2,2,2,3,2,3,3,3,3,2,3,3,1,1,2,2,4,5,5,6,5,3,3,2,2,2,2,1,2,3,3,3,4,4,4,5,4,1,1,0,1,3,4,3,2,3,3,3,3,3,3,3,3,2,1,2,2,3,4,4,4,3,4,4,3,3,3,3,2,5,5,3,1,1,1,2,1,5,3,2,1,2,2,1,1,1,1,2,2,1,1,1,1,3,2,2,2,2,2,2,3,1,3,3,3,3,3,3,2,2,2,2,2,2,2,2,2,2,0,0,1,3,4,4,2,1,2,2,3,3,3,4,5,3,2,1,1,1,1,1,1,0,1,1,1,1,1,1,1,2,2,2,2,2,2,2,2,2,2,2,2,1,1,2,3,1,3,2,2,3,3,3,3,3,3,3,3,3,3,3,3,3,4,4,2,4,5,3,3,2,1,2,1,1,3,3,2,4,1,2,2,1,1,2,2,4,3,3,4,5,6,6,8,3,3,3,3,3,3,3,2,1,1,1,2,2,2,2,2,3,3,5,3,2,4,2,1,2,1,2,3,2,2,2,3,0,0,1,1,2,3,3,3,2,2,2,3,3,4,3,2,2,2,2,3,3,4,3,2,3,4,4,4,4,3,3,2,1,1,2,2,2,2,2,1,1,1,1,1,1,1,1,1,6,5,3,2,1,2,3,4,1,2,2,2,3,3,3,1,3,3,3,2,2,2,1,2,3,3,3,4,4,4,4,3,2,3,4,4,2,2,2,3,2,2,2,2,2,2,1,1,1,1,1,1,1,1,1,1,3,3,6,5,3,4,3,3,1,1,1,1,1,1,1,1,2,2,2,2,2,2,2,2,3,3,2,2,3,3,4,4,2,1,1,1,2,3,2,2,3,2,1,3,4,4,2,0,2,2,2,2,2,2,2,2,2,2,2,2,2,2,2,2,2,2,2,2,3,3,3,3,1,1,1,1,1,1,1,1,1,1,2,2,2,3,3,3,1,0,1,1,1,1,1,2,3,3,3,3,2,1,1,1,3,3,2,2,2,2,3,3,2,2,2,2,2,2,2,2,3,2,3,4,4,3,3,3,3,3,2,2,3,4,4,2,3,2,2,2,2,2,2,2,2,3,3,3,3,2,2,3,3,2,2,3,3,3,3,2,2,1,1,2,2,2,2,2,1,1,2,3,3,2,3,3,3,2,2,2,2,2,2,3,3,3,3,3,3,3,4,4,2,3,3,3,2,2,2,3,1,1,2,2,3,3,3,3,2,2,2,2,2,2,2,2,2,2,3,3,3,3,2,2,3,3,3,3,3,4,4,4,2,2,2,1,1,1,1,1,2,2,2,2,2,2,2,2,2,3,3,3,3,2,2,2,3,3,3,2,2,3,3,2,1,1,3,4,3,1,2,2,3,4,5,1,1,1,3,3,1,2,2,2,2,2,3,3,2,2,2,2,2,2,2,2,2,2,1,1,2,2,1,0,2,2,1,2,1,1,2,3,3,3,2,2,2,1,2,3,2,1,2,2,1,2,1,1,2,1,1,1,2,2,1,1,2,2,2,2,2,2,2,2,2,1,2,2,1,2,1,1,3,3,2,3,3,4,4,2,3,3,3,3,3,3,3,3,2,2,2,3,3,4,4,5,2,2,2,2,2,2,2,1,2,2,2,2,2,3,3,3,2,2,3,3,3,4,4,4,2,2,2,2,2,2,2,2,1,2,3,3,3,4,4,3,1,3,3,3,3,2,2,3,2,2
160,2,2,2,2,2,1,2,5,4,4,4,4,4,4,4,4,5,3,3,3,3,3,4,4,4,5,4,3,3,4,4,3,4,4,4,4,3,3,3,4,4,5,5,4,2,2,4,1,1,2,2,3,3,3,3,1,1,1,1,1,1,1,2,3,2,3,3,2,1,1,2,3,4,3,3,3,3,2,1,1,1,1,1,1,2,4,3,2,4,4,4,2,3,4,4,2,3,3,1,1,2,3,3,3,3,2,2,2,2,2,3,4,4,2,1,1,1,1,2,3,3,3,3,3,3,4,2,1,1,2,2,2,2,3,3,3,3,4,5,4,3,3,3,2,1,1,2,5,5,3,6,2,1,3,3,3,2,2,1,4,5,3,2,1,1,2,4,3,2,2,3,3,3,3,3,2,1,1,1,1,2,2,1,3,3,2,3,2,2,2,2,1,2,2,2,2,3,3,2,3,2,2,2,3,3,3,4,2,2,2,2,2,2,2,2,1,1,1,1,1,1,1,3,2,0,3,3,3,5,4,3,4,7,5,4,3,2,2,2,1,3,5,3,1,1,1,1,2,1,2,4,5,4,3,2,3,3,2,3,3,3,3,3,3,4,5,5,4,3,4,5,3,3,4,4,3,3,3,3,3,3,2,2,2,2,2,3,3,3,3,3,3,3,3,2,1,0,1,2,1,2,2,1,1,1,2,1,1,1,1,1,4,3,4,4,4,4,3,4,2,2,2,3,3,3,4,4,2,3,2,2,2,3,2,4,2,1,1,1,1,2,2,2,2,3,2,2,2,3,3,3,4,4,3,2,2,2,3,5,2,1,1,2,2,3,3,3,1,1,3,2,1,2,3,1,1,3,4,5,4,4,4,2,2,3,3,3,3,3,3,3,1,1,1,1,2,2,2,3,4,3,3,4,4,5,4,5,3,0,1,1,0,1,1,1,2,3,3,3,2,2,2,1,4,2,1,1,1,2,1,1,0,1,2,4,4,1,0,1,3,3,3,3,3,3,3,3,2,2,2,2,2,2,2,2,3,3,3,3,2,2,2,2,5,3,3,3,2,2,1,2,3,2,3,4,4,4,3,2,1,2,2,2,2,2,2,2,3,1,3,3,3,2,1,1,2,1,1,1,1,1,1,1,3,3,3,3,3,3,3,2,3,3,4,5,5,4,3,2,3,4,3,3,3,2,1,0,3,2,2,2,1,1,1,1,4,4,3,2,2,0,0,0,3,3,3,3,3,3,3,3,2,2,2,2,2,2,2,2,3,4,4,4,3,3,3,4,2,2,2,2,2,3,3,3,3,2,3,2,2,1,1,0,2,2,2,2,2,2,2,2,2,2,2,2,2,2,2,2,3,3,3,3,3,4,2,2,2,3,5,4,4,3,1,1,3,3,3,3,3,3,3,3,2,2,2,2,2,2,2,2,2,1,1,2,3,4,4,3,2,1,2,3,4,4,2,0,1,1,4,3,3,3,3,3,4,2,1,2,1,1,3,4,4,4,4,4,4,4,4,3,2,3,3,3,3,3,2,2,2,2,2,2,2,2,2,3,4,3,2,2,2,2,3,3,1,1,1,1,1,1,1,1,2,3,3,3,4,4,3,3,1,1,2,1,2,2,2,2,2,1,1,1,1,1,1,1,1,1,2,2,2,2,2,1,2,2,2,2,1,1,1,1,3,3,3,3,3,3,3,3,3,3,3,2,0,0,0,1,1,1,3,3,3,3,4,4,3,2,2,2,2,2,2,2,4,3,3,3,3,3,3,3,1,1,1,1,1,2,2,3,3,1,1,1,2,1,2,2,2,2,2,2,1,1,1,1,3,3,3,3,3,2,2,1,4,4,4,3,3,3,3,3,2,2,3,4,4,3,2,2,4,2,2,3,3,4,3,1,4,4,3,3,2,2,2,2,1,1,1,1,1,2,3,3,4,3,2,2,3,2,2,1,2,2,2,2,2,2,2,2,2,2,2,2,2,2,2,2,2,2,2,2,2,2,2,2,1,1,1,1,1,1,1,1,2,2,1,2,2,3,3,2,3,3,3,3,3,3,2,3,3,3,2,2,2,1,2,4,3,3,3,3,3,3,2,1,2,2,2,2,2,1,2,2,2,2,2,2,2,2,2,2,2,2,2,3,3,3,3,3,2,2,2,2,1,1,1,1,3,2,2,2,2,3,4,4,4,2,3,4,3,2,5,4,1,1,2,2,2,1,1,1,3,4,4,4,4,4,3,2,2,2,1,1,1,1,1,1,1,2,3,3,4,4,4,3,1,1,2,2,2,2,2,2,1,1,1,1,2,2,3,2,2,3
161,2,3,3,2,1,2,3,2,3,4,4,4,3,2,1,4,3,3,2,2,2,3,4,3,2,2,2,3,3,3,3,3,4,3,3,2,1,1,1,0,2,3,3,2,1,2,5,1,1,1,1,1,1,1,1,2,2,2,2,3,3,3,3,3,3,3,3,4,5,4,4,1,1,3,3,4,4,3,3,4,3,4,4,3,3,3,3,4,4,2,2,2,3,3,2,1,1,2,2,2,3,3,2,2,1,1,1,1,1,1,1,6,4,2,3,3,4,4,3,4,4,4,4,3,3,4,3,1,2,2,2,1,1,1,1,1,1,1,1,1,1,1,1,2,2,2,3,3,3,3,4,1,2,2,3,3,3,1,0,3,3,3,3,3,3,3,3,4,3,3,3,3,3,4,1,1,2,2,1,2,4,4,3,0,2,2,3,3,4,3,5,5,5,4,3,3,2,3,4,2,1,3,3,3,3,2,3,2,1,1,1,2,3,5,4,2,2,2,2,2,2,2,2,3,3,3,3,3,3,3,3,3,3,3,3,3,2,3,3,2,3,3,3,4,6,5,3,2,2,3,4,2,0,2,3,3,3,3,3,3,3,3,3,3,3,3,3,3,3,3,3,3,3,4,4,3,2,1,3,2,1,1,2,2,2,3,2,1,2,4,6,4,3,3,5,5,3,5,3,1,1,2,4,1,1,1,1,1,1,1,1,4,3,4,3,3,2,2,2,2,0,2,2,3,3,3,1,2,3,2,3,4,2,1,1,1,3,2,3,3,2,2,2,1,1,1,2,2,2,3,3,3,3,3,3,1,1,1,1,1,1,2,3,4,4,2,1,3,1,1,3,5,5,3,2,2,2,2,2,2,2,2,2,2,2,2,2,3,3,2,2,2,1,3,3,3,2,3,5,3,3,3,4,4,4,3,2,2,2,3,3,3,2,3,2,2,2,2,2,2,2,2,2,3,3,3,3,3,2,4,5,5,4,6,7,6,3,2,1,3,4,2,2,3,3,4,3,2,3,3,3,3,4,4,3,2,2,2,2,3,3,3,2,8,7,5,3,3,3,4,4,3,3,3,3,4,4,4,4,3,2,2,2,2,2,2,2,1,1,2,2,2,2,2,2,1,1,1,1,1,1,1,1,2,2,2,3,2,3,2,2,3,2,2,3,2,2,4,4,1,1,1,1,1,1,1,1,3,3,3,3,3,3,3,3,3,2,2,2,2,2,2,2,2,2,2,2,2,2,2,2,2,3,3,3,2,2,2,2,2,2,3,3,3,3,3,4,5,3,2,2,3,3,2,2,4,4,5,4,3,3,4,5,5,4,4,4,3,3,2,2,2,2,2,2,2,2,2,2,4,4,4,4,4,4,4,4,4,3,3,3,4,3,2,1,1,1,1,1,1,1,1,1,2,2,2,2,2,2,2,2,3,3,3,3,3,3,3,3,2,3,4,4,3,3,1,0,3,2,1,1,2,3,4,4,4,3,2,3,4,6,4,3,1,2,2,3,3,4,4,5,4,3,2,1,1,2,1,1,3,3,1,2,5,5,5,3,3,2,2,1,2,3,4,6,3,2,1,2,2,3,2,1,1,1,2,2,1,1,1,1,1,1,2,3,4,4,4,4,3,3,3,3,3,3,3,3,4,4,4,4,3,3,3,2,2,2,2,2,2,2,2,2,2,2,2,2,2,2,2,3,3,3,3,4,4,4,3,3,3,3,3,2,2,2,3,3,4,4,4,3,3,3,2,2,3,2,2,2,2,3,2,2,3,3,3,3,3,3,3,3,4,4,4,4,4,4,4,4,3,3,2,2,2,2,1,1,1,1,1,1,1,1,1,1,2,3,2,2,2,2,2,2,1,1,2,2,2,2,2,3,3,3,2,2,3,3,3,1,2,2,1,1,2,3,4,4,3,3,3,3,3,3,3,3,2,2,2,2,2,2,2,2,4,6,5,3,2,3,3,2,4,5,5,3,2,2,2,2,2,3,1,0,0,1,3,2,4,4,3,4,3,3,3,3,3,3,3,2,2,1,1,2,3,3,2,2,2,2,2,2,4,5,4,4,4,4,3,3,2,1,2,2,1,1,2,1,1,1,1,2,1,2,1,1,2,2,2,3,2,3,2,2,0,1,1,1,1,1,2,2,2,2,2,2,2,2,2,3,3,3,3,4,4,3,2,3,2,2,2,2,1,1,1,1,2,2,2,2,3,3,3,4,4,3,2,2,3,4,3,2,1,1,1,1,2,1,1,1,2,2,2,1,3,5,4,2,2,3,3,3,3,3,3,3,2,1,1,1,1,2,1,1,1,1
162,2,2,2,2,2,2,2,4,3,3,3,4,3,3,2,0,0,0,3,5,6,5,4,4,4,3,3,3,3,3,3,3,2,2,2,2,2,2,2,3,4,5,4,4,4,5,4,4,3,4,4,4,4,4,4,5,4,5,4,5,4,4,3,2,2,2,3,3,2,3,3,3,3,5,5,5,5,3,3,3,4,4,3,1,1,1,3,0,1,2,4,4,5,4,3,1,1,2,4,5,4,5,5,5,4,4,2,3,3,2,1,1,2,2,2,2,2,3,3,2,2,3,3,2,3,3,3,2,2,3,3,3,3,2,2,1,2,3,3,4,4,4,3,4,2,2,2,2,3,3,3,2,1,1,1,2,3,2,1,2,2,2,2,2,2,2,2,1,1,2,2,3,3,5,5,3,3,3,3,3,3,3,3,1,0,2,3,3,2,0,0,1,1,2,2,2,2,2,3,2,2,2,1,1,2,4,4,2,2,2,2,2,2,2,2,2,2,2,2,3,3,3,4,6,6,4,3,5,5,5,4,1,2,4,2,2,2,1,1,2,2,2,2,3,3,3,3,2,2,2,2,2,2,2,2,2,2,2,3,3,3,3,3,3,3,3,3,3,3,2,3,2,2,2,3,3,3,3,3,1,1,1,2,1,2,2,2,2,3,3,5,5,4,4,3,1,1,2,2,2,2,2,2,4,4,4,4,3,3,3,3,3,2,1,2,3,4,3,2,2,1,2,2,2,1,2,4,3,2,2,2,2,3,3,3,3,3,3,2,3,4,4,5,4,3,3,4,4,2,1,2,2,2,3,3,2,2,1,2,2,2,2,2,2,2,2,1,2,3,3,2,2,2,2,3,4,3,2,4,4,3,2,3,2,2,4,4,3,2,3,4,0,2,2,3,3,4,4,6,4,4,3,3,4,4,3,3,3,2,1,3,6,5,3,3,4,4,3,1,1,2,4,3,2,2,2,2,2,2,2,2,3,5,5,3,2,1,2,3,3,4,2,3,3,3,2,1,2,3,3,2,2,2,3,2,2,2,2,2,2,2,2,2,3,2,2,2,2,2,3,2,3,3,2,2,3,3,2,2,4,4,4,3,4,4,4,3,2,3,2,3,3,3,1,1,2,2,2,3,3,4,4,2,1,2,2,3,4,3,4,4,1,2,3,2,1,1,2,1,2,2,2,2,2,4,4,4,2,2,1,1,2,2,2,2,3,2,2,2,2,1,1,0,1,2,2,1,1,1,2,4,3,2,1,1,1,1,3,3,1,1,1,2,2,1,2,1,1,1,2,1,2,1,1,1,3,2,2,2,3,3,2,2,2,2,3,2,3,2,2,2,1,1,2,1,2,2,2,2,4,4,5,5,5,3,2,4,3,1,1,2,4,2,2,3,2,2,2,2,1,2,2,1,3,2,3,3,2,2,3,3,3,2,2,2,2,2,2,1,1,1,3,3,3,4,3,3,2,2,2,2,2,2,2,2,0,0,2,3,2,2,2,2,1,1,2,2,2,2,3,3,3,2,2,2,3,3,3,3,3,2,2,2,3,3,3,4,3,3,2,2,1,1,1,1,1,1,2,2,2,2,2,1,3,3,1,1,1,2,3,4,4,3,3,2,2,3,3,3,1,1,1,1,1,1,1,1,1,1,1,1,1,2,2,2,3,3,3,3,3,3,3,3,3,3,3,2,1,1,2,2,3,3,3,3,3,3,3,3,1,1,2,2,3,3,4,4,2,2,2,2,2,2,2,2,2,2,2,2,2,2,2,2,2,2,2,2,2,2,2,2,1,1,1,1,1,1,1,1,3,2,2,2,3,3,3,2,2,2,2,2,2,2,2,2,3,2,1,1,1,2,4,3,2,4,3,2,1,1,1,2,3,3,2,2,2,2,3,3,3,2,2,2,2,2,2,1,2,3,3,2,3,3,3,3,2,2,2,2,2,2,2,1,1,1,1,2,2,3,3,3,2,2,2,2,2,2,2,2,1,1,1,1,1,1,1,1,2,2,2,2,2,2,2,2,2,3,2,3,2,3,3,4,3,3,3,3,3,3,3,3,2,1,3,4,3,4,4,3,2,2,1,2,2,2,2,3,2,2,3,3,2,2,2,3,2,2,2,2,1,1,1,1,2,2,2,2,2,2,2,2,3,1,2,4,4,4,2,2,2,3,2,2,3,3,3,1,1,2,1,1,1,1,1,1,3,3,3,4,3,4,3,3,3,3,3,3,3,3,4,5,2,1,2,2,1,0,1,1,1,2,2,1,1,1,1,2,3,3,2,3,2,2,2,1,2,3,2,2,2,2,2,2,3,3
163,3,3,2,2,3,3,3,2,2,2,2,2,2,2,2,2,2,2,1,2,3,4,4,3,3,3,3,3,3,3,3,2,1,3,7,6,3,3,4,3,6,6,3,1,1,3,3,0,2,2,2,4,4,2,2,2,2,4,4,3,3,3,3,2,2,2,2,2,2,2,2,3,3,3,3,3,3,3,3,4,4,3,3,3,3,2,2,3,5,5,3,2,2,5,4,2,3,3,3,3,1,1,1,3,4,3,2,1,1,2,2,2,2,2,2,2,2,2,2,2,2,2,2,2,2,2,2,2,2,2,2,3,3,3,2,2,1,1,2,2,3,2,1,3,2,2,2,3,3,3,4,3,3,2,1,1,2,3,3,3,3,3,3,2,2,2,2,2,2,3,2,2,1,1,2,3,2,0,0,0,0,0,1,1,1,1,1,1,1,1,2,2,2,1,1,1,2,2,3,4,4,5,5,4,5,3,3,5,5,4,4,4,4,3,2,2,2,2,3,3,3,4,4,3,2,2,0,0,0,1,2,3,3,3,3,3,3,3,3,2,2,2,2,2,2,2,2,5,3,3,3,5,5,4,3,2,2,4,4,4,4,3,3,2,3,4,3,2,2,2,3,1,1,2,2,2,3,3,3,2,2,2,2,2,2,3,3,1,2,2,2,2,2,2,3,1,1,1,1,1,1,1,1,1,2,2,2,1,1,2,2,2,2,2,2,3,3,3,3,2,2,2,1,1,1,1,1,4,4,4,4,3,3,3,3,2,2,2,2,2,2,2,2,3,2,3,2,3,3,3,4,3,3,3,3,3,3,3,3,0,2,4,2,4,4,3,3,3,3,3,3,3,3,3,3,2,2,2,3,3,1,1,2,3,3,3,3,2,2,2,3,1,2,2,2,1,2,2,2,2,3,4,4,3,4,4,3,2,5,6,6,6,5,2,4,3,4,4,4,4,3,3,2,0,0,0,3,3,3,3,3,2,2,2,2,2,2,2,2,3,3,3,3,3,3,4,4,1,0,1,2,3,2,3,3,4,4,2,2,2,4,4,2,2,3,2,2,3,3,4,3,3,3,3,4,4,5,5,6,3,2,3,3,3,2,1,1,2,3,3,3,3,2,3,3,1,1,3,3,3,3,1,2,1,0,0,1,1,1,1,3,0,2,2,1,1,1,2,1,1,2,2,1,1,2,2,2,1,1,1,1,2,2,2,1,1,1,1,1,1,1,1,1,3,3,3,2,3,3,3,2,3,3,3,3,3,3,3,3,3,3,3,3,2,4,2,0,4,4,3,2,2,3,3,3,2,3,4,3,2,2,3,3,2,2,2,2,2,2,2,1,2,2,2,2,2,2,2,2,1,2,3,3,3,4,3,3,2,4,5,5,4,2,2,3,1,1,2,2,2,2,2,1,1,2,2,3,2,2,2,2,3,3,3,3,3,3,3,4,3,1,3,5,3,3,5,3,3,4,4,3,2,2,4,4,2,0,0,2,2,2,2,2,4,4,3,3,2,2,2,2,2,2,3,3,3,5,4,3,3,2,2,2,3,2,4,3,2,2,2,2,3,3,4,4,4,4,4,4,1,0,2,3,3,3,3,5,5,5,4,3,1,2,2,2,2,1,2,2,1,1,2,2,2,2,1,1,1,1,1,1,2,2,2,4,2,2,2,2,2,2,2,2,3,2,1,2,2,3,5,5,1,1,1,1,1,1,2,2,2,1,2,2,3,3,3,3,4,5,4,4,4,3,4,4,3,2,3,4,4,2,2,3,3,2,2,2,2,3,3,3,3,3,3,3,3,3,3,3,2,2,2,2,2,2,2,2,2,2,2,2,2,2,2,2,3,3,3,3,3,3,3,4,5,3,3,3,1,1,0,1,3,3,1,1,1,2,2,1,1,1,2,2,2,2,2,1,1,1,2,2,3,3,5,5,2,2,3,3,3,3,3,2,3,3,3,3,3,3,3,3,3,2,2,2,2,2,2,2,2,3,3,3,3,3,3,3,1,1,1,1,1,1,1,1,2,1,2,3,4,4,3,3,1,1,0,0,0,1,1,0,4,4,4,4,4,4,4,4,2,2,1,2,2,1,1,1,1,2,3,2,2,1,1,1,4,2,1,2,2,2,3,3,1,1,1,1,1,1,1,3,2,1,1,1,2,2,3,3,2,2,2,2,2,2,1,2,1,1,1,1,1,1,1,1,4,4,3,2,1,3,3,1,1,3,3,3,4,4,4,5,1,1,2,2,2,2,2,3,1,2,1,1,2,2,1,1,2,2,2,2,2,2,2,2,1,1,2,1,1,1,1,2,3,3
164,2,2,2,2,2,2,2,2,2,2,2,2,2,2,2,4,4,4,4,4,4,4,5,4,4,4,4,2,1,3,2,2,4,4,4,5,4,2,2,4,6,7,4,3,1,3,5,3,1,2,1,1,2,3,3,3,3,3,3,3,3,3,3,3,3,1,1,1,2,3,3,4,3,2,3,3,2,1,1,1,1,1,2,3,3,3,3,3,3,4,4,4,4,3,3,2,1,1,1,1,1,3,2,3,4,4,3,3,3,4,4,2,3,2,2,2,3,3,4,2,3,3,3,4,2,2,3,4,3,3,2,1,2,2,2,3,2,2,2,2,3,3,3,2,1,2,1,1,2,3,3,4,2,2,2,3,3,3,3,2,2,2,3,3,3,3,4,4,3,2,2,2,2,3,4,3,3,2,3,2,2,2,3,4,3,3,3,3,3,2,1,1,2,1,1,1,1,3,4,2,2,3,4,4,2,2,2,4,4,3,4,4,5,5,4,1,1,2,2,1,2,2,1,3,4,4,1,3,6,5,3,2,3,2,2,2,2,2,3,5,3,1,1,1,3,5,4,3,2,1,2,3,2,2,2,2,2,2,2,2,2,2,2,1,2,3,3,2,2,2,2,2,2,2,2,2,2,2,2,2,2,2,3,3,3,3,4,2,2,3,3,3,3,4,3,3,4,3,3,3,3,2,3,3,3,4,4,3,2,0,1,2,2,2,2,3,3,3,3,1,2,2,1,2,2,3,3,3,2,2,2,2,2,2,2,3,3,3,3,3,3,3,3,2,2,2,2,2,2,2,2,2,2,2,2,2,2,1,1,3,2,2,3,4,5,4,3,2,2,2,2,2,3,3,3,3,3,3,3,2,2,2,2,2,2,2,2,2,2,2,2,3,4,2,2,2,2,3,4,2,3,3,2,2,3,6,4,3,3,2,3,3,3,2,3,1,1,1,1,1,1,1,2,3,4,3,2,2,3,2,1,2,2,2,2,2,1,0,0,0,1,1,2,2,3,3,4,2,2,2,2,2,2,3,3,2,2,2,2,2,2,1,1,2,1,2,3,3,4,3,2,3,5,4,3,3,2,2,1,1,1,1,2,2,1,1,2,2,2,2,2,2,2,1,1,1,1,1,1,1,1,1,1,2,2,2,2,2,2,2,2,4,4,4,4,4,4,3,3,2,3,3,2,1,2,3,3,3,3,3,3,3,3,3,3,1,1,1,2,2,3,3,3,4,4,3,4,4,3,3,3,3,4,5,4,2,2,3,3,2,3,3,3,3,3,2,3,2,2,1,1,1,2,2,2,3,3,3,3,3,3,3,3,3,2,2,2,2,3,4,4,4,4,3,2,4,3,3,4,4,4,3,4,4,4,2,2,2,2,2,2,2,2,2,2,3,3,3,3,3,3,3,3,1,2,2,3,3,2,4,4,2,2,1,1,1,1,3,3,2,2,2,2,2,2,2,2,3,3,3,3,3,3,3,3,2,1,2,2,3,3,3,3,2,3,1,2,3,4,5,6,2,2,3,1,2,2,3,3,4,4,4,4,3,3,3,3,1,1,1,1,1,1,1,2,3,4,4,4,4,4,4,4,1,2,3,4,4,3,2,1,3,2,3,2,3,2,3,3,1,1,1,1,1,1,1,1,1,2,2,2,2,2,3,3,3,2,2,2,3,3,3,3,3,3,2,2,2,2,2,1,3,3,3,3,3,3,3,4,1,2,2,2,2,2,2,2,2,2,2,3,3,3,3,3,3,3,3,3,2,2,2,2,3,2,1,2,3,4,3,3,1,1,1,1,2,2,1,1,3,3,3,3,2,2,2,2,5,4,2,2,1,2,2,3,3,3,3,3,3,3,3,3,2,2,2,2,2,2,2,2,1,1,1,2,2,2,2,2,3,3,3,3,3,3,3,3,2,2,3,2,2,2,2,2,2,2,2,2,2,4,4,4,2,3,4,3,2,0,2,3,2,3,4,3,2,1,2,3,1,1,2,2,2,2,2,3,3,3,2,2,2,2,2,2,1,1,2,2,2,2,2,2,2,2,3,3,3,3,2,2,2,2,1,1,1,1,0,0,2,2,2,3,3,3,4,4,4,5,3,2,3,3,3,2,3,3,3,3,3,3,3,3,4,3,3,3,2,2,3,3,2,1,3,3,2,3,3,3,2,3,4,5,4,4,3,2,3,2,2,2,2,1,2,2,3,3,2,2,2,1,2,2,2,2,2,2,3,2,2,2,3,2,2,2,2,3,1,1,4,4,2,1,2,4,3,2,3,2,3,3,3,3,4,3,1,1,3,3,2,1,2,3,3,4
165,0,1,2,2,2,3,3,2,2,2,2,2,2,2,2,3,3,3,3,3,3,3,3,4,4,4,4,4,4,4,4,2,1,1,2,3,3,4,4,4,4,4,3,3,4,3,3,3,2,3,4,4,4,2,2,2,3,3,3,2,2,2,2,2,2,2,2,2,2,2,2,1,2,2,3,3,2,2,1,4,6,6,3,2,4,3,4,3,1,1,2,2,3,2,1,2,2,2,2,2,2,2,2,3,2,3,4,5,5,4,6,3,3,3,3,3,5,3,2,5,5,4,4,3,3,3,3,0,0,1,2,4,5,3,0,1,1,1,1,2,4,3,3,1,3,4,3,3,1,1,3,3,3,3,3,3,3,3,3,3,3,3,3,3,3,3,3,3,3,2,2,2,2,1,2,2,3,3,3,3,3,3,3,3,2,2,3,4,3,1,1,3,4,4,5,5,4,2,1,3,3,2,1,1,2,3,3,2,1,2,3,3,5,4,2,2,2,1,1,2,2,1,1,2,3,4,4,3,3,2,3,2,1,1,1,2,3,3,4,1,1,1,1,2,2,2,2,1,1,2,3,3,4,4,3,2,2,3,3,3,3,4,4,3,3,3,3,3,3,3,3,1,2,3,3,2,3,1,2,3,1,2,2,2,2,3,3,5,5,4,2,2,1,1,0,1,0,1,0,1,1,1,1,3,3,3,2,1,0,1,1,2,1,1,1,2,2,2,2,3,3,2,2,2,2,2,2,7,5,5,5,3,3,3,2,0,0,1,1,3,4,4,6,3,4,5,4,5,5,3,3,4,4,3,3,3,2,2,1,4,5,3,3,1,0,0,0,1,1,2,2,1,0,1,1,2,2,3,3,3,4,4,4,2,2,1,3,3,4,4,3,2,2,2,2,2,2,2,2,3,7,7,3,4,4,2,0,1,1,2,2,2,2,2,2,2,2,3,3,3,4,4,4,2,2,2,2,2,2,2,2,2,2,2,1,1,2,1,2,3,3,3,3,3,4,2,1,3,1,1,3,3,3,3,3,2,2,2,2,2,2,2,2,2,2,2,3,3,3,3,3,1,1,1,1,1,1,1,1,3,3,3,3,3,3,3,3,2,2,2,2,2,2,2,2,3,3,3,3,3,3,4,3,3,4,4,3,3,3,4,5,1,0,0,2,2,1,3,3,2,2,3,3,4,4,5,5,3,3,3,3,3,3,3,3,3,2,1,2,4,4,2,2,4,4,4,4,3,3,3,3,3,3,3,3,3,3,3,3,2,2,3,3,3,3,4,4,3,3,3,3,3,3,3,3,2,3,2,2,2,2,2,3,2,2,3,2,2,3,4,4,1,1,2,2,3,2,2,1,4,3,3,3,4,4,3,3,3,4,4,3,2,1,2,3,2,2,2,2,3,3,3,3,3,2,2,3,3,3,3,3,0,0,1,3,4,3,3,3,0,1,3,4,4,4,5,5,2,2,2,2,3,3,2,2,3,3,2,2,2,2,3,3,2,1,2,2,2,2,2,1,3,4,3,4,3,3,2,2,2,2,2,3,3,3,3,3,3,2,4,3,3,2,2,4,2,2,2,2,3,3,2,3,3,2,3,3,4,3,3,2,3,4,4,3,3,3,3,2,4,3,3,2,2,2,3,4,1,1,2,3,1,1,1,2,1,1,1,3,2,1,1,2,3,3,3,2,2,3,2,1,3,3,2,2,3,3,3,4,4,3,2,1,2,2,3,4,5,4,2,3,6,7,5,2,3,3,2,2,2,1,1,2,4,4,4,4,4,4,5,5,3,3,4,4,4,4,3,3,2,3,5,4,4,2,2,2,4,4,3,3,4,4,3,3,3,3,3,3,4,4,4,3,3,2,2,1,2,2,3,4,0,1,1,0,1,1,1,1,2,2,4,4,3,3,2,1,6,5,5,5,4,4,4,3,1,1,1,1,1,1,1,1,1,2,2,2,2,2,2,2,2,2,1,1,1,0,2,4,3,3,3,2,2,3,3,1,1,1,2,3,3,3,3,3,1,2,3,3,2,1,2,2,3,3,3,3,3,3,3,3,2,2,2,2,2,2,2,2,3,3,3,3,3,3,3,3,5,5,4,4,3,3,5,4,2,2,2,2,2,2,2,2,1,2,2,3,3,4,3,5,3,2,1,1,0,1,1,1,3,3,3,3,3,3,3,3,2,2,1,2,3,4,1,1,3,3,3,3,3,3,3,3,2,2,1,1,1,1,3,3,5,5,4,2,2,2,2,2,2,2,1,1,2,2,2,1,2,3,3,3,3,2,2,2,1,1,1,1,1,2,2,2,3,3
166,3,3,3,3,3,3,3,4,3,3,3,3,3,3,3,3,3,3,2,3,2,3,3,7,6,3,2,2,2,4,5,3,2,2,2,3,4,2,2,3,4,4,3,2,1,2,2,2,3,1,1,2,1,0,0,2,3,4,5,4,3,3,3,3,3,4,4,5,5,5,5,1,1,1,2,2,3,4,3,3,3,3,3,3,3,3,3,3,3,3,3,2,2,2,2,1,1,1,1,2,3,3,1,1,2,3,3,2,1,2,3,3,2,2,3,3,2,2,2,4,4,4,4,4,4,4,4,3,3,4,3,3,3,3,4,2,2,2,2,2,2,2,2,3,3,3,3,2,2,2,3,2,1,2,3,2,3,3,3,4,4,3,3,4,4,4,4,4,4,2,3,3,4,4,2,2,2,2,2,2,2,2,2,3,2,3,3,3,3,3,3,2,3,2,2,2,2,2,3,4,3,2,1,2,2,2,1,4,4,3,3,3,3,3,3,2,2,2,2,2,2,3,3,5,3,0,2,3,3,2,1,1,2,2,1,2,2,3,3,2,2,2,2,3,2,3,2,0,0,2,2,3,3,3,3,2,2,1,1,1,2,2,3,3,4,5,3,3,3,3,3,3,3,4,6,4,1,1,3,3,2,2,4,4,4,2,2,2,2,2,2,2,2,2,2,2,3,1,1,2,3,3,1,3,3,3,3,4,4,4,4,3,2,3,3,3,3,3,2,2,2,2,2,2,2,2,2,2,2,2,2,2,2,2,2,2,2,2,2,2,2,2,2,2,1,1,1,1,1,1,1,1,3,4,3,2,2,2,2,1,1,2,1,2,2,2,2,2,2,1,2,3,3,3,3,1,1,2,3,3,3,1,1,3,3,1,1,2,2,1,1,2,2,2,2,2,2,2,2,4,4,4,4,4,2,2,3,3,2,2,2,1,1,2,2,2,2,2,1,1,1,2,2,1,0,2,5,6,3,1,1,2,2,3,3,3,4,3,7,6,2,2,3,5,5,5,5,2,3,3,3,3,3,3,3,2,2,2,3,3,3,3,2,1,2,3,4,5,5,4,3,1,1,1,1,1,1,1,1,3,2,2,2,2,2,1,1,2,2,1,2,2,2,1,1,2,3,3,3,3,3,2,2,3,3,3,3,4,4,4,4,2,2,2,3,3,4,3,4,4,4,4,4,3,3,2,3,1,1,1,1,1,1,2,2,1,1,1,1,1,2,3,3,0,0,2,2,2,4,4,5,5,4,3,3,3,4,3,3,2,3,5,4,2,3,4,4,2,1,2,2,2,3,4,5,6,4,2,1,1,1,1,1,5,3,4,4,4,3,4,3,1,0,1,1,1,1,2,3,3,2,2,2,2,2,2,2,4,4,4,3,3,3,2,2,1,1,1,1,0,1,1,1,1,1,2,2,3,3,3,2,3,4,4,4,3,3,3,3,0,1,1,2,3,2,2,2,2,2,2,1,2,1,2,3,2,3,3,2,1,1,1,1,4,5,5,5,5,6,6,3,2,2,3,3,3,3,3,3,2,1,2,2,1,2,1,1,1,1,1,1,1,1,2,3,3,4,4,3,3,1,1,2,2,2,2,2,2,2,2,2,1,1,1,1,1,1,1,1,2,2,2,2,2,2,2,2,1,1,1,1,1,1,1,1,0,1,3,2,2,2,2,2,2,2,2,2,2,2,2,2,2,2,2,2,2,2,2,2,3,3,3,3,3,3,4,3,1,2,2,3,3,2,2,1,1,2,1,1,1,1,1,1,1,1,2,3,2,2,1,1,4,4,4,4,3,3,2,1,2,2,2,2,2,2,2,2,1,2,2,2,2,2,3,3,2,1,1,1,1,1,1,1,1,1,2,4,3,2,3,4,2,2,2,2,2,3,4,5,6,5,5,5,4,3,3,2,1,3,4,3,3,3,1,1,2,3,3,3,3,3,3,3,1,1,1,2,2,2,3,3,3,3,3,3,2,2,2,3,3,3,3,2,2,2,2,2,1,1,1,1,1,1,2,2,2,2,2,2,2,2,2,2,2,2,2,3,3,3,3,2,2,2,2,2,3,3,2,3,2,1,2,2,2,2,2,3,1,1,1,1,1,1,1,1,1,1,1,1,1,1,1,1,3,3,2,1,2,2,2,1,1,1,1,1,1,2,2,2,1,1,1,1,1,1,1,0,3,2,2,2,2,2,1,2,6,5,5,5,4,3,3,2,3,3,3,3,2,2,2,2,1,2,2,2,2,2,1,1,2,2,2,2,3,3,2,2,1,1,1,1,1,1,1,1,1,2,2,2,2,2,2,3,1,1
167,1,2,2,3,3,3,3,3,3,3,3,3,3,3,3,2,2,2,2,2,2,2,2,1,1,1,2,3,3,2,0,1,3,3,2,1,1,2,2,4,6,6,5,3,3,5,5,3,2,2,3,4,4,5,4,3,3,4,4,3,3,2,2,4,3,4,4,3,2,2,4,5,4,4,4,4,4,4,3,1,2,2,2,2,1,1,1,2,1,2,2,2,2,3,3,1,1,4,3,4,1,2,4,3,4,2,2,1,1,1,2,3,2,2,2,2,3,3,2,2,2,3,2,3,3,3,3,1,1,1,1,1,1,2,1,1,2,3,2,2,3,3,3,3,2,2,3,4,4,2,1,1,1,1,1,1,2,2,2,3,3,4,5,4,3,3,2,2,1,1,3,3,2,2,3,3,3,1,1,3,4,6,5,3,2,1,3,4,4,2,3,3,4,3,2,2,3,4,4,4,2,2,4,4,4,4,1,3,3,3,3,3,2,1,4,5,1,1,3,4,3,1,2,2,1,1,3,3,5,3,2,1,2,2,3,3,4,4,3,4,4,3,3,3,3,5,6,4,3,3,3,1,1,1,1,2,1,2,2,2,2,3,3,6,3,3,2,2,1,3,3,3,3,3,2,2,2,1,1,2,2,3,3,3,3,3,3,3,3,3,3,2,2,3,3,1,2,3,3,3,3,2,1,3,3,2,4,4,3,1,1,1,1,1,1,1,2,2,3,3,2,2,3,3,2,2,2,2,1,1,1,1,1,1,1,3,2,3,3,3,3,1,1,3,2,3,2,3,3,3,5,1,0,2,2,3,2,2,3,3,2,2,2,2,3,4,3,2,2,2,2,2,2,2,2,1,2,3,3,3,3,2,2,1,1,2,2,2,2,2,1,2,2,3,3,3,3,3,1,2,1,1,3,3,3,3,3,3,3,3,4,5,4,3,3,2,2,2,3,3,4,4,4,2,2,3,3,3,2,1,0,3,3,4,4,5,5,4,4,2,3,4,5,5,5,4,4,4,2,2,3,3,3,2,3,4,3,3,3,3,3,3,1,3,3,5,5,4,4,4,3,3,2,3,3,3,4,4,4,4,3,3,4,4,3,3,2,3,3,3,3,3,2,3,3,3,3,4,4,3,3,2,2,2,1,1,1,1,1,2,3,4,5,4,3,2,2,3,4,3,1,4,4,3,3,3,2,2,2,2,2,2,2,2,2,3,3,3,3,2,2,1,1,2,4,5,4,3,1,2,4,4,4,4,4,4,4,4,4,4,4,3,2,2,2,3,4,2,3,3,4,4,5,5,7,2,2,3,3,3,3,3,4,3,1,0,0,1,2,2,2,2,2,2,2,3,3,3,3,2,2,2,2,2,2,2,2,3,2,3,2,2,1,2,1,1,1,1,1,1,1,1,1,4,4,4,4,4,4,4,4,2,2,2,2,2,2,2,2,0,1,3,3,3,3,2,2,2,1,2,2,3,3,3,3,3,3,3,3,2,2,1,2,1,1,1,1,1,2,2,1,2,2,2,2,2,2,2,3,4,3,3,2,3,2,2,2,1,1,1,1,2,2,2,2,1,1,1,1,2,2,2,1,2,1,1,2,2,1,1,2,3,4,2,3,3,3,3,2,2,3,3,2,2,3,3,4,3,2,3,2,2,2,2,4,3,2,3,3,2,3,3,3,4,4,4,4,4,4,5,5,2,1,3,4,4,3,2,1,1,2,3,4,4,2,2,4,3,2,4,4,4,4,3,1,2,3,3,3,3,3,3,3,2,3,3,4,4,3,3,2,3,3,3,3,3,3,3,3,4,4,5,5,4,4,4,3,2,2,2,2,2,2,2,2,3,3,3,4,4,4,4,4,2,2,3,3,3,2,2,3,1,2,2,2,2,3,3,4,4,3,4,3,2,3,3,3,3,3,3,3,3,2,2,3,5,4,4,2,3,3,3,3,4,3,1,2,4,4,3,2,2,2,2,1,3,3,2,3,1,2,2,2,2,2,2,2,3,3,3,3,3,3,3,3,3,3,2,1,2,2,2,4,4,3,3,3,3,3,3,4,1,2,2,1,3,4,4,2,2,2,2,2,2,2,3,3,3,4,4,3,3,2,1,2,2,2,2,2,2,2,2,2,3,3,3,2,2,1,2,3,4,4,3,2,1,2,4,5,4,4,2,2,2,1,0,1,3,3,2,1,3,4,2,2,2,2,1,3,3,3,3,3,3,3,2,2,2,2,3,2,3,3,3,2,3,3,3,3,2,2,3,3,3,3,2,2,3,3,3,2,2,2,2,2,2,2,2,2,2,2,2,1,2,1
168,2,3,3,3,3,3,2,2,1,2,2,2,2,3,4,3,2,2,2,2,2,2,2,5,6,5,3,2,1,2,1,2,2,2,2,2,2,2,2,2,3,2,2,2,1,1,2,3,2,2,3,3,2,3,4,4,4,4,4,3,3,3,1,2,3,2,2,2,2,2,2,3,3,2,1,2,3,5,5,7,6,3,3,2,2,3,4,2,2,3,3,4,4,4,3,1,2,3,4,4,5,5,3,4,4,3,1,1,2,3,3,2,2,2,3,2,2,3,3,2,2,2,2,2,3,2,3,3,4,3,3,2,2,1,1,2,4,5,3,3,4,4,3,2,2,3,4,4,4,4,4,2,3,2,3,3,3,3,2,2,2,1,1,2,2,3,3,2,3,4,4,2,3,5,4,2,2,3,4,5,5,3,4,4,4,3,2,2,3,2,0,1,2,3,4,4,4,3,2,3,3,2,2,2,3,4,5,2,3,2,2,3,3,3,4,3,2,2,2,2,3,3,2,3,3,3,3,3,3,3,4,4,4,4,4,2,2,2,2,1,1,1,1,1,3,5,4,4,4,3,3,3,3,3,3,0,0,0,1,1,2,2,5,4,4,4,3,2,2,4,2,2,4,4,4,2,2,3,3,2,2,3,4,3,2,3,1,1,1,1,1,2,2,2,2,1,1,1,1,2,2,2,2,4,6,5,3,2,2,2,2,1,2,2,2,2,2,2,2,2,1,1,1,2,3,2,1,2,2,2,1,1,1,1,2,1,2,2,1,3,3,5,4,3,3,4,3,4,3,3,3,2,1,3,3,3,3,3,2,1,2,2,3,3,3,3,2,0,1,3,4,4,3,2,2,3,3,4,4,3,2,2,2,1,1,2,2,1,2,2,3,2,2,2,2,2,2,2,3,3,3,2,3,4,4,3,4,2,2,2,2,2,2,2,2,3,4,4,4,3,3,3,4,3,2,2,2,2,2,2,3,2,2,1,1,1,1,1,1,2,2,2,1,2,2,2,3,3,3,3,3,3,3,3,3,3,3,3,3,3,4,5,5,4,3,3,3,3,3,3,3,5,5,4,4,4,3,3,2,3,5,4,3,3,2,2,2,3,3,3,3,3,3,2,3,1,1,1,1,1,1,2,2,2,2,2,2,2,2,2,2,3,3,3,3,3,3,2,2,3,2,2,2,3,4,4,2,2,2,2,2,2,2,2,2,1,2,3,3,2,2,3,4,3,3,3,3,3,3,3,3,3,2,1,1,1,1,2,3,1,3,4,2,2,2,4,3,2,1,2,1,2,2,2,2,4,3,5,6,6,5,4,2,4,3,2,2,2,2,2,3,3,3,3,3,3,3,3,2,2,3,3,3,1,3,3,3,2,2,2,2,2,2,2,2,3,2,3,4,3,2,3,3,4,2,2,2,3,4,3,2,1,1,1,2,2,3,3,4,1,1,1,2,2,1,1,1,1,1,1,2,3,3,2,2,3,3,3,3,3,2,2,2,2,2,2,2,2,2,3,3,3,3,3,3,3,3,3,3,2,2,1,1,1,1,2,2,0,3,4,2,2,2,2,2,2,2,1,1,1,2,2,2,2,2,3,3,3,3,2,2,1,1,2,2,2,2,1,1,2,2,3,3,3,3,3,3,2,2,2,2,2,2,2,2,3,2,2,3,3,2,3,4,3,3,3,3,3,3,3,3,3,3,4,5,5,4,3,3,5,5,4,4,4,4,4,4,2,2,2,3,3,3,3,3,2,4,4,2,2,1,2,2,2,2,1,1,2,2,2,1,2,2,1,1,2,2,3,3,3,2,2,2,3,3,3,3,3,3,3,3,3,3,3,3,4,4,3,3,2,3,4,3,2,2,2,3,3,3,3,3,1,1,1,1,1,1,0,0,3,3,3,3,3,3,3,3,1,1,1,1,1,1,1,1,1,1,1,1,2,2,2,3,3,3,4,4,3,3,3,3,3,3,3,3,3,3,3,3,2,1,2,2,1,2,5,6,4,1,1,1,1,1,1,1,3,2,2,3,3,3,4,3,3,3,3,3,4,3,4,3,2,2,2,2,3,3,3,3,1,1,1,1,1,1,1,1,2,2,2,2,3,3,3,3,3,3,3,3,3,3,3,3,2,2,2,2,2,2,2,2,2,2,2,2,2,2,2,2,2,2,2,3,2,2,3,3,4,3,2,2,2,3,4,5,1,1,1,1,1,1,1,2,2,2,2,2,1,1,1,1,3,3,2,2,2,2,3,2,4,2,4,4,3,2,2,1,2,3,3,2,2,1,1,1,3,3,2,2,2,3,2,2,3,3
169,3,2,3,2,2,3,3,2,2,2,2,3,3,3,3,2,2,1,2,3,3,2,2,3,4,3,3,2,2,3,2,2,3,2,3,3,3,3,3,5,6,6,5,3,4,4,3,4,3,3,3,3,3,3,3,3,3,2,2,3,3,4,4,4,4,2,2,2,3,3,3,2,2,3,3,3,3,1,1,3,3,4,4,4,4,3,3,3,3,3,3,3,3,3,3,0,1,2,3,3,3,1,1,4,5,4,3,3,2,2,1,0,0,0,0,3,4,4,4,3,3,4,3,3,3,3,3,2,1,3,4,3,2,1,2,4,4,4,4,4,4,4,3,0,2,2,3,5,3,1,3,3,4,4,3,4,4,3,4,5,4,4,3,4,4,2,2,3,3,2,3,3,3,3,2,1,2,2,3,3,2,2,2,1,1,2,2,2,2,1,2,1,1,1,2,2,2,2,2,3,3,2,2,3,3,3,1,1,0,2,3,2,2,3,5,4,2,1,2,3,4,2,2,2,2,1,2,3,2,2,4,4,3,3,3,3,3,3,3,3,2,2,4,5,3,2,1,2,4,3,4,4,2,4,5,1,1,2,2,2,2,1,1,4,3,2,1,1,2,1,2,2,2,2,2,2,2,2,2,3,3,3,3,3,3,4,4,3,3,3,4,5,4,4,3,3,3,3,3,3,3,3,4,4,4,4,4,4,4,5,3,1,2,1,2,3,2,3,2,3,3,3,3,3,3,3,3,3,3,3,3,3,3,3,3,1,1,2,1,2,3,3,3,3,2,1,1,3,3,2,1,1,2,2,2,1,1,2,2,2,2,3,3,2,2,4,3,4,4,3,3,3,3,2,2,4,3,2,3,4,4,3,2,1,1,1,1,1,1,1,1,1,1,1,1,1,1,1,1,2,1,3,3,3,3,2,2,4,5,2,2,3,3,4,5,2,0,2,2,2,2,2,1,2,2,2,2,2,2,1,2,3,3,3,2,3,3,2,2,2,4,4,3,3,3,4,3,2,2,2,2,2,2,2,2,2,2,2,2,3,3,3,3,4,4,3,3,3,3,2,2,2,2,2,2,2,2,2,2,3,2,2,2,1,1,1,1,2,1,2,3,3,3,2,2,3,3,3,3,3,3,3,3,2,2,2,3,3,3,3,3,3,4,4,4,3,4,4,4,3,2,3,3,2,4,4,2,3,3,3,3,3,3,3,3,2,3,3,2,2,2,2,2,4,4,3,2,2,2,4,4,3,3,3,2,2,2,1,1,2,4,5,5,4,3,2,2,3,3,2,2,3,3,2,3,2,2,2,2,2,2,2,2,2,2,2,3,3,3,2,3,2,3,3,3,3,3,3,3,4,4,3,4,4,4,2,2,3,4,3,2,3,3,3,3,2,2,2,2,3,2,3,3,2,2,2,2,2,2,2,2,2,1,2,2,3,3,3,3,2,2,1,5,7,5,1,1,1,1,2,2,2,2,2,3,2,3,2,2,3,1,1,2,2,3,1,1,1,1,3,3,3,3,3,3,3,3,3,3,1,1,2,2,2,2,2,3,2,2,2,2,2,2,2,1,1,1,1,1,1,1,1,1,3,3,3,3,3,3,3,4,3,3,2,3,4,4,4,6,3,2,4,4,3,3,3,2,2,4,4,4,5,4,5,4,3,1,1,2,4,5,4,2,1,2,2,2,2,2,2,1,1,1,2,2,3,3,3,3,2,2,2,1,1,1,2,2,4,4,3,3,3,3,3,2,1,1,1,1,1,1,3,3,2,2,3,3,3,3,2,2,3,3,3,4,4,4,3,3,4,3,1,1,3,4,4,3,2,1,2,2,2,3,3,3,4,5,4,3,1,0,2,3,3,4,4,3,4,4,3,3,2,3,2,1,2,2,2,2,2,3,4,3,2,2,1,1,3,3,3,3,3,3,3,3,3,3,3,3,3,3,1,2,2,2,3,3,3,1,1,3,4,4,4,4,4,4,4,3,4,4,3,3,3,3,4,4,3,3,3,4,4,4,4,2,2,2,2,2,2,2,2,2,3,3,3,3,4,4,4,4,3,2,3,3,3,4,4,3,2,2,3,3,3,3,3,3,5,4,3,2,4,5,4,3,4,4,3,4,4,5,5,3,3,3,2,2,2,1,1,1,4,4,3,3,3,3,2,2,2,2,2,2,2,2,2,2,2,3,3,1,1,3,4,2,3,2,2,2,2,2,3,3,2,3,4,4,4,4,3,3,1,2,3,2,2,4,3,1,1,1,1,1,2,2,2,2,3,1,2,1,1,1,0,2,3,3,2,2,2,2,3,2,3,3
170,3,3,2,2,2,2,1,3,3,1,1,1,1,3,3,3,2,3,2,4,4,4,4,3,3,2,2,1,3,3,3,5,4,3,3,3,3,3,4,4,4,2,2,2,2,2,0,4,3,4,3,4,3,2,2,2,1,1,2,2,2,2,4,5,5,4,4,4,4,4,4,4,4,4,4,4,4,3,4,4,2,1,1,1,1,1,1,4,3,3,4,3,3,3,3,3,3,3,3,3,3,4,3,3,3,3,4,4,4,4,4,4,5,3,2,3,4,3,1,1,3,3,3,3,2,2,3,2,2,3,3,2,1,2,3,3,2,2,2,2,3,3,3,3,3,3,3,3,3,3,3,2,2,2,2,2,2,2,1,3,3,2,2,2,2,3,2,3,4,3,2,2,2,3,3,2,2,2,2,2,2,2,2,2,2,2,2,2,2,2,3,3,4,3,2,4,5,5,4,4,3,1,2,4,4,3,2,2,2,2,2,2,2,2,2,2,2,2,2,2,2,2,2,2,2,2,2,2,2,2,3,3,3,3,3,3,3,4,3,3,2,2,2,3,3,3,3,3,2,3,3,2,2,2,2,2,2,2,2,2,2,2,2,4,4,4,4,4,4,4,4,4,3,4,3,3,2,1,1,4,4,3,3,3,2,2,2,3,3,4,4,4,4,5,5,1,1,1,1,1,2,2,1,3,3,3,3,3,3,3,3,3,2,1,1,2,2,3,3,1,1,2,2,2,2,2,3,3,2,2,2,2,3,3,3,1,0,1,2,2,2,4,3,2,2,2,2,2,3,4,4,2,2,2,2,2,2,2,2,4,4,5,4,4,2,3,3,4,4,4,4,4,3,3,3,3,4,2,1,1,3,4,4,4,4,4,2,2,4,4,4,2,1,1,1,2,2,2,2,3,3,1,2,2,2,2,3,3,3,4,4,4,3,4,4,4,4,3,3,2,1,1,1,2,2,3,3,3,3,4,4,3,3,3,3,3,3,3,3,5,3,3,2,3,4,6,3,3,3,3,3,3,2,2,3,3,2,2,2,3,3,3,2,2,2,2,2,2,2,2,2,2,2,2,2,2,2,3,3,3,3,3,3,2,2,2,4,3,0,2,3,3,4,3,3,2,1,1,2,2,2,3,3,1,0,1,1,1,1,2,2,3,3,3,3,3,3,3,2,1,2,2,2,3,3,3,2,2,2,3,3,3,2,1,1,1,1,2,2,3,3,2,2,3,4,4,4,3,3,3,3,2,2,1,2,1,1,1,1,3,4,3,2,1,2,4,4,3,2,4,4,4,4,2,3,2,3,3,3,2,2,2,3,1,1,1,1,2,2,3,3,2,2,2,2,2,2,2,2,2,2,3,3,3,3,2,2,2,2,2,2,2,3,4,4,2,2,2,2,3,3,2,3,2,2,2,2,2,2,2,2,3,3,3,3,3,3,3,3,3,3,3,3,4,4,4,3,1,1,1,2,2,2,2,2,2,2,2,2,2,2,2,2,3,3,4,3,3,3,3,3,2,2,3,3,3,4,2,2,2,2,2,2,3,2,2,3,2,2,2,2,3,2,3,3,2,2,2,2,2,2,2,2,2,1,1,1,1,1,1,1,2,2,2,2,2,2,2,2,2,2,2,2,2,2,2,2,3,3,3,3,3,3,3,4,1,1,1,1,1,1,1,1,2,1,1,1,1,1,1,2,3,2,2,3,3,3,3,2,3,3,3,4,4,4,4,4,2,2,3,3,3,3,3,2,2,1,2,2,2,2,2,1,3,4,4,3,3,2,2,4,3,2,2,2,2,2,2,2,4,3,2,2,2,2,3,4,2,2,2,2,2,2,2,2,3,3,3,3,3,3,3,3,3,3,3,3,3,3,3,3,2,2,2,2,2,1,1,1,3,3,3,3,3,2,3,2,0,1,1,1,2,2,1,2,3,3,3,3,3,3,3,4,4,4,3,2,2,1,1,1,0,2,4,5,5,4,3,2,2,2,2,2,2,2,3,3,1,1,1,1,2,2,1,1,2,3,3,3,3,3,2,2,2,3,3,3,2,2,2,2,3,3,3,3,3,3,3,3,2,1,2,2,2,2,2,1,2,3,4,6,6,4,3,4,4,2,2,3,3,4,4,4,2,2,2,2,3,3,3,3,3,3,3,3,3,3,3,3,2,2,3,3,2,2,1,3,4,2,1,1,1,1,1,2,2,2,2,2,2,2,2,2,2,2,2,2,2,2,2,2,2,2,2,2,3,3,4,3,1,1,1,1,1,1,0,1,1,1,1,3,5,5,2,1,1,2,2,1,1,1,2,2,2,2
171,2,3,3,3,5,5,6,4,3,3,3,3,3,3,3,2,1,2,3,2,3,2,1,2,1,1,2,2,1,1,1,4,4,4,3,4,4,4,4,6,6,6,6,5,5,6,5,1,2,4,3,4,4,4,4,4,3,6,6,4,4,2,3,4,4,3,5,5,3,5,3,1,3,3,2,1,1,2,4,3,3,4,4,4,4,4,3,3,2,2,2,2,2,2,2,1,3,4,3,3,3,4,4,3,2,1,2,3,3,3,2,2,2,2,2,3,2,3,3,2,2,2,2,2,2,3,3,1,1,1,2,2,2,3,3,3,3,3,3,3,3,3,3,3,2,2,2,1,1,1,2,2,2,1,1,1,1,1,3,3,4,4,4,4,4,4,4,5,3,1,1,2,3,3,1,1,3,3,3,4,4,3,3,2,2,2,2,2,2,2,4,2,3,3,2,2,3,4,4,4,4,4,4,4,3,4,3,2,1,1,2,2,2,3,2,0,1,2,2,3,1,2,4,3,3,3,2,2,3,3,3,2,2,2,2,2,2,2,3,3,2,2,2,2,2,3,3,2,2,2,3,3,4,3,4,2,2,2,2,2,2,2,2,4,6,4,2,2,2,4,6,4,4,4,4,3,2,2,2,2,3,3,5,5,4,3,2,1,1,2,2,2,3,4,4,3,3,3,3,3,3,3,2,3,3,2,2,3,3,4,4,3,3,3,3,3,3,3,3,1,2,1,1,1,1,2,2,1,1,1,1,1,1,1,2,4,3,3,3,3,3,3,3,3,3,3,1,2,3,3,3,6,5,5,4,3,2,2,0,1,1,2,2,1,1,1,1,2,2,2,2,1,2,4,2,2,3,3,3,3,3,3,3,1,1,1,1,1,1,1,2,3,3,3,3,3,3,3,3,3,2,2,2,3,3,3,3,2,1,1,1,1,2,2,2,3,2,2,2,3,3,2,3,3,2,2,2,3,4,4,3,2,2,3,4,4,3,2,2,3,3,3,3,3,3,3,3,3,2,2,2,3,3,3,3,3,3,4,3,3,3,3,3,3,3,3,3,3,3,2,3,4,4,4,4,4,4,4,4,4,4,4,4,4,4,4,3,2,2,1,2,2,2,3,3,2,2,2,2,2,2,3,2,1,3,4,4,3,2,2,3,4,3,3,3,3,3,3,3,4,3,3,3,2,2,2,2,2,2,2,2,2,2,2,2,2,2,2,2,2,2,2,2,3,2,2,3,5,5,4,3,1,1,1,1,1,1,2,3,4,4,4,4,4,4,4,4,3,3,3,3,3,3,3,3,2,3,4,7,7,5,2,3,3,3,3,3,3,3,3,3,1,1,1,2,2,2,2,1,2,2,1,2,2,2,2,2,3,3,3,3,2,2,2,2,3,3,2,2,2,2,2,2,3,1,3,3,3,3,3,3,3,2,2,3,3,2,2,4,3,1,1,2,2,3,3,4,2,1,4,4,4,3,3,1,2,3,4,2,2,1,1,1,2,2,1,1,0,0,1,1,2,2,2,1,1,1,1,3,2,1,2,3,3,3,2,1,2,3,3,2,2,2,2,2,2,2,1,2,2,2,2,3,2,1,2,3,2,3,4,4,4,3,1,1,1,1,1,1,2,2,2,2,2,2,2,2,2,1,2,2,2,2,3,3,2,2,2,2,2,2,2,2,3,3,2,2,2,2,2,2,3,5,4,4,4,3,3,3,1,1,1,1,1,1,1,1,2,2,2,2,2,1,1,2,2,2,2,2,2,3,3,2,2,3,2,1,2,2,2,3,2,3,2,2,2,2,2,3,2,2,2,2,2,2,2,2,2,2,2,2,2,2,2,2,2,1,1,3,3,3,1,1,3,3,3,3,2,2,2,3,4,4,4,3,3,2,2,2,2,2,2,2,2,2,3,3,2,2,2,2,2,2,2,2,3,3,3,3,2,2,2,2,2,3,3,3,2,2,2,3,1,2,2,2,0,0,1,1,3,2,0,0,1,3,4,3,1,2,2,2,2,1,1,2,3,3,3,3,3,4,2,2,3,4,4,4,2,2,2,2,2,2,2,1,1,1,1,2,2,2,2,1,2,1,1,2,2,3,3,2,2,2,2,3,3,3,3,3,3,3,2,2,2,1,2,2,2,2,2,3,3,3,3,3,3,3,3,2,2,3,2,3,3,3,3,4,4,2,2,2,1,1,3,3,3,1,2,2,3,3,3,3,3,3,3,3,2,2,2,2,2,1,2,2,2,2,3,3,2,2,2,2,2,2,2,2,3,3,1,2,4,4,4,3,2,2,2,2,2,2,2,2,2,2
172,2,2,2,2,2,2,2,2,3,2,3,3,3,4,4,1,1,2,3,3,3,4,3,2,2,2,2,2,2,2,2,2,2,2,3,3,4,3,3,3,5,5,4,4,4,4,3,2,2,2,2,2,3,3,3,3,2,4,3,4,3,2,1,3,3,3,3,4,4,4,4,2,2,1,2,2,3,2,2,2,2,1,2,2,1,1,1,1,1,1,2,2,2,2,2,3,2,3,3,1,2,2,2,3,3,3,3,3,3,3,3,2,2,1,1,2,2,3,2,3,3,3,1,1,1,1,2,2,2,3,3,3,3,3,3,3,3,3,3,3,3,3,3,1,1,1,1,1,1,1,1,3,2,2,2,2,3,3,4,3,3,3,3,3,3,3,3,2,2,3,4,4,4,2,1,1,1,0,1,2,3,2,1,2,3,3,3,3,4,4,5,3,3,2,3,4,3,4,5,2,2,2,2,2,2,1,1,2,2,3,3,3,3,3,4,5,3,2,2,2,2,2,2,4,4,2,1,2,1,2,2,3,3,3,3,3,4,4,4,4,4,4,3,3,3,3,3,2,2,5,5,4,4,3,1,2,2,2,2,2,2,2,2,2,2,3,3,3,3,2,2,1,3,4,3,3,1,1,3,4,4,4,3,4,3,2,2,4,4,4,4,4,3,3,3,3,2,1,2,3,4,3,2,1,1,3,3,2,2,1,1,3,4,4,4,3,3,3,4,5,4,2,2,2,0,0,1,2,3,3,3,3,3,3,3,2,2,4,5,4,3,2,4,6,6,4,3,3,3,2,2,3,3,3,3,2,2,3,3,2,2,1,1,2,3,3,2,1,1,1,1,1,1,1,1,1,2,2,2,2,2,2,2,2,3,3,3,4,4,4,3,1,1,1,1,2,2,1,1,2,3,3,2,2,2,2,1,2,2,3,3,4,4,4,3,2,2,0,4,4,2,4,3,2,3,3,1,1,1,1,2,3,4,4,3,3,3,4,4,2,2,3,3,2,3,3,3,3,2,1,1,3,5,3,1,1,1,1,1,1,1,1,3,5,3,2,3,4,4,4,4,2,2,3,3,3,4,4,4,5,4,3,3,4,3,3,3,2,3,4,2,2,2,3,2,2,2,3,5,3,3,3,3,1,1,1,1,1,2,2,2,3,2,2,2,2,1,1,2,3,2,1,1,1,1,1,1,4,4,4,4,4,4,4,4,4,3,2,2,2,2,3,4,2,2,2,2,3,3,4,4,3,3,3,3,3,2,2,2,2,2,2,2,2,3,3,3,2,2,2,2,3,3,4,3,3,2,1,1,2,2,2,2,3,3,3,3,3,3,3,3,3,3,3,3,3,3,3,3,3,3,4,5,4,3,3,2,3,4,5,5,5,3,3,2,2,3,3,3,3,3,3,2,1,3,3,2,2,2,3,3,3,3,4,4,4,4,3,5,5,4,3,2,3,5,5,3,2,2,3,3,3,2,2,3,3,3,3,3,3,3,3,3,2,2,2,2,2,3,3,3,3,2,1,2,3,4,3,3,3,3,3,4,4,3,4,4,2,2,2,2,2,2,2,2,3,3,3,3,3,3,3,3,2,2,2,2,2,2,2,2,2,2,2,2,1,1,1,1,1,1,2,2,2,2,2,2,4,4,3,3,4,5,5,4,2,3,4,4,4,4,3,2,1,1,1,1,2,2,2,3,4,3,2,2,2,3,4,2,3,3,3,3,3,3,3,3,3,3,3,3,3,3,3,3,4,4,4,4,3,3,3,3,3,2,2,2,3,3,3,2,2,2,2,2,2,2,3,3,3,3,3,3,3,3,3,3,4,4,4,3,3,3,2,2,1,2,2,2,2,2,2,3,2,2,1,1,2,3,6,4,1,1,1,2,2,2,2,2,2,1,1,1,3,4,3,1,4,4,4,4,4,3,4,4,2,2,2,3,3,3,3,4,2,2,2,2,2,2,2,3,4,3,2,3,5,5,4,3,3,3,3,3,3,3,4,3,2,2,2,2,2,2,2,2,2,3,2,2,2,3,3,3,2,2,3,3,3,2,2,4,2,0,1,1,1,1,1,1,2,1,1,2,2,2,2,2,3,3,2,3,3,3,2,3,2,3,3,2,1,2,3,3,2,1,2,2,1,1,2,2,1,1,2,2,2,2,2,2,2,2,2,2,3,2,2,3,3,4,4,3,2,1,3,4,2,2,3,3,2,2,2,3,2,1,2,4,5,4,2,2,3,3,2,2,2,1,1,1,1,1,3,3,3,2,1,1,2,2,2,2,3,4,3,4,4,4,4,3,3,2,2,2,3,4
173,3,4,4,4,4,2,1,2,4,4,4,3,3,3,4,2,2,3,2,2,2,3,4,5,5,4,3,3,3,2,1,4,3,3,4,4,3,3,4,5,5,4,2,1,2,3,3,2,3,3,3,3,2,3,2,2,3,3,3,2,2,4,4,4,3,4,3,3,3,3,3,4,4,4,5,5,5,4,5,3,1,1,1,2,3,3,2,2,2,3,4,4,3,2,2,3,3,3,3,3,3,3,3,1,1,2,2,2,2,3,4,5,4,4,4,3,3,2,2,4,4,3,3,3,4,4,2,1,2,3,3,3,3,2,1,2,2,3,3,2,2,3,2,1,1,1,2,2,2,2,2,3,3,2,1,1,3,3,3,2,2,2,2,2,3,3,3,3,2,2,2,2,2,2,2,2,2,2,2,2,2,2,2,2,2,2,2,2,2,2,3,3,2,2,2,2,2,3,3,5,4,3,3,2,2,2,1,1,1,3,3,3,3,3,2,3,4,3,2,3,4,5,5,2,2,2,2,2,2,2,2,2,3,2,2,3,3,3,3,3,3,3,3,3,3,3,3,1,1,2,1,1,2,2,2,2,2,2,2,2,2,2,2,2,2,2,2,3,3,3,3,3,3,3,3,2,2,1,1,2,1,1,1,1,1,1,2,3,4,3,2,1,2,3,3,3,2,4,4,3,2,2,3,3,1,1,1,1,1,1,1,2,2,2,2,3,3,3,3,3,3,4,3,3,2,2,2,3,3,1,0,2,3,3,3,2,2,2,3,3,3,3,3,2,2,1,1,3,4,3,3,3,3,3,2,3,3,3,2,2,2,2,2,2,2,2,2,2,4,4,4,4,3,3,5,3,2,2,2,1,1,1,1,2,3,2,2,2,2,2,3,2,2,1,1,3,4,4,4,5,5,4,4,4,3,3,3,3,3,3,3,3,3,3,3,2,2,3,3,3,2,2,1,3,5,5,3,2,2,2,1,3,3,4,4,5,4,4,3,2,3,3,3,3,3,3,3,1,2,3,3,3,3,1,2,3,3,3,3,3,3,3,3,2,1,1,1,1,1,1,2,3,2,2,2,1,1,1,2,2,3,3,3,2,1,3,2,2,3,3,3,3,3,4,4,2,2,1,1,2,2,2,2,2,3,2,2,2,2,2,2,3,3,3,3,3,3,3,3,3,2,2,3,4,3,3,3,4,4,3,3,2,2,2,3,2,2,3,3,2,2,3,2,2,2,2,2,2,2,2,2,3,3,3,2,2,3,3,2,3,4,3,3,3,2,3,6,5,4,4,3,2,3,2,2,3,3,3,4,4,4,3,2,3,3,3,3,3,3,3,4,5,5,4,4,3,4,4,4,2,3,3,3,3,3,3,2,2,1,1,1,1,2,2,2,3,4,4,4,4,4,3,4,3,3,3,2,2,2,1,2,3,3,4,4,2,4,5,4,2,0,2,3,3,3,3,2,2,1,2,3,2,3,3,3,2,2,3,4,3,3,2,2,1,1,4,3,2,1,2,3,3,3,3,2,1,1,1,1,3,3,2,1,1,2,3,3,3,3,3,3,4,4,4,5,4,2,3,3,3,3,3,3,2,2,3,3,3,4,4,3,2,2,2,2,2,2,2,3,4,3,3,3,3,3,3,3,1,1,1,1,1,1,1,1,2,2,2,3,4,4,4,2,3,3,4,4,2,3,3,4,4,4,4,4,3,2,3,3,3,3,4,4,5,5,3,3,1,1,2,1,1,2,2,2,4,3,3,3,3,3,3,3,3,3,1,2,3,3,5,3,1,3,4,3,1,2,2,1,1,3,3,3,2,1,2,3,2,3,2,2,2,2,3,2,2,3,3,2,2,2,2,2,1,2,3,4,4,4,3,3,3,4,4,4,4,2,0,1,3,3,3,3,3,3,3,2,2,3,3,3,3,3,4,4,3,3,3,3,3,3,3,3,1,1,1,1,1,1,3,4,2,1,1,1,1,3,4,5,5,4,3,2,3,2,1,2,3,4,4,4,4,2,3,4,4,4,4,3,3,3,2,3,3,2,2,2,2,2,3,3,1,2,3,3,2,3,3,2,2,2,2,1,1,2,2,2,3,3,2,3,3,3,3,3,3,2,3,3,4,4,3,3,3,3,3,3,3,3,3,3,3,3,2,3,4,5,5,3,2,2,3,3,3,3,3,3,4,4,4,4,3,3,5,4,0,1,1,1,2,3,3,4,3,4,4,3,3,2,2,1,1,1,1,1,1,1,1,1,2,1,1,1,1,1,1,1,1,2,2,2,2,2,2,2,2,2,2,2,2,2,2,3,2,2
174,3,1,1,1,3,3,1,1,2,2,2,3,3,2,2,1,1,1,1,2,2,2,2,3,3,3,2,2,2,2,2,2,1,4,3,3,4,2,3,3,3,3,3,3,3,3,3,4,3,2,2,2,3,3,3,3,3,4,4,4,4,4,4,2,2,1,1,1,1,1,1,2,4,5,4,3,3,2,4,2,2,3,2,2,2,2,1,1,2,2,2,3,2,2,2,2,2,2,2,2,2,4,1,0,1,2,2,1,1,1,1,5,3,3,3,3,2,3,2,1,1,2,2,1,2,3,4,2,3,4,4,2,2,2,2,2,3,3,2,2,2,2,2,3,3,3,3,3,3,3,3,4,3,1,4,4,3,3,6,2,2,2,2,2,4,4,4,1,1,2,3,5,5,5,5,1,1,1,2,3,4,4,3,3,3,3,4,4,3,2,2,2,3,3,3,3,4,3,4,4,5,5,5,4,4,3,3,4,3,3,4,5,4,4,4,4,2,1,1,3,3,3,2,3,2,3,3,3,3,3,3,3,2,2,2,2,2,2,2,2,2,2,2,2,2,2,2,2,3,4,4,4,4,3,3,2,2,2,2,2,2,2,2,3,3,4,4,3,3,2,2,3,2,3,3,4,4,3,3,2,2,1,1,2,2,2,4,1,1,1,1,2,3,2,2,1,2,2,1,1,1,2,2,3,3,3,3,3,3,4,5,4,2,2,3,4,6,6,4,2,2,2,2,2,2,2,2,2,3,2,2,2,3,2,2,2,1,0,0,0,1,1,2,3,2,2,3,3,3,3,2,1,1,1,3,2,2,3,2,1,2,2,2,2,2,3,3,2,3,3,3,3,3,4,4,3,3,3,3,3,3,3,3,2,2,2,2,3,2,2,2,2,2,2,2,2,2,2,2,2,3,3,3,3,3,3,4,3,3,3,3,3,4,3,4,3,2,3,2,3,3,2,2,1,2,2,2,2,2,2,2,1,1,2,2,2,2,1,2,2,2,2,2,1,2,2,2,3,2,2,3,2,3,2,3,3,3,3,3,3,3,3,4,3,3,3,3,3,3,3,3,1,1,1,1,1,1,1,1,1,1,3,3,3,3,1,1,2,2,2,1,1,2,3,3,4,3,1,2,4,4,3,1,4,5,4,2,0,0,2,3,3,2,3,3,3,4,4,4,1,1,1,1,3,2,1,1,2,4,2,2,3,3,3,3,2,3,2,1,1,1,2,2,3,3,4,3,3,3,3,2,2,3,3,2,2,2,3,2,3,2,2,2,2,2,2,1,1,2,4,2,1,1,3,2,3,4,3,4,4,4,3,2,3,3,3,3,4,3,4,5,3,2,2,2,2,2,2,1,2,3,4,5,6,6,5,4,1,1,3,3,3,3,1,1,1,1,1,1,2,2,2,2,2,1,2,2,4,4,3,2,2,2,2,3,3,3,3,3,2,1,2,4,5,5,3,1,3,3,2,2,4,4,3,2,3,3,3,3,3,3,2,2,3,2,0,1,3,5,5,6,6,4,3,3,4,5,5,6,6,4,2,3,3,3,3,2,3,3,3,3,2,2,2,2,3,2,2,3,5,4,3,2,2,3,3,1,2,3,4,3,2,2,2,2,2,2,2,3,2,2,2,2,2,2,2,2,1,1,1,1,1,1,1,1,3,2,2,2,2,2,2,2,4,4,4,3,3,3,3,2,2,2,1,2,2,3,3,2,2,1,1,2,3,3,4,4,3,3,3,3,3,3,3,3,2,2,2,2,2,2,2,2,2,2,2,2,2,2,2,2,2,2,2,2,2,2,2,2,1,2,2,2,2,2,2,3,3,3,3,2,2,2,2,2,3,3,3,4,4,4,4,4,4,3,3,3,2,2,4,4,3,3,3,3,3,2,1,1,1,1,2,2,2,3,4,3,2,1,1,1,2,2,2,1,3,3,3,3,3,2,2,2,0,2,2,2,2,2,2,2,4,4,3,3,3,3,1,1,0,1,2,1,2,2,2,2,1,1,1,1,1,1,1,1,1,2,3,4,2,2,1,2,3,2,4,4,4,3,2,1,3,3,2,2,4,4,3,3,3,2,3,2,2,3,3,3,3,2,2,2,1,2,2,3,3,3,3,3,3,3,2,3,3,3,2,2,2,3,2,3,2,1,2,2,1,2,1,1,2,1,1,1,1,1,1,2,3,3,2,0,0,1,2,2,2,2,3,4,4,4,4,3,1,2,2,3,3,3,3,3,2,1,2,2,1,1,1,2,3,3,3,3,3,2,2,3,3,3,3,2,2,4,2,2,2,1,2,2,2,1,1,2,2,2
175,1,1,1,1,1,1,1,4,5,3,3,4,5,5,4,3,3,2,3,2,3,2,2,1,1,1,1,1,1,1,1,3,3,2,2,2,2,1,1,2,4,4,4,3,3,3,2,2,4,3,3,3,2,2,2,1,3,4,3,1,2,3,1,3,5,4,4,4,3,2,4,2,3,4,5,5,4,2,1,1,2,2,3,3,2,1,1,3,3,3,2,2,2,2,3,0,0,1,1,1,1,2,2,3,2,3,4,4,4,6,6,3,3,3,3,3,4,3,2,2,3,3,3,4,5,4,3,3,3,3,3,3,3,3,3,3,3,3,3,2,2,2,3,1,3,3,2,3,3,4,5,3,3,4,4,5,5,4,2,1,1,1,1,1,1,1,1,1,1,2,2,2,2,2,2,4,4,3,4,4,3,3,4,2,2,1,2,2,3,3,2,2,2,2,2,3,3,3,2,4,6,5,3,3,3,3,4,1,2,2,3,3,4,4,5,1,1,1,1,1,1,1,1,2,3,3,3,3,3,3,4,2,2,2,2,2,2,2,2,2,2,2,2,2,2,2,2,2,2,3,3,4,5,5,6,4,3,3,3,3,3,3,3,4,3,4,4,3,4,3,3,4,3,3,3,2,2,2,3,1,1,1,1,1,1,1,1,3,2,2,2,2,2,3,4,4,3,3,4,3,3,3,3,4,5,4,4,4,3,2,2,3,3,3,3,2,2,2,2,2,2,2,1,1,2,2,3,3,2,3,4,3,3,4,3,1,2,2,2,3,3,3,3,2,2,1,2,3,2,1,2,3,3,3,3,3,3,3,4,4,2,2,3,3,3,2,3,2,2,1,2,2,2,2,3,4,4,2,3,4,4,3,2,2,2,2,2,2,3,3,3,2,2,2,2,2,2,2,2,3,4,4,4,4,4,4,2,2,3,4,4,4,3,2,1,3,2,3,3,2,1,3,5,4,2,0,0,0,2,3,3,3,2,2,4,2,1,1,1,2,1,1,2,2,2,1,1,3,3,2,2,2,2,2,3,3,3,3,3,3,3,3,3,4,3,2,3,5,4,4,4,3,2,2,2,2,3,2,2,2,2,2,2,1,2,2,3,1,1,1,1,1,1,1,1,1,2,3,2,1,2,3,2,2,2,2,2,2,2,2,2,2,2,2,2,2,2,2,3,3,2,2,3,2,2,1,2,3,3,3,3,3,3,3,3,4,4,4,4,4,4,4,4,6,5,4,2,2,4,4,4,3,3,3,3,3,3,3,3,3,3,4,4,4,4,3,3,3,1,0,1,2,3,2,1,2,3,3,4,4,5,5,3,3,4,4,4,4,4,3,3,2,3,3,2,2,3,3,3,3,3,3,3,3,3,3,2,3,3,2,2,3,3,4,4,3,2,2,2,2,2,2,2,1,2,2,2,2,2,2,2,3,2,2,1,2,3,3,2,2,2,2,2,4,3,1,1,3,3,4,3,4,2,0,0,2,2,2,2,2,2,2,2,2,2,2,2,2,2,2,3,2,3,3,3,3,2,2,2,1,2,2,2,2,2,2,2,1,0,1,0,1,1,1,0,1,2,2,2,2,2,2,2,2,2,2,2,2,2,1,1,2,2,1,1,2,2,2,2,2,2,1,1,3,5,6,4,2,3,3,2,2,2,2,2,4,3,2,2,1,1,1,1,2,2,2,2,1,2,2,2,2,2,2,2,2,2,2,1,2,2,2,1,1,1,3,4,1,1,1,1,2,2,1,1,3,2,2,1,1,1,1,1,3,3,3,3,3,4,4,3,2,2,2,2,2,2,1,2,3,3,3,3,3,3,3,3,2,3,3,3,3,3,2,2,1,1,2,2,2,2,2,2,2,2,3,4,4,3,3,1,3,2,2,2,2,3,2,2,4,4,4,4,2,3,4,3,3,2,2,2,2,2,2,2,1,1,1,1,1,1,1,1,4,4,4,2,3,3,2,3,2,1,1,2,3,3,1,2,2,2,2,2,2,2,2,2,2,2,2,2,2,2,2,2,2,2,3,3,2,2,2,1,2,3,4,4,3,2,3,4,3,1,1,1,1,2,2,2,1,1,1,1,1,1,1,1,4,4,5,5,5,5,4,3,2,4,4,5,5,4,4,4,3,2,3,3,3,3,4,4,2,2,2,2,2,1,1,1,1,2,3,2,2,2,3,4,0,0,1,1,1,3,2,2,2,2,3,3,3,2,2,2,3,4,4,4,3,3,3,3,1,3,4,3,1,1,2,2,2,2,2,2,2,1,1,2,5,4,3,3,3,2,2,3,2,2,2,2,2,2,3,2,1,2
176,5,6,5,3,2,2,2,2,4,4,2,2,4,4,2,4,4,4,3,3,2,2,3,4,4,2,1,1,3,5,6,3,2,1,1,1,2,3,3,3,3,3,3,3,3,3,4,5,3,2,1,1,1,2,3,0,1,1,1,2,2,2,2,1,2,2,2,2,1,2,1,2,3,3,3,2,1,2,4,7,3,1,2,4,4,4,3,3,3,4,3,3,2,2,3,2,2,3,3,1,1,2,2,2,2,2,2,3,3,3,3,4,4,2,2,3,4,3,2,4,5,4,2,2,4,4,2,3,3,3,2,2,3,4,5,4,3,2,2,2,2,3,3,3,4,3,2,2,3,4,4,5,3,1,2,4,5,4,2,2,3,3,3,3,2,2,2,2,1,2,4,5,5,3,1,2,2,3,3,3,3,3,2,3,3,3,3,4,3,4,3,3,2,2,3,2,3,3,2,2,3,2,2,2,2,3,3,4,4,4,4,4,4,4,4,2,2,2,2,3,2,2,2,2,2,3,3,3,3,2,2,2,2,2,2,2,2,2,2,3,2,1,2,2,2,2,2,3,3,3,3,3,3,2,4,5,4,4,3,3,3,2,2,0,2,3,3,4,4,3,3,2,2,2,2,2,2,2,2,1,1,1,1,1,1,1,1,3,2,3,3,3,4,4,3,3,3,2,2,2,1,2,3,2,2,2,2,2,2,2,2,3,3,4,4,4,4,3,3,2,2,2,3,3,3,3,3,2,2,2,3,4,3,1,1,2,2,2,2,2,2,2,2,3,3,3,3,3,3,3,3,2,2,2,2,1,1,1,1,2,2,3,3,3,2,1,1,3,5,3,2,3,3,2,3,3,5,5,4,4,3,2,3,3,3,2,2,4,4,3,2,1,1,2,2,2,2,3,3,3,1,1,2,2,2,3,4,4,2,2,4,4,4,4,4,4,4,3,3,2,2,3,3,1,1,1,1,1,1,1,1,1,1,2,3,3,3,2,1,4,4,2,2,2,2,4,4,2,2,2,2,2,2,2,2,3,3,3,3,3,4,4,4,3,4,3,2,2,2,2,3,2,2,2,2,3,3,3,3,2,2,3,3,2,2,3,3,2,3,3,4,3,3,2,1,0,2,2,2,3,3,4,3,2,2,2,2,2,2,2,2,2,2,3,3,3,3,2,2,1,1,2,2,2,2,1,1,3,3,4,4,4,4,3,3,3,5,5,3,3,5,5,3,4,3,4,3,3,3,3,3,4,3,1,1,2,2,2,2,3,3,3,1,1,1,1,2,3,3,4,4,4,3,3,3,1,2,3,3,2,1,1,2,6,6,4,4,2,2,2,2,2,2,2,2,2,2,2,3,3,3,3,3,3,3,2,3,3,3,2,2,2,2,2,1,3,3,3,3,3,3,3,3,1,1,0,0,1,1,2,2,2,2,1,1,1,2,3,3,3,2,2,2,2,3,3,4,3,3,3,5,5,3,2,1,2,2,1,2,1,1,2,3,3,2,2,3,3,2,2,2,1,2,3,4,4,4,2,3,3,3,2,1,1,2,2,3,5,3,2,2,2,3,3,2,1,1,1,2,2,2,2,2,1,1,1,1,1,3,3,1,1,2,3,2,1,1,1,1,2,2,2,2,2,2,3,3,3,2,2,2,3,3,3,3,2,2,2,2,2,2,2,2,3,3,3,2,2,2,2,2,2,3,3,2,2,3,2,2,3,4,4,3,2,4,3,4,1,2,2,2,3,3,1,2,2,1,2,3,3,3,3,3,3,2,2,3,4,6,7,5,4,4,4,4,4,4,3,3,2,2,3,3,3,3,2,2,1,1,2,2,2,2,1,1,2,2,3,3,3,3,2,2,2,2,2,3,3,3,3,3,4,4,4,4,4,4,4,4,5,3,3,3,3,3,3,3,2,2,2,2,2,2,2,2,3,3,2,2,3,3,3,3,2,2,3,3,3,3,3,3,2,3,3,3,2,1,2,4,3,3,3,3,3,3,3,3,3,2,2,2,2,3,3,3,2,2,2,2,2,2,2,2,3,3,2,2,2,1,1,1,2,3,3,3,3,3,3,3,2,3,2,3,3,2,3,3,1,2,2,1,1,1,1,1,1,1,3,3,2,3,2,2,1,3,3,3,1,1,3,3,3,3,3,3,3,3,3,3,1,2,2,2,2,2,1,1,2,1,1,2,1,2,3,2,2,2,1,1,2,3,3,2,1,2,2,1,1,2,2,1,1,1,1,1,1,2,2,3,2,2,2,1,2,2,2,1,2,2,2,2,2,2,2,2,1,1,1,1,1,1,1,1,1,1
177,3,3,3,3,3,3,3,2,2,2,3,3,3,3,3,1,3,3,3,2,2,4,3,2,2,2,2,2,2,2,3,2,3,3,3,4,4,4,4,6,6,4,4,4,4,5,5,3,3,3,3,3,3,3,3,2,2,3,3,4,4,5,5,3,3,3,3,3,3,3,4,3,2,3,5,4,2,2,4,2,2,2,2,2,2,2,3,2,2,2,1,1,2,2,2,3,2,2,2,1,1,2,2,1,0,2,2,2,2,2,4,3,2,1,3,4,4,3,2,2,2,2,2,2,2,3,3,2,2,2,2,2,2,3,5,4,2,3,2,1,2,4,4,3,3,3,3,3,3,3,3,3,3,3,3,2,2,2,2,2,4,5,4,2,1,2,2,2,4,5,5,5,6,5,4,3,3,4,4,4,3,3,3,2,3,3,4,5,6,5,3,4,2,3,3,2,1,3,3,3,3,3,3,4,3,4,2,1,2,3,3,4,4,6,4,1,2,1,1,1,1,1,1,2,2,3,3,2,2,2,3,4,3,3,4,4,3,3,3,2,2,2,2,2,2,2,1,2,1,3,4,4,4,5,5,2,3,3,3,3,3,2,2,2,2,2,2,2,2,2,4,3,3,2,2,2,2,3,3,2,1,2,2,3,3,3,3,6,3,2,3,4,4,4,2,2,2,2,1,1,0,0,2,2,3,3,3,2,2,3,3,3,3,3,3,3,3,3,3,3,3,3,3,3,2,2,3,2,2,2,2,3,3,3,3,2,1,3,3,2,2,1,2,1,0,4,5,3,1,1,1,2,2,3,3,3,3,4,4,4,4,4,4,4,4,4,5,5,4,3,4,4,3,3,3,2,2,2,2,2,2,2,2,2,3,3,4,4,3,3,2,1,1,2,2,2,3,4,4,2,2,3,3,3,3,3,3,4,4,3,3,3,3,2,2,5,4,4,4,3,3,3,2,1,1,1,1,1,2,2,2,0,1,4,3,3,5,6,3,3,3,3,3,3,3,3,3,3,4,5,5,5,4,4,4,3,3,3,3,3,2,2,2,5,5,5,5,4,5,4,4,4,3,2,2,2,2,3,3,1,1,1,2,1,1,2,2,3,3,3,3,4,3,3,4,2,2,1,2,2,3,3,2,4,4,3,2,1,1,2,2,3,3,3,3,2,3,3,3,5,4,3,3,3,2,2,2,3,3,3,3,3,3,3,3,0,0,1,1,2,3,3,3,3,1,2,3,1,1,1,1,2,3,2,2,2,2,3,3,2,1,2,2,3,3,3,2,1,2,2,3,3,3,2,2,2,2,3,3,3,3,4,4,6,4,2,2,3,3,3,2,2,2,2,2,3,2,1,1,2,2,3,4,4,3,2,2,4,2,2,2,3,4,3,2,3,3,3,4,3,4,3,3,2,2,2,3,3,3,3,4,4,3,2,2,1,3,3,3,2,3,4,5,5,5,4,3,2,1,1,2,2,2,2,2,2,3,3,1,2,1,3,3,4,5,5,4,3,3,4,4,4,3,3,3,3,3,3,3,2,2,3,3,3,5,3,1,1,1,2,2,3,3,2,3,3,3,3,3,3,3,3,3,3,2,2,2,2,2,2,2,2,2,2,2,2,2,2,2,2,1,3,3,2,1,4,5,4,3,3,3,3,3,3,3,3,3,3,3,3,3,3,2,2,2,2,2,2,2,2,2,1,1,1,1,1,1,1,1,2,2,2,2,2,1,1,1,0,1,1,1,1,1,2,1,2,2,1,1,1,1,1,1,2,2,2,2,2,2,2,2,1,1,2,2,2,2,1,1,1,2,2,2,3,3,4,4,3,3,2,1,2,2,4,4,3,3,3,3,3,3,3,3,1,1,1,1,1,2,2,2,1,1,1,2,2,2,3,3,4,3,2,2,2,2,2,2,3,3,3,3,3,3,3,3,3,2,3,3,3,3,3,3,2,2,2,2,2,2,2,2,3,3,3,3,4,4,3,3,2,2,2,2,2,2,2,3,3,3,3,3,3,3,3,3,2,2,2,2,3,3,2,2,3,2,2,2,2,2,2,2,2,2,2,2,2,2,2,2,1,1,3,4,4,3,2,3,3,3,2,2,3,2,2,4,5,5,4,4,5,5,3,3,2,2,2,3,3,3,3,3,3,2,1,2,2,2,4,4,4,4,4,4,4,3,3,3,4,1,1,2,1,1,1,3,3,3,3,3,3,3,2,2,2,2,2,2,2,2,2,3,1,2,2,3,3,3,3,2,3,2,2,2,2,3,2,2,1,2,2,2,1,1,3,3,1,3,4,4,2,1,0,2,3,3
178,2,1,2,2,2,3,3,2,2,2,2,3,3,3,3,5,4,3,3,2,3,3,4,4,2,2,3,4,5,5,5,6,6,4,4,4,4,5,4,4,6,5,4,2,2,4,3,2,2,2,2,2,2,2,2,1,1,1,1,2,2,2,2,2,1,1,1,1,1,1,1,1,2,2,3,3,2,2,1,3,3,3,2,2,2,4,4,3,3,4,4,3,5,7,4,3,4,4,3,3,4,4,3,1,3,3,2,1,1,1,2,4,4,3,3,3,3,3,2,3,3,3,3,3,3,3,3,4,4,4,4,3,3,3,3,2,2,2,2,2,2,2,2,2,3,3,3,3,3,3,3,3,3,4,4,3,2,1,1,3,3,2,2,1,1,1,2,2,4,5,4,2,3,3,3,3,4,4,3,3,3,3,3,2,2,3,3,2,2,2,2,1,2,3,3,4,4,3,2,3,3,3,3,3,3,3,3,1,2,3,3,3,2,3,4,1,1,2,2,2,2,1,1,1,2,3,2,2,2,2,2,3,3,3,3,3,3,3,3,2,2,2,2,3,3,3,3,5,3,3,2,1,2,2,0,3,3,2,2,3,3,4,4,2,2,3,3,3,3,2,2,2,2,2,2,2,2,2,2,1,2,3,3,3,3,2,1,2,3,3,3,2,2,2,3,3,2,2,2,3,2,2,3,3,3,4,4,4,3,2,1,3,3,3,2,2,2,1,1,3,1,0,1,2,3,2,1,1,2,3,2,1,0,2,4,2,2,3,3,3,3,4,4,2,3,4,3,2,2,3,4,3,2,1,1,2,3,2,1,3,3,3,3,3,3,3,4,5,4,3,3,2,2,2,3,3,3,2,2,2,2,2,2,2,2,2,2,2,2,3,3,2,2,2,2,2,2,2,2,2,2,4,4,4,2,4,4,3,3,3,2,2,2,2,2,1,3,4,4,3,2,3,2,1,1,2,3,3,4,4,4,4,5,5,4,3,2,1,1,2,2,2,1,3,3,4,3,2,2,2,2,2,2,2,2,2,2,2,2,2,2,2,2,2,3,2,2,2,2,3,3,1,1,1,1,1,1,1,1,3,3,5,4,3,2,1,3,3,3,3,3,3,3,2,3,1,1,1,1,1,1,1,1,2,2,2,2,2,2,2,2,2,2,1,2,1,1,1,1,2,2,3,5,4,4,6,4,2,2,2,2,2,2,2,2,3,3,3,3,3,3,3,3,2,3,3,2,2,3,3,2,3,3,3,3,2,2,2,2,2,2,2,3,3,3,3,3,2,2,3,4,4,4,3,3,2,4,4,3,3,2,4,4,3,3,4,3,3,3,3,4,3,3,3,3,3,3,3,3,2,2,2,2,3,3,2,2,1,2,3,3,1,2,1,2,1,1,1,2,2,2,2,2,2,2,1,2,2,2,3,3,2,1,2,2,2,2,2,1,1,2,4,5,5,5,3,3,1,1,1,1,1,1,2,2,2,2,2,2,2,2,2,2,2,1,1,3,4,2,1,3,3,2,2,2,2,2,2,2,2,2,2,2,2,2,2,2,3,3,3,3,2,2,2,2,2,2,2,2,2,2,2,2,2,2,2,1,2,2,2,3,4,4,3,3,3,1,1,1,1,1,1,1,1,1,2,2,5,4,2,1,2,3,4,3,3,3,3,4,4,2,2,1,2,4,4,4,4,4,4,4,3,3,2,2,2,2,1,1,1,3,4,4,2,1,2,2,3,3,3,3,3,3,3,3,2,2,2,2,2,2,2,2,3,4,4,3,4,7,6,3,2,1,2,3,3,2,3,4,3,3,1,1,1,1,3,3,3,3,3,4,4,3,2,1,2,3,4,3,3,2,3,4,5,5,5,5,5,4,2,1,2,2,1,1,2,2,3,4,3,3,2,1,1,2,3,3,1,1,1,1,1,1,1,1,1,1,1,2,2,2,2,2,3,2,2,2,3,3,2,2,2,3,2,2,2,1,1,1,1,1,1,1,2,2,2,2,1,2,2,2,2,3,3,3,4,3,3,2,3,3,4,4,5,5,5,5,4,3,3,2,2,3,2,1,1,1,2,2,1,1,1,2,2,2,2,2,3,1,1,1,2,3,2,1,1,1,1,1,2,2,2,2,2,2,2,2,3,3,3,4,4,3,2,2,2,2,3,4,3,3,3,3,3,3,3,3,1,1,1,1,2,2,1,1,2,4,6,6,6,4,2,2,2,2,4,4,4,3,2,2,2,2,1,1,1,2,3,3,1,2,3,3,3,3,2,1,3,4,2,3,3,3,3,3,6,5,4,4,3,2,1,2,1,1
179,2,2,2,3,3,3,4,3,3,4,4,2,3,3,4,4,7,5,2,1,2,2,2,4,3,2,2,3,3,2,1,2,2,3,3,3,3,2,1,2,4,4,3,4,5,4,2,4,3,4,4,3,3,5,5,3,2,2,3,3,3,3,2,3,3,4,3,3,3,3,3,2,2,2,2,2,2,2,3,4,4,4,4,3,4,4,4,4,3,3,2,3,4,5,5,3,3,4,4,4,3,2,2,2,2,3,4,4,3,3,2,1,2,3,3,3,3,2,3,4,4,4,4,5,5,3,3,3,2,1,1,1,1,2,3,3,3,2,1,1,1,3,2,4,3,5,4,2,3,3,4,3,2,3,2,3,4,3,4,2,2,2,2,2,2,2,2,2,2,2,2,2,2,2,2,2,1,3,3,3,3,3,2,1,1,2,3,3,3,2,2,1,1,2,2,3,3,3,4,4,4,4,3,3,3,3,3,3,2,2,3,5,5,5,4,3,3,2,1,2,2,4,4,2,1,1,1,2,2,3,4,3,3,3,3,3,3,3,3,3,3,3,3,3,3,3,3,2,4,4,3,3,5,5,4,3,3,3,3,3,3,3,3,3,3,3,3,3,3,3,3,3,3,3,3,3,3,3,3,2,2,3,4,4,3,2,2,3,4,3,3,2,1,1,1,2,3,3,3,3,3,3,4,5,5,3,3,3,3,3,2,2,3,3,3,3,4,4,5,3,3,3,2,2,1,1,1,2,3,1,1,2,3,3,2,3,3,3,3,3,3,3,4,2,1,1,1,1,2,3,3,3,3,2,2,2,1,2,1,2,3,4,3,3,3,4,4,2,2,2,2,4,4,4,3,3,3,3,3,2,3,2,3,2,3,3,4,3,3,3,3,3,3,3,4,3,2,3,3,2,3,5,6,5,3,3,5,5,2,2,3,3,3,3,3,3,4,4,5,5,5,4,2,3,3,3,3,3,3,3,3,3,3,3,3,3,3,2,6,7,5,5,4,4,3,3,1,1,1,1,2,2,2,3,4,3,3,3,4,4,3,4,4,3,3,3,3,3,3,3,3,4,4,4,3,4,3,3,3,3,3,3,2,2,3,3,4,3,3,3,3,2,2,2,3,2,2,4,4,4,4,4,5,4,3,3,3,3,3,3,3,2,2,2,2,2,2,2,2,2,2,2,2,2,2,2,2,2,2,2,2,2,2,2,2,2,2,2,2,2,2,2,2,2,2,2,2,2,2,2,2,2,2,2,2,1,1,1,2,4,3,4,3,4,3,3,4,3,4,4,4,4,4,3,4,4,4,3,4,5,5,4,3,4,5,5,5,6,4,3,3,3,2,2,2,2,2,2,2,2,2,2,2,2,2,2,2,4,4,4,3,3,3,2,3,3,3,3,3,3,4,4,3,2,2,3,3,2,3,3,4,4,3,3,3,3,3,3,3,3,2,3,3,3,3,3,3,3,2,4,4,3,2,3,4,6,5,4,3,1,1,2,2,3,3,3,4,4,4,3,3,1,1,1,1,1,1,1,2,1,2,2,2,2,2,2,2,4,4,4,3,3,3,3,3,3,3,3,3,3,3,3,3,1,1,1,1,1,1,1,1,1,1,1,1,1,1,1,1,2,2,2,2,2,2,2,2,3,3,3,3,3,2,1,1,2,3,3,3,3,3,5,4,2,2,2,2,2,2,2,3,2,3,4,4,5,4,3,3,2,2,2,2,2,2,2,1,2,1,0,1,3,4,4,2,3,4,5,4,2,1,1,2,2,2,2,2,3,2,2,2,4,4,3,3,2,2,2,2,2,2,3,3,4,3,3,2,2,3,4,3,2,0,0,0,2,2,3,2,3,3,3,3,5,5,4,4,3,3,2,2,3,2,2,2,2,2,3,3,4,4,4,3,3,3,3,2,1,2,3,3,3,3,3,3,2,2,1,1,1,1,2,2,2,3,3,2,2,2,2,1,3,4,2,3,3,4,2,1,2,1,1,1,2,2,2,2,3,3,3,3,3,3,3,3,2,2,2,2,2,2,2,2,1,2,3,4,4,3,2,1,1,3,3,2,2,3,3,2,1,0,0,2,3,5,4,4,4,3,2,2,2,2,3,4,1,2,2,3,3,2,1,1,1,1,2,2,2,2,2,1,1,1,1,2,2,3,3,3,5,2,1,2,2,2,2,2,1,2,2,2,3,2,3,4,2,2,2,2,2,2,2,2,3,3,1,1,1,2,3,4,3,4,2,1,3,3,3,4,3,2,2,2,1,1,1,2,4,4,2,2,3,4,3,2,3,4,3,2,2,3,3,3,3,4
180,3,3,3,3,3,3,3,4,4,3,2,2,2,2,2,3,3,4,4,5,5,5,5,7,4,3,3,4,4,3,2,3,3,3,3,3,3,3,3,5,4,3,4,4,4,4,2,2,3,3,2,3,3,3,3,4,3,3,3,3,3,3,3,3,2,1,3,4,4,3,1,2,3,3,1,2,3,5,4,3,5,3,3,2,2,5,5,2,2,2,2,1,2,4,5,3,4,3,3,4,4,4,3,3,2,1,1,3,3,2,2,2,2,2,2,2,1,1,1,1,2,3,3,3,3,3,3,2,2,2,2,2,2,2,2,1,1,2,2,2,2,2,2,2,2,2,2,2,2,2,2,2,3,3,4,4,3,3,2,2,4,4,5,4,4,2,2,3,2,3,4,3,4,2,2,1,1,2,3,5,5,3,3,3,3,3,3,3,3,3,3,3,3,3,3,3,3,3,3,1,1,1,2,2,2,2,2,2,2,2,2,2,2,2,3,4,3,2,1,2,2,3,3,1,1,2,2,2,2,1,1,1,1,2,2,3,2,2,2,2,2,2,2,2,2,2,2,1,1,1,1,2,2,3,3,2,2,2,2,3,3,4,4,5,5,5,5,5,5,5,5,3,2,2,3,2,2,3,3,4,4,4,3,3,4,4,4,4,3,3,2,3,2,4,4,4,2,2,2,2,2,3,4,4,3,3,3,3,2,3,2,1,2,2,3,3,3,3,3,2,2,2,2,2,2,2,2,3,3,4,5,5,4,3,1,2,2,2,3,3,3,3,3,2,3,3,3,2,2,2,4,1,1,4,5,4,3,2,1,3,3,2,2,2,2,3,3,1,1,2,2,3,3,3,3,3,3,3,3,3,3,3,3,3,3,4,3,3,3,2,2,4,4,3,3,3,2,2,2,3,3,3,3,3,3,3,3,3,2,3,3,3,3,2,2,2,2,3,3,3,3,3,2,2,2,2,2,2,2,2,3,1,2,3,3,2,2,1,2,2,2,2,2,2,2,2,2,4,4,3,2,2,2,4,5,3,1,2,2,2,2,3,3,3,3,3,3,3,3,3,3,3,2,3,3,3,3,4,4,1,1,1,1,1,2,3,2,2,3,3,3,3,3,2,1,2,1,1,1,2,2,2,2,2,2,2,2,2,1,1,1,1,1,1,1,1,1,1,1,2,3,3,2,2,2,1,2,2,2,2,2,2,2,2,2,0,1,2,3,3,4,2,0,3,3,3,4,4,3,2,1,4,4,3,3,3,2,3,4,4,3,3,3,2,2,2,2,3,4,3,2,2,2,3,3,4,4,4,3,3,3,3,2,2,2,3,3,4,4,5,4,2,2,3,3,2,1,2,3,3,3,2,3,3,4,4,4,3,4,4,3,2,2,1,0,3,2,1,1,1,1,2,3,3,3,2,2,2,2,1,1,1,1,1,1,1,1,1,1,3,3,3,3,3,3,3,3,2,3,3,2,2,2,2,3,2,1,2,2,2,1,2,1,2,4,3,2,2,2,2,3,5,4,4,4,4,4,4,4,4,3,3,3,3,3,3,3,2,1,1,1,1,1,1,1,2,2,2,2,3,3,3,3,2,2,2,2,2,2,2,3,2,1,1,1,1,1,2,3,2,2,4,3,2,2,1,2,4,4,3,2,2,2,2,2,2,2,2,2,2,2,2,2,3,3,3,3,3,2,1,0,1,1,1,1,1,1,1,1,3,3,3,3,3,3,3,3,2,1,1,1,1,3,3,3,4,3,3,3,3,3,2,3,3,3,2,3,3,2,2,2,2,2,4,6,6,6,4,2,2,2,2,3,3,4,4,4,3,3,3,3,3,3,3,3,2,2,3,3,3,3,2,1,3,3,3,3,3,4,4,4,1,3,5,4,3,2,4,5,3,2,1,2,3,3,2,2,2,3,4,3,2,2,3,4,3,3,3,3,3,3,3,3,4,3,2,2,3,3,4,3,2,2,2,2,2,2,2,2,2,2,2,2,2,2,2,2,3,3,3,3,3,3,3,3,2,2,1,1,1,1,1,1,3,3,3,3,3,3,3,3,2,2,2,1,2,2,2,2,2,2,2,2,2,2,2,2,2,2,3,3,3,3,2,1,4,2,0,0,2,3,3,2,3,2,2,2,4,5,4,3,0,0,0,1,1,1,1,1,1,1,2,2,2,2,1,1,1,1,1,1,1,1,1,1,2,2,2,2,2,2,2,2,1,1,1,1,1,1,1,1,1,1,2,1,2,2,4,4,2,1,2,1,1,1,1,2,3,3,3,3,3,3,3,2,1,1,1,1,1,1,2,1,3,2
181,4,2,2,2,2,3,3,2,3,4,3,2,2,3,4,3,2,2,2,3,3,3,4,1,1,3,4,4,4,3,3,2,1,1,3,3,1,1,2,3,3,4,3,2,1,1,2,2,2,2,2,2,2,2,2,2,2,2,2,3,3,3,3,3,3,3,3,2,2,2,2,2,2,3,4,4,4,3,3,4,4,3,3,2,2,2,2,4,4,3,3,3,3,2,2,2,3,3,3,4,3,3,2,2,1,2,4,5,5,6,5,1,1,3,3,2,1,1,1,2,2,2,2,2,2,2,3,3,2,1,2,4,5,4,3,4,3,2,2,2,2,3,4,2,2,2,3,3,4,4,4,1,2,2,2,3,4,4,4,2,2,2,2,2,2,2,2,1,1,2,3,3,2,1,1,3,3,2,2,3,3,2,2,4,3,4,3,4,2,0,0,3,4,4,3,2,1,1,2,2,2,3,2,2,2,2,2,3,3,3,4,4,4,4,4,4,3,2,1,2,2,4,4,4,3,2,2,1,1,1,2,1,2,3,3,3,3,3,3,2,2,2,2,2,2,2,2,2,2,3,3,3,3,4,4,2,2,1,1,3,4,4,3,2,2,2,3,3,3,4,4,2,2,2,2,2,2,2,2,2,4,6,4,3,2,4,3,1,2,3,3,3,3,1,2,2,2,2,2,2,2,2,3,3,4,3,2,2,3,4,3,3,3,3,3,3,3,3,3,2,2,2,2,3,3,3,3,2,3,3,3,3,2,0,1,3,4,4,3,2,3,4,4,3,3,3,3,3,3,3,5,4,2,2,3,3,2,2,3,3,3,4,4,4,4,4,4,4,4,3,3,3,3,2,3,3,3,4,4,4,4,3,3,3,4,4,4,4,2,0,1,1,1,1,1,1,1,1,2,2,2,1,3,4,4,4,3,3,3,3,2,2,2,2,2,2,2,1,1,1,1,2,2,1,2,2,2,2,2,3,3,2,2,2,2,3,3,2,2,3,3,3,3,3,3,3,4,2,2,2,2,2,2,2,2,3,3,3,3,3,3,3,3,3,3,3,3,3,3,3,3,2,2,3,3,3,3,4,4,2,2,2,2,2,2,2,2,3,4,4,4,4,2,2,2,3,3,4,4,4,3,4,3,2,3,4,3,2,2,2,2,2,3,3,3,3,3,3,2,3,3,3,3,3,3,3,3,3,3,3,3,2,2,2,1,1,1,2,2,3,3,3,3,2,2,3,3,4,5,6,7,1,1,1,1,1,1,1,1,2,3,3,4,4,3,3,3,3,2,1,1,2,2,1,0,2,2,2,3,3,4,4,4,3,2,1,1,3,3,2,1,3,3,3,3,3,3,3,3,1,1,1,1,2,2,2,2,3,3,3,3,3,3,3,3,2,1,1,2,3,4,4,3,2,2,4,4,4,4,3,3,1,2,4,5,6,5,3,3,2,2,4,5,5,6,6,6,2,1,3,3,2,2,3,4,4,3,3,2,2,1,1,2,2,2,2,2,2,3,2,3,3,3,3,3,3,3,3,4,3,3,3,3,3,3,3,3,3,4,4,3,1,1,2,2,3,2,3,3,2,3,4,3,2,1,2,2,3,3,3,3,3,3,4,4,4,3,3,3,4,4,4,4,4,4,4,4,4,3,3,4,4,4,5,4,3,1,0,1,2,3,2,2,2,1,1,3,3,3,3,2,2,2,2,2,2,2,2,2,1,2,2,3,3,3,3,2,3,3,3,3,3,3,3,3,3,3,3,3,3,3,3,5,4,3,3,3,4,5,3,2,3,2,2,2,2,2,3,2,3,3,2,2,2,2,3,3,4,3,4,4,3,3,2,2,4,3,2,4,4,3,1,3,4,3,3,2,2,2,2,2,1,1,3,3,3,2,2,2,3,2,2,2,2,2,2,3,3,3,3,3,3,3,3,3,2,3,3,2,2,3,3,2,2,1,1,1,1,2,2,3,3,4,3,3,3,3,3,3,2,1,2,2,2,2,3,3,2,2,2,2,3,4,4,4,1,1,1,2,4,3,4,5,3,3,3,2,2,2,2,2,3,3,3,3,3,3,3,3,3,3,3,3,3,4,4,4,2,2,3,2,3,3,3,3,3,3,3,3,3,4,3,3,1,1,1,1,1,1,1,1,1,1,1,1,1,1,1,1,3,3,3,3,2,2,1,1,1,2,2,2,2,2,2,2,2,2,2,2,2,2,1,1,3,2,2,2,2,2,2,2,3,3,3,2,2,1,1,2,2,3,3,3,4,4,4,3,1,0,1,1,2,3,3,2,2,2,3,2,3,3,3,4,1,1
182,3,4,3,3,3,3,3,2,2,2,2,2,2,2,3,3,3,3,3,3,4,3,4,5,4,3,2,2,2,2,4,2,3,5,5,5,6,6,5,3,3,3,3,3,3,4,4,2,2,2,2,2,2,2,2,1,1,1,1,1,1,1,1,2,2,3,3,3,4,4,3,2,3,5,5,4,3,1,1,3,3,2,2,2,2,3,3,1,2,3,3,3,3,1,2,3,3,3,3,3,3,3,3,1,2,2,1,3,3,2,2,2,2,2,4,4,3,2,2,2,3,3,3,3,4,4,5,4,2,1,1,2,2,2,3,3,3,3,3,3,3,3,3,4,3,3,3,2,2,2,1,0,1,1,2,2,2,2,2,3,2,2,2,2,3,3,3,2,0,0,1,3,4,4,2,2,3,2,3,3,3,3,3,2,3,4,4,3,3,4,3,4,3,3,3,3,3,3,3,2,2,2,1,1,2,3,4,4,2,2,2,3,3,3,3,3,3,3,2,2,2,3,4,1,1,1,1,3,3,2,3,4,4,3,1,3,4,4,4,2,2,2,2,2,2,2,2,2,2,2,2,1,1,1,1,2,2,2,2,2,2,2,2,2,3,3,4,4,3,3,2,2,2,2,2,2,2,2,2,2,2,2,2,3,3,3,3,4,2,1,2,3,4,3,1,2,2,1,2,2,3,2,2,2,2,2,2,2,2,2,2,3,3,3,3,3,3,3,3,2,1,1,1,1,2,3,3,2,2,2,2,2,2,2,2,1,2,3,3,2,3,2,2,3,3,4,3,3,3,3,4,2,1,2,2,2,2,3,3,4,4,4,4,4,4,3,3,2,2,2,2,2,2,2,2,2,2,1,1,1,2,2,2,1,2,2,3,4,4,4,4,3,3,2,3,3,4,5,4,2,3,4,4,4,4,3,3,3,3,3,3,4,4,4,4,2,2,2,2,2,1,2,2,1,1,1,1,1,1,1,1,1,1,2,2,2,2,2,2,2,2,2,3,3,3,4,4,3,3,3,3,3,3,3,3,2,2,3,3,3,3,4,4,3,2,1,2,3,4,3,2,2,2,2,2,2,2,2,2,3,3,3,3,3,3,2,2,4,3,2,2,2,2,3,4,2,1,1,2,2,3,3,3,4,4,4,4,4,3,2,2,2,2,4,4,4,3,2,3,3,3,3,3,2,2,1,2,3,3,3,2,2,2,2,1,2,2,2,2,2,3,3,2,4,3,3,3,3,3,3,3,2,2,2,2,2,2,2,3,2,3,3,3,3,3,2,2,3,3,2,2,2,1,1,4,4,4,3,3,3,3,2,2,0,1,1,1,5,7,5,1,3,2,1,3,4,4,3,2,3,3,4,5,4,4,3,2,0,1,5,3,2,2,1,1,2,2,3,3,3,2,2,1,3,2,2,3,5,5,3,1,2,2,2,3,3,4,4,4,2,3,3,4,3,3,3,3,2,2,2,2,3,3,3,3,2,2,2,1,1,2,2,2,2,3,4,4,2,1,3,4,4,3,3,3,3,3,3,3,1,2,2,4,4,4,5,6,4,4,3,3,2,1,2,2,4,4,3,2,3,3,4,4,5,2,0,2,2,2,2,2,0,1,4,5,4,3,1,1,2,2,2,2,2,2,2,2,2,2,2,2,2,2,2,2,2,3,4,3,2,1,2,3,1,1,1,1,1,1,1,1,1,2,2,2,3,3,3,3,0,1,1,1,2,2,2,1,0,2,2,1,2,4,4,3,2,2,2,3,3,3,4,4,1,1,1,1,1,1,1,1,2,2,2,3,3,2,1,1,2,2,2,2,3,3,3,3,2,2,2,2,2,2,2,2,4,5,5,5,5,4,4,3,1,1,1,1,1,1,1,1,2,2,2,2,2,2,2,2,3,3,3,3,3,3,3,3,3,2,2,2,2,2,2,3,3,3,3,3,3,3,3,3,3,4,4,3,3,3,3,3,2,2,2,2,2,3,3,3,3,3,3,3,3,3,3,3,2,2,2,2,2,2,2,2,2,2,2,2,2,2,2,2,3,4,6,4,5,3,3,3,1,3,4,4,3,3,4,3,1,2,4,4,4,4,2,2,5,4,3,3,2,1,1,2,2,2,2,2,2,1,1,2,2,2,2,2,2,2,2,3,2,1,1,1,3,3,3,2,1,1,2,3,2,3,4,4,4,2,3,2,2,3,3,2,3,2,2,2,2,2,2,2,2,2,2,2,2,2,2,2,1,1,1,1,2,3,3,3,3,4,4,4,3,2,3,3,3,2,2,2,2,2,2,2,1,2,2,1,1,2,2,1,3,3
183,2,3,3,4,4,4,4,4,4,4,4,3,3,3,3,1,1,1,1,1,1,1,1,2,3,3,3,2,1,1,2,4,4,4,4,2,2,3,5,6,6,6,6,5,3,3,4,4,3,3,3,3,3,3,3,5,5,4,3,2,2,2,3,2,3,3,3,2,2,2,1,1,2,2,2,2,2,3,3,2,3,4,3,3,3,3,3,2,2,3,4,4,4,4,4,4,4,4,4,4,5,5,5,3,3,3,3,3,3,3,3,2,2,1,1,1,1,1,1,1,2,5,3,2,2,2,3,3,3,3,2,2,2,2,2,3,3,3,3,3,3,3,3,4,4,3,2,2,3,4,3,1,1,1,2,3,3,3,3,3,3,3,2,2,2,2,4,5,4,3,3,3,3,3,3,4,3,1,1,1,2,3,3,3,2,2,3,3,2,1,2,3,2,1,1,1,1,3,3,3,3,3,3,3,3,3,3,2,2,2,2,3,3,3,3,1,2,3,4,4,3,3,2,4,2,1,1,1,2,1,0,2,3,2,2,2,1,2,3,3,3,3,2,2,3,3,2,3,3,3,3,3,3,3,3,4,3,2,2,2,2,3,4,2,3,5,4,3,2,2,2,4,4,4,4,4,4,4,4,0,1,3,4,5,4,4,4,1,2,4,3,2,1,1,3,4,2,2,3,3,3,2,2,3,3,3,3,3,3,3,3,2,1,3,3,4,3,2,2,3,3,3,3,3,3,3,3,3,3,3,3,3,3,3,3,3,3,3,4,4,3,3,3,3,3,2,1,2,2,2,2,3,5,5,3,3,5,5,3,2,2,2,2,2,2,2,2,1,2,4,4,3,3,4,5,3,1,3,2,1,3,3,2,3,2,1,1,1,1,1,1,1,2,1,1,2,1,1,1,3,4,3,3,3,3,4,5,3,2,2,3,4,5,5,3,2,2,3,3,3,3,3,2,2,3,3,3,3,2,2,2,1,1,1,1,1,1,2,1,2,3,2,2,2,3,4,5,2,2,3,3,3,3,2,2,3,2,1,1,2,4,3,3,3,3,3,3,3,3,3,4,3,3,3,3,3,3,3,3,3,3,2,3,3,3,2,2,2,1,2,2,3,3,4,4,4,4,2,2,2,2,3,4,2,1,1,1,1,1,1,1,2,2,2,2,2,2,2,2,1,1,1,2,2,3,3,3,1,1,1,1,2,2,2,2,2,2,3,4,4,3,2,2,3,3,3,2,2,1,1,1,2,1,2,2,3,3,3,3,2,1,1,1,3,3,3,3,2,2,2,1,1,1,2,2,2,3,4,4,5,5,4,4,3,2,2,2,2,2,3,3,3,3,3,3,3,3,3,3,3,3,3,2,2,2,4,4,2,3,2,0,2,4,4,3,2,2,2,2,2,2,2,3,3,3,3,3,4,4,3,3,3,2,2,2,2,3,3,3,2,2,3,4,4,4,3,3,2,1,2,2,3,3,3,4,5,4,3,2,1,2,2,4,2,2,3,3,4,4,5,6,5,4,4,3,3,2,2,1,3,3,3,3,3,2,2,2,3,3,3,3,3,3,3,3,2,2,4,3,2,2,3,4,2,0,0,3,3,2,2,1,1,1,1,2,2,2,2,3,5,3,1,2,2,2,3,4,3,3,2,2,2,2,1,1,1,1,1,2,2,2,2,2,4,4,4,4,4,3,1,1,2,2,2,2,2,2,2,2,1,1,2,2,3,4,4,4,2,3,3,3,3,3,2,2,2,2,2,2,2,2,2,2,2,1,1,2,4,5,5,4,3,3,3,3,3,3,3,3,1,2,3,3,4,4,3,3,2,2,2,2,2,3,3,3,0,1,1,2,2,3,3,4,1,2,2,2,2,2,3,3,2,1,1,1,2,2,2,1,2,2,2,2,3,3,4,5,4,4,3,4,4,4,3,2,2,3,2,2,3,4,4,3,2,2,3,3,2,2,2,2,2,2,2,2,2,2,2,2,2,2,2,2,2,2,2,2,1,1,1,1,1,1,1,1,1,1,1,1,1,2,2,3,4,3,1,1,1,3,4,1,2,2,1,2,2,3,3,2,1,1,3,4,4,4,4,2,0,1,2,2,3,3,2,1,1,1,2,3,3,3,2,1,2,2,2,2,2,2,2,2,3,3,3,3,2,2,2,2,1,1,2,2,2,3,3,3,3,3,3,2,2,2,4,4,4,1,2,3,4,4,1,1,1,0,1,2,2,0,1,2,2,2,2,2,2,2,2,2,1,2,2,2,2,3,3,3,2,2,2,2,2,2,2,2,2,2,2,2,2,2,2,2,2,3
184,3,3,3,3,3,3,3,3,3,3,3,3,3,3,3,1,2,2,1,2,2,1,1,2,2,3,2,2,2,2,2,3,3,3,3,2,2,2,2,2,2,2,2,2,2,2,2,2,2,2,2,3,3,3,3,4,4,3,2,2,2,3,3,4,4,3,3,2,2,2,2,0,1,2,2,2,1,2,2,3,2,2,2,3,4,4,4,3,2,2,2,4,5,4,3,3,3,3,3,4,5,6,7,5,4,4,3,3,2,3,2,1,1,2,3,3,3,2,2,3,3,3,3,3,3,3,3,2,1,2,3,4,2,2,3,3,3,2,2,1,1,1,1,2,1,2,3,1,2,3,2,2,2,2,1,3,3,3,4,2,1,1,1,2,2,1,1,1,3,4,5,4,4,3,3,3,2,3,5,5,2,1,2,1,1,1,1,2,2,2,2,4,3,2,2,2,2,2,1,2,2,2,2,3,3,3,3,2,3,4,3,2,2,4,5,2,2,1,2,3,4,3,2,3,3,2,3,3,3,3,2,2,2,3,3,3,3,2,2,4,4,3,2,2,2,2,2,3,3,3,2,2,2,2,2,2,3,3,2,2,3,3,2,3,3,3,3,3,3,3,3,3,3,3,3,3,3,3,3,3,3,3,3,3,3,3,3,4,4,4,3,3,3,2,2,4,3,2,2,2,2,3,4,2,2,2,2,2,2,2,2,2,2,2,2,2,2,2,2,4,3,2,2,1,2,2,3,2,2,2,2,1,1,1,1,2,2,2,2,2,2,2,2,4,4,3,3,3,3,2,2,2,2,2,2,2,2,2,2,2,2,2,3,3,2,2,3,2,2,3,3,3,2,2,2,2,2,2,2,2,2,2,2,2,2,2,2,2,2,2,2,2,2,2,1,1,2,2,2,1,1,1,1,1,1,2,2,4,5,4,3,2,2,3,3,0,0,2,3,4,3,3,3,3,3,3,3,3,3,3,3,2,3,3,4,4,3,3,2,3,3,3,3,4,4,4,4,5,5,4,4,3,3,3,3,3,3,6,5,4,3,3,4,2,2,2,2,2,2,2,2,4,4,3,2,2,2,2,2,4,3,2,2,1,1,2,2,2,2,2,2,3,3,3,3,3,3,3,3,3,3,3,3,2,3,4,4,5,4,4,4,1,1,1,1,1,1,1,1,1,2,3,2,1,1,2,3,2,4,5,4,2,3,4,4,2,1,1,2,3,3,2,1,4,2,2,2,5,5,5,4,2,2,2,2,2,3,3,3,5,3,2,3,3,3,4,4,3,3,2,2,2,3,5,5,3,4,5,5,5,5,4,3,2,3,3,4,4,3,3,2,2,2,2,2,2,2,2,2,4,4,3,2,1,1,1,1,1,1,1,2,2,2,3,4,2,2,2,2,2,2,2,2,2,3,3,4,4,3,1,1,3,3,3,2,2,2,2,2,2,3,3,3,5,4,4,3,3,3,3,3,3,3,3,3,2,2,2,2,2,2,2,2,2,2,2,2,3,3,3,3,5,5,4,2,2,1,1,1,2,2,2,2,2,2,2,2,4,4,2,1,0,1,3,2,4,4,4,4,3,3,3,3,2,2,2,2,2,2,2,2,2,2,2,3,3,3,4,4,3,3,3,3,3,3,3,3,2,1,1,1,2,2,2,2,4,4,4,4,4,4,4,4,2,3,3,4,4,3,3,2,1,1,1,1,1,1,1,1,2,2,3,3,4,4,4,4,1,2,3,3,4,3,3,2,3,3,3,3,2,2,2,2,1,2,3,4,5,5,5,5,2,2,2,2,3,3,3,3,2,2,3,3,3,3,2,2,2,2,2,2,2,2,2,2,1,1,1,1,2,2,2,2,1,1,1,1,1,1,1,1,2,2,2,2,2,2,3,3,4,4,5,5,5,4,3,2,2,2,2,3,4,4,2,1,2,2,2,2,2,2,2,2,3,3,3,3,3,3,3,3,3,3,3,3,3,3,3,3,2,2,2,2,2,2,2,2,1,2,1,1,1,1,2,2,1,1,1,1,1,1,1,1,2,2,2,2,2,2,2,2,2,2,2,2,2,2,2,2,3,3,3,3,3,3,3,3,4,4,3,3,3,2,2,2,2,2,3,3,3,3,2,2,1,1,1,2,4,5,5,3,1,2,2,3,3,3,3,3,1,1,1,1,1,1,1,1,2,1,1,2,2,2,1,1,4,4,3,3,3,3,3,3,2,2,3,3,2,2,3,3,1,1,1,1,2,3,3,3,1,1,1,1,2,2,2,2,1,1,1,1,1,1,1,1,5,5,3,2,2,2,2,2,2,2
185,2,2,2,3,3,3,3,1,2,3,3,3,3,2,1,2,2,2,2,2,2,2,2,2,2,2,2,2,2,2,2,1,2,5,6,8,7,4,3,2,4,4,2,2,4,4,2,2,2,2,2,2,2,2,2,1,1,1,2,2,2,3,3,2,2,2,2,3,3,3,3,4,4,4,4,4,4,4,4,3,3,3,3,3,3,3,3,1,1,3,4,3,3,3,3,4,4,3,3,2,2,2,2,1,1,1,1,1,1,1,1,3,3,3,3,4,4,4,4,3,4,4,4,4,4,4,4,2,3,4,5,5,5,4,4,3,2,2,2,2,2,3,3,4,3,3,3,2,2,2,1,2,2,2,2,2,2,2,2,3,3,3,3,3,4,4,4,5,4,4,3,3,4,3,3,0,1,3,5,5,5,3,2,3,3,4,5,5,3,2,2,5,4,2,1,0,1,2,3,3,2,2,1,2,2,2,1,2,2,2,2,3,3,3,3,2,2,2,2,2,2,2,2,1,2,2,2,2,3,5,7,2,2,1,2,2,3,3,3,7,4,2,4,4,3,2,2,1,1,2,1,1,1,3,3,3,3,3,3,3,3,3,3,3,3,3,3,3,3,3,3,0,2,4,4,2,2,2,2,1,1,1,1,2,2,4,4,7,4,3,5,5,3,1,1,1,1,1,2,1,1,2,3,3,3,3,3,3,3,3,3,2,2,3,3,3,3,4,3,4,3,3,3,4,4,2,0,3,4,4,3,2,3,3,2,1,2,3,2,2,1,2,3,1,1,2,2,3,3,3,3,1,1,2,2,3,4,4,5,2,2,2,2,3,3,3,3,2,3,4,5,5,4,3,2,3,3,3,3,2,2,1,1,2,2,3,3,2,1,0,0,2,2,3,3,3,3,2,2,3,3,3,3,3,3,3,3,4,3,2,4,3,1,1,2,5,4,3,2,1,2,2,3,2,2,2,2,2,2,2,2,3,3,3,3,2,2,2,3,2,2,3,3,3,3,4,4,2,2,2,2,2,2,2,2,2,2,2,2,2,2,3,4,4,4,3,3,3,2,1,1,0,1,1,2,3,3,4,4,3,3,3,2,2,1,1,1,2,2,2,2,2,2,2,2,3,3,3,2,2,2,2,2,2,2,2,2,3,3,3,3,3,3,2,2,2,2,3,3,1,2,2,1,2,2,2,2,1,2,2,3,3,3,3,3,3,3,4,4,4,4,3,3,3,4,5,5,5,4,3,2,2,2,2,2,2,3,3,3,3,3,3,3,2,2,2,2,2,2,2,2,2,2,2,2,1,1,1,1,1,1,1,1,2,2,2,2,2,2,2,2,1,2,3,3,2,2,3,3,3,3,4,4,4,4,3,3,2,2,2,2,2,2,2,2,1,2,3,1,1,2,3,2,1,1,1,1,1,1,2,3,3,3,2,2,2,1,1,1,1,2,4,4,4,4,3,2,2,2,1,1,2,2,2,2,3,3,3,2,2,2,2,2,1,1,1,1,2,2,2,2,4,3,1,1,4,5,4,2,3,3,3,3,3,3,3,3,2,2,2,2,2,2,2,2,1,1,1,1,1,1,1,1,0,1,3,4,5,4,3,2,1,1,2,2,2,2,2,2,2,2,2,2,2,2,2,2,2,2,2,2,2,2,2,2,3,3,3,2,2,2,1,1,4,4,4,4,4,3,3,2,3,3,2,1,1,2,3,3,3,3,3,2,0,0,2,3,2,2,2,2,2,3,3,3,5,5,4,4,3,3,2,2,1,1,1,2,3,3,3,3,1,1,2,2,2,2,3,3,1,1,0,1,2,3,3,2,3,2,2,1,1,2,2,3,3,3,3,3,3,3,3,3,2,3,4,4,4,4,3,2,3,4,4,3,4,5,4,1,3,3,3,3,2,2,2,1,3,4,4,3,4,3,2,2,2,2,2,2,2,2,2,2,1,2,3,2,2,1,2,3,3,3,3,2,3,3,2,2,4,4,3,3,2,2,2,2,2,2,2,2,2,2,2,2,1,1,1,1,1,1,1,1,2,2,2,2,2,3,3,3,2,2,2,2,2,2,2,2,2,2,2,3,3,3,3,3,2,2,2,2,2,2,2,2,0,1,3,3,4,3,2,2,1,1,1,1,1,1,1,1,2,2,3,3,3,3,3,3,0,1,2,3,4,4,4,4,1,1,1,1,1,1,1,1,2,2,3,3,3,3,3,3,3,3,3,3,3,3,3,3,2,2,2,2,1,1,1,1,2,2,2,2,2,2,2,2,1,1,1,1,1,1,1,1,2,2,3,3,2,2,2,2,1,1
186,4,4,4,4,3,3,2,3,3,2,4,5,4,2,2,3,1,1,1,1,2,2,2,3,2,1,2,3,4,3,3,3,2,2,2,2,2,2,1,2,2,3,3,3,3,3,3,1,1,1,2,2,2,2,2,4,1,0,1,4,4,3,2,3,3,3,3,3,3,3,3,3,3,3,3,4,4,5,5,4,4,3,3,3,3,2,2,4,4,3,3,2,2,2,2,2,2,4,4,4,4,2,2,3,3,2,2,2,2,1,1,1,2,2,2,1,1,1,1,2,2,2,2,3,3,3,3,3,3,2,2,2,1,1,1,4,4,3,3,3,2,2,2,0,0,1,1,1,3,3,3,3,3,3,3,3,3,3,3,4,4,4,3,3,3,3,3,3,3,3,2,2,3,3,3,2,2,2,3,4,4,3,2,2,2,2,2,2,2,2,2,2,2,3,4,4,3,2,2,2,2,2,2,2,2,2,2,1,1,1,1,2,2,2,3,3,2,2,2,2,2,2,2,3,3,2,2,2,2,2,1,3,3,3,3,3,3,3,3,2,2,2,2,2,2,2,2,3,2,1,1,2,3,4,4,1,1,1,1,1,1,1,1,1,1,2,2,3,4,4,4,4,3,1,1,3,4,3,2,1,2,2,2,3,3,4,4,5,4,3,2,2,2,1,1,2,3,3,3,3,3,3,3,2,3,3,4,4,3,3,2,2,2,2,2,3,3,3,3,2,1,1,0,1,1,2,2,1,1,1,1,2,2,3,3,4,3,3,5,5,3,3,4,2,2,2,2,2,3,3,3,1,2,3,2,3,2,2,1,2,3,4,4,3,3,3,3,2,2,2,2,2,3,3,3,3,3,2,2,3,5,4,3,2,2,2,2,3,3,4,4,2,2,2,2,2,2,2,2,3,3,3,3,3,3,3,3,2,2,2,3,3,2,2,4,3,3,3,3,3,3,3,3,3,3,3,3,3,3,3,3,4,4,4,4,4,4,4,4,6,3,3,3,1,1,1,2,3,3,2,1,2,2,4,4,3,3,3,3,3,3,3,3,3,3,3,3,2,2,2,2,2,2,2,2,2,2,2,2,2,2,3,3,2,2,3,2,4,2,1,2,3,4,3,2,3,3,4,3,2,2,2,3,1,2,2,2,2,2,3,3,4,4,4,4,4,3,2,1,2,3,4,4,4,4,3,2,2,1,1,3,4,2,3,4,0,2,5,6,7,6,3,2,2,2,2,1,2,2,3,4,3,3,3,3,3,3,3,3,2,2,3,3,3,3,4,4,1,1,1,1,1,1,1,1,4,4,4,4,3,3,2,2,1,1,1,1,1,1,1,1,1,1,2,2,2,2,2,2,1,2,2,2,2,1,2,3,3,1,1,1,2,2,2,2,3,2,2,3,4,4,5,5,4,4,3,4,3,3,2,1,2,2,3,3,3,3,2,2,3,3,5,5,4,2,1,1,1,1,1,1,1,1,1,1,1,1,2,3,3,3,2,3,0,1,2,3,4,5,6,6,4,3,2,1,1,2,3,3,3,3,3,3,3,4,4,4,3,3,3,3,3,3,3,3,2,2,2,2,2,2,2,2,1,1,1,1,1,1,1,1,3,3,3,4,3,3,2,1,3,2,1,2,3,3,2,1,5,5,4,4,3,3,2,2,1,1,3,3,3,3,2,2,2,2,2,3,3,3,3,3,2,1,2,4,6,5,4,3,1,1,1,1,2,3,2,1,1,1,1,1,2,2,2,2,3,4,4,3,2,3,3,1,3,3,3,3,3,3,3,3,2,3,3,4,4,3,3,2,1,1,1,1,2,2,2,2,3,2,1,1,1,1,2,3,4,4,4,3,3,2,2,2,1,2,3,4,4,4,3,2,2,2,2,2,3,3,3,3,4,3,2,2,3,4,3,2,1,1,1,1,1,1,1,1,1,1,1,1,1,1,1,1,2,2,2,2,2,2,2,2,3,2,3,3,2,3,3,3,5,3,3,3,5,5,2,0,2,2,1,1,1,2,3,3,2,2,3,3,3,3,4,4,4,4,5,6,6,6,4,3,3,2,1,2,3,3,2,1,1,0,0,1,2,2,3,3,3,3,3,3,3,3,3,3,4,3,3,4,4,3,4,4,1,1,2,3,3,2,1,1,1,1,1,1,1,1,1,1,3,3,2,2,1,1,1,1,2,2,3,4,5,5,4,4,2,2,2,2,3,3,3,3,3,3,2,2,2,2,3,3,3,3,3,2,2,2,1,1,2,2,2,2,2,2,2,2,1,1,1,1,1,2,2,2,1,2,3,3,2,1,2,3,3,3
187,3,3,3,3,3,3,3,4,4,4,3,3,2,2,2,2,2,2,2,2,3,3,3,5,4,2,2,2,2,3,3,2,2,4,4,2,2,1,1,2,3,3,4,4,4,4,4,4,3,2,1,1,1,3,4,2,2,3,4,3,2,2,3,2,1,2,3,4,4,3,2,1,1,1,1,1,1,2,2,3,3,3,3,3,3,3,3,2,2,3,3,3,3,2,2,0,2,4,2,3,3,3,1,2,3,4,4,4,3,2,2,2,3,3,4,5,5,6,6,2,2,1,1,1,1,2,2,1,1,3,4,4,5,5,5,2,3,1,2,2,3,3,3,2,2,2,2,2,2,2,2,2,3,3,3,3,3,3,2,2,2,2,2,3,3,3,3,3,3,3,3,3,3,3,3,4,4,3,3,3,2,2,2,0,2,4,4,3,3,3,4,3,2,2,2,2,3,3,3,1,2,2,3,3,2,2,1,2,2,2,2,3,4,6,7,5,3,2,2,2,3,3,2,3,3,2,2,2,1,1,1,2,2,2,2,2,2,2,2,2,2,2,2,3,3,3,3,3,3,2,2,2,2,1,1,2,3,4,3,3,2,3,4,4,3,2,2,2,2,3,4,5,5,4,4,3,2,2,1,1,1,4,4,4,3,2,1,2,1,1,2,1,1,2,3,2,2,2,3,4,4,3,3,4,3,2,2,2,2,3,4,4,4,3,2,2,2,3,3,1,1,1,1,2,2,2,2,4,4,5,4,3,3,1,1,2,2,2,2,3,3,3,3,1,1,1,1,1,1,2,2,2,2,2,2,2,2,2,2,3,4,3,2,2,2,2,3,4,4,5,4,5,5,6,6,1,1,1,1,1,1,1,1,1,1,1,1,1,1,1,1,1,1,1,1,1,1,1,1,2,2,2,2,2,2,2,3,2,2,2,2,2,2,2,2,4,4,3,3,2,2,2,2,1,2,3,3,2,2,2,2,4,5,4,2,2,4,4,2,3,2,2,2,2,2,3,5,5,4,4,4,4,4,3,3,4,3,4,3,3,3,2,2,3,3,3,3,3,3,3,3,3,3,2,2,2,2,3,3,3,3,2,1,1,2,3,3,3,3,3,4,4,3,3,2,3,3,2,2,2,2,3,3,2,2,3,3,3,3,4,4,1,1,2,3,3,3,3,3,1,1,2,2,2,2,2,2,2,1,1,1,1,1,1,1,2,2,2,2,2,2,2,2,2,2,3,3,3,3,3,4,3,3,3,3,3,4,4,4,2,2,2,2,2,2,2,2,4,3,2,3,3,4,3,2,2,2,2,2,2,2,2,2,1,1,2,2,2,3,3,3,3,4,5,4,3,2,3,4,1,1,2,2,2,2,2,3,1,1,1,1,1,1,1,1,3,1,1,2,3,3,3,3,3,2,2,2,2,3,3,2,1,2,3,3,4,4,3,3,2,3,3,2,2,3,3,2,2,4,4,2,2,4,4,2,3,3,3,3,2,2,2,2,1,3,3,2,3,4,5,3,2,2,2,2,2,2,2,2,1,1,1,1,1,1,1,1,3,3,3,3,3,3,3,3,3,3,4,4,3,2,1,1,3,3,3,3,3,2,2,2,1,2,3,2,2,1,2,3,2,2,1,0,1,2,4,5,4,3,3,3,2,2,2,2,2,3,5,6,5,3,2,2,4,4,3,3,2,2,2,2,1,1,1,2,3,4,4,4,3,3,3,3,3,3,3,3,1,1,1,2,2,2,2,1,1,1,1,1,1,1,1,1,4,3,1,2,3,4,3,3,3,3,3,3,3,3,3,3,1,1,2,2,2,2,1,1,2,3,3,4,4,3,3,2,3,3,3,3,3,3,3,3,1,1,2,2,2,1,2,3,3,3,3,3,3,3,3,3,2,2,2,2,2,2,2,2,2,2,2,2,1,1,1,1,2,2,2,2,2,2,2,2,3,3,2,1,3,3,2,1,1,1,1,1,1,1,1,1,4,3,2,2,2,2,3,4,2,2,2,2,2,2,2,2,1,1,1,1,2,2,2,2,3,3,5,6,3,3,4,3,1,1,1,1,1,1,1,1,2,2,2,2,2,2,2,2,2,3,3,4,4,3,2,2,2,2,3,3,3,3,2,2,2,2,2,2,3,3,3,3,3,3,2,1,2,3,4,4,2,2,2,2,2,2,2,2,1,1,1,1,2,2,2,2,2,2,2,2,2,2,2,2,3,3,3,3,3,2,2,2,3,3,2,2,2,3,4,5,2,2,3,3,3,4,4,4,2,2,2,2,2,2,2,2,3,3,2,2,2,2,3,3,2,5
188,1,1,1,2,2,2,2,3,3,3,3,3,3,3,3,1,2,2,3,2,1,1,0,0,2,4,3,3,2,2,3,1,2,3,3,4,3,3,3,3,3,3,3,3,3,3,3,3,3,3,3,3,3,3,3,2,2,3,3,3,3,2,2,1,1,1,1,1,2,2,2,6,5,7,8,7,4,3,5,1,1,1,1,1,1,1,1,1,1,2,2,3,3,4,4,2,1,1,2,4,5,4,3,2,3,3,3,3,4,5,5,3,3,3,3,3,3,3,3,1,1,2,3,3,3,3,2,3,3,3,3,3,3,3,3,2,3,3,1,1,3,3,1,2,2,2,3,3,3,3,3,2,2,3,3,4,5,5,5,4,4,4,3,3,2,3,3,4,3,2,2,2,2,3,4,3,2,2,3,2,2,3,3,2,3,5,5,5,5,3,2,2,2,3,2,3,3,3,3,3,3,3,3,3,3,3,3,3,3,3,3,3,3,3,3,1,2,3,3,4,3,3,2,3,4,3,4,4,3,3,3,2,3,3,4,4,3,3,2,3,3,3,3,3,3,4,5,3,4,3,2,2,3,3,4,3,3,3,3,3,3,3,3,4,4,4,3,3,4,4,4,4,3,3,3,3,3,3,3,2,3,3,3,2,2,3,4,4,4,3,3,3,3,2,2,1,2,2,2,3,3,4,4,3,3,3,3,2,2,2,2,3,3,3,2,3,2,2,1,3,3,3,3,3,3,3,3,2,1,1,2,3,4,3,1,3,3,3,3,3,3,3,3,5,3,1,1,0,0,1,1,1,1,1,1,1,1,1,1,3,3,2,1,1,1,2,2,1,1,2,2,2,2,3,3,3,2,2,2,3,4,5,6,1,1,1,2,2,2,2,2,2,2,2,1,1,2,2,1,1,1,1,2,2,2,2,2,2,2,2,1,1,1,1,1,3,2,2,3,5,5,5,4,4,3,4,4,4,3,2,1,4,4,2,1,1,1,1,3,2,2,2,2,2,2,2,2,2,1,1,1,1,1,1,1,2,2,2,2,3,4,5,6,2,2,2,3,4,4,3,3,1,1,1,1,2,2,4,4,4,2,2,3,3,2,2,4,2,2,2,2,3,3,4,4,1,1,3,3,3,3,4,3,3,3,2,2,2,2,2,2,2,2,2,2,3,3,3,3,2,2,2,2,2,2,2,2,4,2,1,1,4,4,3,2,2,2,2,2,3,3,3,3,2,2,3,3,3,3,4,4,2,3,2,3,3,3,2,1,5,3,2,2,3,4,3,3,2,2,2,2,2,2,2,2,3,4,5,5,4,2,2,2,4,4,3,3,2,2,3,3,3,2,2,2,2,2,2,2,1,1,2,3,3,2,1,2,1,1,1,1,2,2,2,2,3,3,3,2,2,2,2,1,4,4,4,4,2,1,1,2,0,0,1,1,1,1,2,2,3,4,4,3,3,3,3,2,3,3,3,3,3,3,3,3,3,3,3,3,2,2,2,2,1,1,1,2,1,1,2,2,3,1,1,1,1,1,1,2,1,1,1,1,1,1,0,0,2,2,2,2,2,2,3,3,4,3,3,3,2,2,2,2,1,1,2,2,3,3,3,3,2,2,2,2,2,2,2,2,2,2,2,2,2,1,1,1,1,2,2,3,3,2,2,1,0,1,1,3,3,3,3,4,1,1,2,2,2,2,3,3,4,2,2,2,3,4,3,2,2,2,2,2,2,2,2,2,2,2,2,2,2,2,2,2,1,1,1,1,1,1,1,1,2,2,2,2,2,3,3,3,2,2,2,4,4,4,4,4,2,2,3,3,3,3,2,2,3,3,2,2,2,2,3,3,3,3,3,3,3,3,3,3,3,3,3,3,3,3,3,3,3,3,2,2,1,1,1,2,3,3,3,3,3,3,3,3,2,2,2,2,2,1,1,1,2,2,2,2,2,2,2,2,3,4,3,1,1,3,4,3,2,2,2,2,2,2,2,2,2,2,2,2,2,2,2,2,2,2,2,2,2,2,2,2,1,2,2,2,3,2,2,2,2,2,2,2,3,3,3,3,3,3,2,3,3,3,2,2,2,2,2,3,3,4,4,4,2,3,5,4,3,2,3,3,2,2,3,3,3,3,2,2,1,1,2,2,2,2,3,3,3,2,1,2,3,3,3,2,2,2,2,2,2,2,2,2,2,3,3,2,2,2,2,2,2,2,2,2,2,2,2,2,2,2,2,2,2,2,2,2,2,2,2,2,2,2,2,2,1,1,1,1,1,2,2,2,3,3,3,3,3,3,3,3,3,3,3,2,2,2,1,1,3,2
189,3,2,2,2,2,3,3,3,2,1,0,1,2,4,5,3,3,3,3,3,3,3,3,3,3,2,2,2,2,2,2,1,2,2,2,1,1,2,2,2,3,4,2,3,5,5,4,4,4,4,4,4,3,3,3,3,2,2,2,3,3,2,3,3,3,3,3,3,3,3,3,3,3,4,5,5,4,3,3,3,2,3,3,2,1,1,1,2,3,2,1,1,1,2,2,0,0,1,1,2,3,2,1,1,1,1,1,1,1,1,1,2,2,2,2,2,2,2,2,3,3,3,2,1,1,1,1,2,2,3,3,3,3,1,1,4,3,2,2,2,2,2,2,2,1,1,1,1,2,3,2,2,2,2,2,2,2,2,2,3,4,2,1,1,2,3,3,2,2,3,3,4,4,4,5,4,4,3,3,2,2,2,2,1,1,3,2,2,3,1,2,1,2,2,2,3,3,2,3,2,2,2,2,2,2,2,2,3,3,3,3,3,3,3,3,2,2,2,2,2,2,2,2,3,3,3,3,3,3,3,3,2,1,2,4,4,2,1,2,3,3,3,2,2,1,1,1,5,4,3,2,2,4,4,2,2,2,2,2,2,2,2,2,1,1,2,2,2,2,3,3,2,2,2,2,2,2,2,2,2,2,2,2,2,2,2,2,2,2,2,2,3,3,3,4,4,3,3,2,2,3,3,4,3,3,3,3,3,3,3,3,2,2,2,2,2,2,2,2,2,2,2,2,2,2,2,2,2,2,2,2,2,2,2,2,2,3,3,4,3,2,2,2,2,3,2,2,1,2,2,2,1,1,1,2,2,2,2,1,2,2,2,2,2,2,2,2,3,3,3,3,2,2,2,2,2,2,2,3,3,3,3,3,2,2,2,2,2,2,2,2,2,2,3,3,3,3,2,2,1,4,5,4,3,2,5,7,6,3,5,5,4,4,6,3,2,2,2,2,2,1,1,1,1,2,1,0,1,1,2,4,2,2,2,3,5,5,4,3,1,2,3,5,7,7,5,4,1,3,5,5,3,2,2,3,4,3,3,3,4,5,4,3,2,2,2,2,2,2,2,2,2,2,2,3,3,3,4,4,6,4,1,0,2,3,4,4,4,4,3,2,2,3,4,4,4,4,2,2,1,2,3,3,2,2,2,3,3,3,3,3,3,3,2,2,2,2,2,2,1,1,1,1,1,1,1,1,2,2,2,2,2,2,2,2,2,2,2,2,3,3,3,3,4,4,3,3,3,3,4,4,3,3,2,2,2,2,3,3,2,1,2,3,2,2,1,2,1,1,1,1,1,1,1,1,1,1,3,3,3,2,3,4,2,4,4,2,3,5,4,2,5,4,3,2,2,2,2,2,3,3,3,3,3,3,3,3,3,3,3,3,3,3,3,3,2,2,2,2,2,2,2,2,1,2,2,2,2,2,2,2,2,2,2,2,3,3,3,3,1,1,1,2,2,2,2,2,2,2,2,2,2,2,2,2,3,3,4,4,4,4,3,3,3,3,3,3,3,3,3,3,3,3,3,3,3,3,3,3,2,3,4,5,5,5,4,4,3,3,3,2,2,2,2,2,1,1,2,2,2,2,3,3,2,3,3,4,3,2,1,0,2,2,2,2,2,2,2,2,2,3,3,3,3,3,4,4,3,3,3,3,2,2,2,2,2,0,0,2,6,7,5,3,2,2,2,2,2,2,2,2,1,2,2,3,2,2,1,0,3,3,3,3,3,3,3,3,3,3,2,2,2,2,1,1,3,3,5,3,2,3,4,5,2,2,2,2,3,3,3,3,1,1,2,3,3,2,1,1,3,3,3,3,3,3,3,3,3,3,3,3,3,3,3,3,3,2,2,2,2,2,3,3,4,4,4,4,3,3,4,4,1,1,1,1,1,1,1,1,1,1,1,1,1,2,2,1,2,2,2,2,2,2,2,2,3,3,3,3,3,3,3,2,1,1,2,1,2,3,3,2,4,3,2,2,2,2,3,4,3,4,4,5,5,4,3,2,2,2,2,2,2,2,2,2,1,1,1,1,1,1,1,1,3,3,3,3,2,3,3,3,1,2,2,2,3,3,3,4,2,2,3,3,3,3,2,2,2,2,2,2,1,1,1,1,1,1,3,3,3,3,3,3,2,3,3,4,3,2,2,1,4,3,2,2,3,4,4,4,1,1,1,0,1,1,1,1,4,5,4,4,3,2,2,2,2,3,3,2,2,2,2,1,1,1,1,1,1,1,1,1,1,1,2,3,2,2,3,4,2,2,2,2,1,1,1,1,1,1,2,3,3,3,2,2,3,3,3,2,2,2,3,3,3,3
190,3,2,1,1,2,3,4,0,1,2,2,2,2,3,4,1,3,4,4,4,4,3,2,5,3,1,2,4,5,4,2,2,2,1,1,2,2,3,3,6,5,5,4,3,2,1,1,3,3,2,2,2,2,3,3,2,3,3,3,4,4,4,4,4,4,4,4,4,4,4,4,3,3,5,5,5,5,3,3,2,1,1,1,3,3,3,2,1,2,2,3,3,2,2,1,2,2,3,3,3,3,2,2,3,4,5,4,2,1,2,3,2,2,3,3,3,2,1,1,0,1,3,3,2,1,1,2,3,3,3,3,3,3,3,3,3,3,3,3,3,3,3,3,2,2,2,2,2,3,5,6,4,4,4,4,4,3,3,2,3,2,2,3,4,4,4,4,4,4,4,4,4,4,4,4,3,2,1,2,3,4,3,3,3,3,4,4,4,4,4,4,1,1,2,2,2,2,2,2,2,2,2,3,3,3,3,3,2,2,2,2,3,3,3,3,2,2,2,2,2,2,2,2,1,2,2,3,3,2,2,1,1,1,1,1,1,1,2,2,1,1,1,1,1,1,1,1,2,2,2,1,1,1,3,5,3,3,3,3,3,3,3,3,2,0,0,3,4,3,1,2,3,3,3,3,3,3,3,3,3,3,3,3,3,3,3,3,3,3,3,3,3,4,4,4,4,4,4,3,3,2,2,2,0,3,5,4,3,2,2,3,2,2,4,4,4,4,2,2,2,2,2,2,3,3,3,3,3,3,3,3,3,3,3,3,3,3,3,2,3,3,4,5,4,3,2,2,2,2,3,4,2,2,2,2,2,2,2,2,3,3,2,1,1,2,3,3,5,4,3,3,1,2,2,2,2,2,2,2,3,3,3,3,2,2,3,3,3,3,2,2,2,2,2,2,2,2,2,2,2,2,2,2,2,2,2,2,3,4,3,3,3,3,3,3,5,5,3,3,2,2,2,2,2,2,2,2,2,2,2,2,2,3,3,4,4,2,2,1,4,4,4,4,4,4,4,4,2,1,1,1,3,4,3,3,2,2,2,2,2,2,2,2,2,1,1,2,4,4,4,4,1,1,2,2,2,2,3,3,2,2,2,2,2,2,2,2,1,2,3,3,2,2,3,4,2,1,2,3,3,3,5,5,2,2,1,2,3,2,3,3,4,2,1,2,3,4,4,4,2,2,2,2,2,2,2,2,1,1,1,2,2,2,2,2,2,2,2,2,3,3,4,4,2,2,2,2,2,2,2,2,2,2,3,2,2,2,3,3,3,3,3,3,3,3,3,3,2,2,3,3,3,3,2,2,2,2,3,3,3,3,3,3,3,4,4,2,2,5,6,5,4,3,2,2,2,2,3,4,4,4,3,3,2,2,2,2,2,2,2,2,2,2,2,2,4,4,4,4,4,4,4,4,3,2,1,2,4,5,4,3,4,4,2,2,2,2,4,4,3,4,4,3,3,3,3,3,2,2,2,2,2,2,2,2,2,2,2,2,2,2,2,2,2,2,3,3,4,5,5,5,4,3,4,5,5,4,3,4,3,3,3,3,3,3,3,3,1,1,2,2,2,2,1,1,1,1,2,2,2,2,1,1,3,2,1,2,3,4,3,1,2,2,2,2,1,1,1,1,2,2,2,2,2,2,2,2,3,2,1,2,2,3,2,1,2,2,4,4,4,2,3,3,3,3,3,3,3,3,3,3,1,1,0,1,1,3,3,4,2,2,3,3,3,4,4,4,3,3,3,3,3,3,3,3,3,3,3,2,2,1,2,2,3,3,3,3,3,3,3,3,2,3,4,4,2,2,3,4,3,3,3,2,2,2,1,1,1,1,2,2,1,1,0,0,2,2,1,1,1,1,1,1,2,3,2,2,1,2,1,2,3,3,3,3,3,2,1,1,3,3,4,3,2,1,2,3,2,2,2,2,2,2,2,2,1,1,1,1,1,1,1,1,1,1,1,1,1,1,1,1,3,3,3,3,3,3,3,3,2,2,2,2,2,2,2,2,1,2,2,3,3,2,2,1,3,3,2,2,1,1,1,1,1,2,2,3,3,2,2,1,1,1,1,1,1,1,1,2,2,2,2,2,2,2,2,2,4,4,3,3,3,3,2,2,3,3,3,3,2,2,2,3,2,2,2,2,2,2,2,2,1,1,1,1,1,1,1,1,4,4,3,2,2,3,4,4,4,1,1,2,3,3,3,4,3,1,1,1,3,4,3,2,3,3,3,3,3,3,3,3,4,3,2,2,3,4,4,3,2,2,3,3,2,2,2,2,2,2,3,3,3,3,2,2,2,3,3,3,2,2,2,3,3,3
191,2,2,2,1,1,3,4,2,2,2,2,2,2,2,2,2,2,2,2,2,2,1,1,3,3,3,3,3,3,3,3,0,1,5,7,7,6,3,1,3,4,5,5,3,2,2,3,3,3,3,3,3,4,4,4,2,1,1,2,4,5,5,4,1,1,1,1,2,2,4,4,5,4,3,3,2,1,3,5,5,4,4,4,4,4,3,3,2,2,2,2,2,2,2,2,6,5,3,2,1,1,1,1,2,2,2,2,2,2,2,2,1,1,1,1,1,1,1,1,3,3,3,3,3,3,3,3,2,2,2,2,3,3,3,3,3,3,4,4,4,3,2,2,3,3,3,3,3,3,3,3,3,2,2,1,1,2,2,2,2,2,2,2,1,2,3,3,2,3,3,1,1,2,2,1,2,1,2,2,2,2,3,3,1,2,3,4,4,4,3,3,3,3,1,1,1,2,4,4,2,2,2,2,2,2,2,2,0,0,1,1,2,2,2,2,3,3,3,3,3,3,3,3,2,2,4,5,3,3,3,2,2,2,3,3,3,3,2,2,3,3,3,3,3,3,3,3,2,3,2,1,2,2,3,3,2,2,2,2,2,2,2,2,1,1,2,2,4,4,5,5,2,1,1,1,1,1,1,1,2,1,3,2,2,2,1,1,3,3,3,3,3,3,3,3,3,2,2,2,3,3,3,2,3,3,2,2,3,2,2,2,2,2,1,1,2,2,3,4,2,2,2,2,2,1,1,1,1,3,2,2,2,1,1,1,1,3,3,1,1,3,3,1,2,2,2,2,2,2,2,2,2,2,2,2,2,2,2,2,2,2,2,2,2,2,2,2,3,1,3,6,5,3,2,1,2,2,2,2,2,2,2,2,2,2,2,2,2,2,2,2,2,2,2,2,2,2,2,2,1,1,2,2,3,4,4,5,2,2,3,3,3,3,2,2,2,2,2,2,2,2,2,2,1,1,2,2,2,2,3,3,6,6,4,3,2,2,3,3,3,3,3,3,3,3,3,3,3,4,4,4,3,2,1,1,2,2,3,3,3,3,4,4,3,2,1,2,3,3,2,2,4,4,4,3,3,3,2,2,3,3,3,1,1,1,1,1,3,3,3,3,3,3,3,3,1,1,1,2,2,3,3,4,3,3,3,3,3,3,3,3,5,5,4,4,3,2,1,1,2,2,3,4,4,3,2,2,1,3,5,5,5,3,1,1,4,3,3,2,2,3,3,4,2,2,1,1,2,2,4,5,5,5,5,5,5,5,5,5,1,1,1,2,3,3,3,2,2,2,3,3,3,3,2,2,1,3,4,3,2,1,2,3,1,2,3,3,3,3,2,1,3,3,2,2,2,1,1,1,2,2,2,2,3,3,3,3,2,2,2,2,3,3,3,2,1,2,2,3,3,2,2,1,3,1,1,1,2,3,3,2,2,2,2,2,2,3,3,3,1,2,3,3,4,3,3,2,2,2,2,2,2,2,2,2,1,1,2,2,3,4,4,5,2,2,2,2,3,3,3,3,3,3,3,3,3,3,3,3,2,2,2,2,2,2,2,2,2,1,0,1,3,3,3,1,2,2,2,2,2,2,2,2,2,2,2,2,2,2,2,2,2,2,2,2,2,3,3,3,3,3,3,3,3,3,3,3,2,2,2,2,2,2,2,2,3,3,3,3,3,3,3,3,3,3,2,2,2,2,1,1,2,2,2,2,2,2,2,2,3,3,4,5,5,4,3,3,2,2,3,3,4,4,4,4,3,3,4,3,3,2,1,1,1,1,2,3,4,3,3,3,0,1,1,2,3,3,4,4,3,2,1,2,3,4,3,2,1,1,2,2,2,2,3,3,5,5,5,5,4,4,4,3,1,1,1,1,1,2,2,2,1,1,2,1,1,2,2,2,4,3,2,2,2,3,4,5,5,4,3,5,4,2,2,3,3,3,2,2,2,2,3,3,3,4,5,5,5,5,4,3,1,1,2,3,3,2,1,1,2,2,2,2,2,2,1,1,1,1,2,2,2,2,2,3,2,2,2,1,1,1,1,1,2,2,2,2,2,2,2,2,3,2,1,1,1,1,1,1,2,1,1,2,1,1,2,1,1,3,4,3,2,3,3,1,1,2,2,3,3,2,2,1,3,3,3,3,3,3,3,3,1,1,3,3,4,3,3,3,5,5,4,4,3,2,2,1,1,1,1,2,2,2,2,2,4,3,3,2,2,3,3,4,5,4,3,2,2,2,2,2,3,3,4,4,3,3,2,2,4,4,4,4,4,4,4,4,2,2,3,3,3,3,2,2,4,3,3,3,2,2,2,1,2,3
192,4,3,2,1,2,2,3,3,3,3,3,3,3,3,3,3,3,3,3,3,3,3,4,3,1,1,2,2,1,3,4,1,1,4,4,4,5,3,3,1,2,2,3,3,3,4,4,1,1,2,2,2,3,3,3,3,2,2,2,3,3,2,2,3,3,3,3,3,3,3,3,2,4,4,3,3,2,4,4,3,4,4,4,4,4,3,2,3,3,3,3,3,3,3,3,2,3,3,3,3,3,3,2,2,2,2,3,3,3,3,3,2,2,2,2,2,2,2,2,1,2,2,2,2,2,4,2,0,2,2,4,4,3,3,2,2,2,2,2,2,2,2,2,4,4,3,2,2,2,2,3,3,3,5,5,5,4,3,3,1,2,2,3,3,4,4,3,4,5,5,4,4,4,3,3,3,3,3,3,3,3,3,4,3,3,3,3,3,3,3,3,4,3,3,3,2,2,2,2,3,3,3,3,4,3,3,3,3,3,3,3,2,2,2,3,1,2,3,2,2,2,1,1,3,3,3,2,2,1,2,1,1,1,1,1,1,1,1,1,2,2,1,1,1,1,1,1,2,3,3,2,2,2,2,2,3,5,4,4,3,3,3,2,3,3,2,2,2,1,2,2,2,2,3,3,3,3,2,0,1,1,2,2,1,1,1,1,4,3,2,2,3,3,4,3,2,3,2,2,2,2,1,2,4,2,2,2,3,3,3,3,2,2,3,4,4,3,3,3,2,2,2,2,2,2,2,2,1,1,1,1,1,1,1,2,2,1,1,1,1,1,3,4,3,3,4,4,4,4,4,2,2,2,2,2,3,3,4,4,2,2,2,2,2,2,2,2,2,1,1,1,1,1,1,1,1,1,3,3,2,2,3,4,3,2,2,2,2,2,2,2,2,3,3,3,3,3,2,2,2,2,2,2,2,2,2,2,1,2,2,2,2,2,3,3,2,2,1,1,2,2,1,1,2,2,1,1,1,2,2,1,3,3,2,2,2,2,2,2,4,4,4,2,2,3,4,4,5,5,5,4,3,2,1,1,1,2,3,3,3,2,2,1,3,3,3,3,3,3,2,2,1,1,2,3,3,3,3,3,7,4,1,2,2,2,2,1,3,3,3,2,3,3,2,2,2,2,3,3,3,3,2,2,2,3,3,2,3,3,3,3,3,3,3,3,4,4,5,6,1,0,1,1,2,3,4,4,3,4,4,5,5,4,4,3,3,3,3,3,3,3,3,3,3,3,3,3,3,3,3,3,3,3,3,3,3,3,3,3,3,3,3,2,3,4,5,5,2,2,2,2,2,3,3,3,2,2,2,2,2,3,3,3,2,1,1,1,2,2,2,1,2,2,2,3,4,3,3,4,4,4,4,4,4,3,4,1,3,3,3,3,3,3,3,3,2,2,2,2,2,2,2,2,2,2,2,2,2,2,2,2,1,3,4,3,2,2,2,1,1,1,1,2,3,4,3,2,2,2,2,2,2,2,2,2,3,3,3,3,3,3,3,3,3,3,3,3,4,4,6,6,2,1,1,1,2,2,2,1,3,3,2,2,2,4,4,2,2,2,1,2,3,4,3,2,2,2,2,2,2,2,2,2,2,2,2,2,2,2,2,2,3,3,3,3,3,3,3,3,1,1,3,4,4,3,1,1,2,2,2,2,2,2,2,2,3,3,2,2,2,3,3,3,2,2,2,2,2,2,2,2,2,3,4,4,4,4,3,2,2,2,2,2,2,2,2,2,3,3,3,3,3,3,3,3,1,1,1,2,2,3,3,3,1,1,2,2,2,2,1,1,0,3,5,4,3,4,3,3,3,3,2,0,1,2,4,5,2,1,3,3,4,4,2,2,3,3,3,3,2,2,2,1,1,1,1,1,1,1,1,2,3,3,3,3,3,3,3,3,3,3,2,3,3,2,2,2,2,2,2,3,3,3,3,3,3,2,2,2,2,2,2,2,3,3,3,3,3,3,3,3,4,5,5,3,3,3,3,3,2,1,2,3,3,4,4,3,3,3,3,3,3,3,3,3,1,1,1,1,1,2,2,1,2,2,2,3,3,3,2,2,1,1,1,2,2,2,2,1,2,2,2,2,2,2,2,2,3,3,2,3,3,3,3,3,2,4,6,6,6,4,2,2,2,1,1,1,1,2,2,2,3,3,3,3,3,3,3,3,3,3,3,3,3,3,3,3,1,1,3,4,4,4,3,2,1,2,1,1,2,2,1,0,2,2,1,1,1,1,1,2,2,2,1,2,2,3,3,2,2,2,2,2,2,2,2,2,2,1,1,1,1,1,2,2,3,3,3,3,3,3,3,3,3,2
193,1,1,2,3,4,3,2,2,3,3,3,2,2,2,3,3,3,3,2,2,1,1,1,2,2,2,2,2,2,2,2,2,2,2,2,2,2,2,2,4,4,4,4,4,4,4,4,2,2,2,3,4,4,3,3,3,3,3,3,2,2,2,2,3,3,2,2,2,3,5,5,3,3,2,2,1,1,1,1,1,2,2,3,3,4,4,5,1,2,3,2,2,3,3,0,4,5,6,6,5,4,3,3,3,3,3,3,3,3,3,3,2,2,4,5,4,3,3,3,3,3,2,3,1,1,2,2,1,1,2,4,3,2,3,4,3,4,3,1,1,1,1,2,3,3,3,2,2,2,2,2,1,1,2,3,3,3,2,2,3,3,3,2,2,2,2,2,3,3,3,4,5,5,3,2,1,1,1,1,2,2,2,2,1,1,1,2,2,3,3,3,2,2,2,2,3,3,3,3,3,3,3,3,3,3,3,3,2,2,3,3,3,3,4,4,3,3,2,2,2,3,4,4,2,2,2,2,2,2,2,2,2,2,2,3,3,4,4,4,3,3,2,2,1,1,1,1,3,2,2,1,1,1,2,2,2,3,4,3,2,2,3,4,2,1,2,4,4,2,3,3,2,3,3,3,3,2,2,3,3,3,3,3,3,3,3,3,3,3,3,3,3,3,3,3,3,2,2,2,2,2,2,2,4,4,4,4,4,3,3,3,2,3,3,3,5,5,4,4,4,3,3,1,1,1,2,4,4,3,3,2,2,3,4,4,2,3,4,4,3,1,2,3,4,2,2,3,3,2,2,2,2,2,2,2,2,2,2,2,2,1,1,1,1,1,1,1,3,4,4,3,3,2,2,2,3,3,3,3,3,3,3,3,4,4,2,3,4,4,4,3,2,2,1,2,3,3,3,1,1,1,1,1,2,3,4,5,4,4,4,4,3,4,4,2,3,4,4,4,3,3,2,3,2,1,1,1,2,2,2,2,3,3,4,4,4,4,4,3,3,3,3,3,3,3,3,3,2,1,0,0,2,3,4,4,3,2,3,3,3,3,3,3,4,4,5,5,5,4,2,2,4,4,4,3,2,2,2,1,2,3,1,1,1,1,2,3,3,2,3,3,3,4,4,4,3,2,2,3,4,4,4,2,2,2,2,1,1,1,3,4,3,3,3,2,1,2,1,1,2,2,2,2,2,2,2,2,2,1,1,1,1,2,3,3,1,1,1,1,2,2,2,2,1,2,1,1,2,2,3,3,2,3,3,2,2,1,1,2,2,2,2,2,2,2,2,2,3,3,3,3,3,3,3,3,1,2,4,4,3,1,1,1,2,3,5,5,4,3,3,3,5,4,1,1,3,3,3,5,1,1,4,4,5,3,2,1,0,2,3,2,3,3,2,2,3,3,3,3,3,3,3,3,1,1,1,1,2,2,2,2,2,2,3,3,3,3,4,4,4,2,1,4,5,4,2,2,1,1,2,2,3,4,4,4,6,5,4,3,3,3,4,3,2,2,2,2,2,2,2,2,2,2,2,2,2,2,2,2,2,4,3,3,5,4,2,2,0,1,1,2,2,1,1,0,2,2,1,2,2,4,3,3,3,3,3,3,3,3,3,3,3,3,2,1,1,1,2,2,2,2,2,3,3,3,4,4,3,3,3,3,3,3,3,3,3,3,3,3,3,3,2,1,1,1,1,1,2,2,2,2,2,2,2,2,2,2,2,2,2,2,3,3,2,2,3,3,3,3,2,3,3,2,3,2,1,1,1,1,1,1,1,1,3,3,3,3,3,3,2,2,2,2,2,2,2,2,2,2,0,0,2,2,1,1,3,4,5,3,1,1,1,2,2,1,2,2,2,2,2,2,2,2,5,2,2,4,3,0,1,5,4,2,2,2,2,2,2,2,2,3,3,4,3,2,2,1,2,2,3,3,3,3,2,2,2,2,2,2,2,2,2,2,2,3,3,3,3,2,1,0,3,2,2,2,1,1,1,0,0,1,2,2,3,3,3,2,3,3,3,3,3,3,3,2,1,2,3,4,4,3,2,1,3,3,3,3,3,3,3,3,3,3,3,3,3,3,3,3,3,3,3,3,3,3,3,3,1,3,4,3,3,5,5,4,2,1,3,4,3,3,4,3,0,1,1,1,1,2,2,3,2,2,2,2,1,1,1,1,1,1,1,1,1,1,1,1,4,3,2,1,0,1,1,2,2,1,1,1,1,2,3,3,1,1,2,3,3,3,3,3,2,2,2,2,2,2,2,2,2,2,1,1,1,1,2,2,0,0,1,2,2,2,2,1,2,2,2,2,2,2,2,2,2,2
194,2,2,2,3,3,3,2,2,3,3,3,3,3,3,3,4,4,4,4,4,4,4,4,5,3,1,2,4,5,3,2,3,3,3,2,3,3,4,4,6,5,4,3,3,3,2,2,3,3,3,3,3,4,4,6,4,3,3,2,1,2,1,1,1,1,1,1,2,2,2,2,2,2,2,2,3,3,3,3,4,3,2,3,3,4,3,2,3,2,2,2,3,3,3,2,2,2,2,2,3,2,2,2,2,2,2,2,2,2,2,2,4,4,4,3,3,3,3,3,4,3,3,3,3,4,4,4,2,3,5,5,6,4,2,2,2,2,3,3,2,3,4,3,1,1,1,1,3,3,3,4,1,1,2,1,1,1,2,1,2,2,2,3,3,2,1,2,2,3,4,3,3,3,2,4,4,4,4,4,4,4,4,5,3,3,3,4,4,3,3,3,1,1,1,2,4,5,6,6,4,2,2,1,2,3,2,3,2,2,2,3,4,4,5,4,2,2,3,3,3,3,3,3,2,2,3,3,3,1,2,4,2,2,2,2,2,2,2,2,3,1,1,1,1,3,3,4,2,1,1,2,2,1,1,1,2,2,3,3,3,3,2,2,1,1,2,2,2,3,2,2,2,2,1,1,2,2,2,2,3,3,2,2,3,3,2,3,2,2,2,2,2,2,3,2,1,2,2,3,3,3,3,3,3,3,2,1,1,2,3,3,2,3,3,2,2,3,3,3,3,3,3,3,2,2,2,2,2,2,1,2,2,2,1,1,2,1,2,3,5,5,3,3,3,4,4,3,2,2,3,3,4,4,3,3,3,3,3,3,2,2,2,2,3,3,3,3,3,3,4,3,3,3,3,3,3,4,4,3,3,3,3,3,2,3,3,3,4,4,4,3,2,1,2,2,2,2,1,1,3,3,3,3,2,2,3,3,2,1,1,2,4,4,3,3,3,3,2,2,3,4,4,3,2,4,4,2,1,1,1,1,3,3,3,3,3,3,2,2,3,3,2,2,2,2,3,3,2,3,3,3,3,2,3,1,1,2,1,2,3,3,3,3,2,3,4,4,4,4,4,4,3,3,3,3,2,3,3,3,1,1,1,1,2,2,3,2,2,2,2,2,2,2,2,2,3,3,2,2,2,2,2,2,2,2,1,2,1,2,3,3,2,2,2,2,2,3,2,1,1,1,1,1,2,2,2,2,3,2,2,2,2,2,2,2,3,3,1,2,2,3,3,1,3,3,3,3,3,3,3,3,3,3,3,3,3,3,3,3,3,3,3,3,3,3,3,3,3,3,3,1,1,2,3,3,3,3,4,4,4,4,4,4,2,1,1,0,1,1,2,2,2,1,1,2,2,2,1,2,2,2,2,2,2,2,2,2,3,2,0,2,3,2,2,4,4,3,3,2,2,2,2,2,4,3,1,1,3,4,4,1,3,4,3,3,3,2,2,2,1,2,4,5,5,5,3,1,2,2,1,1,1,2,3,3,1,2,3,3,2,1,1,1,5,3,2,2,2,2,3,4,1,1,3,4,4,4,4,4,4,3,3,4,4,4,4,3,3,3,2,2,2,2,2,2,2,1,2,3,4,4,4,4,4,4,4,3,3,3,3,2,2,2,2,3,3,3,4,4,3,2,2,3,3,3,3,3,4,3,1,1,2,3,3,1,1,3,3,4,4,3,3,3,2,1,1,1,2,2,2,2,4,3,1,2,2,1,2,4,3,2,2,2,2,2,2,2,2,2,2,2,2,2,2,2,1,2,1,1,1,1,1,1,2,2,2,2,2,2,2,2,3,3,2,2,2,2,2,1,2,1,1,1,1,2,2,1,3,2,1,2,2,1,1,2,2,1,2,2,3,3,3,3,2,3,3,3,3,3,4,4,3,2,2,2,2,2,2,2,3,3,4,4,4,4,3,3,4,3,3,4,4,4,4,4,3,3,3,3,3,3,3,3,1,1,1,1,1,1,1,1,4,4,3,3,3,3,3,2,2,2,2,2,2,2,2,2,2,2,3,3,3,3,3,3,1,1,2,2,2,2,1,1,1,1,2,2,1,1,1,2,2,2,3,3,1,1,1,1,5,5,5,5,4,4,3,2,3,3,3,3,2,2,1,1,2,1,2,2,3,3,3,4,4,2,2,2,2,2,2,1,2,2,2,1,2,2,2,2,3,3,3,3,3,3,3,3,4,4,2,2,2,1,3,4,2,2,2,1,2,2,2,3,1,1,0,0,1,1,1,0,2,3,3,4,4,4,3,1,2,2,2,2,3,3,3,3,2,1,1,1,1,1,1,1,1,1,1,2,3,4,4,4,3,3
195,3,3,3,3,3,3,3,2,2,2,2,2,2,2,2,3,3,3,3,3,3,3,3,3,3,3,3,3,3,3,3,3,3,3,2,3,4,4,3,2,4,4,3,1,1,3,3,2,2,1,1,1,1,1,2,2,2,2,2,2,2,2,2,2,2,2,2,2,2,2,2,2,3,3,2,2,3,3,3,4,4,4,3,3,3,3,3,2,2,2,2,3,3,1,3,3,3,3,3,3,2,0,1,4,3,3,3,1,1,0,2,3,3,2,3,3,2,3,3,2,2,2,2,2,2,4,5,4,4,3,3,2,2,3,2,1,3,2,2,2,3,3,3,3,4,4,3,2,2,1,1,2,2,2,1,2,2,3,2,1,1,1,2,3,3,4,6,3,2,2,2,3,4,3,1,2,2,2,2,2,2,2,2,1,1,2,2,2,2,3,3,1,2,3,1,2,2,3,3,3,3,3,3,3,3,3,3,3,3,3,3,3,3,3,3,2,2,2,2,2,2,2,2,3,3,3,3,3,3,3,3,2,2,2,2,2,2,2,2,2,2,2,2,2,2,2,2,2,2,2,2,2,2,2,2,2,2,3,4,4,4,2,2,3,3,3,3,4,3,3,3,4,5,5,5,3,2,1,2,2,2,2,2,4,3,4,3,5,4,4,3,4,4,4,3,3,3,5,4,4,4,4,3,3,3,2,2,2,2,4,5,4,3,2,2,2,4,5,5,3,2,2,2,2,2,2,2,5,6,5,4,3,2,2,2,3,3,3,3,3,3,2,2,4,3,3,3,3,3,3,3,2,2,2,2,3,3,3,3,2,1,2,2,4,5,3,2,1,3,3,3,3,5,5,4,2,1,2,2,3,3,2,2,1,2,3,3,2,1,1,3,3,3,2,2,2,2,3,3,2,4,3,2,2,2,2,1,2,2,1,2,2,2,2,1,1,3,4,3,1,2,4,4,3,3,3,3,3,4,4,4,5,7,6,6,4,3,3,3,2,2,2,2,2,2,2,2,3,3,3,3,3,3,4,4,2,3,3,3,3,3,3,3,4,3,3,2,2,2,2,3,2,1,2,2,2,3,3,3,3,3,3,3,3,3,4,4,3,3,2,2,2,1,2,5,4,3,3,3,3,3,5,6,6,4,4,4,4,3,3,5,2,0,2,3,3,3,3,4,1,1,1,1,1,2,2,2,2,1,1,1,1,1,1,1,1,1,2,2,2,2,2,2,2,1,2,3,3,2,1,2,4,5,4,4,4,3,3,3,3,2,2,2,2,2,2,2,3,3,3,3,3,2,2,2,3,5,4,4,4,4,4,4,4,2,1,2,2,2,4,3,1,2,2,2,1,1,1,1,3,2,2,2,2,2,2,2,2,2,1,1,2,2,2,2,1,1,2,2,2,2,2,2,2,2,2,1,1,1,2,3,2,2,2,1,1,1,1,2,3,2,2,4,4,4,4,5,1,1,1,2,2,3,3,4,3,2,4,3,1,0,1,4,4,3,3,3,4,5,6,8,7,4,3,3,3,2,3,4,3,2,2,3,3,3,4,4,2,2,4,5,5,3,3,4,2,2,2,2,2,2,2,2,3,3,3,3,3,3,3,3,3,3,3,3,3,3,3,3,3,3,2,1,0,0,1,1,3,3,1,1,4,4,3,3,2,3,3,3,3,3,3,3,2,3,2,2,2,2,1,1,3,4,2,2,3,4,4,2,2,4,3,3,3,3,2,2,2,2,2,2,2,2,2,2,2,1,1,1,1,1,1,1,2,3,3,1,1,1,3,3,2,2,2,2,2,2,2,2,3,3,3,3,3,3,3,3,1,2,3,3,3,3,2,1,2,2,2,2,2,2,2,2,1,1,1,1,1,1,1,2,2,2,2,2,2,2,2,2,3,3,3,3,3,3,3,3,3,3,3,3,3,3,3,3,1,1,1,2,2,2,2,2,2,2,2,2,2,2,2,2,2,2,2,2,3,3,3,3,2,2,3,3,2,2,2,3,1,1,1,1,1,1,1,1,2,2,3,3,3,3,2,2,2,4,5,4,3,1,0,0,1,1,2,2,2,2,3,3,2,2,3,3,3,3,2,2,3,3,3,3,3,3,3,3,3,2,2,2,3,3,3,3,2,2,2,2,2,2,2,2,1,1,1,1,1,1,1,1,1,1,1,2,2,1,1,1,3,4,1,1,2,2,4,4,1,0,1,3,5,5,4,2,1,2,2,2,3,3,4,4,2,1,1,1,2,2,1,1,1,2,2,2,2,2,3,3,1,1,1,1,1,2,2,2,2,2,2,2,2,2,2,2,2,2
196,1,2,2,3,3,2,2,4,4,4,4,4,4,4,4,3,3,3,4,4,5,5,5,5,4,3,2,3,3,3,3,1,2,2,3,3,2,2,1,2,7,8,3,1,4,6,6,5,4,3,2,2,3,3,3,2,2,2,2,3,3,3,3,4,3,2,3,2,1,2,2,1,0,3,4,6,7,6,5,3,2,2,2,3,3,3,3,2,2,1,1,2,2,3,3,4,2,3,3,3,3,2,2,3,3,2,2,2,2,3,3,2,2,1,1,1,1,1,2,3,3,3,3,4,4,3,3,3,2,1,1,2,3,3,2,2,3,2,3,3,3,3,3,2,2,1,1,1,1,1,1,2,2,3,3,3,2,3,4,4,2,2,3,4,4,3,2,2,2,4,4,3,2,0,0,1,2,2,2,2,3,4,3,1,3,3,3,3,3,2,1,3,3,3,3,3,3,3,3,3,3,2,1,3,3,5,5,4,3,3,3,5,4,5,4,3,3,3,3,3,3,3,3,4,4,3,3,3,3,3,3,4,4,4,4,4,4,4,4,2,2,2,3,3,3,3,3,4,3,2,2,2,2,3,3,2,3,1,1,1,1,1,1,2,2,2,2,3,3,3,3,3,3,2,2,2,2,2,2,3,3,2,5,4,3,1,2,5,4,2,2,1,1,1,3,3,4,6,3,1,2,3,4,0,1,1,1,1,2,2,1,2,2,3,3,3,4,3,1,1,2,2,2,1,1,2,2,3,3,2,2,2,1,2,2,2,2,3,3,3,3,3,3,3,3,2,2,3,4,5,5,4,3,2,2,2,2,2,3,2,2,2,2,1,2,2,2,2,1,1,2,4,4,3,1,1,2,2,3,3,4,4,4,2,1,1,2,2,2,3,2,2,2,4,4,4,4,3,3,1,1,3,3,3,4,5,6,5,4,4,2,2,2,0,1,2,1,2,2,2,3,3,3,3,1,1,2,3,3,1,1,1,2,2,2,3,3,3,2,3,4,4,4,4,3,3,3,2,2,2,3,3,3,3,4,3,0,2,3,2,1,2,2,3,3,2,2,2,2,2,2,2,3,3,3,3,3,2,3,3,3,3,3,3,3,3,3,2,1,1,1,1,1,1,1,3,3,3,3,3,3,3,3,3,2,2,2,3,3,3,3,3,2,3,3,3,3,3,3,3,3,2,1,1,1,1,3,1,2,3,4,3,3,3,3,3,3,3,3,3,3,3,3,3,3,2,2,2,2,2,3,3,2,2,2,3,3,3,3,3,3,3,3,4,4,4,4,4,3,2,3,4,4,3,3,3,3,4,3,3,2,1,0,2,2,2,3,2,3,3,3,3,3,3,3,3,2,2,3,4,4,4,4,3,3,3,3,1,2,2,2,2,4,3,3,4,3,2,4,5,5,4,4,3,4,3,3,3,2,2,2,1,1,1,1,2,2,2,4,7,4,4,5,6,6,6,3,2,2,2,3,3,3,3,3,3,3,3,2,3,3,2,2,5,3,4,4,5,4,3,4,4,3,3,3,3,3,3,3,2,2,3,4,4,4,3,4,3,3,2,2,1,1,2,2,3,3,3,3,3,3,4,4,2,2,2,2,2,2,2,2,2,2,2,2,2,2,1,2,2,2,3,2,3,2,1,1,3,2,3,3,5,5,4,3,2,3,3,3,3,3,4,3,4,4,2,2,2,2,3,3,3,4,4,4,4,4,4,3,2,2,2,3,3,3,3,4,4,2,1,3,5,5,3,3,3,3,3,3,4,4,4,4,2,1,1,2,3,4,3,3,3,3,3,3,3,3,3,3,3,3,4,4,2,0,0,1,4,3,1,2,3,3,3,1,1,2,2,2,2,2,2,2,3,3,3,3,3,3,3,3,1,1,1,1,2,2,3,3,3,2,2,2,2,2,2,2,3,3,3,3,3,3,3,3,2,3,5,5,5,5,4,2,2,2,2,2,2,2,2,2,1,2,2,3,3,2,2,2,1,1,1,1,2,2,2,2,1,1,1,1,1,1,1,1,1,2,3,2,1,1,2,2,3,2,3,4,4,4,2,2,3,3,3,3,3,3,3,3,1,2,2,2,2,0,1,2,3,3,3,2,2,3,3,3,2,2,2,2,2,2,2,2,3,2,2,4,5,4,1,2,2,1,2,1,1,1,1,1,0,0,1,1,2,2,2,1,3,3,2,3,3,3,2,3,1,1,1,1,1,2,1,2,2,1,2,3,3,3,2,1,2,1,1,2,3,3,4,4,3,3,1,1,1,1,1,1,2,1,2,2,3,3,4,4,2,2,1,2,2,1,1,1,2,3
197,1,1,1,2,2,2,2,3,3,3,3,3,3,3,3,4,4,3,3,3,3,2,2,4,3,2,2,1,1,2,2,3,3,4,4,4,3,2,2,5,5,4,4,3,3,3,3,3,3,3,3,3,3,3,3,3,4,4,3,2,2,2,2,2,2,1,3,4,4,3,4,4,3,2,2,3,4,4,3,3,3,3,3,3,3,3,3,1,1,2,3,3,3,2,2,0,1,2,2,3,3,2,2,3,3,3,3,3,3,3,3,3,3,3,3,3,3,3,3,4,4,4,3,3,3,3,4,3,3,3,3,3,3,3,3,3,3,3,3,3,3,3,3,3,3,3,3,3,3,3,3,1,1,2,2,2,2,2,3,3,3,3,2,2,2,1,1,3,2,2,3,4,4,3,2,3,4,4,4,4,3,4,4,3,3,2,2,2,3,4,5,4,3,3,2,3,4,5,6,4,4,4,5,5,5,6,6,3,3,4,4,5,5,4,5,6,3,2,2,4,3,2,0,3,2,2,2,3,4,4,3,4,4,3,3,3,3,4,4,4,3,3,3,3,3,3,3,2,4,2,3,5,4,2,4,4,3,2,1,2,3,3,3,2,1,2,1,3,3,4,5,4,3,4,3,3,2,1,2,3,3,3,3,3,3,3,3,3,2,3,3,3,3,2,2,2,2,2,3,3,3,3,3,1,1,1,2,4,5,6,5,3,4,4,4,4,4,3,2,2,2,4,4,3,4,4,3,3,3,4,3,2,0,1,1,2,3,3,2,2,3,4,3,3,3,2,3,3,3,3,3,3,3,2,2,3,4,4,3,2,2,2,3,3,3,4,4,3,3,3,3,3,2,2,2,2,2,3,3,2,1,1,4,4,3,2,3,4,4,4,3,2,3,4,4,4,4,3,3,3,2,2,2,2,2,2,1,3,3,4,5,5,5,4,3,3,3,3,3,3,3,4,5,6,4,3,3,2,2,2,2,3,3,4,3,3,3,3,4,3,4,4,3,2,2,4,4,4,3,3,2,1,2,2,3,3,2,2,2,2,2,2,2,3,3,3,3,3,3,3,3,4,4,4,3,4,3,3,3,3,3,2,2,2,2,3,3,2,1,1,1,1,1,2,2,2,2,2,2,2,2,2,2,2,2,2,2,3,3,5,5,3,1,1,2,2,1,1,1,2,2,4,4,4,4,3,2,1,2,3,3,3,2,2,2,3,4,3,1,1,3,3,4,3,5,5,4,4,3,4,4,2,2,2,2,2,2,3,3,3,3,3,3,3,2,1,1,1,2,2,3,3,2,3,2,4,5,5,5,4,4,4,5,2,1,0,2,3,4,4,4,2,2,4,3,2,2,3,3,3,3,2,2,3,3,3,3,3,3,3,4,3,3,4,4,2,1,2,2,3,3,2,3,3,3,3,3,3,3,3,3,2,1,1,1,3,4,4,3,2,1,2,3,4,5,4,2,3,3,3,2,2,2,2,2,2,2,3,3,2,2,2,2,2,2,2,2,2,2,2,2,3,3,3,3,4,3,3,3,2,2,2,2,3,3,3,2,3,1,1,1,1,2,2,3,4,3,2,2,2,3,2,1,1,1,2,1,2,2,2,2,1,1,2,2,3,3,3,2,2,2,3,3,3,3,3,3,3,3,3,3,4,4,3,3,1,1,2,2,2,2,3,4,3,4,4,3,3,2,1,1,3,3,4,4,3,3,3,4,3,3,2,2,2,2,1,1,2,2,2,2,2,2,2,2,2,3,4,3,3,3,2,1,2,3,3,4,3,3,4,4,5,5,5,4,3,3,3,3,1,2,2,2,2,2,1,1,1,1,1,1,2,2,3,2,2,2,2,2,2,2,2,3,2,1,1,1,2,2,1,1,3,2,1,1,2,2,2,2,2,2,1,1,1,2,2,3,3,3,3,3,3,3,3,3,2,2,3,3,3,4,4,3,3,3,3,3,2,2,3,3,2,3,3,3,3,3,2,3,4,4,4,4,4,4,4,2,1,3,3,2,3,2,2,3,3,3,3,2,3,2,2,2,3,3,3,3,2,2,3,2,2,2,3,3,4,4,3,3,2,2,2,1,1,1,1,1,1,1,2,2,2,3,2,1,2,2,3,2,3,2,2,2,2,2,2,3,2,3,2,3,2,2,2,2,2,2,2,1,1,1,1,1,2,2,2,2,2,2,3,4,3,2,2,3,3,3,2,3,2,2,2,2,1,2,2,2,2,2,1,2,2,1,1,1,1,1,2,2,1,1,2,3,3,3,3,2,1,1,1,2,2,2,2,2,3,3,3,2,3,4,3,3,3,3
198,2,3,3,3,3,4,4,3,3,4,4,4,3,2,1,3,3,3,3,3,3,3,3,3,3,3,2,2,2,1,1,1,1,2,3,4,4,3,2,3,3,3,3,3,3,3,2,2,2,3,3,5,4,3,1,1,2,3,3,3,4,2,2,3,4,4,5,5,4,4,3,2,2,3,3,3,3,2,2,3,2,4,4,5,4,3,3,3,3,3,3,3,3,3,3,2,2,3,3,3,3,3,3,1,1,1,1,2,2,2,2,1,1,2,2,2,2,3,3,3,3,3,2,2,2,1,1,3,3,3,3,3,3,3,3,2,2,3,3,3,3,4,4,3,3,3,3,4,4,4,4,2,2,3,5,3,3,5,5,3,3,2,2,2,2,3,3,2,2,1,2,3,4,3,2,2,3,3,3,3,3,4,4,2,4,5,5,4,2,2,2,3,3,3,3,3,3,4,4,2,1,2,3,3,3,3,3,4,4,4,4,4,4,4,3,1,1,1,1,1,1,1,1,3,3,3,3,3,3,3,3,3,3,3,3,3,3,3,3,2,2,1,1,2,3,4,4,2,2,2,2,2,1,1,1,1,1,1,2,2,2,3,3,4,4,4,4,3,2,2,1,1,3,2,1,1,1,2,2,2,3,2,2,2,2,2,1,1,1,1,2,2,1,1,1,2,2,2,3,3,3,4,4,2,3,3,3,3,3,3,3,2,2,2,3,3,3,3,4,6,3,3,4,4,3,3,1,4,5,5,4,3,2,4,3,2,3,3,3,3,3,3,3,3,3,2,2,2,2,2,2,3,2,3,3,2,3,3,3,3,4,4,3,3,2,4,3,1,2,1,1,2,2,2,2,2,2,2,3,3,3,4,4,4,3,3,2,2,3,3,3,3,2,2,3,3,3,3,3,2,2,3,3,2,2,2,4,4,5,4,4,5,5,5,4,2,2,2,2,2,3,4,2,2,4,4,3,2,2,3,3,3,3,3,3,3,2,2,2,3,3,1,2,2,3,4,1,4,4,4,3,3,4,4,5,4,3,3,3,3,3,3,4,4,3,3,3,3,3,3,4,3,4,4,2,0,0,1,2,4,3,3,2,2,3,4,4,2,3,4,4,4,4,3,1,2,3,3,3,2,2,2,1,2,2,2,4,3,3,1,1,1,2,3,3,3,3,2,4,3,2,2,3,3,3,2,1,3,4,4,5,5,4,4,4,2,2,3,3,2,3,3,2,5,5,4,4,3,3,4,4,3,3,3,3,3,3,3,3,2,2,3,3,3,4,4,4,6,5,3,2,3,2,2,3,1,1,2,4,4,3,3,4,2,1,3,4,1,1,2,3,3,2,3,2,3,3,3,3,1,1,1,1,1,1,1,1,1,1,2,3,4,3,2,1,2,2,2,2,2,3,3,3,3,3,2,2,2,3,3,1,1,1,1,1,1,1,1,1,5,5,4,4,3,3,3,3,3,3,3,3,3,3,3,3,3,1,1,2,2,3,3,3,3,2,2,2,2,2,2,2,3,3,1,1,1,2,3,4,2,2,2,3,3,3,3,4,3,4,5,4,2,1,2,3,2,1,1,1,2,2,3,3,3,3,3,3,3,3,3,3,3,3,3,3,3,3,3,3,3,3,3,2,2,2,3,3,3,2,3,3,1,1,2,2,1,1,2,2,1,1,1,2,1,1,1,1,1,1,1,1,1,1,1,1,1,1,2,2,3,2,3,3,4,4,4,4,3,2,2,2,2,2,2,2,2,2,2,2,2,2,2,2,1,1,2,3,3,3,1,1,3,3,3,3,2,2,2,1,2,1,1,3,5,5,5,2,1,2,2,2,4,4,2,2,2,2,3,3,2,2,2,3,4,4,4,3,1,1,2,1,1,2,2,1,1,1,2,3,3,3,3,3,3,3,3,3,2,2,2,3,3,3,3,3,3,3,3,3,3,2,3,3,2,2,2,2,2,2,2,2,1,1,2,2,2,2,2,2,2,2,1,2,2,2,1,1,1,1,1,1,1,1,1,1,1,2,3,3,3,2,1,2,3,3,4,4,4,2,2,2,2,2,2,2,2,2,2,1,0,1,2,3,3,1,1,2,2,2,2,2,2,2,2,3,3,3,2,3,3,4,3,3,3,3,3,3,3,3,3,3,2,2,2,2,2,2,2,3,2,3,3,3,3,3,2,2,2,2,2,2,2,2,2,1,1,1,2,2,3,3,2,3,4,2,2,2,2,2,2,3,3,3,2,2,2,2,1,1,3,3,3,3,3,4,4,4,3,3,2,2,2,2,2,3,4,4,4,4,4,4,4,4,3,3
199,1,1,1,1,2,2,2,2,1,1,3,3,3,4,4,3,2,2,2,2,2,2,2,2,2,2,2,2,2,2,2,1,1,1,2,2,1,2,4,4,6,6,4,2,2,2,1,1,1,1,1,2,2,2,3,4,3,3,2,2,4,6,5,2,2,3,3,3,3,3,3,2,3,3,3,3,3,2,3,4,3,3,2,2,1,1,2,5,5,5,4,4,4,3,4,3,1,3,3,3,2,4,4,2,3,4,3,3,3,5,5,1,1,1,1,1,1,1,1,1,3,4,4,4,3,1,1,2,2,1,2,2,2,2,2,1,2,2,2,2,3,3,3,3,3,3,3,3,3,3,3,2,2,2,2,1,3,3,3,5,3,2,1,2,3,5,3,3,4,3,4,4,3,2,3,3,3,2,3,5,5,3,2,3,3,3,3,3,3,3,3,2,3,3,3,3,3,2,2,1,1,3,3,3,3,2,2,2,2,2,2,3,3,2,3,4,3,3,3,3,2,2,2,3,3,2,1,1,2,4,5,3,3,2,2,2,1,1,1,1,1,1,1,1,1,1,1,1,1,2,2,2,3,3,3,3,2,2,2,3,3,3,3,4,4,3,2,2,1,3,4,2,2,4,4,4,4,4,2,3,3,2,4,5,4,1,3,4,4,2,1,1,2,2,2,4,4,4,4,4,4,4,4,4,4,2,2,2,2,1,2,2,2,2,2,3,3,3,3,2,2,2,2,2,2,2,2,3,3,3,3,3,3,3,2,3,3,3,3,3,3,3,3,3,3,2,2,2,2,2,1,2,2,2,2,2,2,2,2,1,1,1,1,1,1,1,1,2,2,2,2,2,2,3,4,3,3,3,3,2,2,2,1,3,3,3,1,1,2,3,3,3,3,2,2,3,3,3,2,3,3,3,3,3,2,2,2,1,2,3,3,2,2,2,1,2,3,4,4,3,3,3,3,1,0,0,0,1,1,0,1,1,1,1,1,2,2,2,2,2,2,3,3,3,3,3,2,2,2,3,3,1,0,0,2,4,3,3,3,3,3,3,3,3,2,2,2,2,2,2,2,2,3,3,4,4,3,3,2,3,4,2,2,2,1,1,0,2,2,2,2,2,2,2,2,3,3,3,3,3,3,3,3,2,1,2,2,2,2,2,1,2,2,2,2,2,3,3,3,5,5,5,3,3,2,1,1,3,3,3,2,2,1,1,1,2,2,2,2,2,3,3,3,3,3,3,3,3,3,3,3,3,3,3,3,3,3,3,3,2,2,3,4,4,3,2,2,1,2,2,3,3,2,2,1,2,3,5,4,2,1,2,3,2,1,0,1,2,3,3,2,2,2,3,3,3,3,2,2,2,2,2,2,2,2,2,2,3,3,2,2,3,4,5,5,2,1,1,2,2,2,2,2,2,2,2,3,3,4,4,4,3,3,3,3,3,3,3,3,2,2,2,2,2,3,3,3,2,2,2,2,3,3,3,4,2,2,2,2,2,2,2,2,2,2,1,1,2,3,5,6,3,3,1,1,0,0,1,1,2,3,4,3,3,2,3,4,3,3,3,3,3,3,3,3,2,2,2,2,2,2,2,2,2,2,3,3,2,2,2,2,1,1,1,1,1,1,1,1,1,1,1,2,2,3,3,3,3,3,2,2,2,2,3,3,3,2,2,2,1,1,1,1,3,2,2,3,2,2,3,3,3,3,3,3,4,4,4,4,4,5,5,5,5,3,3,2,4,4,4,3,2,1,1,1,3,3,2,2,2,1,1,1,2,1,0,1,3,5,4,3,3,3,3,3,3,3,3,3,2,1,1,1,1,1,2,3,1,1,2,1,2,1,1,1,1,1,2,2,2,2,1,1,1,1,1,1,3,3,3,3,4,2,1,1,2,2,2,2,1,1,1,1,1,1,1,1,1,3,3,3,3,3,2,2,3,3,3,3,3,3,3,3,4,3,4,4,3,3,2,2,2,3,3,2,2,3,3,2,2,2,2,2,2,2,2,2,1,1,3,3,4,4,3,3,2,3,3,3,2,1,2,3,2,2,2,2,2,2,2,2,0,2,3,4,4,4,4,4,3,3,2,2,2,3,4,5,2,1,1,1,1,2,3,3,3,3,2,2,2,2,2,1,1,1,2,2,2,3,3,4,2,2,2,2,2,2,2,2,2,2,2,2,2,2,2,2,1,1,1,1,1,1,1,1,1,2,3,3,4,3,3,2,1,3,4,5,3,2,2,4,2,0,1,3,4,4,2,1,1,1,2,1,1,1,1,1,1,2,2,2,2,2,1,2,1,1,1,1,1,1,2,3,1,1
200,2,3,3,2,1,1,2,4,4,3,2,2,2,2,3,3,2,2,1,1,3,3,2,1,1,2,2,2,3,3,3,3,3,3,3,3,3,3,3,4,4,4,3,2,2,3,4,4,2,3,4,3,3,3,3,2,2,2,2,3,3,3,3,4,4,3,3,3,3,3,3,3,3,3,3,3,4,3,1,2,2,2,2,2,2,2,2,3,3,4,4,4,4,3,3,3,3,3,3,4,4,4,4,3,3,2,2,2,2,2,2,3,4,5,4,4,2,2,2,2,2,3,2,1,1,1,2,3,2,2,2,2,2,1,1,1,1,1,1,2,3,4,4,3,3,4,4,3,3,2,3,2,2,3,3,3,3,2,2,2,2,2,2,3,3,3,2,3,2,2,2,2,2,2,2,3,3,3,3,3,5,4,4,3,2,4,5,6,6,3,2,2,3,3,2,3,3,3,3,4,4,5,3,3,2,3,4,1,1,3,3,4,4,4,3,3,3,3,3,2,2,4,4,3,3,3,3,3,3,3,3,4,4,3,3,3,3,3,4,3,2,3,3,3,3,4,3,3,3,3,3,3,3,3,3,2,3,3,4,4,3,4,4,4,3,2,2,3,3,2,2,3,3,3,3,3,3,3,3,3,3,2,3,3,3,3,3,3,3,4,4,4,4,4,4,1,2,1,1,1,2,2,1,3,3,3,3,3,3,2,2,3,3,3,3,3,3,3,3,3,3,3,3,3,3,3,3,3,3,3,3,3,3,4,4,3,2,3,3,3,4,4,4,2,2,2,2,2,3,3,3,2,3,3,3,1,2,3,3,2,2,1,1,1,2,2,2,2,2,2,1,2,2,3,3,5,4,3,3,3,2,4,4,1,2,2,2,2,2,2,2,2,1,2,2,3,3,3,3,4,3,3,4,5,5,4,4,3,4,4,3,2,2,4,4,3,4,4,3,3,3,3,3,3,3,2,3,3,3,4,4,4,4,3,3,3,3,3,2,3,3,2,2,2,2,2,2,3,3,2,3,3,3,4,4,4,3,2,3,3,2,2,2,3,2,2,2,3,3,2,2,4,4,3,2,2,2,3,3,2,2,3,3,3,3,2,2,3,2,2,3,3,2,2,3,2,3,4,4,4,3,4,4,3,3,3,3,3,3,3,3,2,4,4,3,3,2,3,4,3,2,3,2,2,2,2,3,3,3,3,4,4,5,5,5,1,1,2,3,3,3,1,2,3,2,2,3,3,3,4,4,4,3,3,3,3,2,2,1,4,4,4,5,4,4,4,3,3,2,1,3,3,2,3,3,3,2,2,5,4,4,4,3,3,4,2,2,2,2,2,4,2,1,1,1,1,1,1,1,2,3,3,3,2,3,2,2,3,4,4,4,4,4,4,3,2,1,1,1,1,2,2,2,1,1,1,2,2,2,2,2,3,3,3,4,4,2,2,4,4,3,4,5,5,4,2,1,1,1,1,1,1,1,1,1,2,2,1,1,1,1,1,2,3,2,2,3,3,5,5,5,2,2,4,4,2,2,1,1,2,3,3,2,2,1,1,3,2,1,2,2,3,3,3,5,3,1,1,2,1,1,1,1,2,1,1,1,1,1,1,2,0,0,1,2,2,2,2,1,3,3,3,3,3,3,3,2,2,2,2,4,5,4,2,2,1,1,1,1,2,2,2,2,3,2,3,4,3,2,2,2,3,3,1,1,3,3,3,3,2,2,3,3,3,3,3,5,4,2,3,3,3,3,3,3,3,4,3,3,3,3,3,4,2,1,2,1,2,2,1,1,1,1,1,1,1,2,2,1,1,1,1,1,1,1,1,1,4,5,4,2,2,2,1,1,1,1,2,2,2,2,2,2,4,4,3,3,2,2,2,2,2,2,2,2,3,3,3,3,2,4,5,3,2,4,5,3,2,2,3,3,3,3,2,2,1,2,4,4,4,4,3,1,2,2,3,3,2,2,2,1,2,2,1,1,1,2,3,4,4,2,2,2,2,2,2,1,2,2,2,2,2,2,2,2,2,2,2,1,1,1,1,2,3,3,3,3,3,3,3,3,2,1,1,1,1,2,2,2,2,2,2,2,2,3,3,3,3,2,2,3,3,3,3,4,4,3,3,3,3,3,3,3,2,1,1,1,1,1,1,1,1,1,2,2,2,2,2,1,2,2,2,2,2,2,2,2,2,2,1,2,4,5,5,3,2,2,2,2,2,2,2,2,1,1,2,3,3,3,3,1,1,1,1,2,2,2,3,3,2,2,2,2,2,2,2,2,2,1,2,2,2,2,2,1,3,3,3,3,3,3,3,3,2,2
201,3,1,2,2,2,2,2,2,2,3,2,2,3,3,2,3,3,3,3,4,4,5,5,5,5,3,2,3,3,2,1,2,2,2,4,4,4,4,3,2,2,3,3,3,2,2,2,1,0,1,2,1,1,1,3,3,3,3,3,2,2,2,3,5,4,4,4,4,4,4,4,4,4,3,3,2,2,1,1,5,4,3,3,3,3,4,4,1,1,2,3,3,3,3,2,0,4,6,4,3,3,4,4,4,6,4,4,3,4,4,3,4,4,3,3,3,3,4,3,4,5,5,4,2,2,0,0,3,3,4,4,4,4,4,4,3,3,2,2,3,3,2,2,1,1,2,2,2,1,1,2,2,2,2,1,1,3,4,5,4,5,3,3,4,3,3,4,4,5,4,4,4,4,3,3,3,3,3,3,3,2,1,1,0,2,3,3,4,3,3,2,3,3,3,3,3,3,3,3,4,3,3,3,3,3,3,3,3,4,4,3,2,2,3,3,1,1,2,3,4,4,4,3,3,3,3,4,3,2,2,3,4,2,2,1,2,2,2,2,3,2,3,4,3,3,2,2,3,4,3,2,2,2,1,1,2,2,3,3,2,2,3,2,2,2,2,2,2,2,2,2,4,4,5,3,3,3,2,3,1,2,2,1,1,1,1,1,2,2,3,4,3,2,2,3,3,3,3,2,3,3,4,4,4,4,3,3,4,4,2,2,1,1,3,3,3,3,1,3,5,4,3,2,1,1,0,1,4,3,2,1,1,1,2,1,2,3,2,2,3,3,1,0,2,1,1,3,3,2,1,1,1,1,1,2,2,4,4,5,5,3,3,3,3,4,4,2,1,3,2,2,2,2,1,1,1,2,1,1,1,2,4,4,2,2,1,1,1,1,1,1,2,2,1,1,1,2,3,4,2,3,2,2,1,2,2,3,4,3,2,2,3,3,3,2,4,5,3,2,2,3,2,2,2,3,3,2,2,2,2,3,3,5,5,4,2,1,1,1,1,2,2,4,4,4,4,3,1,2,1,1,0,1,2,2,1,1,1,1,1,1,1,0,1,1,1,1,1,1,2,1,3,3,3,3,3,3,3,3,3,3,3,3,3,3,3,3,2,2,2,2,2,2,2,2,2,2,1,2,2,2,2,2,4,2,2,3,3,2,2,4,2,2,2,2,3,3,3,3,3,3,3,3,3,3,3,3,2,2,3,4,4,3,2,2,3,3,3,3,3,3,2,2,2,1,1,1,1,1,2,2,3,3,3,3,3,3,3,4,3,4,4,3,3,2,3,3,2,2,2,2,2,2,2,3,4,4,5,5,4,4,2,2,2,2,1,0,2,4,1,0,2,2,2,2,3,3,2,3,4,2,2,3,3,3,4,5,3,3,3,3,3,3,3,3,3,3,3,3,3,3,3,3,4,3,4,3,3,3,3,3,2,2,2,2,2,1,2,2,1,1,2,3,4,2,2,2,3,3,3,2,2,2,2,2,2,2,3,3,3,4,4,4,4,3,3,3,2,3,4,4,3,3,3,3,3,3,3,3,2,2,1,1,3,4,4,3,3,3,3,3,3,3,3,3,3,3,3,3,3,3,3,3,2,1,2,3,2,2,2,2,3,3,3,2,2,2,2,3,1,0,0,2,4,5,6,5,4,3,3,2,2,3,4,4,1,2,2,2,2,2,1,1,1,1,1,1,1,1,1,2,2,2,1,1,1,1,2,1,3,3,3,3,3,3,3,3,1,1,1,1,2,2,2,2,1,2,2,2,2,1,1,1,3,3,1,2,2,3,3,2,3,3,3,3,2,3,2,2,1,1,2,3,3,3,2,1,3,2,2,3,3,4,4,3,2,2,2,2,2,2,2,2,2,2,1,2,4,2,1,3,5,4,2,1,1,2,2,2,3,2,2,3,3,3,1,1,1,2,3,3,3,2,1,2,3,2,2,4,4,4,2,2,1,1,2,2,1,0,1,2,3,4,3,2,3,2,1,1,0,2,2,1,2,2,2,1,3,3,2,3,3,4,4,4,1,1,1,1,1,1,0,0,2,2,3,4,4,3,2,2,3,3,3,2,2,2,2,2,2,1,2,2,1,1,1,1,2,2,1,1,1,2,4,4,0,1,4,6,5,3,1,2,2,1,1,1,2,2,2,2,2,1,1,2,4,5,5,3,2,2,3,3,2,2,3,3,5,4,4,2,2,4,3,3,1,1,1,1,2,2,2,3,4,3,3,3,3,3,3,3,2,1,1,3,3,3,1,1,1,1,1,1,1,1,1,1,2,2,2,2,2,2,2,2,2,1,1,1,2,2,2,2,3,2
202,5,3,3,4,4,4,3,3,2,2,2,2,3,3,3,2,2,2,3,3,2,3,3,4,3,2,2,2,2,2,2,3,3,3,3,2,3,4,4,3,3,3,3,3,3,3,3,3,3,3,1,2,2,2,2,3,3,3,3,3,3,3,3,2,2,1,1,1,2,2,2,1,3,3,2,2,3,3,1,3,1,1,1,2,2,2,2,3,3,0,2,4,5,4,2,4,3,3,3,2,2,2,2,3,3,1,2,3,4,4,2,2,2,2,2,2,1,2,2,0,2,3,3,1,0,0,2,5,2,2,4,5,3,1,3,2,2,2,2,2,2,2,2,1,0,0,0,1,1,1,1,3,4,4,4,4,4,4,4,4,4,4,3,3,3,2,2,2,1,2,2,2,3,3,3,2,1,1,1,1,1,1,1,2,1,2,2,2,2,3,4,1,0,1,2,4,4,4,4,4,3,3,3,3,3,3,3,1,2,3,3,1,1,2,4,4,3,4,3,3,4,4,3,5,5,5,3,2,2,2,2,2,3,4,4,4,4,4,4,3,3,3,2,3,3,3,2,1,1,2,1,2,1,1,0,1,2,1,1,1,2,2,2,3,3,2,2,3,3,3,4,6,6,4,3,6,5,2,2,4,2,3,3,2,2,2,0,1,2,2,3,4,4,3,3,2,1,2,2,2,2,1,1,4,3,3,2,2,2,1,1,2,2,2,2,2,2,2,1,3,3,4,4,3,3,2,3,2,2,2,1,2,1,2,2,3,2,3,2,3,2,2,2,1,1,2,2,1,2,1,1,3,4,4,4,3,3,3,4,3,3,2,1,3,5,5,4,3,2,2,2,2,2,2,2,3,3,2,3,4,3,4,3,2,3,2,2,2,2,2,2,3,2,3,3,2,1,2,4,4,3,4,4,4,4,3,3,4,4,3,2,3,5,5,4,3,2,2,1,2,3,2,2,2,3,2,2,2,1,1,1,2,3,3,2,2,2,2,1,2,3,4,5,5,4,4,4,4,4,3,2,3,3,3,3,4,3,4,3,4,3,4,3,3,4,4,2,2,2,3,3,2,2,2,2,3,3,3,3,2,2,2,2,2,1,1,2,3,2,2,4,4,4,2,2,4,3,3,3,3,3,2,2,2,2,3,3,3,3,3,2,3,3,3,3,3,3,3,3,2,2,2,0,0,1,2,3,4,4,4,4,3,3,3,3,2,3,3,3,3,3,2,3,4,4,4,4,4,4,4,4,2,2,2,2,2,2,2,3,5,5,6,5,6,5,5,4,3,1,1,1,2,2,1,2,4,2,2,3,5,5,3,2,3,5,5,3,2,2,3,5,4,4,3,2,2,3,4,2,1,3,3,3,3,4,6,4,3,3,3,3,3,3,3,3,2,3,2,2,3,2,2,2,4,4,2,2,3,3,2,2,3,3,2,2,2,2,2,3,4,3,4,5,5,3,2,2,1,1,2,2,1,1,1,1,2,3,4,4,3,3,2,3,5,3,2,1,1,2,2,2,1,1,1,2,2,2,2,2,2,2,3,4,3,3,3,4,3,3,2,2,2,3,3,2,3,3,2,2,2,3,3,3,2,2,2,2,1,1,1,1,1,1,1,2,2,2,1,1,2,3,3,3,3,3,3,3,3,3,3,2,2,2,2,3,2,2,2,2,3,3,3,3,4,4,3,3,3,2,2,2,2,4,4,4,3,3,3,3,3,3,4,4,5,5,6,7,2,2,2,2,2,2,2,3,3,2,4,5,4,4,3,3,3,3,1,2,4,4,4,3,3,3,3,3,3,3,3,3,2,2,1,0,0,1,1,2,3,2,2,2,1,1,3,3,2,2,2,2,2,2,2,3,3,2,2,2,2,2,2,3,1,2,2,2,2,2,1,2,4,3,2,1,2,2,2,2,2,3,4,3,3,3,3,2,3,3,2,1,3,4,5,4,4,3,2,2,1,2,2,2,4,4,3,3,3,3,3,4,3,3,2,1,1,1,1,1,0,0,1,2,3,4,5,4,2,2,4,4,4,4,2,2,3,3,4,4,4,4,3,3,3,3,3,2,2,2,2,2,1,1,2,2,2,2,1,1,0,1,1,2,2,1,1,1,3,3,4,4,4,2,1,1,3,3,3,3,3,3,3,3,3,3,2,2,2,2,2,2,1,1,1,1,1,1,1,2,2,1,2,1,1,2,1,2,3,2,2,1,1,1,1,2,3,3,3,3,3,3,3,2,2,2,1,1,1,1,1,1,1,2,4,2,2,3,4,4,3,2,2,2,2,2,2,3,3,3,3,4,4,4,4,4,1,2
203,2,2,2,2,2,2,2,1,3,4,5,5,5,4,3,4,4,4,2,3,3,4,4,2,2,2,2,2,3,2,1,2,2,2,2,2,2,2,3,5,5,4,2,1,3,4,3,1,1,1,1,2,1,1,1,2,1,1,1,1,1,2,3,2,1,1,1,2,2,2,2,2,3,3,4,4,3,3,2,3,3,3,3,3,4,2,3,4,4,4,4,4,4,4,4,1,2,2,2,3,3,4,4,2,1,1,1,2,2,3,4,2,2,2,1,1,1,1,1,4,3,3,3,3,3,3,3,1,1,1,1,1,1,1,1,3,3,3,3,2,2,2,2,2,3,3,2,3,3,3,3,3,3,4,3,4,3,4,4,3,3,2,2,2,2,3,3,3,4,4,3,2,2,2,2,2,2,2,2,1,1,1,1,1,2,2,2,2,3,3,3,4,3,2,2,1,1,1,1,4,3,3,3,3,2,2,1,4,4,4,4,4,4,4,4,2,2,2,2,2,2,2,3,4,3,3,3,3,3,4,4,1,2,3,3,3,4,3,4,2,2,2,2,1,1,1,1,3,3,4,4,2,2,1,1,2,2,2,2,2,2,2,2,2,2,2,2,2,2,2,2,3,3,3,2,1,2,4,5,4,3,3,3,2,2,2,4,3,3,4,4,3,4,3,3,3,3,3,3,3,3,3,3,1,1,2,2,2,2,2,3,2,3,6,5,3,3,1,1,2,3,4,4,5,5,4,4,3,3,3,3,3,3,3,3,1,2,3,3,2,1,1,3,4,3,3,3,3,3,4,4,3,3,2,2,2,3,3,4,3,3,3,3,3,3,3,3,2,3,3,4,4,3,3,2,2,3,2,2,3,3,2,2,3,3,3,3,3,3,3,3,3,2,1,2,2,2,3,5,4,3,4,4,3,4,3,3,1,2,2,2,2,3,3,3,3,3,2,2,2,2,1,2,3,3,4,4,4,3,3,4,1,2,3,2,2,3,3,2,2,3,4,4,4,2,1,2,3,3,3,3,3,2,3,3,2,2,2,3,2,2,3,2,2,2,2,3,3,3,4,3,1,1,1,1,2,2,2,3,4,3,4,3,3,3,3,3,3,3,3,3,3,3,3,2,2,3,3,4,3,2,0,1,3,3,3,3,3,3,3,3,2,3,3,3,4,4,4,3,1,2,2,2,2,2,1,2,2,2,2,2,2,2,2,1,2,2,2,2,2,2,2,2,2,3,3,3,4,4,4,5,4,5,4,4,3,4,3,3,2,2,3,2,1,2,4,4,3,3,4,5,5,5,5,4,3,5,6,4,3,3,2,4,2,2,4,4,4,3,3,3,2,2,2,3,3,3,3,3,3,3,3,3,3,3,4,3,4,5,4,3,4,5,5,3,2,2,3,3,4,4,5,5,4,4,4,4,3,3,2,3,3,3,3,2,2,3,3,3,2,4,5,3,2,2,3,3,3,3,3,4,3,3,2,2,3,3,1,0,2,3,6,7,3,3,3,3,3,3,3,3,2,1,3,3,3,2,2,4,2,1,3,3,3,3,3,2,2,1,1,1,2,2,3,3,1,0,1,1,1,2,2,2,4,4,4,2,3,3,3,2,2,2,2,2,2,3,3,4,4,5,5,4,4,4,3,2,0,1,1,2,2,1,3,3,2,2,1,2,2,1,2,1,2,3,4,3,3,3,3,3,3,3,3,2,2,2,2,2,2,3,3,2,3,3,3,2,1,1,2,2,2,2,3,2,2,2,2,2,2,2,2,2,1,2,2,2,3,3,3,3,1,1,1,1,1,1,2,2,4,3,2,3,3,2,1,1,2,2,2,2,2,2,2,2,3,3,3,3,3,3,3,3,4,4,4,4,3,2,1,2,3,3,3,2,1,1,2,2,3,2,2,2,1,2,2,1,1,2,2,2,1,2,3,2,3,2,3,3,2,2,2,3,2,2,2,2,2,2,2,2,2,2,2,2,2,3,3,4,2,2,2,1,1,1,1,1,1,2,2,2,3,2,2,2,3,3,4,3,3,4,4,2,1,2,3,4,4,3,3,3,2,2,2,2,2,2,2,2,1,1,1,3,3,4,5,5,3,4,3,2,2,3,3,2,2,3,3,3,4,4,3,2,2,2,2,2,3,3,2,3,3,3,2,2,3,3,2,2,3,2,2,2,2,2,2,2,3,3,1,1,0,1,3,4,2,3,3,4,4,3,2,1,1,2,2,2,2,2,2,2,4,3,3,3,3,1,2,2,2,1,2,2,3,3,2,2,1,1,1,1,1,1,1,0,1,1,0,1,1,1,0,0,1,1
204,2,1,2,3,3,2,2,2,1,1,1,1,1,1,1,3,2,3,4,4,4,4,6,9,5,3,3,3,3,3,4,4,4,2,2,2,3,4,5,3,5,6,3,2,1,3,5,3,3,3,3,3,3,3,3,2,2,3,4,4,3,3,4,5,5,5,3,3,3,2,3,2,3,3,2,2,2,2,1,3,3,2,2,3,3,3,3,2,2,2,2,2,3,3,2,0,1,3,5,5,3,3,2,1,3,3,1,1,1,3,3,2,2,1,2,2,3,5,5,5,4,3,2,3,3,3,4,4,3,5,5,5,4,2,2,3,3,3,3,3,3,3,3,2,2,3,3,3,3,3,3,2,2,2,2,2,1,1,2,1,1,2,2,2,2,2,3,4,1,2,4,4,2,1,1,1,2,2,3,3,3,3,3,3,3,4,3,3,3,4,4,5,3,2,3,2,2,1,0,5,3,2,2,3,3,3,2,4,3,2,3,3,3,2,2,3,4,3,3,2,3,2,3,3,3,2,2,1,2,2,2,1,3,4,4,4,4,2,2,1,1,2,2,2,3,3,3,2,1,2,2,2,2,2,2,3,3,3,4,4,4,3,3,3,2,3,3,1,1,1,1,1,1,1,1,1,1,1,1,2,2,2,2,2,2,2,2,2,2,2,2,2,2,2,2,2,2,2,2,2,2,2,2,1,1,1,2,3,3,2,2,3,3,2,1,3,3,2,2,2,1,1,2,3,2,2,2,3,3,3,3,2,2,2,2,2,1,1,1,1,2,1,1,2,1,1,1,1,1,1,1,2,2,3,3,4,4,4,4,3,3,3,3,3,3,3,3,2,2,2,2,2,2,2,2,3,3,3,2,3,3,3,4,2,2,2,2,2,2,2,2,2,2,2,2,2,2,2,2,3,2,3,4,4,3,2,3,4,4,3,4,4,5,5,4,3,2,2,2,3,3,3,3,4,4,3,3,2,3,3,4,0,1,2,2,3,2,2,1,3,4,3,3,3,4,3,3,2,2,1,1,2,2,3,3,3,3,3,3,4,4,4,4,3,3,3,3,3,2,2,2,1,1,1,1,1,2,2,1,4,5,3,2,2,2,2,2,2,2,3,4,4,3,4,3,2,3,3,3,4,3,3,3,3,2,3,4,4,3,3,3,3,3,3,3,3,3,4,4,2,2,2,2,1,2,2,2,2,3,2,2,2,2,2,2,3,3,3,3,4,3,2,2,2,3,3,3,3,3,3,2,4,4,2,2,3,3,4,4,2,3,2,2,3,5,5,3,2,2,2,4,4,3,2,1,2,3,3,3,3,3,3,3,3,1,1,2,2,3,3,2,1,2,2,2,2,2,2,3,5,4,4,3,3,2,2,1,2,2,4,5,3,3,3,4,3,2,3,3,2,1,1,2,1,1,1,1,1,1,2,2,2,2,2,2,2,3,3,4,3,3,3,3,3,3,3,2,2,3,3,3,3,3,3,3,1,1,1,1,1,1,1,2,3,3,3,3,3,3,3,3,2,2,2,2,2,2,2,1,1,2,2,2,2,2,2,2,3,2,2,3,4,4,2,2,1,1,1,1,1,1,1,1,2,2,2,2,2,2,2,3,2,2,3,3,3,4,4,4,2,2,1,2,2,2,1,1,3,3,2,1,1,1,1,2,2,2,2,2,2,2,2,2,2,3,3,3,3,2,2,3,2,2,3,3,3,3,1,2,3,2,3,3,4,3,3,3,1,1,1,1,1,1,1,1,2,2,2,2,2,2,2,2,3,1,1,1,2,3,4,3,3,3,4,3,3,3,2,2,3,3,3,2,2,3,2,2,3,3,3,3,2,3,4,4,3,2,3,4,4,3,4,4,4,4,2,2,2,1,3,3,1,1,2,1,2,1,1,2,1,2,2,2,1,1,2,2,2,2,2,3,3,2,3,4,2,1,2,3,4,3,3,3,2,2,3,2,3,3,3,3,4,4,4,3,4,4,4,4,2,2,3,2,2,3,2,2,2,2,2,3,2,1,1,2,1,1,1,1,1,1,1,1,1,1,1,1,1,2,4,4,2,2,3,2,2,2,2,1,3,2,2,3,3,2,2,2,2,1,2,2,3,3,3,3,2,0,2,3,3,3,2,3,3,3,3,3,3,3,3,2,2,2,2,3,6,5,2,1,3,3,3,4,3,4,3,2,3,2,2,3,3,2,3,4,4,4,3,3,2,1,1,2,2,2,2,3,3,3,4,4,1,2,3,2,2,2,2,2,2,2,2,2,2,2,1,1,1,1,1,2,2,1,1,2,2,2,2,2,2,2,2,1,2,2
205,4,3,3,3,3,4,4,3,3,3,3,3,2,3,4,4,3,2,2,2,1,1,2,2,2,2,4,2,2,3,4,3,2,2,2,2,3,3,3,4,3,3,3,3,3,3,3,1,1,1,2,3,3,3,3,1,1,1,1,1,1,2,2,2,2,2,3,3,2,2,1,2,3,4,4,4,3,2,2,2,2,2,2,3,3,4,5,4,3,4,3,4,3,3,3,1,1,1,1,1,1,1,1,4,3,3,3,3,3,3,3,4,4,3,2,3,3,3,1,3,3,2,2,3,3,3,2,1,2,3,4,4,4,3,3,2,4,4,4,4,3,2,4,2,1,2,2,2,2,3,3,2,3,2,3,3,3,4,4,4,2,2,4,4,4,3,3,3,3,3,3,4,4,4,5,2,2,2,2,3,2,2,4,3,3,3,3,3,3,3,3,3,3,2,2,3,3,3,3,3,3,3,3,4,4,4,3,2,2,2,2,3,3,3,3,2,2,2,2,1,1,1,1,3,2,2,2,2,1,1,1,2,3,5,4,3,3,2,3,2,2,3,3,3,4,3,3,4,4,5,4,3,2,2,3,1,1,1,0,1,1,2,1,3,3,3,3,3,3,3,3,2,2,2,2,3,3,3,3,3,3,3,3,3,3,1,3,4,3,2,2,3,2,4,4,2,2,2,2,2,2,2,2,3,3,3,3,3,3,3,3,2,2,2,2,3,3,3,5,3,3,3,2,2,2,2,2,2,2,1,3,3,3,2,2,3,3,3,3,3,3,3,3,4,4,3,3,3,3,3,3,3,2,2,3,3,4,4,3,4,4,3,3,3,3,4,4,3,1,2,3,4,6,7,5,3,3,2,3,3,4,5,6,4,3,3,3,2,2,2,1,2,2,2,3,3,3,3,3,2,2,2,2,3,3,3,3,1,1,2,2,2,2,2,1,4,4,4,3,3,3,2,3,2,2,3,3,3,3,2,2,0,1,1,3,3,2,2,2,4,4,4,4,4,4,4,4,3,2,3,3,3,2,3,3,2,2,2,2,2,2,2,3,6,6,4,3,3,2,1,1,1,2,2,2,1,3,2,1,2,2,2,2,2,2,2,2,3,3,3,3,3,3,3,3,4,4,4,4,3,4,6,5,2,2,2,3,2,1,1,1,3,3,2,3,2,3,3,3,2,2,2,3,3,3,4,4,2,2,3,3,2,2,3,2,2,2,2,2,2,2,2,3,2,1,2,2,2,3,3,3,2,4,5,5,5,4,3,1,2,2,3,3,3,3,5,2,0,1,3,4,5,4,4,5,4,2,4,6,5,3,2,2,4,2,1,1,1,1,2,1,3,3,3,4,4,4,5,4,3,5,5,5,3,3,3,5,1,1,1,1,1,2,2,2,1,1,1,1,1,2,2,3,4,3,2,3,4,4,3,4,5,4,2,2,2,3,5,4,2,3,3,3,2,1,3,3,2,2,2,2,3,3,3,3,2,2,2,2,3,3,3,2,3,3,3,3,3,3,3,2,2,4,4,3,3,2,4,4,4,4,4,3,4,3,3,4,3,3,2,2,2,2,2,2,3,3,3,3,2,2,3,3,2,2,4,3,3,2,2,2,3,3,2,3,3,3,4,3,3,3,3,3,3,3,3,3,1,2,2,2,2,3,3,3,3,3,3,2,2,2,2,2,3,3,1,2,1,1,2,2,3,3,3,3,3,2,2,1,2,3,3,3,4,5,5,4,3,2,2,2,3,3,3,3,4,4,4,3,3,2,3,3,2,2,3,3,3,3,3,3,1,1,3,3,3,2,1,1,4,3,3,3,3,3,3,4,4,4,4,3,3,3,2,3,2,2,2,2,2,2,2,3,2,2,2,2,2,2,2,1,3,3,3,3,3,3,3,4,3,3,3,3,3,3,3,3,2,2,1,1,2,3,2,2,2,2,2,2,2,2,2,2,2,2,2,2,2,2,2,4,5,3,2,2,1,2,2,2,2,2,2,2,2,2,2,2,2,3,3,4,4,5,6,4,2,2,1,0,2,3,3,2,4,4,4,4,3,3,4,3,2,2,2,2,2,2,2,3,4,3,1,1,2,3,3,3,4,3,3,4,4,5,3,4,3,2,1,1,1,3,4,3,3,2,2,1,2,2,2,4,3,2,3,2,2,2,1,1,1,1,2,1,2,1,1,1,1,2,2,2,2,2,2,2,2,2,2,2,2,2,2,4,5,4,4,3,3,3,2,2,2,3,4,4,3,1,0,1,2,2,2,2,2,2,1,1,1,1,2,2,2,4,4,4,5,4,3,4,4,4,5,5,4,4
206,4,3,3,3,4,3,3,2,2,2,2,2,2,2,1,5,6,4,4,4,3,3,2,2,2,2,3,3,3,4,4,1,3,1,0,2,4,5,3,4,5,4,4,4,4,3,3,3,3,3,4,4,3,3,2,3,3,2,3,2,2,2,2,2,2,2,1,1,2,2,2,2,2,2,1,1,1,2,4,4,5,3,3,2,1,2,2,1,1,2,2,4,4,2,1,2,2,2,2,2,2,2,2,2,2,2,2,2,2,3,3,4,4,3,3,3,3,3,3,3,3,3,3,3,2,4,3,2,2,3,2,3,2,2,2,2,2,2,3,3,3,1,2,2,2,2,2,2,2,2,3,1,1,2,1,2,2,3,2,1,2,1,1,1,1,1,3,3,2,1,3,4,3,4,2,3,4,4,4,4,4,4,4,3,2,1,2,4,4,3,1,2,2,2,2,2,3,4,4,3,3,3,2,3,3,2,2,2,2,3,3,3,3,3,3,4,4,3,3,3,4,5,5,3,3,4,4,2,2,1,1,2,2,3,4,4,3,2,2,2,2,1,1,2,2,3,3,2,2,3,2,3,2,3,3,3,1,1,3,5,5,3,2,2,3,2,3,3,3,3,3,3,3,4,3,4,3,3,4,4,5,4,4,4,3,3,3,2,4,4,3,3,4,3,3,3,3,3,3,4,4,2,3,3,7,5,2,1,2,1,0,2,2,2,2,2,2,2,3,1,1,2,2,3,3,2,3,2,2,3,3,1,1,2,1,3,3,3,2,2,2,2,4,6,3,3,3,3,3,5,5,3,4,3,3,3,3,3,2,2,2,2,2,2,2,2,2,2,2,1,2,2,2,4,2,1,2,2,2,2,2,1,1,3,3,3,3,3,3,4,3,2,2,2,3,4,4,4,3,2,2,4,4,4,2,2,2,2,2,5,5,5,6,5,4,3,2,3,2,2,2,2,2,3,3,2,2,3,3,2,2,3,2,2,1,1,1,2,2,2,3,3,3,3,3,4,3,3,3,3,3,3,3,3,3,3,1,2,3,4,4,3,4,2,1,2,3,3,4,3,2,4,3,3,4,3,3,3,3,2,3,2,3,3,3,3,3,2,3,2,1,2,4,4,4,3,3,3,2,2,2,2,2,2,4,3,3,3,2,2,2,2,2,2,2,2,2,2,2,2,2,2,2,2,2,2,2,1,1,3,5,5,5,3,2,4,4,2,2,2,3,3,1,2,2,2,2,2,3,3,3,4,4,3,3,3,3,3,2,3,4,4,4,4,4,4,5,4,2,2,2,3,3,3,2,1,2,3,3,2,2,1,1,1,2,2,2,3,3,3,4,3,2,2,2,1,1,1,1,1,1,3,3,3,4,2,2,2,2,2,2,2,2,2,2,1,1,1,1,1,1,2,2,3,2,2,2,2,3,3,3,2,2,2,2,2,2,2,2,2,2,2,2,3,3,3,3,4,3,3,3,3,3,3,3,3,3,3,3,3,3,3,3,4,3,3,3,3,3,3,3,4,3,1,1,1,1,2,3,3,2,2,2,2,2,2,2,1,1,1,2,2,2,2,2,1,1,1,1,1,1,1,2,4,3,3,3,2,2,2,2,2,2,2,2,2,2,2,2,2,1,1,1,1,1,1,1,5,5,3,3,3,2,3,3,2,2,2,2,2,2,2,2,5,5,4,4,3,3,3,2,2,2,2,2,2,2,2,2,2,2,4,4,5,5,4,5,2,1,2,2,2,2,2,3,3,2,2,1,1,1,2,2,2,2,2,2,2,2,2,2,3,2,2,3,3,4,4,4,3,2,1,2,3,2,3,2,3,2,2,3,3,4,5,5,3,3,3,4,3,3,3,3,3,4,4,4,4,4,3,3,2,2,1,2,1,2,1,1,1,2,2,3,3,2,2,1,3,3,3,3,3,4,4,3,2,2,2,2,1,2,2,2,3,2,3,3,2,2,2,3,2,2,3,5,3,3,2,3,3,3,2,2,2,2,1,1,2,2,2,2,2,2,2,2,3,3,3,3,4,4,4,4,2,2,3,4,4,4,4,3,3,3,3,2,2,2,1,1,2,2,2,2,3,3,3,3,3,3,4,3,3,3,3,4,1,1,1,1,1,1,1,1,3,2,1,2,2,2,3,2,5,2,1,1,3,4,3,2,3,3,3,3,3,3,3,3,0,0,3,3,2,2,3,3,2,3,3,3,3,4,4,2,1,1,2,3,2,2,3,2,3,3,3,3,2,2,2,1,2,2,3,3,3,2,0,0,1,3,4,2,3,4,4,3,3,3,3,2,2,2,3,3,6,5
207,2,2,3,2,3,3,3,3,3,4,3,3,3,3,3,3,3,3,3,3,3,3,3,3,3,3,3,3,3,3,2,3,5,6,6,4,3,3,3,3,4,4,4,3,3,4,4,1,2,4,5,3,1,1,2,3,3,4,4,4,4,3,3,3,3,3,3,2,2,2,2,2,2,2,2,2,3,5,5,6,3,1,1,2,2,1,1,2,2,2,2,2,2,2,2,3,3,2,2,2,1,1,1,1,1,1,2,2,2,2,2,1,1,1,2,2,1,1,1,3,3,3,3,3,3,3,3,5,4,2,1,2,2,4,4,3,3,3,3,3,3,3,3,2,3,5,5,4,3,3,3,2,2,2,1,2,2,2,3,3,3,3,2,2,3,3,3,5,4,5,5,5,5,3,1,2,1,2,1,1,2,3,2,3,3,1,1,3,3,3,2,1,1,1,2,2,2,1,1,0,0,1,1,1,2,2,1,4,6,4,2,2,1,2,1,1,2,2,2,2,1,1,1,2,2,2,3,3,3,3,3,5,6,7,6,3,1,1,1,3,3,3,3,3,3,3,3,3,2,2,2,2,2,2,2,2,2,2,2,2,2,2,3,3,4,4,4,3,4,4,6,4,2,2,2,2,2,4,4,4,3,3,3,2,2,2,2,2,2,2,2,2,2,2,3,3,1,1,1,3,3,3,4,4,4,3,3,3,3,3,2,3,3,3,3,3,3,3,2,1,3,3,4,5,5,5,3,1,3,3,3,4,3,2,2,3,3,3,3,3,3,3,2,2,2,2,2,2,2,2,3,2,1,1,2,2,3,2,2,0,2,2,2,2,1,2,2,1,2,2,2,2,2,2,1,2,3,3,3,4,4,4,4,2,2,2,2,1,1,1,1,2,1,1,2,3,3,4,4,3,3,3,3,3,3,3,2,2,2,2,2,2,2,2,3,1,2,2,2,2,2,2,2,1,1,1,1,1,1,1,1,2,2,2,2,1,1,1,1,2,2,2,2,2,2,2,3,2,2,2,2,2,2,2,1,2,4,3,3,2,3,5,4,1,2,3,3,5,5,4,3,1,1,1,2,2,2,2,4,4,4,1,1,1,2,3,3,1,1,1,1,1,1,1,1,5,4,3,3,3,3,2,1,1,2,2,2,2,2,2,2,1,2,1,2,2,3,3,3,4,3,2,1,1,2,3,4,4,4,2,2,2,2,2,2,1,2,2,2,1,1,1,1,2,2,2,2,2,3,3,3,3,4,3,2,2,3,2,1,1,2,3,4,4,4,4,4,3,2,2,4,5,4,3,3,1,2,3,5,6,4,3,2,4,4,3,3,3,2,2,3,2,2,2,2,3,3,3,3,2,2,3,2,2,3,2,1,2,2,2,2,2,2,2,4,2,2,3,3,2,3,3,2,2,3,3,1,1,2,3,5,5,3,1,1,2,4,4,2,2,2,2,2,3,4,4,5,4,3,2,1,1,1,1,0,1,4,3,3,2,2,2,2,1,2,3,3,3,4,4,4,3,2,1,2,2,2,1,1,2,2,2,2,2,3,3,3,4,4,4,4,4,4,4,4,3,3,2,2,2,2,2,2,1,1,1,1,2,2,2,1,2,3,4,4,4,4,3,2,1,1,2,2,2,2,1,0,2,4,4,2,2,4,4,2,3,3,3,3,3,3,3,3,2,2,2,2,1,1,0,0,1,1,1,1,1,2,2,2,1,1,1,2,2,3,3,4,5,4,2,2,2,1,3,4,3,3,3,3,3,3,3,3,4,4,3,4,4,4,3,3,2,2,2,3,5,4,4,4,1,1,1,1,1,1,1,1,4,4,4,4,2,2,2,4,3,2,3,3,3,3,3,2,1,1,1,1,1,2,3,1,1,2,2,1,2,2,2,2,3,3,3,3,3,3,3,2,1,3,2,2,2,2,2,1,2,2,2,3,3,3,3,2,1,2,2,2,2,2,2,2,2,3,3,3,2,0,2,2,2,3,4,4,3,2,1,1,1,1,2,1,2,2,2,2,3,3,2,3,2,2,1,2,0,0,2,3,3,3,3,5,2,1,1,1,2,1,2,3,2,1,2,3,3,2,2,1,1,1,3,3,3,1,1,2,3,3,2,1,2,2,2,3,4,3,3,2,2,3,3,3,4,2,1,1,2,2,2,2,2,2,2,2,2,2,2,2,1,0,2,2,2,1,2,3,2,3,3,2,2,2,2,4,5,4,3,3,3,3,5,4,3,2,2,3,3,3,2,2,3,3,2,2,2,3,3,3,4,4,4,4,5,6,5,4,3,3,3,3,3,3,4,3,3,3
208,3,3,1,1,1,1,2,3,3,3,3,3,3,3,4,4,3,3,3,2,2,2,2,3,3,2,1,1,2,3,3,5,6,4,3,3,2,2,3,4,5,4,4,3,3,2,2,3,3,3,4,4,6,5,3,3,2,2,3,4,3,1,1,0,1,1,1,1,3,5,5,4,2,2,4,2,1,3,1,2,2,2,2,2,2,2,2,2,2,2,2,2,2,1,1,3,6,5,4,3,2,2,2,1,2,3,3,4,4,4,3,4,3,1,1,3,5,5,4,3,3,2,2,2,2,2,1,0,2,3,3,1,1,0,2,3,2,3,3,2,2,2,3,1,3,3,2,2,1,2,2,1,1,2,2,2,2,1,1,3,4,3,3,3,3,3,3,3,2,1,3,4,5,4,2,3,4,2,4,5,3,2,4,2,2,2,2,2,2,3,3,5,5,5,5,5,5,5,5,3,2,2,2,2,2,2,2,1,1,3,4,4,5,4,4,2,2,3,3,3,2,2,3,3,2,2,2,4,4,4,4,1,1,3,3,2,1,1,3,3,1,1,1,1,1,1,1,1,0,1,1,2,2,2,3,4,2,2,2,2,2,2,2,3,3,3,4,3,3,3,2,1,1,1,2,3,3,3,3,2,0,1,3,3,3,1,1,2,1,2,2,2,2,3,3,3,2,3,3,2,3,3,4,2,2,3,4,5,5,3,4,2,2,2,1,1,1,1,3,1,1,2,1,2,2,3,2,4,3,1,3,5,3,1,3,3,2,3,2,3,3,3,3,2,2,3,3,3,2,2,0,2,3,3,3,3,3,3,3,3,3,3,3,3,3,3,3,3,4,4,4,4,4,4,5,5,3,3,3,3,3,3,3,1,1,2,2,3,3,2,2,2,2,2,2,2,3,3,3,5,3,3,3,3,3,4,4,2,2,2,1,1,1,3,4,4,4,4,2,2,3,3,4,3,3,2,2,1,2,3,4,7,5,5,5,4,5,5,4,3,3,3,3,3,3,3,3,2,2,2,2,2,2,2,2,2,1,1,2,2,2,3,3,2,2,2,1,1,1,1,1,1,2,1,1,1,1,2,2,3,3,1,1,2,2,2,3,3,3,3,3,3,3,3,3,3,3,2,2,1,1,2,2,2,2,2,2,2,2,2,2,1,1,1,1,2,2,3,3,3,2,2,1,2,2,3,3,2,2,1,1,1,2,2,2,3,3,3,3,3,3,3,3,3,3,3,3,3,3,3,3,4,3,2,2,2,2,2,2,2,2,2,2,2,2,2,2,2,2,2,2,2,2,1,1,1,1,3,4,3,2,2,3,4,3,3,3,3,3,3,3,2,1,1,2,2,3,3,3,3,2,3,5,4,4,3,3,2,0,1,4,4,3,4,3,2,2,2,2,2,2,2,2,2,2,2,2,2,2,2,2,2,2,4,4,3,3,2,4,1,2,4,4,4,4,4,2,2,2,2,2,2,2,2,2,3,4,3,2,1,1,1,1,4,2,2,2,2,2,3,3,3,2,2,2,2,2,2,2,2,1,1,1,1,1,1,1,1,1,1,1,1,1,2,2,2,2,2,2,2,2,2,2,2,2,2,2,2,2,2,1,1,2,2,2,2,2,2,2,1,2,4,2,1,3,5,3,2,3,3,2,2,1,1,1,1,1,1,2,2,2,3,3,3,2,1,1,2,3,3,1,0,1,1,2,2,3,2,1,2,2,2,1,1,1,2,2,2,3,3,3,3,4,4,4,4,3,2,2,2,2,1,1,3,3,3,3,3,3,3,3,2,3,3,4,5,4,3,3,3,3,2,2,2,2,3,3,2,2,2,2,2,2,2,2,3,4,5,4,3,3,5,5,4,3,3,3,3,2,3,4,3,2,2,2,3,3,2,2,2,2,4,4,5,4,4,4,4,4,2,2,4,4,5,3,2,2,2,2,3,3,3,3,3,3,3,3,2,3,3,4,4,3,3,2,2,2,1,1,2,2,2,1,1,1,1,1,2,2,3,3,3,3,3,3,3,3,3,3,3,3,3,3,3,3,4,4,4,4,4,4,3,2,2,2,2,2,2,2,3,2,2,2,2,2,2,2,3,3,3,5,5,4,3,3,3,3,3,3,3,3,3,3,1,1,2,2,3,3,3,4,3,2,2,2,2,2,2,2,0,0,1,1,2,2,2,2,1,1,3,2,2,3,2,3,2,1,1,1,1,1,2,4,3,3,3,3,3,3,3,2,2,2,2,2,2,2,2,2,1,1,2,2,3,3,4,4,2,2,2,2,1,1,1,1,1,1,1,1,1,1,1,1,3,3
209,2,1,1,3,3,3,4,3,3,2,3,3,3,2,3,4,4,4,3,3,4,5,6,4,5,3,2,3,4,4,4,0,1,3,3,3,2,3,4,4,5,6,4,3,3,3,5,3,2,2,2,2,2,3,4,2,2,2,3,3,3,3,4,4,5,4,4,2,2,2,1,2,2,2,3,3,2,2,3,3,3,3,3,3,3,3,2,1,1,2,3,4,3,2,1,4,4,4,4,5,5,5,4,3,3,2,0,1,2,3,2,1,1,1,1,1,1,1,1,1,1,2,2,2,3,3,3,3,3,3,3,3,3,3,2,1,1,3,3,3,3,1,1,2,3,3,3,3,4,4,3,5,6,4,4,4,3,4,3,1,4,4,3,3,4,3,2,4,3,3,3,3,3,3,2,2,4,6,6,4,4,2,3,3,4,4,4,4,4,3,2,0,0,0,1,3,3,4,4,1,2,1,2,3,3,4,2,2,1,2,2,2,2,1,2,3,3,3,3,2,2,2,3,2,1,4,2,0,2,4,1,1,2,2,2,2,2,2,3,2,1,1,1,1,1,1,1,1,1,1,1,1,2,2,2,3,3,3,3,3,3,3,3,3,3,3,3,3,3,3,3,2,2,1,2,2,4,4,4,2,3,3,2,2,2,2,2,1,2,1,1,1,1,1,1,1,2,3,3,1,2,1,3,2,2,3,2,2,3,2,3,2,2,2,1,2,2,1,1,2,2,2,2,1,2,2,2,1,1,2,2,2,2,3,3,2,2,2,2,3,3,2,2,5,4,2,2,4,3,3,2,1,1,1,3,4,5,4,4,2,2,2,2,2,2,2,1,4,2,4,4,3,3,2,2,3,2,2,2,2,2,2,2,2,3,3,4,5,5,4,3,1,0,1,1,1,2,1,1,5,3,3,3,4,3,3,4,1,1,1,2,1,3,3,3,2,1,3,2,1,2,3,2,4,2,3,3,3,3,3,3,1,2,4,4,3,3,3,2,3,2,1,1,2,3,1,1,3,3,3,3,3,3,3,3,3,3,3,3,2,2,3,2,4,2,2,3,3,4,4,3,2,3,3,3,3,3,2,3,4,4,2,2,3,3,2,2,2,1,0,1,2,2,2,2,3,3,3,2,3,4,3,2,1,2,4,3,1,2,4,5,4,4,3,4,4,3,4,4,2,2,2,2,3,3,2,1,3,3,3,3,3,3,3,3,1,1,1,1,1,1,1,1,4,4,4,4,4,5,5,6,5,5,2,2,4,4,5,4,3,3,3,3,3,3,3,3,3,2,3,2,2,2,2,2,3,4,3,4,4,3,2,3,3,3,3,2,2,2,2,2,3,3,2,2,2,2,2,2,2,2,1,1,3,3,2,2,1,1,2,3,3,1,1,2,2,3,1,1,2,2,3,2,1,1,3,4,3,4,5,5,1,1,1,2,2,2,3,2,1,1,3,3,3,4,5,5,3,3,2,2,2,2,2,2,3,2,1,1,1,2,1,1,2,3,4,3,3,1,1,1,2,3,3,3,3,3,3,3,1,2,3,2,3,2,1,2,2,6,5,4,2,2,1,2,1,0,1,2,3,3,3,4,3,3,0,0,2,1,1,3,2,2,1,1,2,3,3,3,4,3,3,3,3,3,2,3,3,2,2,2,2,2,2,2,2,2,3,3,4,2,1,2,1,1,1,1,1,1,1,1,2,2,2,2,2,1,1,3,3,3,4,3,4,5,5,2,2,2,3,3,3,3,3,3,3,3,2,2,2,3,2,2,2,2,3,3,3,3,3,4,3,1,2,4,4,1,1,2,2,2,2,2,2,2,2,2,1,1,1,1,1,1,1,1,2,3,2,3,3,3,3,3,2,2,2,2,2,2,2,2,2,2,2,2,2,2,2,2,4,4,4,5,5,5,4,4,1,1,1,1,1,1,1,1,1,2,2,2,2,2,2,2,3,4,4,3,2,1,1,2,2,2,3,3,2,0,1,2,1,2,0,0,0,0,1,1,2,1,1,1,1,1,2,1,1,1,1,1,1,1,1,1,1,2,4,3,1,2,2,3,2,1,2,2,3,3,3,3,1,1,1,1,1,1,1,1,1,1,2,2,3,3,3,3,1,2,2,2,2,2,2,2,3,3,3,3,3,3,3,3,4,5,3,2,1,2,2,1,3,3,3,3,3,3,3,2,3,3,3,3,3,4,3,2,2,2,2,3,3,3,3,3,4,4,3,3,3,3,3,3,1,2,1,2,2,2,3,4,5,3,3,3,3,3,4,3,2,4,3,3,3,2,3,4,2,2,3,3,4,5,4,5,4,5
210,0,1,3,3,4,3,5,3,2,1,1,1,1,1,1,0,1,2,3,2,1,1,1,3,3,3,1,1,2,1,2,2,1,1,1,1,1,1,1,1,2,4,4,3,3,3,3,1,1,1,0,1,3,3,3,4,2,2,2,2,3,4,4,3,3,2,2,3,3,3,3,1,1,3,3,2,2,1,1,1,3,2,2,3,2,1,3,2,1,2,2,2,2,3,2,0,2,2,3,3,2,1,3,2,2,2,2,3,3,4,4,1,1,4,4,3,3,2,2,2,2,2,3,3,3,3,3,2,1,1,2,2,2,2,1,1,1,1,1,2,1,1,1,0,1,3,3,3,1,1,2,1,2,3,2,3,3,2,2,3,1,1,2,3,3,4,4,1,3,5,5,4,3,2,1,2,2,0,1,2,3,3,2,2,2,3,4,2,2,2,2,3,3,3,3,3,3,3,3,2,2,2,2,2,1,2,4,1,1,1,0,1,1,1,2,1,3,2,3,5,3,2,2,3,3,2,3,3,2,1,2,2,2,1,1,1,1,1,1,2,2,2,4,3,3,5,5,1,2,1,0,1,2,2,1,1,0,1,0,0,1,1,2,3,1,3,1,1,2,0,1,3,3,3,3,3,3,2,3,3,1,1,1,1,1,1,1,2,3,3,4,4,4,5,4,3,2,2,3,3,3,3,4,3,3,3,3,3,3,2,2,1,1,2,1,1,1,1,1,3,4,4,3,2,3,4,4,4,3,2,2,3,3,3,1,1,1,2,2,1,1,1,2,1,1,1,1,1,2,1,1,3,2,2,3,3,2,3,3,1,2,2,2,1,2,2,0,1,1,0,1,2,3,2,2,2,1,2,4,5,5,5,4,3,2,2,2,2,3,3,3,1,1,2,2,2,3,4,4,3,2,2,2,2,2,2,1,2,2,1,1,2,3,2,2,4,3,3,3,3,4,3,1,2,2,2,2,2,2,2,3,2,2,2,1,1,1,3,5,6,4,3,3,2,3,5,4,2,3,3,3,3,2,2,1,0,1,1,1,1,1,2,2,3,3,2,2,3,2,2,3,1,1,1,1,1,1,2,3,3,3,2,2,3,3,3,3,3,3,5,5,4,4,2,2,5,3,2,3,3,3,3,3,1,1,2,3,1,0,2,3,2,3,2,1,1,1,2,2,2,2,2,2,2,2,2,2,3,5,4,4,4,3,2,2,1,1,2,4,4,4,3,3,3,3,4,2,2,4,4,2,2,2,2,2,2,2,2,2,3,4,4,3,3,4,3,2,4,4,3,4,4,4,3,4,6,4,3,4,5,4,4,3,4,2,1,1,1,1,0,0,2,1,1,2,1,1,4,3,4,5,4,3,3,3,3,3,1,1,1,1,1,1,1,1,2,3,3,3,3,3,4,3,2,2,2,1,3,2,1,1,2,2,3,3,3,3,3,2,1,3,1,3,4,3,2,1,3,3,3,3,2,2,3,2,1,3,2,1,3,3,3,2,1,1,2,2,3,4,3,2,2,3,3,3,1,0,1,1,2,2,2,4,4,4,4,3,0,0,1,1,2,2,3,4,2,2,2,2,3,3,4,4,3,3,3,4,4,3,3,3,2,2,3,3,3,2,2,3,1,1,1,1,2,1,2,3,3,3,3,1,2,2,2,2,3,2,1,2,2,2,4,4,2,2,1,1,1,1,1,1,1,0,2,2,2,2,1,1,1,2,1,1,1,2,1,1,3,3,4,3,2,3,3,3,2,0,1,2,3,2,0,0,2,2,1,1,1,1,1,1,1,2,2,1,3,3,3,4,1,1,2,3,3,3,2,2,2,2,2,3,1,2,2,3,5,5,3,4,4,5,6,6,1,1,2,3,3,2,1,1,1,1,1,1,2,2,2,2,1,1,1,1,1,1,2,2,3,3,2,2,2,3,3,3,4,2,2,1,1,1,1,1,2,2,1,1,1,1,1,1,1,2,2,2,2,2,2,3,2,1,1,1,1,1,1,1,1,1,1,2,2,2,2,3,3,2,3,3,3,3,3,2,3,3,4,4,4,3,3,3,4,4,3,3,3,4,3,2,2,1,1,1,1,1,2,1,1,2,1,1,1,1,2,2,2,3,3,2,2,3,3,2,2,2,2,2,1,2,3,3,3,3,3,2,2,2,2,3,1,1,2,2,3,3,4,3,1,2,2,2,1,2,2,2,2,2,3,2,1,1,2,3,1,1,1,1,1,1,1,1,3,3,2,2,3,3,2,3,3,2,2,3,4,5,4,3,1,1,1,2,3,2,1,1,2,1,0,1,1,1,1,1,0,0
211,1,3,3,3,3,1,1,3,3,2,2,3,4,4,4,4,2,2,1,2,1,2,2,4,5,4,3,3,4,3,3,3,3,5,6,4,4,4,3,3,3,3,2,2,1,1,1,3,2,1,2,1,1,2,1,2,3,2,2,2,1,1,1,1,1,1,1,1,2,2,3,3,3,3,3,4,5,4,2,3,3,3,3,2,2,3,3,3,1,2,3,4,4,3,2,2,1,2,2,2,3,3,3,2,2,2,2,2,2,2,2,2,2,2,1,3,3,3,5,4,2,1,1,2,2,1,2,3,3,2,2,3,3,3,3,1,1,1,2,3,3,3,4,4,3,3,2,1,2,3,4,2,2,3,2,2,3,2,2,2,3,2,3,4,1,1,3,7,5,3,3,5,4,3,2,2,3,4,3,2,1,1,1,1,1,2,2,2,1,1,1,2,1,1,1,2,2,1,2,3,2,2,2,2,2,2,3,3,3,4,3,4,4,4,5,4,2,1,1,2,4,4,4,2,3,3,2,3,3,2,3,2,2,3,4,2,1,0,1,2,2,2,1,1,1,2,3,5,3,4,4,4,4,4,3,1,2,1,1,3,3,2,2,2,2,2,2,2,2,2,2,1,1,1,1,1,1,1,1,2,2,2,2,2,2,2,2,2,2,2,3,5,5,5,4,1,1,3,3,4,3,0,1,6,6,5,5,4,4,3,3,1,2,2,2,2,2,2,2,1,2,2,2,2,1,1,2,3,3,2,2,2,2,1,3,3,2,2,2,3,4,6,5,3,2,0,0,3,3,3,2,4,3,4,4,5,6,5,4,3,3,3,3,3,3,3,3,3,3,3,3,3,3,3,3,3,3,3,3,3,3,3,3,2,2,2,2,2,2,3,2,3,3,3,4,5,5,5,5,5,4,4,4,4,3,4,4,3,3,3,3,4,3,3,2,4,4,4,2,2,3,3,2,2,2,1,2,2,2,4,2,3,4,4,4,3,4,3,3,4,4,2,2,3,2,3,4,4,4,1,1,3,3,2,2,1,3,3,4,4,5,5,6,3,3,3,3,4,5,4,3,2,2,2,2,3,3,2,2,1,1,1,1,1,1,2,2,3,3,1,2,2,3,2,1,1,2,3,3,3,3,4,4,1,0,2,2,1,1,3,4,3,2,3,2,1,1,2,2,3,3,2,3,2,2,5,3,4,4,3,3,3,3,1,1,2,2,3,4,4,3,2,3,4,4,3,3,3,2,3,3,2,2,2,2,2,2,3,3,4,3,3,3,2,2,3,4,1,1,3,3,3,2,1,1,5,5,4,3,3,4,4,4,2,1,2,2,3,3,1,1,2,0,0,1,1,2,3,3,1,1,1,2,2,2,1,1,2,2,3,3,1,2,2,2,2,2,2,1,2,2,1,1,2,3,1,1,1,1,1,1,4,4,4,5,5,5,5,4,3,1,3,3,2,2,3,3,3,2,2,2,2,2,2,2,2,0,1,1,1,1,0,0,3,6,5,3,3,3,4,6,2,1,3,2,3,2,1,0,2,2,0,0,1,2,1,1,1,1,2,2,1,1,1,2,1,1,2,1,1,1,3,2,2,2,2,2,2,2,1,1,4,4,2,2,3,4,4,3,3,1,0,1,4,4,0,0,3,4,1,1,1,1,1,1,3,2,3,3,3,3,3,3,2,2,0,1,4,4,2,1,2,3,3,3,4,4,4,4,2,3,2,3,3,1,1,2,3,1,1,1,1,1,1,1,3,2,2,3,4,2,3,3,4,4,3,3,4,3,3,4,2,3,3,3,5,5,4,4,4,4,3,2,2,3,4,4,2,3,3,3,3,3,3,2,3,3,3,3,3,3,3,3,2,2,2,2,2,2,2,2,1,0,1,1,2,2,2,2,3,3,3,2,2,1,1,1,3,5,4,4,4,4,3,3,6,4,4,4,3,3,2,2,2,2,3,2,2,3,2,2,1,1,2,2,3,2,3,2,3,3,2,2,2,2,2,1,1,2,2,1,2,2,2,3,3,3,3,3,3,3,3,3,2,2,3,4,2,3,2,1,3,3,4,3,2,3,3,3,1,1,2,3,3,3,2,0,5,3,1,0,3,6,4,2,3,3,3,4,5,4,3,2,0,1,2,2,3,2,3,2,0,1,2,2,2,2,2,2,1,1,2,1,1,2,2,1,1,2,2,2,2,3,3,2,3,2,2,3,3,1,1,1,1,1,1,1,1,3,2,1,1,1,1,1,1,1,2,2,2,2,2,3,2,2,2,2,3,3,3,4,2,2,1,2,2,1,2,2,2,2,1,1,2,2
212,1,2,3,4,3,3,4,4,3,3,4,5,5,5,6,4,4,3,3,2,2,3,3,3,4,3,4,3,2,2,2,2,3,4,3,1,0,2,2,4,5,4,3,3,3,5,3,1,1,3,5,5,6,4,3,4,3,3,3,3,3,3,2,2,2,3,3,3,3,3,3,4,3,3,4,5,5,4,2,3,2,1,2,2,1,1,1,2,2,2,2,2,2,1,0,2,3,4,3,2,3,4,4,2,2,1,2,3,3,4,3,3,2,2,1,1,1,1,2,2,3,3,3,3,3,4,4,3,2,1,1,3,3,5,4,3,3,3,2,2,2,2,2,2,2,2,2,3,3,3,3,2,1,1,1,1,1,1,2,5,2,2,3,5,3,1,1,1,3,4,5,4,5,5,2,1,1,1,1,1,0,1,2,3,3,5,5,5,5,3,2,1,1,2,3,4,2,3,2,2,3,1,3,3,2,3,3,3,2,2,3,3,3,4,4,3,3,3,3,3,3,3,3,1,1,1,1,1,1,1,1,1,2,3,2,2,3,2,2,2,3,4,3,2,2,2,3,2,2,0,0,1,1,3,3,3,3,3,3,2,2,2,3,1,3,2,2,2,2,2,2,3,3,3,3,4,4,4,3,2,3,3,3,1,2,5,5,5,5,2,2,4,4,4,4,3,2,3,3,3,3,2,2,1,1,1,0,1,3,2,1,3,3,2,3,4,4,4,3,2,3,3,3,2,3,3,3,1,1,2,1,0,2,1,2,0,1,1,1,2,2,1,3,6,3,2,3,3,3,3,3,2,2,2,2,2,2,2,3,2,2,3,2,2,2,1,1,3,3,3,3,3,3,3,3,2,1,1,1,1,1,1,1,2,2,2,1,2,2,1,2,3,2,2,2,3,3,3,2,4,3,4,4,4,3,3,4,3,1,1,1,1,2,2,1,3,4,4,3,3,3,3,3,0,2,3,3,1,1,4,4,4,2,3,1,1,1,1,1,1,4,5,4,4,5,5,5,5,3,2,1,1,2,3,4,3,4,3,3,2,2,2,1,2,2,2,3,3,1,1,2,1,1,1,1,2,3,2,2,3,3,3,3,4,4,3,3,4,4,2,2,2,2,1,2,3,3,2,2,2,3,2,2,3,3,3,3,3,2,1,2,2,1,1,2,1,1,2,1,4,3,4,3,1,1,1,1,6,4,2,2,3,2,3,4,1,2,2,2,2,2,2,2,6,5,3,1,1,1,2,3,3,2,4,3,3,3,1,2,1,1,1,1,1,2,1,2,2,2,2,2,2,2,2,3,1,1,5,4,4,4,4,4,3,4,4,3,3,3,2,4,3,3,2,2,1,1,1,1,6,4,2,2,3,3,3,2,2,2,3,3,3,3,3,3,4,4,3,2,3,2,1,1,0,1,1,0,2,3,2,3,4,2,2,3,3,4,4,3,0,1,1,2,3,2,2,1,2,2,2,2,2,2,2,1,3,3,3,3,2,2,3,2,2,3,3,3,3,3,2,2,1,1,2,3,2,1,4,1,0,2,1,2,1,1,1,1,2,2,1,2,1,1,1,2,3,2,2,2,2,2,2,3,3,1,1,1,1,0,0,1,3,2,2,1,2,2,1,1,2,3,4,1,1,2,3,2,2,1,4,3,3,1,0,1,4,3,3,2,2,1,1,3,3,1,1,3,3,2,1,2,7,5,2,4,4,4,4,3,2,3,5,5,5,4,4,4,1,2,3,3,2,3,3,3,2,1,1,1,1,1,1,2,2,2,1,0,1,1,2,3,2,2,3,3,3,3,4,4,2,2,2,2,2,2,2,2,2,2,2,2,2,2,2,2,1,1,1,2,2,1,1,0,4,2,0,1,2,3,3,2,3,4,3,4,5,5,4,2,2,2,2,2,2,2,3,3,1,1,1,1,2,1,2,1,1,2,3,3,1,1,1,2,4,3,4,3,3,3,3,3,5,4,4,3,1,0,2,0,1,0,0,1,1,1,2,1,1,1,1,1,1,1,1,1,2,2,2,3,3,2,3,3,4,5,5,4,3,2,2,3,4,2,2,2,2,2,2,1,3,5,1,1,3,4,2,2,2,2,3,3,3,2,2,2,2,2,2,2,2,2,2,2,1,2,1,1,1,1,2,1,1,1,1,1,1,1,3,2,2,2,2,2,3,3,2,1,1,1,1,1,1,3,4,4,1,2,2,1,1,1,0,1,4,2,2,2,2,2,2,3,2,2,2,2,2,2,2,0,2,2,2,2,2,2,2,2,3,3,3,3,4,4,3,2,2,2,1,0,0,1,1,2,6,5
213,3,2,3,3,2,1,1,4,2,0,1,3,2,1,1,2,3,3,3,3,3,1,3,3,2,3,2,1,1,3,4,3,3,2,1,2,1,1,1,1,3,5,4,1,3,4,2,2,3,3,3,3,2,4,4,5,5,5,3,3,2,1,2,2,1,1,1,1,3,1,2,2,1,2,2,2,3,2,1,2,3,1,2,2,2,3,2,4,5,3,4,3,3,4,3,3,1,3,3,4,4,2,1,5,4,0,1,2,3,5,4,3,4,3,3,4,3,2,2,2,2,3,3,4,4,4,4,4,3,5,4,4,2,3,3,2,5,5,2,3,6,7,5,1,2,5,2,1,1,4,6,4,4,4,2,3,2,3,4,3,2,4,2,2,2,2,1,0,1,2,1,1,2,1,2,4,2,2,3,3,3,2,2,3,4,3,3,4,5,5,2,3,3,1,1,1,2,4,5,2,1,2,3,3,1,2,3,3,4,4,3,3,3,3,3,1,1,3,3,2,1,0,2,3,3,2,3,2,2,3,2,4,3,1,2,2,2,1,1,1,2,2,2,2,2,3,3,4,4,2,2,3,4,3,3,3,4,3,3,4,3,3,4,4,3,3,4,4,4,3,3,3,3,3,4,4,4,2,2,4,4,4,4,4,4,3,3,6,3,1,2,3,5,4,2,3,2,3,3,3,2,3,6,4,2,0,2,2,2,4,4,5,2,1,3,5,5,6,5,4,4,3,2,2,2,1,0,1,2,2,1,0,1,2,2,4,3,4,5,5,5,4,3,2,2,2,4,3,3,4,4,4,4,4,4,4,2,0,2,2,2,2,2,2,2,2,2,3,4,2,2,2,3,3,3,1,1,2,2,2,2,3,3,1,1,0,2,2,1,2,2,2,2,3,3,2,2,3,3,4,4,4,2,1,2,3,5,3,3,4,4,3,3,3,4,4,3,3,2,2,2,3,3,1,2,2,2,3,3,2,2,1,1,2,2,2,2,2,2,3,4,2,2,2,2,2,1,3,3,2,2,2,3,2,2,3,2,3,3,3,4,4,3,2,2,3,3,3,3,3,4,2,1,3,3,4,4,2,1,3,2,2,2,2,1,3,4,3,2,1,1,1,1,1,2,0,1,2,2,2,2,2,3,1,1,2,2,3,3,3,4,1,2,2,2,2,3,2,3,2,2,2,2,2,2,2,2,0,2,3,3,4,1,0,1,1,0,1,1,2,2,1,2,1,3,4,3,4,4,3,4,3,2,3,2,1,2,2,2,1,2,1,2,2,3,2,1,1,1,2,4,4,3,4,3,6,5,4,4,3,3,1,1,3,2,4,4,3,4,2,2,1,1,1,1,1,1,1,1,1,1,1,1,1,0,1,1,4,5,4,4,4,4,3,3,2,1,2,2,2,2,2,3,3,3,1,3,3,2,2,2,4,2,2,2,2,3,3,3,4,4,4,4,5,6,4,3,2,3,3,3,3,3,3,4,2,0,1,4,3,3,4,2,1,2,3,3,6,6,5,6,1,1,1,3,3,3,3,1,2,1,0,1,3,3,4,2,2,1,2,2,2,1,2,3,2,2,2,2,2,2,2,1,2,2,2,2,2,3,4,4,2,2,2,2,2,2,2,2,2,2,2,2,3,3,3,3,1,2,1,0,0,0,2,2,2,3,3,3,3,2,3,3,1,1,2,1,1,1,1,1,3,4,2,2,1,1,1,1,3,2,1,1,1,1,2,3,4,3,1,2,2,3,3,1,1,2,1,1,1,1,1,2,1,0,1,3,3,4,5,4,6,5,3,3,4,5,4,5,4,3,3,5,4,5,5,5,2,1,2,2,2,2,1,1,4,4,4,4,4,3,4,4,2,3,2,2,3,1,1,2,3,3,5,5,3,3,4,4,2,1,1,3,4,4,5,4,3,4,3,2,2,2,3,2,4,4,5,5,4,5,2,0,1,1,2,2,2,2,1,1,2,3,3,3,3,2,2,3,2,2,2,2,2,2,2,3,2,1,1,1,1,1,2,2,1,1,1,1,1,1,1,1,4,4,3,3,3,4,4,3,2,2,1,1,2,3,1,0,2,4,4,2,0,2,1,1,5,2,0,3,3,4,2,1,2,2,3,3,4,3,3,3,1,0,1,2,1,1,3,3,3,2,1,1,2,1,2,2,0,2,2,2,2,2,2,2,2,2,1,1,2,2,3,3,4,4,3,2,1,1,2,4,4,2,2,2,3,3,3,3,0,1,2,0,1,1,2,2,3,1,3,3,4,6,4,3,3,2,2,0,1,2,2,3,2,3,3,2,1,3,3,1,1,0
214,1,1,1,1,1,2,2,2,1,1,2,2,1,2,1,3,3,4,3,3,4,3,3,2,2,3,3,3,2,2,2,4,4,5,3,3,2,3,2,3,4,5,4,4,3,2,2,1,2,2,3,2,3,2,3,2,2,2,2,1,1,2,2,2,3,3,2,3,3,2,3,2,2,3,3,3,3,4,4,3,2,1,2,5,5,3,1,3,3,4,3,4,4,2,2,1,2,3,4,4,4,3,3,3,3,3,2,2,3,3,1,1,2,2,3,3,4,4,4,4,3,2,3,3,3,3,4,2,1,1,1,1,1,2,2,2,2,2,2,2,3,3,1,4,4,3,3,1,2,3,5,2,2,3,2,2,2,3,2,1,2,2,3,2,2,3,3,1,2,1,2,4,1,2,3,2,3,3,2,3,2,1,0,2,2,2,2,3,3,3,3,3,2,1,1,2,2,2,3,2,2,2,2,2,1,1,2,1,1,2,4,3,3,4,6,5,6,3,1,1,1,3,5,2,2,3,3,3,3,4,4,2,2,2,2,3,4,4,3,2,3,3,4,4,4,3,1,2,2,3,2,2,2,3,3,3,4,2,2,2,2,2,4,1,0,1,2,2,2,2,1,3,4,4,1,0,1,1,1,2,2,1,2,2,2,1,2,3,4,3,2,2,2,1,2,2,2,2,2,3,4,5,5,3,2,2,2,2,1,1,1,1,1,3,2,3,4,5,4,1,2,3,4,4,4,4,3,3,0,2,3,2,3,3,1,3,2,1,1,2,3,4,5,3,3,3,2,2,3,2,2,2,2,2,4,4,4,4,5,3,3,2,3,3,3,5,6,3,2,2,2,2,2,2,2,2,2,2,2,3,3,3,3,4,4,4,5,6,5,4,4,5,5,4,4,3,3,3,3,2,3,2,2,3,4,4,3,3,3,2,3,3,3,3,3,3,4,2,1,1,1,1,3,3,1,1,2,3,3,3,3,2,3,4,4,4,1,1,1,2,2,2,2,2,3,3,1,1,1,1,1,2,4,1,1,3,1,2,3,2,3,4,4,4,3,2,2,2,2,2,2,1,1,0,0,0,1,1,1,3,3,3,3,3,4,4,2,1,2,3,2,1,1,2,1,4,3,3,3,3,2,3,3,3,3,3,4,3,3,3,3,1,1,1,1,1,1,2,1,2,3,3,3,3,3,3,2,4,4,5,4,2,1,1,1,3,3,3,3,3,3,3,3,2,1,2,2,2,2,1,1,2,2,2,2,2,2,2,2,3,3,3,2,2,3,3,3,1,2,2,2,2,2,3,3,2,2,3,3,2,3,3,3,1,1,1,1,2,2,2,1,4,3,3,3,2,3,2,2,2,2,3,3,3,2,3,3,1,2,1,2,2,2,1,1,3,2,3,3,3,3,3,4,3,2,3,3,2,2,2,2,2,1,1,2,2,2,2,2,3,2,2,3,2,3,4,3,1,1,1,1,1,1,1,1,1,1,1,1,1,2,1,1,2,2,1,2,2,2,2,1,2,1,1,1,1,2,2,2,1,1,0,1,1,3,2,1,1,2,4,3,2,3,3,3,3,3,2,2,2,2,2,3,2,3,4,3,4,3,2,0,0,2,2,2,2,4,4,3,1,2,1,1,2,2,1,1,1,2,2,2,2,2,2,1,2,2,2,4,3,2,3,3,2,3,2,2,3,4,3,1,2,4,4,2,3,5,5,3,1,2,2,2,2,2,1,1,1,1,1,1,1,1,1,0,1,2,1,1,1,1,2,2,2,2,3,2,1,1,1,1,1,1,2,2,1,2,1,1,3,2,2,2,2,4,4,5,3,2,3,3,4,3,3,2,1,2,6,5,3,3,2,4,1,1,1,1,1,2,2,2,4,4,3,4,4,2,3,2,2,2,2,1,2,3,2,1,6,5,5,5,4,4,3,4,5,4,4,4,4,4,4,4,3,2,2,3,3,3,2,1,1,2,2,2,1,1,3,3,2,2,3,3,3,3,3,2,2,2,2,2,2,2,2,2,3,3,2,2,2,3,3,3,1,1,4,4,4,4,2,3,3,2,2,3,4,3,3,4,2,2,4,4,4,4,4,3,4,4,3,3,3,3,2,1,3,4,3,2,1,1,0,1,2,2,3,3,3,3,2,3,1,1,2,2,2,2,2,2,1,1,1,1,1,1,2,2,1,1,2,2,1,1,3,2,2,1,2,1,1,1,2,2,1,0,1,3,3,3,3,3,2,2,2,3,2,2,2,2,2,3,2,1,3,5,6,3,4,5,4,4,3,3,2,3,5,2,0,1,2,2,3,3,3,3
215,4,2,2,2,4,4,3,3,3,3,3,3,4,4,3,1,1,2,1,1,1,1,2,4,4,3,3,4,4,2,3,1,2,3,4,4,4,4,4,4,4,3,2,2,3,3,3,3,2,2,1,1,1,2,2,3,1,1,1,2,2,4,5,2,2,2,2,2,2,2,2,1,1,2,3,3,2,2,1,2,2,3,3,3,4,4,4,3,3,3,3,3,2,2,3,1,2,3,2,3,4,4,2,3,4,3,3,2,4,2,0,2,2,4,6,5,4,4,4,2,2,2,2,2,2,2,2,1,2,3,2,2,3,3,1,2,4,4,3,3,4,4,3,3,3,3,3,4,3,3,3,3,3,3,3,3,3,3,3,3,3,2,2,2,2,0,1,3,2,3,4,4,3,1,2,4,5,4,3,3,3,2,3,4,3,3,2,4,5,3,2,2,2,2,2,2,3,3,3,3,2,2,3,2,3,4,2,2,2,1,2,3,2,0,1,2,2,3,3,3,3,4,4,3,3,2,2,2,2,3,3,3,3,2,2,2,2,1,1,1,2,2,2,2,3,3,3,2,2,2,2,3,3,2,1,3,3,2,2,3,3,2,3,3,3,3,3,3,3,3,3,3,3,4,3,3,2,3,2,3,3,3,2,3,3,1,0,1,1,2,2,2,2,2,2,2,2,2,2,2,1,2,1,1,1,2,1,2,1,2,2,2,3,2,2,2,2,2,2,3,2,3,3,2,3,4,2,2,3,3,3,1,0,3,4,4,3,3,3,2,3,3,5,2,1,1,1,3,4,5,5,4,4,3,3,3,3,4,4,3,2,2,3,4,4,3,3,2,1,1,1,1,2,3,3,1,2,3,3,3,3,6,4,3,4,1,1,1,1,2,2,2,1,3,2,2,3,2,4,3,1,1,2,2,2,2,2,3,2,1,3,4,2,3,4,1,1,2,2,2,2,3,3,1,2,2,1,2,2,2,1,1,2,2,3,2,0,0,2,3,2,1,2,3,4,2,2,2,2,3,3,4,4,4,5,2,2,3,3,3,3,3,4,3,2,2,2,2,2,2,2,1,1,1,1,3,2,2,2,3,5,4,3,3,3,2,2,0,1,2,2,2,2,2,2,1,0,2,2,1,1,1,1,2,2,3,4,4,4,3,3,1,1,1,1,1,1,1,1,1,0,1,2,2,1,2,2,3,2,3,3,3,3,3,3,5,4,2,1,1,1,2,2,5,5,4,4,4,3,2,3,3,3,4,4,4,4,2,3,2,3,2,2,4,3,3,3,2,3,3,2,2,0,0,1,1,3,4,3,3,3,5,5,2,2,2,1,2,2,3,3,2,1,1,1,2,2,3,2,1,3,3,3,4,4,5,3,1,2,2,1,2,1,1,3,3,1,1,1,1,1,1,2,2,0,2,3,2,2,2,4,5,3,1,1,1,1,1,1,0,1,1,1,1,1,1,1,1,2,2,1,1,2,4,3,1,1,1,1,1,1,1,1,1,2,1,1,1,1,1,1,2,1,1,1,1,2,2,2,2,2,2,2,3,3,4,3,2,3,2,1,0,2,2,1,2,2,3,3,2,2,2,3,4,4,1,1,3,3,2,2,3,2,4,5,4,3,4,5,4,2,3,3,3,3,3,3,1,5,5,2,2,3,2,1,3,2,3,3,3,4,4,4,3,3,2,2,1,1,1,1,1,2,3,2,1,2,3,4,2,3,3,2,2,1,1,3,5,5,4,4,3,3,2,2,2,2,1,2,2,2,2,3,2,2,2,1,1,1,1,1,1,2,2,2,3,3,3,3,1,1,2,3,3,2,2,1,3,4,4,3,3,2,2,1,2,2,1,2,2,2,2,3,1,1,2,3,3,3,2,4,3,1,1,2,2,2,2,2,3,3,4,4,4,3,3,3,2,2,1,1,1,2,2,3,3,1,1,1,1,1,1,1,3,3,1,3,3,2,4,3,2,2,2,1,1,2,2,3,1,1,2,3,2,2,3,3,4,3,4,3,2,2,2,2,3,2,2,2,2,2,2,2,2,1,1,3,3,3,2,2,3,3,3,3,3,3,3,3,2,2,2,2,3,3,3,3,1,2,3,3,4,3,4,3,2,2,2,3,3,3,4,5,3,2,2,4,3,3,5,4,2,2,3,3,4,4,4,4,0,1,2,2,3,3,2,1,0,2,2,3,2,3,3,3,1,0,1,2,2,2,3,3,2,2,2,2,3,3,2,2,2,1,2,2,2,2,3,4,1,1,3,4,2,2,4,5,3,1,1,3,3,2,1,2,1,1,1,2,2,2,2,3,3,2
216,3,1,1,2,2,3,3,3,3,1,1,1,2,3,3,2,4,4,4,3,3,2,4,7,5,4,4,3,2,2,1,1,2,3,3,3,2,1,3,3,4,5,5,3,3,2,1,1,0,1,1,3,2,4,4,1,1,3,3,3,3,2,1,5,4,4,4,4,2,1,1,5,4,4,3,2,2,4,4,3,1,1,2,3,3,3,2,1,3,5,4,3,3,2,2,2,2,2,3,2,4,6,5,2,3,2,2,2,2,4,4,1,1,2,4,2,2,3,3,0,1,2,3,3,3,3,2,2,2,2,1,1,1,1,1,2,2,2,2,2,2,2,2,2,2,2,2,2,2,2,1,3,2,2,3,3,1,2,3,3,3,3,2,2,2,3,3,3,4,3,1,2,3,4,4,4,3,3,3,3,3,3,2,2,3,4,3,3,4,4,4,1,2,1,1,1,2,2,2,2,2,3,3,3,3,4,4,3,3,3,3,3,3,3,3,2,2,3,3,3,2,2,2,2,3,3,3,2,2,3,3,3,2,2,2,2,2,2,2,1,1,2,2,1,1,1,2,3,3,4,3,3,3,2,3,2,3,3,3,2,2,2,3,3,2,3,2,2,3,2,3,3,3,2,3,3,1,2,1,1,2,2,2,1,2,4,4,4,5,4,5,2,2,3,3,2,2,2,2,4,3,4,3,4,5,5,5,4,3,3,3,2,2,2,3,3,3,4,4,2,3,4,4,2,1,2,2,2,3,3,3,2,2,1,1,3,4,2,3,3,2,2,1,4,3,3,3,3,3,2,2,3,2,2,3,4,4,3,3,3,3,3,2,2,3,5,4,2,2,4,3,2,2,2,3,3,2,3,3,1,1,1,3,3,3,4,4,2,2,2,2,2,3,2,2,4,2,2,2,1,1,1,1,2,2,4,4,2,2,2,2,3,4,4,4,3,2,1,2,3,3,3,2,3,3,1,1,0,0,3,3,3,4,4,3,2,3,4,4,3,2,3,2,2,1,1,0,4,3,2,1,2,2,2,3,1,1,2,2,2,3,3,2,1,2,2,3,4,4,5,3,2,3,4,4,3,3,4,5,4,1,1,1,1,2,1,1,2,2,2,2,2,2,2,3,2,3,3,2,3,3,2,1,1,1,1,1,2,2,2,2,3,2,2,2,2,2,2,3,3,2,2,2,2,2,2,3,1,2,3,3,3,3,3,3,3,2,3,3,2,3,4,5,3,2,2,2,2,1,2,5,3,2,2,2,1,1,1,1,1,1,2,2,2,2,4,4,3,3,3,2,3,4,3,2,2,1,2,3,2,3,3,2,3,4,5,3,2,2,2,2,4,4,2,2,3,3,3,2,3,3,1,2,3,3,3,2,4,4,2,2,3,4,3,2,3,4,3,3,2,2,3,4,1,1,1,2,4,4,2,2,2,1,1,1,2,3,2,3,3,3,1,1,1,1,1,1,3,2,3,3,3,4,4,4,5,5,5,4,3,3,3,5,4,3,3,3,3,3,3,3,1,1,1,2,1,0,1,0,2,3,4,4,3,2,3,3,4,3,2,1,1,3,4,5,2,1,1,1,1,1,1,2,3,5,5,4,4,5,4,3,3,2,2,1,1,3,5,4,1,1,2,2,2,1,1,1,0,1,3,4,3,2,1,2,3,3,2,1,1,2,3,3,2,2,3,2,2,2,2,2,3,3,3,3,3,3,3,4,3,3,3,2,1,1,1,1,2,1,2,2,2,2,2,2,1,1,1,1,2,2,2,2,4,5,4,3,2,3,4,3,0,1,2,3,3,4,2,2,2,1,2,1,1,3,3,4,2,2,2,2,2,2,2,2,1,0,0,1,1,2,2,2,3,3,4,2,3,3,3,4,4,3,3,4,2,2,3,4,4,2,2,2,2,2,2,2,2,2,2,2,2,3,4,4,3,1,1,3,2,2,2,1,2,2,3,3,3,3,3,3,3,3,3,3,3,3,3,3,3,4,4,3,3,3,3,3,2,2,2,2,3,1,0,0,2,2,2,3,3,2,2,2,3,2,2,4,3,2,3,2,1,0,0,0,1,1,1,2,2,2,3,3,4,4,1,1,4,2,2,2,2,3,2,1,1,1,1,1,1,2,3,3,3,3,2,2,2,2,1,1,2,2,2,2,2,2,2,2,2,1,2,2,2,2,3,3,2,1,1,1,2,3,2,2,1,0,1,0,2,2,2,2,3,3,1,1,1,1,1,1,3,3,2,1,0,1,1,1,3,3,2,1,1,1,1,1,3,2,2,2,4,2,0,1,3,3,3,3,2,3,3,3,3,2
217,3,3,3,4,3,3,3,1,1,1,1,1,1,1,1,3,3,3,3,1,2,4,1,2,6,3,1,1,2,2,1,2,2,3,3,2,2,1,0,4,6,5,4,3,4,6,7,2,1,1,2,2,2,3,2,1,1,1,1,2,2,2,3,2,2,2,3,3,3,4,4,2,3,4,4,3,3,2,2,3,3,3,3,3,2,1,2,3,3,3,4,5,5,3,1,4,4,5,4,4,4,2,2,2,2,3,3,1,2,4,2,4,4,4,4,2,2,4,4,2,2,1,3,3,2,1,4,5,4,5,5,5,5,3,3,3,3,3,3,3,3,3,1,1,1,2,3,3,2,2,2,3,2,2,2,2,2,2,2,2,3,2,3,2,2,2,2,1,2,1,1,1,1,1,1,4,3,3,3,2,3,3,3,4,3,3,3,3,2,2,2,2,2,2,2,3,2,2,3,3,3,3,2,2,2,2,2,1,1,2,2,2,2,3,3,1,3,3,2,3,2,1,3,2,2,3,2,3,4,4,4,2,2,3,3,3,2,2,2,5,4,4,4,4,4,4,5,3,3,2,3,4,5,5,4,3,3,3,3,3,3,3,3,2,3,3,3,3,3,3,3,3,3,2,2,2,2,2,2,5,5,2,2,2,1,2,2,3,2,3,3,3,3,3,4,2,2,2,2,2,2,2,3,2,2,2,2,2,2,2,2,2,3,4,3,4,4,2,2,3,3,3,3,3,3,3,3,1,2,2,1,1,1,1,1,1,2,2,2,3,3,4,3,1,1,2,2,2,1,1,1,5,4,5,5,4,5,5,3,2,3,3,3,4,4,4,4,5,4,3,3,3,3,1,2,4,3,3,3,3,3,3,3,3,3,3,3,3,3,3,3,3,3,2,3,3,3,4,3,3,2,4,4,4,3,3,5,4,0,0,1,2,3,3,2,3,3,2,2,2,3,4,5,2,2,2,3,3,3,2,1,1,2,2,2,4,3,3,4,3,2,2,3,3,2,2,3,1,2,3,3,4,4,3,3,4,4,3,3,3,3,4,3,1,3,2,2,3,2,3,1,1,1,1,1,1,1,3,3,3,3,1,1,1,2,3,4,3,3,3,3,3,3,3,3,1,0,1,3,3,3,3,5,7,4,2,3,2,2,2,3,2,1,1,2,2,3,2,3,4,3,3,3,3,4,4,4,2,2,2,2,2,2,2,2,1,1,3,3,2,2,1,0,2,2,4,3,3,4,3,2,3,3,3,3,3,3,3,3,4,5,5,3,3,5,5,4,4,4,3,3,4,4,5,5,3,6,5,4,3,4,4,2,1,3,4,4,4,4,4,2,1,2,2,2,2,2,1,3,5,5,4,3,3,3,4,3,1,2,2,2,2,3,4,2,2,4,4,3,4,4,3,1,3,2,2,2,3,3,2,3,6,6,5,4,4,3,4,5,4,2,3,4,5,4,3,2,2,2,1,2,2,1,1,2,2,2,2,2,2,1,2,3,3,3,3,3,3,2,1,1,3,2,3,3,2,1,1,1,2,1,2,3,3,2,2,1,2,2,1,2,2,1,1,1,1,2,2,1,1,1,1,2,2,3,4,4,3,3,2,1,3,2,2,2,3,3,2,2,0,1,1,3,2,2,2,2,3,2,3,2,1,1,3,3,3,3,3,4,4,4,4,4,3,4,3,2,1,3,3,4,3,3,5,5,6,6,3,1,2,2,2,2,2,2,2,2,2,2,2,2,2,2,2,2,2,2,1,1,1,1,1,1,2,1,3,4,6,6,1,1,4,4,3,3,3,3,2,2,4,6,5,3,2,2,2,3,2,1,3,3,3,2,1,1,3,2,2,3,3,2,3,3,2,2,3,2,3,2,2,2,2,2,2,1,2,2,2,4,2,1,1,1,2,2,2,2,2,2,2,2,2,2,2,2,1,0,2,3,3,3,4,6,3,3,2,2,2,1,2,3,3,3,3,2,1,1,2,2,3,5,4,1,2,3,3,4,1,1,1,2,2,1,1,3,5,3,3,3,2,2,2,2,1,2,2,4,4,3,2,2,3,2,2,4,3,2,2,1,1,2,3,2,2,2,2,5,6,5,5,4,3,2,3,4,2,3,4,4,3,2,2,2,3,2,2,2,2,2,1,1,1,2,1,2,2,1,1,2,2,2,3,3,3,3,2,2,2,1,2,2,2,2,1,2,1,2,2,2,1,1,0,3,4,3,3,3,2,3,3,3,2,3,3,3,2,3,3,3,1,1,1,1,1,1,1,1,1,1,2,3,2,2,3,3,3,3,3,3,5,4,5,3,1,1
218,3,2,2,2,3,2,2,2,2,2,2,1,1,1,2,3,3,3,3,3,3,2,4,3,3,3,4,3,3,3,3,1,1,1,2,1,2,2,1,1,2,2,2,2,2,2,1,1,2,4,4,3,3,1,2,4,3,2,2,1,1,1,1,2,3,3,2,2,2,3,2,3,3,4,5,6,5,5,5,3,3,2,3,3,3,4,5,2,3,3,0,1,4,4,1,3,3,2,3,2,3,4,2,2,4,3,1,2,4,4,2,1,2,2,2,2,3,4,4,4,3,3,2,3,2,2,2,4,4,4,4,4,4,2,2,1,1,3,3,3,3,3,3,1,1,1,1,1,1,1,1,2,2,2,2,3,3,3,4,2,3,3,3,2,3,6,5,2,2,2,2,4,4,5,4,2,2,3,3,3,3,3,3,2,2,2,3,3,3,3,2,1,1,3,3,4,4,4,2,1,3,2,2,3,3,3,3,3,2,3,3,2,2,2,2,2,3,2,3,3,4,4,3,2,3,3,2,2,2,2,2,4,4,3,3,3,3,5,4,3,3,2,3,3,3,3,3,2,2,3,3,3,3,3,3,3,3,3,4,4,4,2,3,1,0,1,2,3,4,4,5,2,2,2,3,3,2,2,1,2,3,3,4,5,5,4,4,3,3,3,3,3,2,2,2,2,1,1,1,1,2,2,1,1,1,1,2,2,2,2,2,1,1,2,1,1,2,1,1,3,3,3,3,3,3,3,3,1,3,3,3,3,2,4,6,0,0,1,1,3,5,6,4,2,1,0,0,1,1,1,1,2,2,3,2,2,2,1,1,0,1,2,2,2,2,2,1,4,3,3,3,3,3,2,2,3,3,2,4,4,4,3,3,2,2,2,2,2,2,2,3,3,3,3,3,3,3,2,3,3,3,3,3,5,4,4,5,4,2,3,4,4,4,5,4,4,2,3,5,5,4,2,2,3,3,4,4,3,2,2,1,1,1,1,1,1,1,1,1,3,3,1,1,2,1,1,2,2,2,2,2,3,3,3,3,2,2,2,3,2,2,2,2,4,2,2,3,3,3,3,3,3,3,2,2,2,3,3,3,2,2,2,1,3,3,2,4,3,3,3,3,3,3,4,3,0,1,1,1,1,1,1,1,1,1,2,2,2,3,4,4,4,3,3,3,3,2,1,1,1,2,1,1,1,1,1,1,3,2,2,1,1,2,2,1,4,4,4,4,3,3,3,2,4,6,5,5,5,3,4,5,2,2,4,3,3,3,3,3,3,2,1,2,3,3,3,2,1,2,2,3,5,4,3,5,3,5,4,4,3,2,3,4,2,2,4,4,4,5,5,4,3,3,3,2,2,3,3,2,2,3,4,5,5,4,3,2,2,1,1,3,5,5,3,2,1,1,1,2,1,1,4,4,4,4,3,4,4,4,4,4,3,3,3,2,3,2,3,2,3,4,4,4,6,5,3,3,3,2,3,3,3,2,2,3,3,3,3,3,3,3,3,2,0,1,1,3,2,1,1,1,3,4,4,4,4,4,6,5,2,2,1,1,0,2,4,3,2,2,1,2,2,1,0,2,2,1,2,4,2,0,0,1,1,2,2,2,3,3,3,3,3,2,3,3,3,5,2,2,1,1,2,2,2,3,5,5,4,4,4,4,4,3,3,3,0,1,1,1,2,1,1,2,3,1,1,2,3,3,1,3,3,2,2,3,3,4,2,1,2,2,1,2,2,2,1,1,2,2,3,2,2,2,2,2,2,2,1,1,2,1,2,1,1,2,1,1,3,4,2,1,4,3,2,2,2,2,3,3,2,2,2,2,2,2,2,2,2,3,2,2,2,3,3,2,2,2,2,2,2,2,2,2,2,2,2,3,3,3,3,3,2,2,2,2,3,3,3,1,0,1,2,2,2,2,2,0,2,2,2,2,2,2,2,1,1,2,3,3,3,3,4,3,1,2,2,2,3,2,2,2,2,4,5,4,3,2,1,2,3,2,2,3,1,1,2,2,2,2,2,2,2,2,2,2,2,2,2,2,3,2,2,3,3,2,3,3,3,3,4,3,2,2,1,1,2,3,2,1,1,1,1,1,1,1,2,2,3,2,2,2,2,2,2,2,3,3,3,3,3,3,2,3,2,1,2,2,2,2,2,2,2,3,3,3,3,3,3,3,2,1,1,2,2,4,2,2,3,3,4,4,4,3,2,1,2,1,2,3,3,3,2,2,3,4,4,3,4,4,4,5,4,1,1,2,2,3,2,1,2,2,1,1,1,1,3,3,1,2,2,2,1,2,3,2,2,2,2,2,2,2,3,3,2,1
219,4,3,3,3,4,4,2,1,2,2,2,2,2,2,2,1,2,2,1,1,1,2,4,4,4,2,1,2,2,3,2,1,2,2,4,4,3,4,2,3,8,5,0,3,5,3,2,1,1,2,1,2,2,2,2,3,3,2,1,1,1,2,2,2,2,4,4,2,3,3,1,0,2,3,2,2,2,4,5,1,2,4,4,2,3,5,4,4,3,1,2,1,3,4,3,3,1,2,2,2,3,3,3,4,3,3,4,3,1,2,3,0,0,3,3,2,2,2,0,0,1,0,1,2,2,3,5,1,1,2,2,2,2,4,5,3,2,3,4,4,3,2,1,2,3,3,3,3,3,1,2,1,1,3,3,3,3,3,4,2,2,3,2,2,2,2,3,4,1,0,1,2,2,2,2,5,3,3,3,3,1,1,3,2,1,1,2,2,4,4,3,3,3,3,4,2,2,4,3,3,3,3,2,2,2,3,5,1,1,1,1,1,1,1,2,2,2,3,2,2,1,2,4,4,1,1,2,2,2,2,2,4,4,3,4,4,3,3,3,1,2,2,2,2,2,4,5,3,2,2,2,3,2,3,3,2,2,2,2,3,3,3,3,3,2,1,1,1,1,1,2,2,2,3,2,2,2,2,1,2,2,3,3,3,3,3,3,2,3,3,3,3,3,2,3,2,1,1,2,2,0,1,2,3,4,4,3,3,3,3,2,3,3,2,3,3,3,3,3,2,2,2,3,3,3,3,3,3,4,2,2,2,1,1,1,3,2,3,3,3,3,3,2,2,3,2,3,4,3,2,3,3,1,1,2,2,2,2,3,3,3,3,2,2,3,3,3,3,3,3,4,4,4,3,3,2,2,3,3,3,3,3,3,4,3,2,3,3,4,5,2,2,4,3,2,2,2,3,2,2,3,2,3,3,3,3,3,3,2,3,3,3,3,2,3,3,2,2,2,3,3,3,3,2,2,2,0,1,2,3,4,2,2,3,3,2,1,3,4,3,2,2,1,1,2,3,3,4,3,3,3,3,3,4,4,3,3,3,2,3,3,3,3,2,3,3,3,4,3,3,3,2,2,2,2,1,1,2,2,4,4,2,3,3,2,3,4,4,2,2,3,2,1,2,2,3,2,3,3,3,3,2,2,3,3,2,1,3,5,4,2,1,0,1,2,2,2,3,2,4,5,5,3,3,4,5,5,3,3,3,3,3,3,3,2,2,4,6,6,6,4,2,2,3,4,5,4,3,3,5,3,2,2,2,3,3,3,4,4,3,3,3,3,3,3,3,1,1,2,4,5,4,3,3,3,2,1,1,0,3,4,1,2,5,4,4,3,4,4,2,2,3,3,3,3,3,2,2,4,4,2,2,2,3,3,2,4,3,5,4,3,2,2,4,4,2,2,2,4,4,3,3,4,3,3,1,1,1,1,1,1,4,2,0,1,2,2,3,2,1,2,1,3,4,4,4,1,1,1,1,1,1,1,2,2,1,1,2,2,2,3,3,2,3,3,4,4,3,3,4,3,1,2,3,4,3,3,3,5,5,4,4,4,3,4,3,3,2,3,3,1,2,2,2,2,2,1,1,1,1,2,1,1,3,3,2,2,2,1,1,1,1,1,2,2,1,3,3,2,3,1,2,2,2,2,1,1,3,3,3,2,1,2,3,5,2,2,2,0,1,1,1,1,3,3,3,3,2,2,2,3,2,3,2,2,3,3,3,2,4,4,2,1,1,2,3,3,4,3,2,2,1,1,2,2,2,3,2,2,2,2,1,1,3,2,3,4,4,4,4,4,5,4,3,3,3,3,4,3,3,3,3,3,3,3,3,3,4,4,4,3,3,2,2,2,2,2,2,2,2,2,2,2,2,1,1,1,1,1,1,1,1,2,3,3,3,3,3,2,4,4,3,3,2,2,3,4,3,3,3,2,2,2,1,3,2,2,1,0,2,4,3,2,3,3,2,3,5,3,2,2,4,3,1,0,0,1,2,3,2,2,2,2,2,2,2,3,3,2,2,2,2,1,1,2,2,2,2,2,2,1,1,1,2,3,4,5,5,4,3,3,2,1,1,1,1,1,1,2,1,0,1,1,1,1,1,2,2,3,2,2,2,2,2,3,3,2,2,2,2,2,2,2,3,1,2,2,2,2,4,4,4,4,2,2,2,2,1,1,4,4,2,3,4,4,3,2,2,3,3,3,3,3,2,2,2,2,3,3,2,3,3,2,1,1,2,1,2,2,2,3,2,1,1,2,2,2,2,2,2,2,2,1,1,1,2,4,3,3,3,3,3,3,3,2,1,2,3,1,1,1,3,3,2,2
220,2,2,1,2,3,3,3,2,4,3,3,3,5,5,4,3,4,3,2,3,3,4,5,5,3,2,3,2,3,3,4,5,3,2,3,3,2,2,4,6,4,7,7,2,2,1,2,2,1,1,2,2,3,3,4,5,3,2,2,2,4,3,3,2,1,2,2,3,3,3,3,3,3,2,2,2,2,2,2,2,2,2,2,2,2,2,4,4,1,2,3,3,3,3,1,2,2,3,3,3,1,1,2,3,3,2,1,2,3,3,5,3,3,2,1,1,2,2,2,3,3,2,4,4,3,3,2,3,3,3,3,4,3,3,3,3,3,2,3,2,2,4,4,3,2,3,3,2,2,2,2,3,4,4,4,4,4,4,4,3,3,5,4,3,2,0,0,2,2,2,1,3,5,4,3,3,3,2,2,2,2,2,1,2,2,2,2,2,2,2,2,2,2,2,2,2,2,2,3,5,5,4,2,2,3,3,2,2,2,2,3,3,3,3,3,3,3,3,3,3,3,3,3,3,3,1,1,1,1,1,1,1,2,2,1,1,1,1,1,3,2,3,3,3,3,2,3,4,1,1,3,3,3,3,3,3,3,3,2,2,3,3,3,2,4,5,5,4,3,2,1,2,3,2,2,2,2,2,2,2,4,3,3,3,4,3,3,4,4,3,3,3,3,2,2,1,2,3,3,3,3,2,1,2,2,3,2,1,2,2,2,3,3,3,3,4,4,3,3,4,2,2,2,2,2,3,2,2,1,1,2,2,1,1,2,3,3,3,3,3,3,3,3,1,3,3,3,2,2,2,3,2,2,2,2,2,2,2,3,2,1,2,2,2,2,3,3,4,3,2,3,2,2,2,3,3,3,3,4,6,5,4,2,1,2,2,2,3,3,2,2,1,1,1,2,3,3,2,3,4,4,5,4,4,4,4,3,1,2,2,2,2,2,2,2,4,3,3,3,2,2,2,2,2,1,0,2,2,2,4,3,4,3,3,4,4,5,4,3,4,4,2,1,4,5,2,1,2,3,5,5,3,3,3,2,0,1,3,3,2,2,1,0,2,1,3,4,4,4,5,4,2,2,2,1,1,2,2,2,3,4,3,3,3,2,2,2,3,4,4,3,3,3,3,3,2,2,2,2,1,2,3,2,1,3,3,3,3,2,1,1,2,1,2,3,4,2,1,2,3,3,3,3,2,2,2,2,3,3,3,3,3,3,3,3,2,2,3,3,4,4,5,5,3,1,2,3,4,3,3,3,4,4,2,3,3,2,3,3,3,2,3,3,3,2,3,5,5,3,4,5,5,4,2,2,2,2,2,3,1,1,2,1,3,5,4,4,4,4,4,4,3,3,3,2,2,1,1,3,3,2,2,2,2,3,4,2,0,2,2,1,1,1,1,1,1,1,2,2,2,1,1,2,2,2,2,2,3,4,4,4,3,3,3,3,3,3,3,3,3,3,3,3,4,5,4,4,4,3,3,3,3,3,2,2,4,3,1,1,3,3,3,5,5,4,3,2,1,1,4,3,1,1,1,1,1,1,1,1,1,2,1,1,1,1,1,1,1,2,2,3,3,1,1,1,1,0,0,1,1,1,1,1,2,2,2,2,2,2,3,4,2,2,3,3,3,3,3,3,3,3,2,2,3,3,2,3,2,1,2,2,1,2,2,1,1,1,1,1,1,1,1,2,1,1,3,4,4,3,3,4,5,5,4,2,2,3,3,3,1,1,1,1,1,1,1,2,2,2,2,2,2,2,3,2,1,1,3,2,2,2,1,1,3,5,4,4,4,4,3,4,3,2,2,4,4,4,4,5,4,3,2,4,4,4,2,2,2,2,2,2,2,2,2,0,2,3,3,3,3,2,1,1,3,3,4,2,2,2,3,3,3,3,2,2,3,1,1,1,1,2,1,2,2,1,2,1,2,3,2,2,1,2,2,2,2,2,2,2,2,2,2,3,2,3,3,3,3,3,3,2,3,2,2,1,2,2,1,1,2,3,3,3,2,3,2,2,3,3,3,3,3,3,3,3,1,0,1,1,1,1,2,3,1,1,2,2,2,2,2,2,1,2,2,1,2,3,1,1,1,3,3,2,3,3,3,2,2,3,3,3,2,1,1,3,3,2,2,2,2,2,3,2,2,1,2,2,3,4,3,0,2,3,2,3,2,3,3,3,1,2,2,2,3,2,3,3,2,2,2,1,1,1,1,3,2,2,2,2,2,2,2,2,2,2,3,2,2,3,3,3,2,2,2,3,3,4,2,2,3,3,2,1,2,2,2,2,2,2,2,2,2,2,2,2,2,2,2,1,1,1,1,3,1,1
221,4,4,4,2,2,2,3,2,2,2,2,2,2,2,3,2,5,4,3,2,3,6,5,3,3,2,2,2,2,2,1,2,3,2,2,3,3,4,3,2,4,5,5,3,4,2,2,3,2,4,4,2,1,2,4,3,2,2,3,2,3,2,4,2,2,2,3,3,3,4,3,2,3,5,6,5,3,3,2,4,4,3,4,3,2,3,1,1,2,3,3,2,2,2,1,0,1,3,3,2,2,1,1,2,3,4,4,5,4,4,4,3,3,3,3,3,3,2,3,2,1,2,2,2,2,2,2,4,3,4,4,3,3,3,2,4,5,4,2,2,2,2,2,1,1,1,2,2,2,2,4,2,1,1,1,1,1,1,1,3,2,2,3,3,3,3,2,1,3,3,1,1,0,0,0,3,3,4,3,3,3,2,2,3,3,3,3,2,2,2,4,3,2,2,3,2,2,5,4,0,1,3,5,4,2,3,2,2,1,2,3,3,3,4,3,1,1,2,2,2,2,4,3,2,5,5,4,2,2,3,4,3,3,3,4,3,4,4,4,2,2,1,1,1,1,0,0,1,1,2,2,1,1,1,1,1,2,2,2,3,2,2,1,1,1,1,1,1,1,1,1,2,1,1,2,3,3,3,2,2,3,3,3,3,3,3,1,1,1,2,2,3,4,4,3,3,2,3,3,3,2,4,3,3,3,3,2,2,2,2,3,2,3,6,5,3,2,1,2,3,2,3,2,2,2,2,2,1,2,4,5,5,3,3,2,0,1,1,1,2,1,1,1,1,1,1,1,2,2,3,3,2,0,3,5,3,2,3,5,4,1,1,1,1,1,1,2,2,2,2,2,3,2,2,2,2,3,2,3,3,3,4,2,4,4,4,4,4,2,2,2,2,1,1,2,2,2,1,1,1,1,3,4,4,2,1,1,2,2,1,3,3,3,4,5,4,2,2,2,2,2,4,4,3,3,4,4,4,4,4,4,2,2,3,4,4,3,3,4,3,3,4,4,2,4,4,3,2,2,2,2,3,3,3,3,4,4,2,2,2,3,5,4,4,4,3,3,4,3,3,3,3,3,2,2,2,2,2,2,2,3,3,1,2,2,1,2,3,3,3,3,3,3,3,5,0,0,1,2,4,3,3,3,5,3,2,2,4,4,3,3,3,1,2,2,2,2,2,2,3,3,3,3,3,3,3,2,1,1,2,3,2,1,1,1,1,1,1,1,1,2,2,2,3,2,3,4,4,4,3,4,3,3,4,4,1,1,1,2,2,1,1,2,2,3,3,3,1,1,1,2,3,2,1,0,1,3,4,4,3,2,0,1,3,2,2,2,2,2,2,2,1,1,1,1,2,2,2,2,2,3,4,2,3,2,1,1,0,1,2,1,1,3,2,2,2,2,2,1,2,2,1,2,2,2,2,2,1,1,1,1,4,4,5,4,2,4,5,2,0,2,2,1,3,3,4,3,1,2,2,2,2,2,1,1,3,3,3,2,2,1,2,5,3,1,1,1,2,1,0,2,4,2,1,2,3,3,2,0,4,3,2,2,2,1,2,3,2,4,4,3,3,2,3,2,1,1,2,2,1,1,2,1,2,3,2,2,2,2,3,3,3,3,2,3,3,3,2,3,1,1,2,5,4,1,1,1,1,2,1,0,0,1,1,0,2,2,2,2,2,2,2,4,3,2,4,3,2,3,3,1,2,2,2,2,2,3,3,2,4,4,2,3,5,4,1,3,2,3,2,2,2,2,2,2,3,4,3,3,4,5,2,2,3,2,3,3,2,3,4,2,2,4,4,4,4,3,2,2,2,2,1,1,1,3,3,4,3,2,3,3,3,3,3,2,3,2,2,2,3,3,4,5,4,3,4,4,3,1,2,3,2,2,2,2,2,2,2,2,2,1,2,3,3,3,3,3,2,3,3,2,2,2,1,1,1,1,2,3,3,3,2,1,1,3,1,0,0,2,1,0,3,4,2,0,1,3,1,2,3,2,3,3,3,3,2,2,1,0,1,1,2,2,2,3,3,2,3,2,3,2,2,2,2,2,2,2,2,2,2,3,2,2,2,2,2,2,2,2,2,2,2,2,2,2,1,1,1,2,2,3,3,4,3,2,3,4,4,3,3,1,1,2,3,2,2,2,4,4,2,1,2,3,3,4,4,4,4,4,2,2,2,2,2,2,2,3,3,3,4,4,3,3,3,2,2,2,2,2,2,2,2,2,4,4,3,3,3,3,3,4,1,3,3,3,2,2,4,4,2,2,3,4,4,3,4,3,3,3,3,2,2,1,1,0,0,1,1,2,2,2,1,1,3,2
222,3,4,3,1,2,3,5,2,2,3,3,4,5,6,5,2,3,3,3,3,3,2,3,3,2,2,1,1,2,4,4,2,2,3,3,3,4,4,4,3,1,1,2,2,2,2,1,3,4,3,1,1,1,1,1,2,3,3,2,2,2,2,3,3,3,4,3,2,2,2,1,1,3,2,3,6,6,5,3,2,2,3,2,2,2,2,2,2,2,2,3,3,2,2,2,3,3,4,4,4,4,4,3,2,2,3,3,3,2,3,3,2,2,2,1,2,2,1,1,3,3,1,1,1,2,4,2,3,4,4,4,3,2,1,2,3,2,2,2,2,2,1,1,1,1,1,2,2,3,3,3,2,2,2,2,2,2,2,2,2,3,2,3,4,4,3,2,1,1,3,2,2,3,4,3,3,3,3,3,4,4,4,4,5,3,2,1,2,2,2,2,2,2,1,1,2,2,2,1,2,2,1,1,2,2,1,2,3,2,2,1,1,2,3,3,4,4,3,3,3,3,3,4,3,3,2,2,4,3,3,3,3,3,3,3,3,3,4,4,5,4,2,3,3,3,3,3,2,2,2,2,2,2,2,3,3,1,2,3,2,2,2,1,3,4,2,2,3,3,2,3,2,3,3,3,3,3,3,3,3,1,3,4,3,4,3,3,3,2,2,3,3,3,3,3,3,3,3,2,2,3,3,3,2,1,1,1,1,1,1,2,2,1,1,2,2,2,2,1,3,3,3,4,4,3,3,3,4,4,3,3,2,2,2,2,3,3,3,3,3,3,3,3,2,1,0,0,0,1,2,1,2,2,4,4,4,3,2,1,1,2,3,3,4,4,4,5,3,3,2,3,3,3,3,3,3,3,2,3,3,2,2,4,3,2,3,3,3,3,3,3,1,2,2,3,4,5,5,4,1,1,1,2,3,3,3,3,2,2,3,3,4,5,4,4,4,5,4,4,3,3,2,2,2,1,2,2,2,2,3,2,3,3,3,3,3,2,2,3,3,3,3,4,4,5,5,5,3,3,3,3,3,2,2,3,3,3,3,3,3,3,3,3,2,2,2,2,2,2,2,2,2,2,2,2,2,2,2,2,1,1,1,1,1,1,1,1,1,1,1,1,1,1,1,1,3,2,4,6,4,3,3,3,3,2,2,3,3,3,3,3,4,3,3,3,3,3,3,3,2,1,1,1,1,1,1,1,1,1,1,1,1,1,1,1,2,2,3,3,3,1,2,3,5,3,2,2,3,3,4,4,4,3,4,4,4,3,1,2,3,3,3,4,4,4,3,5,5,3,2,2,4,4,4,4,3,4,4,3,2,2,2,1,2,1,1,1,2,4,4,2,3,2,2,2,2,4,3,3,2,1,2,2,2,2,2,2,2,1,2,2,2,3,2,1,2,2,1,3,2,3,4,3,3,4,3,1,2,3,3,1,2,2,1,2,2,3,3,3,3,4,2,5,6,5,6,5,3,1,2,2,3,3,3,3,1,2,3,3,2,3,3,3,2,1,1,1,2,2,2,2,2,3,3,3,3,3,3,3,1,2,2,1,1,1,1,1,3,2,3,3,2,2,3,5,4,1,1,1,1,2,2,3,2,2,2,3,3,2,1,2,2,2,2,3,3,2,2,4,3,3,2,2,3,3,3,4,3,4,4,2,2,3,3,1,1,1,1,1,0,0,1,1,1,3,3,2,2,2,2,2,3,2,3,3,3,3,3,3,3,1,2,3,3,4,5,3,1,2,4,3,4,5,2,2,3,3,2,1,3,4,2,2,3,2,2,2,3,3,2,2,2,3,3,3,3,3,3,3,3,3,3,3,3,3,3,3,3,4,3,1,1,1,1,1,2,0,1,1,1,2,2,2,0,2,3,3,4,3,3,3,3,2,1,2,3,3,2,3,2,1,1,2,3,4,4,2,1,1,1,1,1,1,1,2,3,2,3,3,3,4,3,2,2,3,4,3,1,1,1,1,1,1,2,3,4,4,4,5,4,2,4,3,3,3,2,2,2,2,2,2,2,2,2,2,3,4,3,1,0,0,0,0,3,4,4,3,1,2,3,4,1,0,2,2,2,2,3,3,2,2,1,0,0,1,2,2,3,3,3,3,3,3,3,4,3,2,2,2,2,3,2,3,2,1,1,2,1,3,3,4,5,3,1,2,3,3,3,1,2,2,2,2,2,3,2,4,4,3,3,2,2,3,3,2,3,3,2,2,2,2,1,1,2,3,3,4,4,3,3,3,2,3,4,3,2,3,2,2,3,3,3,3,2,2,2,2,2,3,2,2,2,2,3,3,3,2,2,2,2,2,2,3,2,2
223,2,2,2,2,2,3,3,3,2,1,1,2,1,1,2,3,2,1,3,3,2,2,3,3,3,2,2,3,3,3,2,2,1,2,2,2,1,1,2,4,5,3,2,3,3,3,3,3,3,2,3,4,5,5,5,4,3,3,4,5,6,6,4,3,3,3,2,1,3,3,3,3,2,2,3,3,2,1,1,3,2,2,3,3,3,5,4,2,2,2,2,2,2,2,2,3,3,2,3,3,3,4,4,4,4,3,3,2,1,3,4,3,1,2,2,3,3,2,1,2,2,2,2,3,5,5,4,4,5,5,5,4,4,4,5,5,4,3,3,3,4,5,4,4,3,3,3,3,3,3,3,2,1,2,2,2,4,4,3,4,4,3,3,4,3,4,4,4,4,4,5,5,5,4,3,2,2,2,2,2,3,4,3,3,3,3,3,5,5,4,3,1,1,3,3,3,2,2,3,3,2,1,2,2,3,4,4,4,5,4,3,2,4,4,4,4,3,4,3,3,3,3,3,2,2,3,3,3,4,3,3,3,3,2,3,2,3,3,3,1,1,1,1,1,1,1,2,3,2,2,1,1,1,1,1,2,2,2,2,2,2,2,2,3,3,3,3,3,3,3,3,4,3,3,2,2,2,4,3,2,2,2,2,2,2,2,3,3,2,1,3,3,1,1,1,1,3,4,4,2,2,2,4,5,4,4,5,4,2,3,3,3,3,4,5,4,3,4,4,4,3,3,2,3,3,2,2,2,2,2,3,3,3,3,2,1,0,0,1,2,2,2,2,2,3,1,1,3,3,4,5,3,3,3,3,3,3,3,4,3,4,3,3,3,2,3,5,3,2,3,4,4,2,2,3,2,2,2,2,3,2,2,4,3,1,2,2,2,2,2,2,1,1,3,3,3,3,3,3,2,2,3,3,4,4,3,3,2,2,2,2,4,6,3,1,3,1,2,3,4,3,0,2,2,1,2,3,3,2,3,1,2,4,4,4,3,2,2,3,4,4,1,1,2,2,3,4,1,1,1,1,2,2,1,2,3,3,2,2,1,1,3,3,2,3,3,3,3,3,3,2,0,1,2,2,1,2,2,3,4,3,3,3,2,1,1,2,3,2,1,2,1,2,2,2,3,2,2,2,3,2,2,3,3,2,3,2,2,1,1,2,1,2,2,2,2,3,3,3,3,3,3,2,3,2,3,4,3,3,3,2,3,3,3,3,3,5,3,2,4,4,5,3,2,3,3,2,3,3,3,3,1,1,2,2,1,0,1,3,4,5,5,4,3,3,3,3,3,3,3,3,4,4,3,4,5,3,2,3,3,1,0,1,2,1,2,2,0,0,1,2,2,2,2,3,3,3,3,3,3,3,2,2,2,2,2,3,1,2,3,2,1,1,3,2,1,2,1,1,1,2,2,2,3,2,3,3,3,4,4,3,2,3,3,2,2,2,2,1,2,4,2,2,2,3,2,3,3,3,3,1,2,2,2,2,3,3,3,3,3,3,4,4,3,3,3,5,4,3,3,3,3,4,5,5,2,2,2,4,4,2,4,5,4,3,3,3,1,1,1,1,1,1,1,1,3,3,3,5,3,3,3,3,1,1,2,1,2,3,3,3,3,1,1,1,1,1,2,2,0,2,3,2,2,3,3,2,3,1,1,3,3,2,2,2,3,3,3,3,3,3,5,5,4,5,4,3,4,4,6,5,1,1,1,1,2,2,1,2,3,2,1,1,2,2,5,3,3,3,3,4,5,4,2,2,3,3,3,3,3,3,3,3,1,1,1,1,1,1,1,1,2,3,1,1,1,1,1,2,5,4,2,3,3,2,3,3,2,2,1,1,1,3,4,2,3,3,3,4,4,3,2,1,2,1,2,2,1,2,2,2,3,3,3,3,3,3,4,5,7,7,6,4,3,2,2,3,2,1,2,1,2,3,3,3,1,2,1,2,4,4,3,3,3,3,4,4,4,4,3,3,3,3,2,2,2,2,1,1,3,2,2,2,3,3,3,3,1,1,1,2,2,2,2,4,5,4,3,3,3,3,3,1,2,3,3,3,3,2,3,3,3,3,4,3,3,2,2,2,2,2,3,2,3,3,3,4,3,2,3,3,3,3,4,3,1,0,1,2,3,3,3,3,1,1,1,1,1,2,2,1,1,1,1,1,2,2,3,3,1,1,2,2,3,4,4,2,1,3,3,3,3,3,2,2,2,2,2,3,3,3,2,3,3,3,3,2,3,3,4,4,2,1,2,2,2,2,2,3,3,2,3,3,3,3,3,4,2,1,1,1,2,2,2,2,3,2,3,3,2,2,2,2,2,4
224,2,2,3,4,3,2,1,1,1,2,2,2,3,3,2,2,2,1,1,3,2,2,3,3,2,3,4,3,2,2,2,3,3,4,4,3,4,3,2,5,5,3,3,2,3,2,2,2,1,1,2,3,4,3,2,2,2,2,2,2,2,2,1,2,2,3,3,2,2,3,3,2,2,3,2,2,3,3,3,2,1,3,4,4,4,3,2,2,2,2,2,2,2,3,3,5,3,2,1,1,2,2,1,2,1,1,1,1,3,3,1,4,1,3,3,4,4,2,3,4,2,3,3,2,2,3,2,3,1,1,1,2,1,1,1,1,0,1,2,1,1,1,1,2,2,2,1,3,4,3,4,4,3,4,3,2,3,3,2,2,1,2,2,2,2,3,4,3,3,3,2,1,2,2,0,2,3,3,3,3,2,3,3,3,2,2,4,4,4,3,2,4,4,3,3,2,0,0,1,2,3,3,3,4,3,3,3,3,2,3,4,4,5,5,3,2,3,3,3,2,3,1,1,1,1,2,2,2,2,1,2,4,4,4,4,3,4,3,2,1,1,1,1,2,1,1,3,3,2,3,3,2,3,2,1,2,2,3,3,3,3,3,3,3,3,3,3,3,3,3,3,2,1,2,2,2,2,2,2,3,2,3,4,6,5,5,4,2,2,2,2,2,3,3,3,2,1,1,2,1,1,1,1,3,4,4,3,3,3,3,2,2,2,3,3,3,3,3,4,0,2,2,2,4,3,2,2,3,4,2,3,3,3,4,3,4,3,2,3,3,3,3,3,3,3,3,3,2,2,2,1,1,2,2,2,2,2,2,3,3,2,2,3,2,3,3,2,2,3,2,1,3,3,2,1,1,2,2,2,0,2,3,2,3,4,4,4,4,4,4,3,2,1,2,2,2,3,3,2,2,2,2,2,2,1,1,1,0,1,3,4,2,1,1,2,3,3,3,3,3,3,3,3,2,1,3,5,6,6,4,3,3,2,2,3,2,1,3,4,4,3,3,2,3,4,3,3,4,2,1,2,3,2,3,3,3,2,2,3,3,3,3,3,3,2,2,2,2,2,2,3,3,1,3,3,4,4,3,4,3,1,2,3,2,1,2,2,3,4,5,4,3,4,4,3,3,3,4,4,4,4,5,3,2,3,3,3,3,3,3,3,0,0,0,1,1,2,1,1,2,2,2,2,2,2,2,1,1,1,2,2,2,2,3,3,3,4,2,2,3,3,4,4,3,2,2,2,2,3,3,2,1,1,2,4,5,5,4,4,5,5,4,3,3,3,2,2,3,3,1,2,2,2,2,1,2,3,4,4,4,4,3,2,1,2,3,3,3,3,1,2,2,2,2,3,3,3,3,5,4,3,2,2,2,2,1,2,2,2,2,2,3,2,2,2,1,1,1,1,1,1,1,1,2,2,3,3,3,3,3,2,2,2,3,3,3,3,2,2,3,4,5,4,5,5,4,3,1,3,3,2,1,1,1,2,5,5,3,4,4,3,1,1,1,1,0,0,0,1,2,2,1,1,1,2,2,1,1,1,1,1,3,3,3,4,4,3,3,2,2,4,3,1,1,1,1,2,2,2,2,2,1,1,1,2,2,2,3,3,3,3,2,2,2,2,3,3,3,3,3,3,4,4,4,2,2,3,3,3,3,3,3,3,3,3,3,3,3,2,2,3,2,4,4,1,1,1,2,3,3,3,3,2,2,3,4,3,3,5,4,3,2,1,2,2,1,2,3,3,3,3,3,3,3,3,2,2,2,2,2,2,2,2,1,3,5,3,2,4,3,2,3,3,3,2,1,2,1,1,2,2,3,3,2,2,2,3,3,3,3,3,3,3,2,2,2,2,2,2,2,2,2,3,5,5,4,5,5,4,4,1,1,1,1,1,1,1,1,1,3,3,3,2,2,1,3,2,1,1,1,3,4,3,3,1,1,2,2,2,3,3,3,3,1,1,2,1,2,3,2,3,3,3,3,3,3,3,3,3,3,4,1,1,2,2,2,2,2,1,3,3,1,1,1,1,2,1,2,2,2,2,2,1,2,2,2,2,2,3,3,3,4,3,4,4,2,3,3,4,4,4,3,3,2,3,2,3,3,4,2,1,1,1,1,1,2,1,0,0,2,1,0,0,3,5,5,4,3,3,3,2,1,1,2,2,3,3,3,4,3,3,2,2,2,2,1,1,3,2,1,1,2,3,3,4,2,2,2,3,3,3,3,1,2,5,6,5,4,3,2,3,2,3,3,3,3,2,1,1,2,2,2,2,2,2,3,3,1,1,1,1,2,2,3,3,2,2,2,2,2,2,2,2,1,1
225,3,3,3,2,3,2,2,1,1,1,1,1,1,2,2,3,3,3,2,2,2,2,1,3,3,3,3,3,3,2,2,4,3,3,3,3,3,3,3,1,1,3,5,5,5,2,1,3,1,2,2,1,2,1,1,2,1,1,1,1,1,1,2,1,1,0,1,1,1,1,1,2,3,5,5,5,5,5,5,6,4,4,4,5,4,2,4,4,4,4,3,3,3,4,5,4,3,3,3,3,3,2,1,2,4,1,0,0,1,1,3,3,1,2,4,3,3,5,2,0,1,1,2,2,4,5,5,6,2,3,3,1,1,2,2,2,2,2,3,3,3,4,4,2,2,4,2,2,4,2,1,4,4,4,3,2,3,1,1,1,1,1,1,2,2,2,2,3,4,3,2,2,1,3,4,4,2,2,2,2,2,1,1,1,2,2,2,1,1,1,1,3,2,3,2,3,3,1,1,3,3,3,3,3,3,3,2,2,3,1,1,2,1,2,2,2,3,4,3,3,3,3,3,4,4,2,2,2,2,2,3,5,3,2,2,3,3,3,3,5,4,4,4,4,3,2,3,2,2,2,3,3,2,0,2,1,2,2,2,2,3,4,4,4,5,4,3,4,3,3,3,1,2,2,4,5,3,2,4,5,1,1,3,3,2,1,2,4,3,3,3,3,4,4,3,3,2,2,3,3,3,3,3,3,4,5,4,3,4,3,4,5,3,2,3,2,3,4,2,2,1,3,4,3,1,2,4,2,1,2,2,2,2,2,0,2,2,2,2,2,1,2,4,3,1,1,2,3,1,2,1,3,2,2,3,2,2,4,3,0,0,2,1,2,2,1,2,3,3,2,2,1,2,3,2,2,2,2,2,2,2,1,1,2,2,2,1,1,1,2,2,2,3,3,2,2,2,1,3,4,3,3,3,3,4,3,3,2,2,2,3,3,1,1,3,3,2,2,3,3,2,1,2,2,2,2,3,3,3,3,3,1,1,2,2,2,2,3,1,2,3,3,2,3,4,3,2,1,4,3,5,3,2,1,2,4,3,4,4,4,4,6,4,3,2,2,3,3,3,3,2,4,3,4,4,3,3,4,3,4,4,3,3,3,3,3,2,1,3,3,3,1,2,4,2,2,4,3,2,4,3,3,4,2,2,2,2,3,3,2,2,2,3,2,2,2,1,2,3,2,2,1,2,3,2,4,4,3,2,2,2,2,2,2,1,2,2,1,1,2,2,1,1,4,6,4,3,3,2,1,1,2,3,2,1,1,1,1,2,2,4,2,2,2,2,4,4,1,0,2,3,3,3,1,2,2,3,4,5,3,2,1,2,2,1,1,3,4,2,2,2,1,2,2,1,1,1,1,1,1,1,2,2,3,4,4,4,2,2,3,2,2,3,2,1,3,2,2,2,3,2,3,3,3,3,3,2,3,2,2,3,2,1,1,1,1,1,1,1,3,4,3,3,3,3,3,3,1,2,2,2,2,1,2,2,2,3,3,3,3,3,4,3,2,2,2,3,4,3,4,3,4,3,2,2,3,3,3,3,2,2,2,1,2,3,3,1,1,2,2,2,2,1,0,0,3,4,4,2,2,2,2,2,1,1,2,2,3,2,2,2,3,3,3,3,3,3,1,1,2,2,1,1,1,2,2,1,4,3,1,2,3,3,5,4,2,3,2,1,1,0,1,2,1,2,2,1,3,4,4,4,5,3,3,4,4,4,2,4,4,3,3,3,3,3,3,2,2,2,3,4,4,3,3,3,2,2,2,2,2,2,2,2,1,2,2,2,3,3,2,1,1,1,1,1,2,2,3,4,3,3,3,3,3,3,3,3,4,4,4,3,3,3,3,3,3,3,4,3,3,3,3,2,2,2,2,3,3,3,4,4,2,1,2,2,3,2,2,2,3,3,4,4,4,4,3,4,1,1,1,1,2,3,2,1,1,1,1,1,2,2,2,1,1,2,2,2,1,1,1,1,1,1,2,2,1,4,3,1,3,2,3,2,1,2,2,2,2,2,2,2,2,3,3,2,2,3,3,2,3,2,1,1,2,2,3,4,4,4,3,3,1,1,3,3,2,3,2,3,3,1,2,3,3,3,4,3,3,4,3,3,3,3,3,3,2,1,2,2,2,2,3,3,1,1,1,1,1,1,2,3,2,1,1,2,2,1,1,1,1,1,2,3,3,2,2,1,2,2,2,1,1,2,2,3,3,2,2,2,1,1,1,1,2,2,2,1,1,2,2,1,2,2,2,3,2,2,3,3,3,3,3,3,2,2,3,3,1,2,2,2,2,2,1,1,1,1,2,2,2,2,3,3,1,1
226,0,2,2,2,2,1,2,2,3,3,3,3,3,3,3,4,3,4,3,2,2,3,3,4,4,1,3,2,2,2,1,2,1,0,1,1,1,1,2,1,2,2,1,2,3,3,1,1,1,1,0,0,1,2,3,4,3,2,1,1,2,1,2,3,2,3,3,3,3,3,3,3,1,0,1,1,1,1,4,5,2,0,1,2,2,3,2,2,1,1,3,3,2,1,1,2,4,3,2,2,1,1,1,1,1,1,1,1,1,1,1,3,3,4,2,1,2,2,3,4,3,4,5,4,4,3,3,4,3,3,3,3,3,3,2,3,5,4,3,2,3,3,4,5,4,4,3,3,2,2,1,2,2,1,1,2,2,3,3,4,3,4,4,4,4,4,3,3,4,3,3,3,1,1,3,3,3,3,2,3,3,3,3,3,2,3,3,3,2,2,1,3,3,3,3,3,3,3,3,3,3,3,3,3,3,3,3,2,2,1,2,2,2,3,3,1,1,1,2,2,2,3,3,4,4,5,4,4,5,4,4,4,3,2,2,2,2,3,2,1,2,2,1,1,1,2,2,1,3,3,3,3,4,4,5,2,2,3,2,2,4,3,3,2,2,2,2,2,2,3,4,3,3,4,4,3,4,3,2,2,2,4,3,3,4,4,3,4,2,1,0,1,3,3,3,2,2,1,2,2,3,3,3,4,4,3,3,3,3,2,2,3,3,3,3,3,3,3,3,3,3,2,2,3,3,3,4,3,2,4,4,3,3,2,1,2,1,0,2,2,2,0,2,4,4,2,2,2,3,3,3,3,2,2,4,5,4,3,3,3,3,4,3,2,2,3,4,5,6,5,3,2,2,1,2,3,1,2,3,2,1,3,5,1,2,3,2,2,2,0,1,1,1,2,3,3,4,4,4,3,3,2,1,2,2,3,2,1,1,1,1,1,2,2,1,3,3,3,2,2,2,2,3,3,2,2,2,2,3,3,2,1,1,3,3,3,3,1,1,2,3,3,3,3,3,3,3,1,2,2,2,3,5,5,3,3,4,3,4,4,4,5,5,3,1,0,2,2,3,4,5,4,2,1,1,1,1,1,1,3,4,3,3,2,2,2,3,3,1,1,2,2,1,1,3,2,1,1,2,2,2,2,2,2,2,3,3,3,3,3,3,3,2,1,1,1,1,2,3,4,1,1,1,1,1,1,2,1,2,1,2,2,2,4,3,3,4,3,3,2,2,2,3,2,2,2,1,1,1,1,1,1,1,1,1,2,2,2,2,2,2,2,2,2,2,2,2,4,4,4,4,4,4,4,4,3,3,4,4,4,4,4,4,3,3,3,2,2,2,2,2,2,2,2,2,3,2,3,3,3,3,3,2,2,3,3,3,2,4,3,2,2,4,3,2,2,4,4,4,3,4,4,4,3,3,3,3,3,3,3,3,2,2,3,3,3,5,5,3,1,2,2,3,4,3,3,3,4,4,2,2,3,3,2,4,2,2,2,3,3,4,2,2,1,2,4,4,4,4,3,3,3,2,2,2,2,2,2,2,2,1,1,1,1,1,1,2,3,3,3,3,3,3,4,4,3,3,3,4,4,3,3,3,3,3,3,3,2,3,2,1,1,1,2,2,2,2,3,3,2,3,3,3,3,3,3,3,4,5,5,3,3,3,3,3,3,3,3,3,3,3,3,3,1,1,2,2,1,2,2,3,4,4,3,3,3,4,3,5,2,1,2,2,2,3,3,3,1,2,2,2,2,2,2,2,3,3,3,3,3,3,3,4,2,1,1,1,1,2,2,2,2,1,2,1,2,1,2,3,3,2,2,2,3,2,2,3,4,3,3,3,3,2,1,2,1,2,2,3,3,2,3,2,1,2,2,3,4,4,3,2,2,2,3,3,2,3,3,3,3,3,3,3,3,4,4,4,2,1,3,3,3,3,2,1,2,3,4,5,5,5,3,2,3,3,3,3,3,2,3,2,1,1,2,3,2,2,2,3,2,2,3,2,1,1,1,1,1,1,1,1,1,1,1,1,1,2,2,1,2,3,3,2,3,3,3,4,4,4,4,4,3,3,2,2,2,2,2,1,2,3,3,3,3,2,1,0,1,3,4,3,3,2,1,2,3,2,3,2,3,3,3,2,3,4,4,4,3,3,4,2,3,5,6,5,4,4,6,5,1,1,1,1,1,1,1,1,1,2,2,1,1,1,1,1,1,1,1,1,1,1,1,1,2,2,2,2,3,4,2,2,3,3,4,4,4,3,3,3,3,2,2,2,2,2,2,3,4,3,3,3,3,2,2,2,1,2,2,2,1,0,3,3,2,2
227,3,3,1,0,2,5,2,2,2,2,3,3,3,2,2,2,3,2,2,2,3,3,3,4,3,2,3,3,4,3,3,4,5,4,3,3,4,3,4,4,4,3,3,3,4,4,3,5,4,3,2,2,1,1,2,5,5,3,2,2,2,2,2,4,1,1,1,1,2,2,2,3,2,3,4,5,5,5,3,3,3,3,3,2,2,2,3,2,1,1,1,1,1,1,1,1,1,3,3,3,2,1,2,2,2,1,2,2,1,2,2,2,3,3,3,3,4,3,3,1,1,1,1,1,1,1,2,3,4,3,2,2,1,2,3,3,3,4,3,4,4,4,4,3,3,3,3,4,3,2,3,3,3,3,3,4,4,2,3,3,4,3,2,1,2,3,4,5,4,4,4,3,3,2,3,3,2,2,2,2,2,2,3,2,2,1,3,2,3,4,4,3,4,3,3,3,3,2,3,3,2,2,3,3,3,3,3,3,1,1,1,2,2,2,2,3,3,3,3,3,2,3,4,2,2,2,2,3,2,1,4,4,3,4,4,4,4,4,3,2,1,2,2,2,2,2,2,4,4,3,3,3,3,3,3,2,2,2,2,3,3,3,3,4,2,2,2,2,2,1,1,1,4,4,2,1,1,3,3,3,3,2,2,2,1,2,3,2,1,1,2,3,1,1,2,4,4,3,2,3,3,1,1,3,3,2,3,3,3,2,2,2,2,2,3,2,2,2,2,1,1,2,1,1,1,2,1,2,4,3,2,2,0,1,4,1,2,2,2,2,2,2,2,1,1,1,1,1,1,2,2,2,2,2,3,2,2,3,3,3,2,3,4,3,3,4,3,6,6,4,2,1,3,3,2,1,2,2,2,2,2,3,2,2,1,2,3,3,2,1,1,2,2,2,2,3,3,4,4,4,3,3,2,3,3,3,4,3,3,3,3,3,2,3,3,1,1,2,1,2,2,1,1,3,5,4,4,4,3,3,1,2,3,3,4,3,3,4,2,3,3,2,3,3,3,3,3,3,2,2,2,2,3,2,3,3,1,3,3,3,4,5,5,3,2,2,3,4,3,2,3,2,1,1,1,2,3,3,3,4,4,3,3,4,5,3,3,2,1,3,3,2,3,2,3,2,1,1,1,3,4,4,4,2,1,1,2,1,2,2,4,3,2,2,2,2,2,2,2,2,1,2,2,3,3,2,2,1,1,2,2,2,2,3,2,0,1,2,3,2,1,1,3,4,4,4,4,3,3,2,3,3,1,1,2,2,4,3,2,4,2,2,3,3,3,3,3,2,2,2,4,3,2,3,3,3,4,3,3,3,3,4,3,2,2,2,1,2,2,3,2,4,3,3,3,3,3,2,1,3,6,4,1,0,1,3,2,3,1,1,2,2,2,3,2,2,2,2,2,2,3,2,1,1,1,2,1,1,2,1,1,2,2,1,1,1,1,1,2,3,2,3,4,4,3,2,2,1,2,2,2,2,1,1,1,3,2,0,0,1,1,2,2,1,2,3,2,3,3,3,3,2,2,1,2,1,1,2,2,1,1,1,1,1,2,3,3,3,3,3,1,1,1,2,2,1,3,2,1,1,1,1,1,1,2,2,3,3,3,4,4,3,3,3,2,2,3,3,2,2,3,1,2,2,3,3,3,1,1,2,2,2,2,2,2,1,1,1,1,1,1,1,1,1,1,1,0,0,1,2,4,3,3,3,3,4,3,3,3,3,3,3,2,3,3,3,3,2,1,1,1,2,2,1,1,1,1,1,2,2,1,2,2,3,3,3,3,3,3,3,3,2,2,2,3,3,2,1,1,4,4,3,2,2,2,2,2,3,3,3,3,3,3,2,2,2,2,3,3,2,2,2,2,2,2,1,0,0,2,3,2,3,4,3,4,4,3,3,4,5,2,1,3,3,3,4,4,4,4,3,3,3,3,3,3,1,2,2,2,2,1,1,1,3,2,2,2,3,3,3,3,2,2,2,3,4,3,2,3,1,1,1,2,2,3,3,2,2,2,3,2,2,3,2,2,1,1,1,1,1,1,2,1,1,2,3,3,3,3,3,4,4,4,3,2,2,2,1,2,2,1,2,2,2,2,2,2,4,4,4,3,3,3,1,0,2,2,2,3,3,3,4,5,2,2,2,1,1,1,2,2,2,3,3,3,4,3,3,3,2,1,2,4,4,3,3,2,0,1,2,3,3,3,3,3,3,2,2,3,3,3,3,3,4,4,4,3,3,3,4,3,1,0,1,2,1,2,2,2,1,1,1,1,1,1,1,1,1,1,1,2,2,2,3,2,3,3,3,3,3,3,3,4,2,0
228,2,2,2,2,2,2,2,2,2,2,3,4,3,3,3,3,3,3,3,3,3,3,2,2,2,3,3,3,3,3,4,3,2,3,3,3,3,4,4,3,5,5,4,3,2,4,4,2,3,1,2,3,3,3,3,4,2,3,4,5,3,2,2,1,1,1,1,1,2,1,1,2,4,4,3,4,4,3,3,3,3,2,2,4,4,5,4,2,1,1,3,3,2,2,2,2,2,2,1,2,2,2,3,4,3,2,2,2,2,3,4,5,3,3,3,3,3,3,2,2,3,3,3,3,2,3,3,3,2,3,4,3,4,5,2,1,1,1,1,3,5,6,3,2,3,2,1,2,5,5,3,2,3,2,3,3,3,4,2,2,1,1,2,2,2,2,2,2,4,3,2,2,4,5,3,3,3,3,3,3,3,3,4,3,4,3,2,2,3,3,2,6,5,3,2,2,3,3,2,4,4,2,4,5,5,4,4,2,2,2,2,2,3,2,2,2,1,2,3,3,3,4,3,2,1,0,0,1,1,1,1,3,3,3,4,3,2,3,3,2,2,2,2,2,2,2,2,2,3,2,2,2,2,3,3,2,1,1,1,2,2,1,1,3,3,2,2,3,3,2,2,1,1,2,2,2,1,3,2,3,3,3,3,3,3,4,4,3,4,4,4,3,3,4,4,3,2,2,2,2,1,2,3,4,3,2,3,1,2,2,1,2,2,1,1,1,2,4,4,3,3,2,2,2,3,3,2,1,2,2,1,2,2,2,3,1,1,1,1,1,1,1,2,2,2,2,2,2,1,3,3,3,3,2,1,1,1,3,3,3,3,2,2,1,2,2,2,5,4,3,3,3,3,2,2,1,1,2,1,2,1,1,1,2,2,3,6,4,3,3,2,2,3,3,2,4,4,4,3,4,2,3,4,5,4,3,5,3,2,2,1,1,1,1,1,2,3,2,2,2,2,2,2,0,0,1,1,1,1,0,2,2,0,3,5,2,1,2,3,4,4,5,4,3,4,5,2,1,2,2,2,3,2,2,2,4,5,2,2,3,5,5,3,3,2,3,4,3,4,6,5,3,3,1,1,1,3,3,3,4,3,2,3,2,1,3,3,3,3,3,3,3,3,3,3,3,3,3,2,2,3,4,4,3,3,2,2,3,4,3,3,1,2,2,3,2,2,2,2,1,1,1,2,2,3,3,3,4,4,4,4,4,4,4,4,3,3,3,3,3,3,3,3,2,2,2,1,3,3,2,3,3,2,2,3,2,3,3,3,3,4,4,4,4,4,5,5,4,2,2,2,2,2,3,4,1,2,4,4,3,4,3,2,2,1,1,3,5,3,4,4,2,3,3,3,3,2,2,2,4,4,4,5,4,3,2,3,2,3,4,4,3,3,3,2,2,2,3,3,3,3,3,3,3,3,4,3,2,1,1,3,5,4,4,3,3,2,3,4,2,2,3,3,2,3,4,4,1,1,2,2,4,4,5,4,3,3,3,3,3,3,2,2,2,1,3,5,5,4,3,3,2,1,1,2,2,1,2,2,1,2,2,2,2,2,2,3,2,2,2,2,2,2,2,2,3,2,3,3,3,3,1,2,3,2,3,3,3,3,2,1,3,3,4,3,2,1,1,1,4,2,1,2,3,2,1,1,2,2,2,1,2,2,3,3,2,1,1,1,2,4,6,6,6,5,4,3,3,3,1,1,5,5,3,1,1,2,1,2,3,3,5,4,4,5,5,4,1,1,3,3,2,2,3,3,3,3,3,3,3,3,3,4,2,1,1,3,3,3,3,3,4,7,5,5,4,3,3,3,2,0,0,1,1,1,2,2,2,2,2,2,2,2,2,2,1,1,1,2,1,1,2,1,1,2,3,3,3,3,3,3,1,1,2,2,2,2,2,2,2,3,1,1,3,3,1,1,2,1,1,3,3,1,1,1,2,0,2,3,2,3,3,3,3,3,3,3,3,3,3,4,6,7,5,4,4,3,1,1,1,1,2,3,3,3,3,2,1,2,1,1,1,1,2,2,0,1,1,2,2,1,2,1,2,2,2,2,2,2,1,2,4,4,3,3,3,3,3,3,2,1,3,3,3,3,4,3,0,1,3,4,3,2,1,3,2,2,2,2,2,2,1,1,1,2,4,4,3,2,3,5,4,1,0,0,0,2,3,2,5,4,4,3,2,2,2,1,1,1,1,1,1,1,1,1,2,1,2,2,3,3,2,3,3,4,4,3,3,3,2,3,3,2,1,1,3,4,3,2,2,1,1,2,1,1,2,1,4,3,0,1,0,2,4,3,1,2,2,2,1,3,4,2,3,4
229,2,3,3,1,1,2,3,2,2,2,2,2,2,2,2,3,3,3,2,2,3,4,5,3,4,4,2,2,2,2,3,3,3,3,3,2,3,3,4,1,1,1,1,1,1,2,2,3,3,2,3,3,3,2,3,4,3,3,4,3,4,5,2,4,3,3,2,2,3,4,4,4,3,3,3,2,2,2,3,5,4,4,3,3,3,3,3,2,2,3,3,3,3,2,2,3,2,3,3,3,2,2,3,2,2,2,3,4,3,3,2,2,2,3,3,3,3,3,3,1,1,2,2,1,1,0,1,2,2,3,3,2,2,2,1,3,4,3,2,2,3,3,3,2,4,5,4,3,2,2,4,3,2,1,1,2,3,2,3,4,4,2,2,3,3,3,3,3,2,1,3,4,4,5,4,2,3,3,2,1,1,3,3,4,4,2,2,2,2,3,3,3,3,3,3,3,4,3,4,4,4,5,3,2,2,3,4,2,2,2,2,2,2,2,2,1,2,2,2,2,2,2,2,3,3,3,3,2,3,3,2,2,3,4,4,5,4,2,3,2,2,3,2,1,1,2,2,3,3,3,3,2,4,5,5,2,2,2,2,2,2,2,3,4,4,3,3,3,3,3,3,4,4,4,3,3,3,3,4,1,2,2,1,2,3,2,2,3,2,3,3,3,3,3,3,3,3,3,3,3,2,3,3,2,4,4,4,4,3,2,2,1,2,3,2,4,4,4,3,2,1,3,3,3,3,4,4,4,2,2,2,2,2,1,2,3,3,3,3,3,3,3,3,3,3,3,3,3,4,3,4,3,1,2,3,2,3,3,4,4,3,3,3,4,4,4,3,2,3,2,2,2,2,4,7,5,2,1,2,2,2,3,3,2,2,1,2,3,2,3,2,2,2,2,2,3,3,3,2,2,2,3,2,2,2,1,2,3,1,1,3,4,3,3,3,3,2,3,3,3,4,3,3,3,2,3,4,4,3,3,2,3,4,5,3,3,2,1,3,3,4,3,4,4,4,4,4,1,2,2,2,2,2,4,6,4,2,2,2,2,2,2,2,2,1,2,3,3,3,3,3,3,3,2,2,3,3,2,2,4,3,2,1,1,1,3,3,4,2,0,2,4,4,3,2,2,2,3,3,2,2,2,3,2,1,2,3,3,2,2,3,2,2,2,2,2,2,2,2,3,2,2,2,2,2,2,2,1,1,4,4,4,4,1,2,3,0,1,3,3,3,2,1,4,4,3,3,3,1,1,1,2,2,3,3,2,2,3,3,1,1,2,2,3,3,3,1,0,2,3,2,1,1,2,3,3,3,3,4,4,3,3,2,1,1,1,1,1,2,2,1,2,2,2,3,4,3,3,3,3,4,4,5,4,4,3,3,3,3,3,3,2,2,2,2,3,5,3,3,4,3,2,3,1,1,2,1,1,1,1,1,2,4,4,3,3,3,3,3,4,3,3,3,3,3,2,2,4,3,3,4,4,4,4,4,3,2,2,2,2,1,1,3,4,2,1,1,1,1,3,4,4,3,4,4,3,3,4,5,4,3,3,3,3,5,5,3,4,2,2,2,2,1,1,2,3,3,3,2,2,3,4,4,4,2,1,1,2,2,2,1,1,3,2,1,1,1,1,1,4,4,3,3,3,3,3,3,3,3,2,2,3,3,2,2,2,2,2,2,2,2,2,2,2,2,2,1,2,2,2,2,3,3,3,2,3,3,3,2,2,3,3,3,4,3,3,4,2,2,2,3,4,4,3,1,1,2,2,1,1,1,1,1,2,2,1,1,3,3,2,2,3,4,4,3,3,4,5,3,3,2,3,3,3,3,3,2,2,2,2,2,2,2,2,2,2,2,1,2,3,2,3,2,1,1,1,1,2,2,3,2,1,1,1,1,1,1,1,1,3,3,2,2,2,3,2,2,1,2,3,3,2,4,4,1,0,3,4,3,3,2,0,2,2,3,4,4,5,4,3,2,4,4,3,2,2,3,3,3,2,3,2,1,2,2,3,3,2,2,2,2,2,2,3,3,2,1,1,2,1,1,2,4,3,2,2,2,2,1,1,1,3,3,2,1,1,2,4,3,4,4,4,4,4,2,2,2,2,1,1,2,1,2,2,1,1,1,2,1,2,1,1,1,2,2,1,1,1,1,1,1,1,2,3,3,3,3,4,4,2,4,4,4,2,1,3,2,2,2,2,3,3,1,0,1,2,2,2,2,2,2,2,2,2,2,1,1,1,1,2,2,2,2,3,3,2,1,1,3,2,2,3,2,1,1,1,1,2,2,3,3,3,4,3,4,5,3,3,3,4,2,2,2,4,3
230,1,1,1,2,2,2,2,1,2,3,3,2,1,3,3,2,3,2,2,2,2,2,3,4,3,2,1,1,0,0,1,3,3,3,3,3,3,2,1,1,3,6,6,2,2,5,5,2,1,1,1,1,1,1,1,3,4,4,4,4,4,4,4,3,2,3,2,2,3,2,3,3,2,1,2,4,4,2,1,4,4,4,3,3,3,3,2,2,4,3,3,3,3,2,1,2,2,3,3,3,2,3,3,4,6,4,1,1,1,1,2,3,3,1,1,2,3,4,4,4,3,3,3,3,2,2,1,2,2,2,2,2,2,2,2,1,2,2,2,2,1,1,1,2,2,1,1,1,2,3,4,3,3,3,3,3,3,3,4,5,5,3,2,4,4,4,6,6,5,4,3,2,3,5,3,1,2,1,2,2,2,3,2,2,2,2,3,2,2,2,2,2,2,2,2,2,2,2,1,2,2,3,3,3,3,4,4,3,2,3,3,2,3,4,4,5,4,2,2,1,1,3,4,3,3,3,3,3,3,3,3,3,3,3,3,3,3,3,3,2,3,3,1,1,2,1,1,3,3,3,3,3,3,3,3,2,2,2,2,3,3,3,3,4,4,4,3,3,3,3,2,1,2,2,2,2,1,1,2,2,3,2,1,1,1,1,1,3,3,3,3,3,3,3,3,3,3,4,4,3,4,4,3,3,3,2,2,2,2,2,2,2,4,4,3,3,3,3,2,3,3,2,4,5,4,2,2,2,1,2,3,4,3,4,3,3,3,2,2,5,5,5,5,6,4,2,3,4,3,1,2,2,1,1,2,2,2,2,3,4,3,3,3,3,3,3,3,3,2,1,2,2,2,2,2,1,1,2,2,2,2,2,2,2,3,3,3,3,3,3,3,3,3,2,1,2,2,2,3,2,3,4,3,3,2,2,2,1,1,1,0,1,2,1,0,6,5,5,4,2,2,2,2,3,4,3,2,2,1,2,1,2,1,1,2,2,2,2,3,4,4,4,3,1,1,3,3,2,1,2,2,3,2,1,1,2,2,3,3,3,4,3,3,2,2,3,3,2,3,3,2,1,0,1,2,1,2,1,1,2,2,2,2,1,1,2,2,2,1,2,2,3,3,4,4,1,1,1,1,1,1,2,3,3,3,3,3,3,3,4,3,1,1,1,1,1,1,1,2,2,1,1,2,2,2,1,2,2,2,4,4,3,3,3,3,3,2,2,2,2,2,2,2,4,5,4,4,5,5,4,4,3,2,3,3,2,2,2,2,3,2,3,2,4,3,4,4,3,4,3,3,3,3,2,3,4,4,4,4,3,3,4,4,2,2,2,5,5,5,4,2,4,4,3,3,3,3,3,2,2,3,3,3,3,3,3,3,2,1,2,2,2,2,1,2,2,1,2,2,2,2,2,2,1,1,2,2,1,1,3,2,2,2,2,3,3,1,0,0,2,3,3,3,3,3,2,1,1,2,3,3,3,3,2,3,5,5,4,4,4,4,3,3,1,1,1,3,3,3,3,4,3,3,3,3,3,3,3,3,2,2,2,2,1,1,1,1,6,5,4,4,3,4,3,2,3,2,1,1,1,1,1,1,1,3,3,3,4,2,1,2,1,1,2,2,2,2,2,2,2,3,3,3,3,3,3,3,3,2,2,3,4,4,3,2,3,3,5,5,4,3,5,4,2,2,2,2,1,1,2,3,1,1,1,1,1,1,1,1,2,1,1,1,2,2,1,2,2,1,1,1,1,1,1,2,2,2,2,2,1,1,1,1,2,3,5,6,6,4,2,1,2,3,4,4,4,3,2,2,2,2,2,2,2,2,2,2,2,2,2,2,2,2,2,2,1,2,2,3,3,3,3,3,3,4,4,3,3,4,3,3,3,3,2,2,2,1,1,2,4,4,2,2,4,5,3,1,1,2,2,2,2,2,2,2,2,2,2,3,3,2,2,3,3,3,2,2,3,3,4,3,1,3,5,5,3,3,3,3,1,1,1,1,1,1,1,2,3,4,5,3,2,2,3,3,1,1,4,3,4,4,2,1,3,3,2,2,2,2,2,2,2,1,2,2,1,1,1,1,4,3,3,3,2,2,2,2,1,1,1,2,3,2,2,2,2,1,1,1,2,2,3,2,1,1,1,1,1,1,2,3,3,3,2,3,3,2,2,3,1,2,2,2,2,2,1,2,6,4,3,3,2,2,2,1,3,3,2,2,2,2,2,3,4,3,3,2,3,4,5,5,4,3,3,3,2,2,3,3,2,2,2,3,3,3,3,2,2,1,2,3,3,2,2,1,2,2,3,4,2,3,4,3,3,3
231,1,3,3,3,3,2,3,3,4,4,3,2,3,4,4,2,3,3,3,3,3,3,2,2,3,3,3,3,4,4,5,3,2,3,4,4,3,2,3,3,3,3,3,3,3,3,3,1,2,2,2,2,3,3,2,3,3,4,4,4,4,6,3,2,2,2,3,3,3,3,3,4,4,5,5,5,4,5,5,3,3,3,3,3,3,2,3,4,4,3,3,2,2,0,1,3,3,1,1,2,3,6,4,2,2,2,2,1,0,1,4,4,4,3,5,4,2,3,4,4,4,4,3,3,3,4,3,3,3,3,3,2,2,3,4,3,2,2,2,2,2,2,1,0,0,0,2,2,2,3,2,2,1,2,2,3,3,3,2,4,4,3,4,4,3,2,1,2,4,3,2,2,2,2,2,0,2,3,3,3,2,3,3,2,2,2,2,2,2,2,4,3,3,3,3,4,4,4,4,2,2,4,3,3,3,4,3,3,2,3,3,3,4,6,7,3,2,2,1,2,3,3,4,4,4,4,4,3,3,3,3,3,3,2,2,2,2,2,2,1,1,2,1,1,1,1,1,3,4,4,2,2,3,4,7,2,2,2,2,2,2,2,2,3,3,3,3,3,3,3,3,2,3,3,3,3,3,2,2,2,2,3,3,3,3,3,2,2,2,2,2,2,2,2,2,3,2,1,1,1,1,1,1,4,3,3,3,3,3,1,2,2,3,3,3,3,3,3,1,1,3,3,3,3,2,2,3,4,3,3,3,3,5,5,3,1,2,3,3,3,3,3,3,2,2,1,2,2,2,3,3,3,2,2,2,3,2,2,2,1,1,2,2,2,3,3,2,2,2,2,2,1,2,2,1,1,1,2,3,2,1,1,3,1,0,1,1,2,1,1,0,2,5,5,4,2,1,2,2,3,2,3,3,3,3,3,3,3,2,2,3,4,3,3,2,1,1,1,1,1,1,1,1,2,3,3,3,3,3,3,4,4,3,2,2,2,3,4,4,3,2,2,3,3,4,3,2,1,2,3,3,3,4,4,3,1,1,2,3,4,4,3,4,4,4,4,3,3,2,1,1,1,1,1,1,1,1,0,1,1,1,2,2,1,2,1,1,1,2,1,2,2,2,2,2,3,3,3,3,3,3,3,3,2,2,2,2,2,2,2,2,3,3,4,4,4,4,4,3,2,3,2,2,3,3,3,2,3,5,4,3,3,3,2,2,2,4,5,3,2,2,1,1,1,1,4,3,2,2,2,2,2,2,3,3,3,3,3,4,4,3,2,3,3,3,3,3,3,2,3,3,3,3,3,3,3,1,1,3,3,2,1,1,2,2,2,2,1,1,2,3,2,1,1,3,3,3,2,1,3,4,3,3,4,4,4,3,5,5,1,2,2,1,1,1,1,1,1,2,2,2,2,2,2,1,1,2,1,1,1,1,2,2,2,2,3,3,2,2,1,1,1,2,3,2,1,3,4,2,2,2,2,2,2,2,1,2,2,3,3,2,3,4,3,2,3,4,4,2,2,2,2,4,4,4,3,2,2,2,2,2,3,3,2,1,2,2,3,3,2,2,2,2,2,3,2,1,1,1,2,3,3,3,1,0,0,1,2,1,1,2,2,2,4,4,3,2,1,1,1,1,2,4,4,3,3,2,1,1,1,1,1,1,2,2,3,1,0,1,1,2,3,1,2,2,2,3,3,2,2,2,4,5,4,4,3,2,3,3,3,2,3,4,4,4,2,2,3,1,2,2,2,2,1,1,1,1,1,1,1,2,2,2,1,2,2,2,2,3,3,3,3,2,2,3,3,3,5,6,2,2,2,1,2,2,2,2,2,3,2,3,3,3,2,3,3,3,2,2,2,3,6,6,2,2,1,1,1,1,2,2,1,1,1,1,1,1,3,3,2,2,3,2,2,2,2,3,4,3,1,3,4,2,1,3,3,3,3,3,3,2,1,2,3,3,3,3,3,3,3,4,6,5,3,2,1,1,2,5,1,0,1,1,1,2,1,1,1,1,1,1,1,1,1,1,1,1,2,3,2,1,2,3,3,2,4,4,3,3,2,2,3,3,3,3,3,3,3,3,2,3,4,3,3,4,6,4,2,3,4,3,4,4,3,4,4,2,2,4,4,4,4,3,3,3,2,2,2,2,3,2,1,1,1,1,1,1,1,1,1,1,1,1,1,1,1,1,1,2,2,1,1,1,1,2,2,3,2,2,1,1,1,1,3,3,3,1,3,3,2,2,2,1,1,1,1,1,1,1,1,1,1,1,2,2,1,1,1,1,2,2,2,2,2,2,1,2,4,2,3,3,4,4,1,1
232,4,3,4,4,4,4,3,1,1,1,1,2,2,2,2,1,3,3,4,4,4,5,3,1,3,3,2,3,4,3,4,3,1,3,4,3,1,1,2,4,7,4,4,4,2,2,3,3,3,3,3,3,3,3,4,3,4,4,2,1,2,3,3,2,1,2,1,1,0,1,1,0,2,4,4,4,4,3,3,4,5,4,4,4,3,5,4,2,4,5,3,2,3,2,3,5,3,3,3,4,4,3,2,0,1,2,2,2,2,1,1,2,3,3,4,3,3,3,4,4,3,4,5,3,2,4,6,0,2,3,2,2,2,2,3,3,1,1,3,4,4,3,3,3,3,3,3,3,3,3,2,2,2,2,3,3,3,3,3,2,3,3,1,1,2,5,5,3,3,3,2,2,2,3,3,0,2,3,3,3,3,2,3,3,3,5,5,3,3,2,3,3,3,3,3,3,3,2,3,3,2,1,3,3,2,2,3,3,3,3,4,4,4,5,6,7,5,4,4,3,4,5,5,4,4,3,2,2,1,2,2,2,5,5,5,4,2,2,2,3,3,4,3,3,4,3,4,3,3,4,4,3,3,4,4,4,3,3,3,3,3,2,2,2,3,3,3,3,3,3,4,4,4,2,1,2,2,4,4,2,3,2,2,3,3,3,3,2,1,1,0,0,0,1,2,1,1,1,1,1,2,2,1,3,3,3,3,3,3,3,3,3,3,3,3,3,3,3,3,2,0,0,1,2,3,3,3,1,2,2,2,2,1,1,1,1,1,2,1,2,2,2,1,2,3,3,3,3,3,3,3,1,1,2,2,2,3,4,2,2,2,2,2,3,3,2,1,1,1,1,1,1,1,1,1,2,2,2,3,3,3,3,3,3,3,3,2,1,2,2,1,1,2,4,4,2,2,3,3,2,3,1,1,3,3,2,1,4,4,5,6,5,5,1,1,1,3,2,2,2,1,2,2,2,2,2,1,2,3,2,2,2,3,4,4,2,0,2,2,3,2,1,3,4,6,5,4,4,5,2,2,2,2,3,4,2,1,2,3,2,2,3,4,3,3,2,2,1,2,2,3,3,3,2,3,3,3,2,1,2,2,2,2,1,2,2,2,1,1,1,1,2,2,2,2,2,3,3,3,3,4,4,6,5,4,3,3,2,2,3,3,2,2,1,1,1,1,2,1,1,1,1,1,1,1,1,1,3,3,3,3,3,3,3,3,1,3,3,5,5,5,5,4,1,3,4,3,3,3,4,3,2,2,1,1,2,1,1,1,1,1,1,1,1,2,2,1,1,2,4,3,3,3,2,4,3,3,3,3,3,3,3,3,4,3,3,3,2,2,2,1,2,2,2,2,2,2,2,2,3,3,3,3,3,3,3,3,2,2,2,2,2,2,2,3,2,2,2,2,2,2,2,1,1,1,1,1,2,2,3,4,3,2,3,3,3,3,3,3,3,3,3,3,3,3,3,3,3,3,3,3,4,3,2,2,3,3,2,3,3,3,4,4,2,3,3,3,3,2,4,4,2,3,3,3,3,3,3,3,2,2,2,2,1,2,2,1,1,1,2,2,1,1,1,1,3,2,2,3,3,3,4,4,2,2,2,2,2,2,2,2,1,1,1,1,1,1,1,1,4,3,3,3,5,4,1,1,1,2,2,2,2,2,2,2,2,2,2,2,2,2,3,4,3,3,2,2,2,2,2,1,1,2,3,2,2,3,4,3,2,2,2,2,2,2,2,2,1,2,4,3,3,3,3,2,2,2,3,2,3,2,2,2,2,2,1,1,2,2,2,3,3,2,2,2,1,2,1,1,1,1,1,1,1,0,0,0,2,3,2,2,2,2,2,3,2,2,1,1,1,3,5,3,0,4,5,2,3,6,5,4,3,2,3,3,3,3,3,4,5,5,5,4,4,4,3,4,4,3,3,3,3,4,3,4,4,3,1,2,3,3,4,4,2,2,1,2,2,1,2,2,3,3,3,3,1,2,3,4,3,3,3,2,0,0,1,1,4,4,1,1,2,4,4,3,2,2,2,2,2,3,3,3,3,3,2,2,2,2,2,2,3,3,2,3,2,3,2,1,2,2,2,1,1,2,2,1,2,2,2,2,1,1,1,3,5,5,3,3,4,3,3,3,2,3,3,3,1,1,2,2,3,3,3,3,3,2,2,3,2,2,2,1,2,2,2,2,3,3,3,3,3,3,3,3,1,3,3,3,3,3,1,3,5,3,1,1,1,1,2,3,3,3,3,2,3,3,1,2,1,2,4,2,1,2,2,1,2,2,2,2,3,3,3,3,1,1,2,2,1,1,0,2,2,2
233,2,2,2,2,2,1,3,4,3,3,2,3,3,4,4,3,3,3,4,4,4,4,5,5,5,4,2,2,1,2,3,4,3,3,3,2,1,1,2,6,6,4,4,3,4,4,4,4,3,1,2,3,1,2,1,2,1,3,1,2,2,3,2,3,1,2,3,3,2,3,1,0,3,5,4,3,3,3,3,2,2,2,2,2,2,2,3,3,2,3,3,3,2,2,2,2,3,4,3,4,4,3,2,2,2,4,5,3,4,4,3,1,1,3,3,1,1,0,1,1,2,1,2,1,3,3,3,5,4,3,3,3,3,2,2,2,2,2,2,2,2,2,3,3,2,2,3,2,2,4,3,1,2,4,5,5,7,5,3,2,2,3,2,3,2,1,2,3,3,2,1,1,1,1,3,3,2,2,2,2,2,2,2,2,3,3,2,2,3,3,3,3,3,3,3,2,2,3,2,2,2,1,2,3,1,1,4,3,2,2,3,3,3,3,3,3,3,5,4,3,3,3,5,3,5,4,3,2,4,5,2,3,5,3,3,2,5,4,3,2,2,1,0,1,1,1,2,3,1,1,1,1,3,3,2,4,2,2,2,1,1,2,2,1,1,1,1,1,1,1,1,1,2,2,2,2,2,3,3,2,2,2,2,2,2,4,3,1,1,2,2,3,4,4,5,1,1,2,2,2,2,1,2,2,3,3,3,3,3,3,3,3,3,3,3,3,4,2,3,3,0,1,1,1,1,2,2,2,1,1,3,4,4,3,2,4,4,1,1,1,1,3,6,4,1,1,2,2,1,2,2,1,1,1,1,1,1,4,4,0,1,4,2,0,0,1,2,2,3,3,3,3,3,2,2,2,3,3,2,3,5,4,2,2,2,2,2,2,2,2,2,2,2,1,2,2,2,1,1,3,3,4,4,4,4,4,2,1,1,1,2,2,3,1,1,2,3,3,2,2,3,4,3,2,3,4,4,4,4,4,2,1,2,1,2,2,2,3,4,4,3,2,2,4,5,3,1,2,5,5,3,3,3,2,2,3,4,5,5,4,4,4,5,3,2,3,2,2,2,2,3,2,1,1,2,3,2,3,2,1,2,2,2,2,2,1,3,4,3,3,3,2,2,1,2,4,4,3,3,2,2,4,3,2,2,2,2,2,2,3,4,3,2,2,2,2,2,2,2,4,4,4,4,3,3,2,3,4,3,2,2,2,2,2,3,3,3,3,2,3,1,1,5,6,5,2,2,3,4,3,3,3,1,1,1,1,1,1,1,2,2,2,1,2,2,3,3,2,2,2,2,2,2,2,2,3,4,6,5,3,3,3,3,3,3,4,4,3,3,2,2,1,1,1,1,1,2,2,1,1,1,1,1,1,1,1,1,3,2,3,4,2,2,3,3,2,2,2,3,3,3,3,1,2,4,4,3,3,4,5,4,3,2,1,1,3,2,2,1,1,2,2,2,2,3,2,2,3,2,3,3,3,4,3,3,2,1,1,1,1,1,2,2,3,4,3,3,3,3,3,3,3,3,2,3,3,3,3,2,3,3,3,1,1,2,3,3,3,3,3,3,2,2,2,2,3,3,3,4,3,2,2,2,1,1,1,1,1,2,2,2,2,1,2,2,2,3,3,3,1,1,1,2,3,3,2,3,3,2,1,1,2,2,1,1,4,3,3,2,3,3,2,2,1,2,2,2,2,2,3,3,4,4,2,1,2,5,3,1,2,3,2,2,2,2,2,2,2,3,4,3,3,3,3,2,1,2,2,1,1,3,4,3,3,3,1,1,1,1,1,1,1,2,2,2,3,3,3,3,2,1,2,2,3,3,3,3,2,2,4,2,1,1,3,4,4,2,2,3,3,3,3,3,3,2,1,2,3,3,3,3,1,1,2,2,2,2,2,3,3,4,4,5,4,4,2,1,3,3,3,4,4,3,3,3,1,1,3,3,3,3,3,4,4,3,2,3,3,2,2,2,3,3,3,3,3,3,3,4,2,1,1,2,2,3,3,4,3,3,3,2,2,2,2,3,3,1,2,2,2,3,3,3,3,3,3,3,3,3,3,3,2,4,4,2,1,2,3,3,3,2,3,3,2,2,4,3,3,3,4,3,2,1,0,2,3,3,3,3,2,1,2,2,2,3,3,3,3,2,2,3,2,2,2,2,2,2,2,2,3,1,1,1,1,2,2,1,2,2,1,0,1,0,1,3,1,3,3,4,4,3,2,2,2,1,2,3,3,4,3,3,4,3,3,3,2,2,2,2,3,3,3,3,3,3,3,3,1,1,1,1,1,1,1,1,4,3,2,3,3,1,2,3,1,1
234,3,3,3,3,3,3,2,1,1,2,2,1,1,2,2,1,2,2,2,1,1,4,3,3,2,1,2,1,3,3,3,4,3,3,3,2,2,3,3,1,4,6,4,2,0,2,3,2,2,2,2,2,2,2,2,1,1,1,1,1,1,1,1,2,1,2,3,3,4,3,2,2,4,5,3,2,2,2,1,1,0,1,1,3,2,3,3,0,1,1,1,2,2,2,1,2,1,3,3,2,3,2,2,2,3,3,2,3,2,1,1,4,3,3,2,2,2,1,3,2,2,2,2,3,3,2,2,2,2,2,2,3,3,4,3,2,3,2,2,3,3,3,3,3,5,4,4,3,4,5,5,4,3,2,2,3,5,4,4,4,3,3,3,2,2,1,2,2,1,4,4,3,3,3,4,1,1,2,2,1,3,3,3,4,3,1,3,4,4,2,3,2,3,3,3,3,3,3,2,2,2,2,2,1,1,2,2,4,4,4,4,4,4,4,4,3,4,3,2,2,2,3,4,0,1,1,1,1,1,0,1,3,1,2,1,1,1,1,2,3,2,3,3,3,3,3,3,3,3,3,3,3,3,4,4,2,1,1,2,2,2,3,3,2,0,3,3,4,5,5,3,1,2,2,2,3,3,3,3,3,3,4,5,4,3,2,2,3,3,3,3,3,3,4,4,3,3,3,3,3,3,2,2,4,4,2,2,2,0,2,3,2,1,2,1,1,1,1,2,2,3,3,2,2,4,3,3,2,1,1,1,2,2,2,2,3,2,3,3,3,2,2,2,1,2,2,2,2,2,2,2,4,3,1,2,2,1,3,3,3,3,3,3,2,2,3,3,5,5,5,4,3,3,3,3,1,2,3,3,3,4,4,4,3,2,2,2,2,2,2,2,2,1,2,2,2,3,3,3,2,1,0,1,2,3,2,0,2,4,2,2,2,1,2,1,2,1,2,2,4,3,3,3,3,4,3,3,3,2,2,2,2,3,4,3,2,3,2,2,6,5,4,5,3,4,4,2,3,1,2,3,2,2,2,1,1,2,1,2,2,2,2,3,2,3,5,4,3,4,5,4,3,3,2,2,2,1,2,2,3,3,3,2,1,3,3,2,1,1,1,1,1,1,1,1,5,3,0,0,1,1,2,1,0,4,5,3,3,4,3,2,1,1,1,1,1,2,1,1,1,1,0,1,1,1,1,1,3,3,3,3,2,2,2,2,1,0,1,2,2,1,1,2,3,1,2,3,2,3,3,3,4,3,3,3,3,4,4,4,3,3,2,2,2,3,3,3,1,2,3,3,4,4,4,2,3,3,3,3,3,3,3,3,2,2,2,3,3,2,2,1,0,2,3,3,3,2,4,2,1,3,1,1,1,1,1,1,3,4,3,2,1,1,2,2,3,1,1,1,2,3,3,3,2,2,2,3,3,3,2,3,2,1,1,3,5,4,2,1,2,3,4,5,5,5,5,5,3,3,3,2,1,1,1,1,3,2,2,2,3,3,3,3,2,2,2,1,2,2,2,2,3,3,3,2,2,3,4,4,2,3,3,2,3,4,3,3,3,3,3,3,3,3,3,3,4,3,2,2,2,3,4,4,3,3,5,5,4,3,3,3,1,1,2,2,2,1,1,1,1,3,4,4,3,3,2,2,1,1,0,1,3,4,2,0,1,1,2,3,3,1,1,1,3,4,4,3,3,1,0,2,2,2,2,2,2,2,2,3,5,4,3,3,2,2,1,1,1,1,2,2,2,2,3,4,3,3,3,4,3,2,3,4,4,4,3,4,4,4,4,4,1,1,1,1,1,1,1,1,1,1,1,2,1,2,1,1,2,2,2,2,3,3,2,2,2,2,1,0,1,1,3,4,1,1,0,1,1,2,2,2,3,3,2,2,2,3,4,2,2,2,2,2,2,2,2,2,1,1,1,1,0,1,1,2,3,3,3,2,2,4,4,3,4,4,3,3,3,4,3,3,3,2,1,3,5,6,6,6,4,4,5,4,2,3,3,4,1,3,5,3,2,2,2,2,2,2,3,3,3,3,2,2,2,4,4,4,2,2,4,4,1,3,4,3,3,3,3,3,3,3,3,3,1,3,3,3,3,3,3,3,3,3,3,3,2,2,2,2,2,2,2,2,2,2,4,4,4,3,3,2,2,3,3,2,2,2,1,1,0,1,3,3,2,1,1,1,2,2,2,2,2,2,3,3,2,2,2,2,2,2,2,2,5,4,2,2,2,2,3,5,3,2,2,2,2,2,2,2,1,1,1,2,1,0,1,1,2,2,2,2,2,2,2,2,3,3,3,3,3,3,3,3,3,1
235,3,4,4,4,4,5,5,4,4,4,4,3,3,2,2,3,2,2,2,3,3,4,4,5,3,1,1,1,1,2,1,1,1,2,3,3,3,3,3,3,4,5,5,4,4,3,2,2,2,3,4,3,3,3,2,1,3,4,4,3,3,3,2,3,3,1,1,1,1,3,3,3,3,3,3,3,3,3,3,5,4,3,3,2,2,3,3,3,4,1,0,2,3,3,3,0,0,1,2,2,2,2,1,1,2,3,3,1,1,1,1,3,3,3,3,3,3,3,3,1,2,3,3,4,4,3,4,3,2,3,4,5,4,4,3,4,3,2,3,2,4,3,1,2,2,2,4,4,4,4,3,3,3,3,3,3,4,4,4,3,3,1,2,2,3,2,1,4,5,4,5,4,3,1,0,3,3,4,5,5,4,3,3,3,3,3,3,3,3,3,3,2,3,3,2,2,2,2,2,4,4,4,3,3,3,3,3,4,2,1,1,1,1,3,4,1,1,1,1,2,2,2,2,1,1,1,2,2,3,3,4,3,1,2,3,3,2,1,2,2,2,2,2,2,2,2,2,2,2,2,2,2,2,2,1,4,3,3,3,3,3,3,3,3,3,2,2,3,3,2,2,2,2,2,2,2,2,3,3,3,4,4,3,3,2,2,2,3,3,3,3,3,3,3,4,4,5,3,2,3,3,3,3,5,5,5,5,5,5,5,5,2,3,3,3,3,3,5,3,1,2,2,1,2,1,1,2,3,2,2,2,2,2,2,2,4,4,2,3,3,3,4,5,5,4,3,4,4,4,3,2,3,3,2,3,4,5,3,1,2,3,1,2,2,3,3,1,1,0,2,2,3,3,4,3,3,3,3,3,4,4,4,2,1,1,1,2,2,3,3,4,3,1,1,1,3,4,3,3,4,1,3,3,3,3,2,4,3,3,4,4,3,3,3,3,2,3,4,3,2,2,2,3,2,2,3,3,3,4,4,3,1,2,2,2,2,3,2,2,4,3,2,3,3,3,3,2,1,2,2,2,2,2,2,2,3,2,2,2,3,2,3,3,2,2,4,4,5,6,4,3,2,2,2,3,3,3,1,2,1,3,3,3,3,3,2,3,1,1,2,3,2,2,2,1,4,3,3,3,3,3,4,4,3,2,2,3,3,3,3,3,2,1,1,2,1,2,3,1,2,2,3,2,2,2,4,4,3,3,3,3,2,2,2,2,4,3,1,1,1,1,3,4,1,2,2,2,2,2,2,3,3,3,4,4,4,3,4,4,1,2,2,2,3,3,3,3,2,3,3,3,3,3,2,3,5,4,5,5,4,5,5,6,4,3,3,3,2,2,2,2,2,2,2,2,2,2,2,2,2,3,3,4,4,3,3,3,1,2,4,3,1,0,0,2,3,4,3,4,4,3,2,2,2,2,2,2,2,2,2,2,2,2,2,3,3,3,3,3,1,3,4,5,5,4,2,2,4,3,3,3,3,2,3,4,2,3,3,3,3,3,2,2,0,1,2,2,2,2,3,3,1,1,1,2,2,1,2,2,2,2,3,2,2,1,1,1,1,2,2,3,2,3,3,3,2,2,2,3,3,3,4,4,2,3,4,3,3,4,2,1,2,2,2,2,1,1,1,1,4,1,1,3,5,5,3,1,3,3,3,3,4,4,4,2,1,0,2,2,3,3,5,5,4,2,2,3,3,2,3,3,2,1,3,1,2,3,2,1,3,5,3,3,3,0,1,6,2,2,2,2,2,2,2,2,2,2,2,2,2,2,2,2,3,1,1,3,4,1,2,3,4,3,2,2,2,2,2,2,2,2,3,3,3,2,3,3,2,3,3,3,3,3,2,2,2,2,1,1,1,2,2,2,2,1,1,2,1,1,1,1,1,1,1,1,1,1,1,1,2,3,3,3,3,3,3,2,3,4,3,3,3,2,1,1,2,2,2,3,3,3,3,3,3,3,3,3,3,3,3,3,1,2,3,2,1,0,0,2,2,2,2,2,2,2,2,2,2,1,1,1,1,1,1,2,1,2,2,2,2,2,2,2,5,5,4,3,3,3,4,5,2,0,0,1,2,2,2,1,1,1,2,2,1,3,3,3,2,1,1,1,2,1,2,3,2,2,3,3,3,3,3,4,2,2,2,2,2,2,2,2,3,2,3,2,4,5,5,6,3,4,4,4,4,4,4,4,2,2,3,3,3,3,2,2,3,2,0,0,2,3,1,2,5,2,3,2,1,2,1,2,2,2,1,1,1,2,2,2,1,1,1,1,1,1,1,2,2,2,1,1,1,2,2,2,2,2,2,3,3,2,1,1,3,3
236,3,3,3,3,2,2,2,0,1,1,1,1,1,1,2,2,2,3,3,3,2,4,5,1,2,2,2,2,2,2,1,1,1,1,3,3,3,1,1,4,5,2,2,1,4,3,1,4,4,4,4,3,4,4,3,1,2,2,2,2,3,2,2,4,3,3,3,3,3,3,3,1,2,1,1,1,1,2,3,5,4,4,4,4,4,4,5,3,2,2,1,1,2,3,2,2,2,1,1,1,2,1,1,3,3,2,2,2,2,2,1,1,1,2,2,2,3,3,1,1,1,2,4,4,3,2,2,3,3,2,2,2,3,2,1,3,2,2,3,3,3,2,3,3,2,2,2,3,3,3,3,2,2,2,2,2,2,2,2,3,3,2,2,2,2,2,2,2,1,1,2,4,4,5,5,2,3,4,4,2,2,1,2,2,2,2,2,2,3,2,1,1,1,2,1,1,1,0,1,2,2,2,2,2,2,3,2,1,3,4,4,5,5,5,5,4,4,4,4,4,4,4,3,4,4,4,3,3,2,2,2,6,6,5,4,2,1,0,0,3,3,3,3,3,3,3,3,2,2,1,2,1,0,1,1,4,4,4,4,4,4,4,4,1,1,1,2,2,2,2,1,1,2,1,1,2,1,2,2,4,4,4,3,3,3,3,3,3,4,3,2,2,2,1,0,2,2,2,2,2,2,2,2,1,1,1,1,1,1,1,1,2,2,1,1,2,3,3,2,2,1,2,4,3,2,1,1,4,4,3,2,1,1,1,0,2,4,3,3,3,4,4,2,5,4,1,1,2,3,3,2,2,2,2,3,3,3,3,3,2,1,2,2,2,2,3,3,2,2,1,1,2,2,2,2,2,2,3,3,3,4,4,4,3,3,4,4,4,3,2,2,1,2,1,2,2,3,3,4,1,2,3,4,4,3,3,4,5,4,3,3,5,5,3,3,5,4,3,2,2,1,1,0,3,3,2,3,3,3,3,5,2,1,1,1,1,1,1,0,1,2,2,2,2,2,2,1,3,3,2,2,2,2,2,3,4,3,2,2,3,3,3,5,3,2,2,3,3,3,1,2,3,3,3,3,2,3,3,3,2,2,2,2,1,2,3,3,1,3,5,5,4,2,2,1,2,3,2,1,1,1,1,1,1,1,1,1,1,1,1,1,2,3,3,3,3,4,3,3,3,3,2,2,2,3,2,2,4,3,2,1,1,2,3,4,2,0,1,1,2,2,2,2,3,3,3,4,4,4,4,3,4,3,4,4,4,4,3,4,1,2,3,3,4,3,4,4,5,4,3,3,5,6,4,3,3,4,2,1,2,3,1,1,1,3,4,3,1,1,4,3,4,4,3,3,3,3,2,3,1,1,2,3,3,2,1,1,1,2,1,1,1,1,4,2,1,1,2,1,1,1,2,1,0,1,2,1,1,3,1,0,1,1,1,2,3,4,4,3,4,2,2,3,5,4,3,5,2,2,2,2,2,2,2,2,1,1,2,3,3,3,2,2,4,3,2,3,3,3,3,3,3,4,4,4,4,3,2,3,3,3,3,4,3,3,3,2,3,2,1,1,2,2,2,2,1,2,2,3,3,2,2,1,2,2,2,3,3,3,4,4,2,2,3,3,2,3,3,4,2,1,1,1,1,1,1,2,2,3,3,4,2,2,2,3,2,2,2,2,2,2,2,2,5,4,2,2,3,3,1,0,0,1,1,1,1,1,1,1,1,1,1,1,1,1,1,2,1,1,1,1,1,1,1,1,4,4,3,3,3,3,3,3,1,1,1,1,1,1,1,2,2,2,2,2,3,3,3,2,2,3,3,2,2,2,2,2,3,3,3,3,3,3,3,3,3,3,3,3,3,3,3,3,2,2,3,3,3,3,3,3,1,1,1,1,1,2,2,1,4,4,2,1,1,3,3,2,2,3,4,4,2,2,3,4,3,3,3,2,2,3,3,4,2,3,3,3,2,1,1,1,1,1,1,1,1,1,1,1,0,2,2,2,2,2,2,1,1,2,2,2,1,1,3,3,1,1,1,1,1,1,1,1,3,5,5,5,5,5,4,3,1,1,0,0,1,1,0,0,1,1,2,3,1,1,2,2,1,1,1,1,1,1,1,1,2,2,2,2,2,2,2,2,1,1,1,2,2,2,2,2,3,3,1,1,2,4,5,4,2,2,2,3,3,4,4,4,4,2,2,1,1,2,3,5,1,1,3,3,3,3,3,3,2,2,1,2,2,2,1,2,1,1,1,2,2,2,2,3,2,2,2,2,2,2,2,2,1,1,1,1,2,2,2,4,3,2,2,2,2,2,2,3,1,1
237,2,4,4,4,4,5,3,2,3,3,3,3,3,3,3,2,3,4,2,2,2,2,2,1,4,4,4,4,2,2,1,2,3,4,4,3,4,2,2,4,4,3,4,4,4,2,2,3,5,2,1,0,1,2,4,5,3,3,3,3,3,3,3,1,1,1,1,1,1,1,2,3,2,1,1,0,1,1,2,4,4,4,4,3,4,3,3,5,4,2,2,2,4,3,2,3,3,3,3,3,3,2,1,0,0,2,2,2,1,3,6,4,2,2,3,3,2,3,3,3,3,3,3,2,3,4,2,1,2,3,3,4,3,3,2,2,2,2,2,2,2,2,2,0,0,1,4,3,3,2,3,4,3,1,2,3,2,2,3,4,3,3,4,3,4,2,3,3,2,3,2,2,2,2,3,2,3,3,2,2,2,2,3,1,1,1,1,1,1,1,1,1,1,2,3,3,4,4,4,3,3,3,3,3,3,3,3,3,3,1,2,3,4,3,4,3,4,1,2,2,1,1,2,2,2,2,2,2,2,2,1,0,1,1,1,1,0,1,1,2,2,2,3,3,3,3,3,1,1,2,1,1,4,7,3,2,2,3,2,1,2,1,2,1,1,1,2,2,2,3,3,3,2,2,2,2,2,2,2,5,5,5,5,5,5,5,5,3,4,3,3,2,2,1,3,4,1,2,3,2,2,3,3,4,6,4,3,4,5,5,3,1,3,4,5,4,4,2,3,2,1,2,2,2,2,2,2,2,1,1,2,4,2,2,3,2,2,2,3,2,1,2,3,3,3,4,3,3,3,3,2,1,3,4,2,1,3,4,2,1,1,1,2,2,2,1,1,4,4,3,4,4,3,1,1,0,1,1,1,2,3,5,6,4,3,2,2,2,3,3,3,2,2,3,3,3,2,2,3,4,4,3,2,3,2,2,2,4,3,2,3,5,5,3,2,2,2,4,4,3,3,2,1,0,2,3,3,4,4,3,4,4,5,4,4,3,2,4,4,2,2,1,2,2,3,3,2,4,3,3,3,2,2,1,2,3,3,1,2,3,3,3,1,3,3,2,2,2,3,4,5,6,4,4,4,3,2,2,3,4,2,2,2,2,1,2,2,3,3,4,4,3,4,3,3,2,1,2,2,2,3,3,3,3,2,2,2,2,3,4,5,3,3,3,2,2,2,2,2,4,3,2,2,2,3,3,3,3,3,3,3,3,3,3,3,2,2,2,2,2,2,2,2,3,3,3,3,3,3,3,3,1,4,5,4,3,2,2,3,4,4,2,1,1,1,1,1,2,2,3,2,2,3,3,2,2,3,4,3,1,1,1,1,3,2,3,4,4,2,3,3,1,1,2,2,2,3,2,3,3,3,3,4,4,4,4,3,2,3,3,3,3,3,2,1,0,2,2,2,2,3,3,2,2,3,3,3,3,2,1,2,3,3,2,3,4,4,3,2,2,1,1,2,3,3,2,3,3,3,1,1,2,4,2,1,0,1,1,1,1,2,1,1,2,1,3,4,3,3,3,2,1,1,1,1,1,1,1,1,2,1,1,2,2,1,1,1,2,2,2,2,2,2,3,4,2,2,2,1,2,2,3,4,3,2,2,2,2,2,1,0,3,3,3,3,3,3,3,2,1,1,1,0,1,2,2,1,3,2,2,3,3,3,4,4,3,3,3,3,3,3,1,1,1,1,1,1,1,1,1,1,1,1,1,1,1,1,1,1,1,1,1,1,1,1,1,1,2,2,1,1,3,3,2,3,1,1,1,1,1,1,2,2,3,2,1,1,1,1,2,3,2,2,4,4,5,5,3,1,2,2,2,2,2,2,3,3,1,2,3,2,2,3,4,3,1,1,1,1,2,2,4,4,1,1,1,3,3,4,4,2,1,1,1,1,1,1,1,1,2,2,3,3,2,2,3,2,1,1,1,1,1,1,1,1,1,1,1,1,2,2,2,2,5,3,3,3,2,2,2,2,5,4,5,5,4,4,4,5,2,2,3,3,3,3,3,2,1,1,2,2,2,2,2,2,3,3,4,4,4,4,2,2,2,3,5,7,7,5,3,3,3,2,2,2,2,2,2,2,2,2,3,4,5,5,3,2,3,3,3,3,3,3,3,3,2,3,4,3,3,3,3,1,2,1,1,1,1,1,1,1,2,2,1,1,1,1,1,1,1,1,1,2,2,2,3,2,4,3,2,2,2,3,3,4,3,3,3,3,3,3,3,3,2,1,2,2,2,2,2,2,5,4,2,4,4,4,3,2,3,4,2,2,2,2,2,2,1,1,0,0,1,2,2,2,2,2,2,2,2,2,2,2,1,1
238,2,1,2,4,3,3,2,3,3,3,3,3,3,3,3,1,1,1,1,1,2,2,2,3,2,2,2,2,2,2,3,3,3,3,3,2,2,3,4,2,4,2,0,1,3,2,2,2,2,2,2,2,2,2,2,4,4,2,3,4,4,3,4,4,3,3,3,3,3,2,2,2,3,3,4,5,4,4,3,2,2,2,4,4,4,2,2,2,2,1,1,2,2,2,3,2,2,3,3,3,3,4,4,4,3,3,2,2,2,2,2,2,3,3,2,2,3,3,2,2,2,2,2,2,2,1,1,1,1,1,1,1,1,1,1,3,3,3,4,4,4,4,3,1,2,2,1,1,2,4,4,1,4,4,5,4,3,3,3,0,2,2,2,3,3,2,3,4,5,5,4,4,2,4,4,4,4,4,3,3,4,4,3,3,4,3,4,4,4,5,3,2,2,2,2,2,3,3,3,2,3,3,3,2,3,2,2,3,3,3,3,4,3,4,2,1,3,3,2,2,3,3,3,2,1,1,1,1,1,1,0,0,1,1,2,1,1,1,2,3,3,3,2,1,2,3,3,2,2,2,2,2,2,1,1,2,4,3,1,2,1,4,6,2,4,4,2,2,1,1,3,3,3,2,3,4,4,5,4,4,4,4,3,4,4,3,3,4,4,3,3,3,4,4,4,1,2,2,2,2,2,1,3,1,2,2,3,3,2,1,2,2,2,3,3,3,4,4,4,4,4,2,2,1,2,1,1,1,1,1,1,1,1,1,1,3,2,2,2,3,2,3,3,2,1,2,2,2,2,1,0,3,4,4,4,5,4,3,4,3,2,3,2,2,4,3,2,3,4,4,5,4,4,3,3,3,3,1,0,0,0,0,0,1,3,3,3,3,3,3,3,4,3,3,3,4,4,4,4,4,4,4,4,4,4,3,4,3,2,2,3,3,2,2,1,1,2,2,2,1,1,2,2,2,4,4,3,4,4,2,1,4,3,1,1,3,3,4,5,6,6,5,4,3,5,5,4,2,2,2,2,2,2,3,2,1,1,1,1,1,2,2,2,1,3,3,3,3,4,4,5,2,3,3,3,3,3,3,3,3,3,3,3,3,3,3,2,1,1,2,2,2,2,3,2,1,0,1,1,1,2,2,3,3,3,2,3,2,2,3,3,2,1,0,1,2,2,1,1,2,2,2,2,2,2,2,2,4,4,3,3,3,3,2,2,3,2,3,2,2,2,2,2,1,1,1,1,1,1,1,1,3,3,2,1,1,1,1,1,2,3,3,3,3,1,2,3,2,2,3,3,3,3,2,2,4,5,4,4,2,1,2,3,4,3,3,3,3,3,5,5,1,1,2,3,3,3,3,0,4,8,7,6,7,5,4,4,2,2,2,3,3,2,3,4,3,3,3,3,3,3,3,2,1,1,1,1,1,1,1,1,1,1,2,2,2,2,2,2,3,3,5,5,4,4,3,2,3,3,3,3,3,4,4,2,0,1,2,1,1,1,1,1,2,3,2,1,2,2,2,1,0,0,1,1,1,3,3,2,4,2,1,2,2,3,3,2,3,4,3,2,2,3,2,3,2,1,0,1,1,1,2,3,2,2,2,1,1,1,1,2,1,1,2,2,1,1,2,1,1,1,0,1,1,1,1,1,1,1,2,1,1,3,3,2,2,2,2,2,2,2,2,2,3,3,3,3,3,3,3,2,1,3,3,3,2,3,3,2,3,5,3,2,2,2,5,4,3,3,3,3,4,3,1,1,3,3,3,3,3,3,3,4,3,2,2,2,2,2,2,2,2,2,2,2,2,2,2,3,4,4,6,6,4,3,2,2,3,3,3,4,4,4,4,5,1,2,2,2,3,3,3,3,3,2,1,1,1,1,1,1,2,2,2,2,2,2,2,2,2,1,1,2,2,1,2,3,1,1,2,2,2,2,2,2,1,2,2,2,2,2,0,3,2,5,6,4,3,2,1,1,2,2,1,1,1,1,1,1,2,3,3,3,3,3,2,2,1,2,3,3,3,3,3,2,4,3,2,1,1,1,2,1,1,1,0,1,1,1,2,2,1,2,2,2,2,2,2,1,2,4,3,3,3,3,1,3,2,2,1,2,4,3,3,2,3,2,2,1,1,2,2,2,2,2,3,2,2,3,3,2,0,1,1,2,2,2,1,0,1,1,1,1,1,2,2,2,1,1,1,1,2,2,2,1,1,1,0,1,2,1,1,2,3,2,3,3,2,2,2,1,1,1,1,2,2,2,1,1,3,2,3,2,2,2,2,2,1,1,0,1,1,1,1,1,1,1,1,1,1,1,1,1,1,2
239,2,4,2,0,0,1,2,2,2,2,3,3,3,3,1,0,0,0,0,1,1,2,3,3,2,2,2,1,1,3,3,3,3,2,1,1,1,3,2,4,6,6,4,2,3,6,5,3,2,2,1,2,2,2,2,2,2,2,2,2,2,2,2,4,4,4,4,4,4,4,4,7,5,3,3,5,6,4,2,2,2,2,3,3,3,3,3,2,2,2,2,2,2,2,2,5,5,3,4,3,2,1,3,3,1,1,1,2,3,3,2,3,2,1,2,2,2,2,2,1,1,3,3,3,4,4,1,6,5,4,4,4,3,3,3,0,1,3,3,1,1,3,3,2,1,2,2,2,2,2,3,2,2,2,3,3,2,1,1,1,2,2,2,2,2,3,3,2,2,2,3,3,3,2,1,1,3,4,4,4,3,3,3,4,4,5,6,6,4,3,3,2,2,3,2,3,3,3,3,2,2,4,4,4,4,3,2,3,3,2,2,2,2,3,3,3,2,2,2,2,2,2,1,3,3,2,2,2,3,4,3,2,2,2,2,2,2,2,1,1,2,4,5,5,4,2,2,2,3,2,3,4,5,4,2,3,2,1,1,2,4,3,1,2,3,2,3,2,3,3,4,2,2,3,3,2,3,3,2,2,3,3,3,3,3,2,1,5,4,3,3,3,4,4,3,2,3,4,3,4,4,3,3,1,2,4,4,4,4,2,2,3,3,3,3,2,2,2,3,3,3,2,2,2,1,1,1,1,1,1,1,1,3,3,3,3,3,4,3,3,3,3,4,1,0,2,3,4,4,1,1,2,3,2,2,2,2,3,3,1,1,2,2,2,2,2,3,1,3,3,1,2,2,2,2,2,1,2,3,4,3,2,2,3,4,4,4,4,4,3,3,3,2,2,2,3,3,3,4,4,3,3,2,2,2,3,3,3,4,4,3,3,3,3,3,3,2,3,4,3,2,3,2,2,3,4,5,5,4,4,3,3,2,3,3,3,3,3,3,4,5,4,5,6,7,6,4,4,3,3,3,3,3,3,3,0,0,0,2,3,2,2,2,2,1,1,1,1,1,1,1,0,0,0,0,1,2,2,2,5,4,2,2,3,3,3,2,2,2,1,2,2,2,2,2,2,4,4,6,6,4,3,2,3,2,2,2,2,2,2,3,2,1,2,2,2,2,3,3,3,3,3,3,2,2,2,3,1,3,3,3,3,3,3,2,1,2,4,4,4,4,2,2,4,2,2,2,3,3,2,2,3,3,2,2,2,2,2,2,3,2,3,3,2,3,3,2,2,1,1,2,2,3,3,2,3,3,3,3,3,3,4,5,5,3,4,3,4,4,2,0,2,3,2,3,2,2,2,4,4,4,5,4,3,2,3,4,2,3,4,3,4,4,3,3,2,2,2,2,3,2,2,2,2,2,2,3,3,3,3,2,2,2,2,2,2,2,3,2,2,1,2,3,2,3,2,2,3,2,2,2,2,2,2,2,1,1,1,1,2,2,3,2,1,1,1,1,2,2,3,1,1,3,2,1,2,2,2,2,2,2,3,3,3,3,3,4,1,2,3,3,3,3,4,3,2,2,1,1,2,1,2,3,2,1,1,1,1,1,1,1,3,4,3,3,5,4,4,3,2,1,1,1,2,3,3,3,1,1,1,1,1,1,1,1,0,1,1,1,1,1,1,1,1,1,1,1,1,1,1,1,3,3,3,3,3,3,3,3,4,4,3,3,4,3,3,3,2,2,2,2,3,3,3,4,1,0,1,1,1,2,2,2,2,2,3,3,3,3,4,3,0,1,3,3,3,3,2,1,1,1,1,1,1,1,1,1,2,2,3,3,2,2,2,2,2,1,1,1,1,2,2,1,4,2,1,3,5,6,6,4,2,2,2,2,2,2,2,2,1,1,1,1,1,1,1,1,2,1,2,1,2,2,2,2,2,2,2,1,3,3,2,2,3,2,2,2,2,2,3,3,3,3,3,3,3,3,3,3,3,3,1,0,2,3,1,1,1,2,3,3,2,2,3,3,2,1,1,1,2,2,3,3,2,2,2,2,2,2,2,2,2,2,2,1,1,1,1,0,2,2,2,2,3,3,3,3,3,5,3,2,3,3,2,4,2,2,2,2,2,3,2,2,2,2,2,2,2,1,1,1,1,1,1,1,1,1,2,2,4,3,3,3,3,3,3,3,2,2,2,2,2,2,2,2,1,1,1,1,1,1,1,2,2,2,2,2,2,2,2,2,3,3,3,3,2,2,2,3,4,3,2,2,2,1,2,2,2,3,3,2,1,1,1,2,3,2,2,1,2,1,1,1,3,3
240,3,4,4,2,2,4,3,3,4,3,2,2,3,2,3,3,3,2,2,2,2,3,4,3,2,3,3,2,2,2,2,2,3,3,3,3,2,3,2,3,6,5,4,3,2,2,3,5,3,3,3,4,4,4,4,1,2,3,2,2,2,3,4,1,0,2,2,1,2,2,2,3,3,2,4,4,2,2,1,1,1,2,2,2,2,2,2,1,1,1,1,2,2,1,1,4,3,2,2,3,3,3,3,4,5,1,1,1,1,1,1,2,3,3,3,3,3,3,3,3,3,3,3,3,3,3,1,2,1,2,2,3,2,2,2,3,3,3,3,3,3,3,3,4,4,4,4,4,4,4,3,4,3,1,2,2,2,3,5,5,3,3,3,2,2,2,2,2,0,0,0,0,1,2,1,1,0,1,2,3,3,3,2,4,4,5,5,3,3,4,4,3,4,4,2,3,3,4,5,4,2,0,1,3,3,3,1,4,4,4,4,4,4,5,5,5,4,4,3,4,3,4,4,1,1,1,1,1,2,2,1,1,2,4,3,3,2,3,4,4,4,4,3,3,3,3,2,3,2,1,1,1,2,6,7,2,2,1,1,1,1,1,1,3,3,3,3,3,3,3,3,2,2,4,4,4,5,4,4,2,2,2,2,3,3,3,3,2,2,1,1,1,1,2,2,1,0,0,1,3,3,1,0,1,2,3,3,3,2,1,2,5,3,2,2,2,3,4,4,2,1,1,1,1,2,2,1,3,2,3,3,3,3,3,3,3,5,3,3,5,5,6,7,3,2,2,4,4,3,3,2,2,3,2,2,1,2,1,3,2,2,2,2,3,4,3,4,3,3,3,3,3,2,3,3,3,2,2,3,4,4,4,4,2,1,1,2,4,3,2,1,1,1,2,3,3,4,3,3,2,2,2,2,1,2,2,1,1,1,1,1,2,3,4,3,2,2,3,3,2,3,3,3,4,3,3,3,3,3,2,3,4,4,3,3,3,3,2,2,2,2,2,2,2,2,2,2,2,3,1,1,3,4,4,3,3,1,1,1,3,3,2,2,4,3,3,3,3,3,3,3,5,4,2,2,4,5,4,4,1,2,2,3,3,2,1,0,2,2,2,2,2,1,1,2,3,3,4,3,2,3,3,3,2,2,2,2,2,1,2,2,3,2,2,2,2,2,2,3,2,1,2,2,2,2,2,1,3,3,3,3,3,3,3,3,3,2,3,3,2,3,3,3,2,2,3,3,3,4,4,4,1,1,1,1,2,2,2,2,2,2,2,2,3,2,3,1,2,2,2,2,2,2,2,2,2,1,1,1,1,1,1,2,4,3,1,2,2,3,3,1,2,1,1,1,2,2,2,2,1,2,5,6,5,5,3,2,3,3,3,2,2,2,2,3,0,0,1,2,3,4,5,5,3,3,3,3,3,3,3,3,3,3,3,2,2,2,4,5,3,3,6,6,6,6,4,6,5,3,3,3,2,0,1,5,1,1,1,1,2,2,2,1,1,1,1,3,3,3,4,4,1,1,1,1,1,1,1,1,1,1,1,1,1,1,1,1,4,4,4,3,3,2,2,2,2,2,2,3,3,3,2,1,1,3,3,1,0,2,2,0,0,0,1,1,1,1,1,1,3,3,3,3,3,4,4,3,2,2,1,2,2,2,2,3,2,2,3,3,2,3,2,2,1,1,2,2,1,3,3,2,3,4,4,4,3,3,2,1,4,5,5,5,4,4,4,4,2,2,2,2,2,3,2,3,4,3,3,3,3,4,4,4,3,3,2,2,2,2,2,1,2,4,4,1,1,1,2,1,2,3,2,1,1,1,2,2,2,1,1,1,1,1,1,1,2,2,3,3,4,3,3,3,2,1,3,4,3,4,1,1,3,2,3,2,3,3,4,4,5,5,5,5,5,5,5,6,3,4,4,4,4,4,4,3,1,1,1,1,2,2,2,4,1,2,1,2,2,1,2,1,4,4,3,2,1,1,1,3,4,2,1,1,0,0,1,1,1,1,1,1,1,1,2,3,3,2,2,1,1,1,1,1,3,3,2,2,2,2,2,1,3,3,2,2,2,2,3,3,3,3,2,3,3,2,0,0,4,5,5,6,5,4,2,3,1,2,2,3,3,2,2,0,2,3,3,3,3,3,2,2,0,1,1,2,2,2,2,2,1,1,2,3,4,4,5,3,1,2,3,1,0,1,1,1,1,1,1,1,1,3,2,3,4,4,3,2,2,2,3,3,3,1,1,1,0,0,1,1,0,0,1,1,2,3,3,3,1,2,3,4,3,1,2,3,3,2,2,3,3,3,2,2,2,2
241,1,1,1,1,1,2,2,3,3,3,3,2,3,3,3,3,3,3,3,3,2,3,3,4,4,4,4,4,4,4,4,2,1,2,2,3,2,2,2,3,5,3,4,3,3,1,1,1,1,1,1,1,1,2,2,2,3,2,2,2,2,2,2,3,2,2,2,3,3,1,1,1,2,3,3,4,3,3,3,3,4,4,3,2,1,2,2,3,3,3,2,2,2,3,3,2,3,5,4,3,2,3,3,3,3,2,0,1,3,1,1,2,2,2,3,3,4,4,4,2,3,2,3,3,4,3,2,2,3,4,4,4,3,4,4,3,3,3,3,3,3,2,2,1,3,3,3,2,2,2,2,2,2,3,4,4,4,3,3,3,3,3,3,3,3,2,2,3,3,2,3,3,3,4,4,3,2,2,2,2,3,3,3,2,3,3,2,3,3,3,2,1,1,2,2,3,3,3,1,2,2,2,2,2,3,4,4,4,5,5,5,5,4,4,4,5,4,3,2,2,2,2,4,1,2,2,2,2,1,1,1,2,3,2,2,2,2,2,2,2,2,2,2,2,3,3,2,1,3,2,1,2,3,4,6,8,7,4,3,2,2,2,2,3,3,3,2,2,3,2,3,2,3,3,2,2,2,3,3,1,1,1,3,2,3,3,3,2,2,1,1,1,1,3,1,2,2,2,3,3,2,2,2,2,3,2,3,2,2,2,3,4,2,3,4,3,2,2,3,5,4,4,3,4,4,4,3,3,3,3,2,2,2,1,1,2,0,1,2,3,4,4,4,4,3,2,2,2,2,2,2,1,1,1,0,0,2,4,2,2,3,1,0,5,4,4,7,5,3,3,2,2,2,2,2,2,2,1,2,3,5,5,3,3,2,1,1,1,1,1,1,1,2,1,2,2,2,3,2,4,3,3,3,3,3,3,3,2,3,3,3,3,3,3,3,3,3,3,1,3,3,3,2,2,2,2,2,2,2,2,2,5,4,3,3,3,3,2,2,3,3,3,3,3,3,3,3,4,4,4,3,3,3,2,2,3,2,3,4,3,2,3,2,2,1,2,3,4,5,4,4,1,1,1,1,1,1,2,2,1,1,1,1,1,1,1,1,3,3,3,3,3,3,3,3,2,2,2,2,2,4,4,4,4,4,4,4,4,4,5,3,4,3,3,2,3,2,3,4,2,1,1,1,1,1,1,1,4,3,4,4,5,5,3,2,1,2,1,1,1,2,3,3,4,3,3,3,1,1,1,1,1,3,3,3,3,3,3,4,3,0,0,1,3,3,1,1,2,3,3,2,1,2,2,2,3,1,3,3,3,3,2,2,3,5,5,4,4,4,2,1,1,2,2,2,3,3,3,3,4,4,4,4,4,3,3,5,1,0,1,1,1,1,1,1,3,2,2,2,2,2,1,1,1,1,2,2,2,3,2,2,2,2,1,2,1,1,2,1,1,3,4,4,3,2,1,4,3,1,3,4,3,2,1,1,2,2,2,3,3,3,2,2,2,2,4,4,4,3,2,3,2,1,2,2,2,2,3,4,3,2,2,2,3,3,3,1,1,2,3,3,2,2,2,3,2,2,2,2,2,2,2,2,3,2,1,2,2,3,1,1,2,2,2,2,2,3,2,3,5,3,4,3,3,2,2,0,4,4,3,2,2,3,1,1,1,2,4,4,4,4,3,2,1,1,1,1,1,1,1,1,0,1,2,2,3,2,3,3,3,2,2,2,2,2,3,2,2,1,1,1,1,1,1,1,3,3,3,3,2,2,3,3,2,3,3,2,1,2,3,3,2,2,2,2,2,2,2,2,1,0,0,1,2,3,2,2,2,2,2,2,3,3,3,3,1,1,1,2,2,2,1,0,1,1,1,1,0,1,2,1,2,2,2,2,3,2,2,2,1,2,3,4,4,4,1,1,1,0,1,2,2,2,3,2,1,1,1,2,2,2,2,3,1,1,1,1,1,1,1,1,1,1,1,0,1,1,1,1,2,2,3,3,3,4,4,2,1,1,1,1,1,2,2,2,1,1,1,2,2,2,2,2,3,4,3,3,3,3,3,3,4,4,3,3,2,2,2,2,1,2,2,2,3,3,3,4,4,4,4,2,2,3,2,0,3,4,3,2,2,1,1,1,4,3,2,3,2,3,4,4,2,3,4,3,4,4,4,3,2,3,2,3,4,4,5,4,2,2,2,2,2,2,2,3,2,1,1,2,2,2,2,1,2,2,2,2,2,2,2,2,1,1,2,2,2,3,2,3,4,3,2,3,3,2,2,3,3,1,2,4,4,4,4,5,3,2,2,2,3,3,3,3,2,2
242,2,2,2,2,2,3,3,2,1,3,2,1,1,3,3,1,1,1,1,1,1,2,2,2,3,3,2,2,2,2,1,2,2,3,4,4,3,4,4,2,4,5,2,1,3,4,4,1,1,2,2,3,3,3,2,1,1,1,1,1,1,1,2,4,3,2,1,1,2,3,2,3,4,5,5,4,3,4,4,3,1,1,2,3,3,3,2,1,1,1,1,1,1,1,0,1,2,4,4,3,1,1,3,3,2,2,3,4,3,2,2,2,2,4,3,3,3,3,3,3,3,3,3,3,4,5,3,1,1,1,1,1,1,1,0,0,2,4,3,2,1,1,1,3,3,2,1,2,3,2,2,2,3,2,2,3,3,4,3,2,2,2,2,3,3,2,2,2,2,3,2,3,3,3,3,3,3,4,4,3,4,3,3,3,3,3,3,3,4,4,2,1,1,1,1,1,1,2,3,4,4,4,4,3,3,3,3,3,3,3,3,4,3,3,4,1,1,3,3,5,5,5,5,2,2,2,2,2,3,3,3,3,3,3,3,3,2,2,2,2,2,1,1,2,2,3,3,4,4,2,1,2,3,4,3,3,2,2,2,2,2,3,3,3,3,4,2,2,2,4,4,2,3,3,3,3,3,3,2,1,3,3,3,3,3,1,3,4,2,2,2,3,3,2,2,2,2,2,3,3,3,1,2,2,3,3,4,4,3,1,1,2,2,2,2,2,2,2,2,4,4,4,4,3,3,3,2,2,2,1,2,2,2,2,2,2,3,3,3,3,3,3,3,3,3,3,3,3,3,3,3,3,2,2,2,2,2,2,2,2,3,2,1,1,3,3,2,4,3,2,2,3,3,2,3,4,3,3,4,4,3,2,1,2,2,2,2,2,3,3,3,3,3,3,3,3,3,3,3,3,3,3,3,3,3,3,3,3,3,2,2,3,4,4,4,6,8,4,1,0,2,4,5,4,2,1,1,1,1,1,1,4,4,3,2,1,2,4,5,4,2,2,2,2,2,3,3,3,3,3,4,4,4,4,2,2,4,1,1,1,1,2,4,4,4,3,4,4,4,5,5,1,0,1,1,2,2,3,4,3,3,3,3,2,2,2,2,3,1,1,2,2,3,5,3,3,2,2,2,2,2,2,2,3,2,1,3,3,1,2,2,3,3,3,3,3,3,3,4,3,2,2,2,2,2,3,3,3,3,3,4,4,4,4,4,3,2,4,5,5,5,3,3,4,4,3,3,3,3,5,6,3,2,2,3,2,2,2,2,3,3,2,3,4,4,4,4,2,2,2,2,2,2,2,2,3,6,3,2,3,2,2,1,1,2,3,5,5,5,5,6,3,3,2,3,3,3,2,1,2,3,4,4,3,3,3,2,1,1,1,1,1,1,1,1,2,2,2,3,3,3,3,2,1,1,1,1,1,1,1,1,1,1,1,1,3,2,2,3,1,0,1,3,3,3,2,2,3,3,3,3,3,3,3,3,2,2,3,2,2,2,2,3,5,3,3,1,2,4,5,5,4,3,3,3,2,2,2,1,1,2,2,2,3,3,3,2,2,3,2,1,1,2,2,3,3,3,3,3,3,3,4,2,2,2,2,2,1,1,1,1,2,1,1,2,3,2,3,3,3,2,1,1,1,2,3,4,1,1,2,3,3,2,3,2,1,2,3,3,2,1,1,1,3,5,5,4,3,2,4,4,2,2,2,2,3,2,2,1,1,1,1,1,1,1,2,2,2,2,2,2,2,2,2,2,2,2,2,2,2,2,2,2,1,1,2,2,3,3,3,2,1,1,1,2,2,2,2,1,3,3,3,3,3,3,3,3,3,3,3,3,3,2,3,4,4,3,1,2,2,1,2,2,2,2,2,3,3,3,4,4,2,2,3,5,5,2,1,3,3,2,3,3,3,3,3,3,2,2,2,2,2,2,0,1,2,2,4,4,3,2,1,1,2,4,3,3,3,2,3,4,3,2,3,3,2,2,3,3,3,3,3,3,3,3,3,2,2,2,2,2,2,2,2,3,2,2,2,2,2,2,3,2,2,3,3,3,3,3,3,2,1,2,2,2,2,2,2,3,2,2,2,2,3,3,3,3,2,2,3,3,3,4,2,1,3,3,3,2,3,3,2,2,3,2,1,1,1,1,1,1,1,3,3,3,4,4,4,3,3,5,4,4,4,3,4,3,2,1,2,2,2,2,1,2,2,2,2,2,2,2,2,2,4,7,5,3,2,3,3,2,4,4,3,3,3,4,4,4,3,2,4,3,3,4,4,4,1,1,1,3,2,1,1,3,4,3,2,4,3,2,1,1,1,2
243,2,3,3,4,4,4,4,1,2,2,3,1,2,2,2,2,1,1,1,0,0,2,3,4,5,5,4,5,5,5,6,3,2,1,2,1,1,2,3,3,6,4,2,1,2,4,3,3,3,3,3,3,3,3,3,1,1,2,2,2,1,3,4,3,3,4,3,4,4,5,3,1,3,4,4,3,3,2,4,3,2,4,3,3,2,1,3,3,3,2,3,3,3,3,4,2,2,3,3,4,5,5,5,2,1,2,3,5,4,2,2,1,2,2,2,2,2,3,3,3,3,3,2,1,2,3,3,3,2,3,3,3,3,4,4,2,2,3,3,1,2,2,2,1,1,2,3,4,2,1,0,2,2,4,5,5,3,3,3,1,2,3,3,3,3,3,4,2,3,3,3,3,2,3,3,2,2,2,2,2,3,4,4,4,3,2,3,3,3,1,1,4,4,4,2,2,3,3,2,2,2,2,2,2,2,2,1,2,2,2,3,3,3,3,1,1,1,1,1,1,1,2,1,3,5,5,6,5,5,3,3,5,5,4,4,5,4,3,2,2,3,4,3,4,4,5,5,4,4,2,3,4,5,6,5,1,2,3,3,3,3,3,3,1,1,1,1,1,1,1,2,3,2,2,2,2,2,2,2,2,2,2,2,2,2,2,2,2,2,2,2,2,2,2,1,1,3,3,3,4,3,4,4,1,1,2,2,3,3,2,1,0,1,2,2,2,3,4,4,1,1,1,1,1,2,2,2,2,2,3,3,3,3,3,3,2,2,2,1,2,2,4,4,3,4,2,1,1,1,3,4,4,2,2,2,2,2,2,4,4,3,2,2,2,4,5,5,4,4,3,3,3,3,2,3,3,3,3,3,3,3,3,3,2,2,2,2,2,2,2,2,3,3,3,4,4,3,3,3,3,3,3,3,3,3,4,4,3,3,2,2,4,4,6,6,3,2,2,3,3,2,2,2,2,1,1,2,3,3,4,4,3,2,2,2,2,2,2,1,3,3,2,2,2,2,1,2,3,2,3,3,3,3,2,2,2,2,2,3,3,3,3,2,2,2,3,3,3,3,2,2,3,3,3,3,3,3,4,3,2,3,3,2,1,1,2,4,4,3,3,3,3,3,4,2,2,3,3,3,3,3,3,3,3,3,2,3,4,5,4,3,3,4,5,4,2,2,4,3,2,2,3,2,2,2,3,2,2,2,1,2,2,3,3,2,2,2,3,3,3,4,4,5,1,1,3,3,3,4,5,4,2,2,2,2,3,3,5,5,2,1,1,1,1,1,1,1,2,2,2,2,2,2,2,2,4,4,4,3,3,4,4,4,3,4,4,4,4,4,3,3,3,2,2,3,2,3,1,1,1,3,3,3,1,1,1,2,2,3,3,3,3,3,2,1,3,5,5,4,3,3,2,2,1,1,1,1,2,2,3,3,1,1,2,2,3,3,3,4,3,6,5,6,6,5,4,2,2,2,3,3,3,2,3,3,3,2,0,1,2,2,2,2,3,3,2,3,6,5,3,3,3,2,3,3,3,3,3,1,4,4,4,4,3,1,1,2,2,3,4,3,2,3,3,2,0,0,2,3,4,3,3,2,3,2,0,1,3,3,2,1,1,2,2,3,2,1,1,1,3,1,2,3,2,3,1,3,4,3,3,3,3,3,3,3,2,3,3,3,3,3,2,1,3,3,3,3,3,3,2,3,4,3,3,2,2,2,2,2,3,3,4,4,4,4,4,4,2,1,2,3,3,2,3,2,2,2,2,2,2,2,3,2,1,1,1,1,1,2,1,3,4,4,3,3,3,3,3,3,3,3,3,3,3,3,3,3,2,2,2,2,2,2,2,2,3,2,3,3,2,2,3,3,3,3,3,3,3,3,3,3,3,4,3,1,1,2,2,2,2,3,3,2,2,3,3,3,3,4,4,3,3,3,3,3,1,1,1,2,4,4,2,2,2,2,3,2,2,3,2,2,3,1,2,2,1,1,1,2,3,4,2,1,2,4,4,2,2,3,3,3,3,3,2,1,1,1,1,1,1,1,1,1,1,1,2,2,3,2,2,1,2,1,1,0,2,2,2,0,0,1,2,2,3,3,2,2,3,3,3,3,3,3,3,3,2,2,2,2,2,1,2,1,1,0,1,1,1,1,1,2,4,4,3,3,4,4,4,3,2,2,2,2,2,2,3,2,1,2,3,3,3,2,1,2,1,1,1,1,1,1,1,3,4,3,1,1,1,2,2,2,3,3,3,3,3,3,3,4,4,3,3,3,3,3,3,3,2,2,2,2,2,3,3,4,2,1,1,2,2,2,2,2,2,0
244,2,2,2,2,2,2,2,3,3,3,3,3,3,3,3,4,3,3,4,5,4,3,3,5,6,3,3,3,3,1,3,2,1,1,2,2,2,1,1,2,3,5,5,3,2,4,4,4,4,2,2,3,4,3,3,3,3,3,4,3,3,2,1,2,2,2,3,3,3,4,4,4,4,3,3,4,4,4,5,5,6,6,4,2,2,4,5,4,5,5,4,4,3,3,2,1,2,2,2,2,2,2,2,3,4,3,3,3,2,2,1,3,3,3,5,5,5,2,1,3,4,3,3,3,3,2,2,2,4,3,2,2,1,2,3,2,2,3,3,4,4,4,5,4,3,3,3,2,3,2,2,4,3,5,5,3,3,2,1,2,3,2,3,4,3,3,4,4,4,4,5,4,4,3,2,2,3,3,3,3,2,3,3,2,2,2,2,2,2,3,4,1,3,3,2,2,2,2,3,1,1,1,1,3,4,4,3,4,3,3,3,2,3,3,3,2,2,2,2,2,2,2,2,1,2,2,3,3,2,1,0,2,3,3,3,3,3,4,4,2,3,3,3,3,3,4,4,3,2,3,3,2,2,2,4,3,2,2,2,2,2,2,4,3,2,1,1,3,3,1,1,2,2,3,4,4,2,0,0,0,2,3,3,3,3,3,3,2,2,1,1,1,1,2,3,2,1,2,3,3,3,3,3,3,2,3,5,5,1,1,3,4,3,2,2,2,2,2,1,4,2,2,3,3,3,2,3,5,3,3,3,3,3,3,3,0,1,2,2,2,1,1,2,2,2,2,2,2,2,2,2,1,2,2,1,1,2,2,1,1,1,2,2,2,2,2,2,2,2,1,2,2,2,1,1,2,1,1,1,3,3,5,6,1,4,4,2,2,3,4,2,1,2,1,1,1,4,4,1,1,1,3,3,3,3,3,3,2,2,1,2,3,4,4,2,3,3,3,3,2,2,2,2,3,3,2,3,5,5,5,4,1,2,3,4,3,2,2,2,3,3,3,3,3,3,3,2,2,2,2,2,2,2,2,3,2,1,2,2,2,2,1,2,3,3,3,3,3,3,2,3,3,3,3,2,3,3,3,3,3,5,4,2,3,3,4,3,1,1,1,2,3,3,1,1,2,2,2,2,2,2,4,3,1,1,1,1,1,2,3,3,1,3,6,2,1,1,1,1,3,3,2,2,2,2,2,2,2,2,4,4,4,3,3,2,2,2,2,3,3,3,2,2,2,2,2,2,3,3,3,4,4,3,1,1,2,2,1,1,2,2,2,2,2,4,5,3,2,3,2,1,3,2,3,4,1,2,5,5,4,3,3,2,2,3,3,4,4,3,2,1,2,2,3,3,3,2,2,3,3,3,3,2,2,3,3,2,3,2,3,3,3,3,5,6,5,3,3,2,3,5,5,4,2,2,3,3,3,3,3,2,1,1,2,2,1,2,3,3,1,3,3,2,2,2,3,3,3,2,3,2,2,1,2,1,1,1,1,2,3,2,2,1,2,3,3,3,4,4,2,2,2,1,1,1,1,1,1,1,2,2,1,1,1,2,2,2,2,1,1,1,1,2,1,1,1,1,1,1,1,1,1,1,1,2,3,3,3,3,3,3,1,2,3,3,2,2,3,3,3,2,3,2,1,2,1,0,3,4,3,3,3,3,4,4,4,3,2,3,3,3,3,3,1,1,3,3,1,1,2,2,1,2,1,1,1,1,1,2,2,2,1,1,1,2,3,4,2,1,2,2,1,1,1,1,1,3,3,3,3,2,1,1,1,2,1,1,2,2,2,2,2,2,3,4,4,5,4,3,1,1,1,1,1,2,1,2,2,3,3,3,3,3,3,3,3,2,3,3,3,1,1,2,3,2,2,2,3,3,3,3,2,1,2,2,2,3,2,1,2,2,2,2,2,2,3,4,3,2,3,3,3,2,2,3,1,1,1,1,3,3,3,2,1,3,4,2,1,3,3,3,3,2,4,4,3,2,3,3,2,2,1,2,1,1,1,1,1,2,2,1,1,1,1,1,1,1,1,2,2,2,2,1,2,2,2,3,2,2,1,1,3,3,3,3,3,3,3,3,3,2,2,3,2,1,1,1,2,2,1,1,1,1,1,2,2,1,2,1,2,1,2,2,1,2,2,2,3,3,2,2,4,3,3,3,3,3,3,3,3,3,2,3,3,3,3,3,2,2,2,2,2,2,2,2,1,1,1,1,2,2,2,2,1,1,3,2,1,2,2,2,3,3,3,3,3,3,3,3,3,2,2,3,3,2,3,2,3,2,2,2,3,3,3,3,3,3,3,3,3,3,2,2,3,4
245,2,2,3,2,2,2,2,1,2,3,2,2,2,1,1,1,4,5,2,1,2,2,3,3,1,2,2,2,2,1,1,1,1,2,1,2,1,1,2,2,1,2,3,3,2,3,4,2,4,4,3,1,2,3,2,3,3,3,3,2,2,2,3,4,3,1,2,2,3,4,3,2,4,5,3,3,3,3,4,3,1,2,4,4,2,3,4,2,3,3,3,3,3,2,3,1,1,1,2,2,2,1,1,2,2,1,1,1,1,1,1,3,3,3,2,2,3,3,2,2,1,1,1,0,1,2,2,1,1,2,3,2,1,1,0,1,4,3,2,2,2,2,3,2,3,2,3,2,2,3,2,1,1,2,2,2,3,4,2,2,2,2,3,4,4,3,2,3,4,2,2,2,2,2,3,3,3,5,4,2,2,2,2,1,1,2,2,2,3,3,2,2,2,2,1,0,0,1,1,3,6,4,4,4,4,3,2,3,3,3,3,2,2,2,1,2,2,2,2,3,3,3,2,1,1,1,1,1,1,2,2,3,2,3,2,2,3,4,4,5,3,1,2,3,3,3,4,6,5,4,4,2,1,2,2,1,1,1,1,1,1,1,1,2,2,2,2,3,2,3,3,4,3,3,3,2,2,2,2,3,2,3,4,4,3,2,4,2,1,3,4,3,1,1,2,1,1,2,0,0,1,2,2,3,4,3,3,3,3,3,3,3,4,4,3,3,3,3,3,2,3,2,1,0,1,1,2,3,4,4,3,3,3,4,4,5,4,2,1,2,2,4,5,4,3,1,1,1,1,2,3,2,3,1,2,2,1,1,1,3,4,4,4,4,4,2,3,2,2,2,2,2,2,2,2,2,2,3,3,4,4,3,3,2,2,2,2,3,3,3,3,2,2,2,3,3,2,2,3,1,1,3,3,3,5,5,4,2,1,2,3,4,6,4,3,4,4,4,4,3,3,3,3,2,2,3,3,3,3,5,3,1,1,2,1,1,1,1,1,1,2,2,2,2,1,1,3,2,2,3,2,3,3,2,2,3,3,2,2,2,2,2,3,3,3,3,2,1,1,2,2,2,2,2,2,2,2,2,3,3,2,3,3,3,4,4,3,3,2,1,2,3,3,2,3,1,2,4,4,3,2,2,1,2,2,2,3,3,3,3,3,1,1,2,2,3,3,2,3,4,3,3,3,4,4,3,3,2,2,1,2,2,2,2,2,0,0,1,1,1,1,0,0,3,5,4,4,3,3,4,5,3,3,3,3,3,3,3,3,3,3,2,2,3,2,3,3,2,2,2,2,3,2,2,2,1,2,3,3,3,3,2,2,3,1,2,2,3,3,3,5,3,2,2,2,2,2,4,5,4,4,5,4,3,3,2,3,4,3,3,3,2,2,2,2,2,3,3,3,2,2,1,1,2,1,2,3,3,3,2,3,4,3,3,2,2,3,1,2,5,4,5,5,4,4,5,5,3,3,3,3,4,4,4,5,4,2,3,3,3,3,3,4,2,1,1,1,1,3,3,4,2,2,2,2,2,3,3,4,4,4,4,4,4,4,4,2,4,3,3,3,3,3,3,2,2,1,1,2,2,2,2,2,4,3,3,2,3,4,4,3,2,3,2,2,1,2,2,2,2,2,2,2,2,2,2,2,2,2,3,3,3,3,3,4,2,2,2,3,2,3,4,3,2,2,2,2,2,2,2,3,2,1,2,3,3,3,4,4,3,3,5,6,6,6,4,3,3,1,2,3,3,3,2,2,2,2,2,1,1,1,2,2,1,1,1,1,1,2,2,2,4,5,4,2,4,4,2,1,2,2,2,2,2,2,2,3,3,3,3,3,3,2,2,2,2,2,2,3,2,2,1,1,2,2,2,1,1,2,2,2,2,3,3,3,2,2,2,3,3,4,4,5,5,6,5,3,3,3,2,3,3,3,2,3,3,3,3,3,2,2,3,4,2,2,1,2,2,1,4,6,5,3,3,1,1,1,2,3,2,1,3,4,4,3,1,0,1,1,1,1,1,1,1,2,1,1,1,3,1,2,4,2,1,2,3,3,2,1,1,1,3,3,3,3,3,3,3,2,2,2,3,3,3,4,4,4,3,1,2,2,2,2,3,3,2,2,2,2,2,2,2,1,2,3,3,3,3,3,2,0,2,3,2,2,2,2,2,2,1,4,4,2,0,3,5,2,1,3,3,3,3,3,2,1,2,2,1,2,1,2,2,3,2,2,3,3,2,4,5,4,2,3,3,3,2,1,1,1,1,1,2,2,1,1,1,1,1,1,1,1,1,1,1,1,1,2,3,3,1,1,2,4,2,3
246,3,3,5,5,3,2,2,3,3,4,2,2,3,3,2,2,3,3,3,3,4,4,3,1,1,1,1,2,2,3,1,1,2,3,3,3,4,3,1,1,4,4,2,3,3,3,5,1,1,1,1,1,1,2,2,3,3,3,3,3,3,3,2,5,2,2,5,5,2,2,3,1,2,3,3,3,3,1,1,1,3,3,2,2,4,2,1,3,4,3,3,2,2,2,4,4,4,3,3,3,2,2,3,4,4,3,3,3,3,3,3,3,0,1,3,5,3,2,1,2,4,4,3,3,3,3,3,3,3,3,3,3,3,3,3,3,3,3,3,4,5,3,2,2,3,2,1,1,2,2,2,3,2,2,2,2,2,2,2,5,5,5,4,4,4,3,3,1,2,4,4,3,3,2,3,3,1,2,1,2,2,2,2,3,3,4,3,3,4,3,3,4,3,3,3,3,3,3,3,3,4,3,3,3,2,2,1,4,3,2,2,2,2,3,3,1,1,1,1,1,1,1,1,3,3,3,4,4,3,4,5,4,3,3,2,2,2,3,3,2,2,2,2,2,2,2,4,1,0,0,2,2,1,1,1,2,1,2,3,3,3,3,2,4,4,4,4,4,4,3,3,2,1,2,3,5,3,3,3,3,3,3,3,3,5,4,3,5,3,2,2,1,1,3,3,3,4,4,4,4,3,3,3,3,3,3,3,3,3,3,3,2,2,2,2,2,2,2,2,2,1,2,2,2,2,2,2,4,3,3,3,3,3,3,3,1,2,2,2,1,2,2,3,4,3,1,1,2,3,3,2,3,4,3,1,0,2,2,3,3,1,1,1,2,3,2,1,3,3,2,2,3,2,2,2,3,3,4,4,4,4,3,3,2,2,3,3,2,2,2,2,2,2,3,3,3,3,2,2,3,2,4,4,2,3,2,2,3,3,3,2,2,2,1,1,2,2,1,1,1,1,1,2,3,3,3,3,3,3,2,1,2,3,3,3,3,3,3,3,2,0,3,5,4,4,2,2,2,2,3,3,3,3,4,4,3,1,3,3,3,3,2,2,3,1,1,2,2,2,3,3,2,2,2,1,3,3,3,3,3,3,3,3,3,4,4,3,1,0,2,3,3,4,2,3,1,2,0,1,3,3,2,2,2,2,3,3,3,3,4,3,3,2,2,2,3,3,3,3,2,1,2,2,2,2,2,4,2,2,2,2,1,1,1,1,2,2,2,2,3,3,3,3,2,3,3,3,2,3,4,4,4,2,4,5,4,3,2,2,3,3,4,4,4,4,3,3,3,2,2,3,4,3,2,1,2,4,5,7,6,4,3,1,2,3,2,2,2,2,2,3,2,3,1,1,1,1,1,2,1,2,5,7,6,7,7,5,4,5,6,3,2,2,2,3,1,0,2,1,1,2,2,2,5,3,1,2,3,3,3,3,3,3,3,3,3,3,3,3,1,3,2,2,1,0,1,3,3,3,3,3,3,3,3,3,3,3,3,3,2,1,2,3,1,2,5,3,1,2,2,4,2,1,1,1,1,1,1,1,2,2,1,2,2,2,3,4,2,2,2,2,2,3,3,2,2,1,1,2,2,2,2,2,1,3,4,3,3,3,2,2,1,1,3,3,4,3,2,3,3,3,2,3,3,3,3,3,3,1,2,2,2,3,3,2,2,3,3,2,2,2,2,1,2,4,4,3,3,3,1,2,3,3,3,3,3,3,3,4,2,1,1,1,1,1,1,1,1,3,3,4,4,2,3,4,2,1,2,3,2,3,4,4,3,3,3,2,2,1,1,1,2,2,2,1,2,2,3,4,2,1,1,1,2,2,2,1,2,2,1,1,1,1,1,1,3,2,2,2,2,1,1,1,1,1,1,1,2,2,3,3,2,2,2,1,2,2,2,2,3,2,1,2,2,3,3,2,3,3,3,2,2,2,1,2,2,2,2,5,5,3,3,4,1,4,5,4,3,3,3,4,5,3,2,2,2,1,1,2,3,3,3,3,3,3,3,3,3,2,2,3,3,2,3,3,1,1,1,1,1,1,1,1,1,1,1,1,1,1,1,1,3,3,3,3,2,2,1,0,2,4,2,1,1,1,1,2,3,2,3,3,2,2,3,3,3,2,3,3,2,2,2,2,1,1,1,1,1,1,1,1,2,2,3,3,3,4,3,3,3,2,3,3,3,3,2,2,1,1,1,2,2,3,2,3,4,2,2,3,3,2,1,2,2,2,2,2,2,3,2,2,2,2,0,0,0,0,1,2,3,1,1,2,2,2,2,4,3,1,1,1,3,3,2,3,3,2,2,2,2,2,2,2,3,2
247,3,1,2,2,1,1,1,2,5,5,5,2,1,3,3,3,3,3,1,3,3,3,3,2,4,3,1,2,3,2,3,2,2,2,2,2,2,2,2,1,4,5,4,4,4,4,4,3,3,3,3,3,3,2,2,2,2,5,7,5,5,3,3,4,4,4,4,4,4,4,4,4,4,3,3,2,2,4,4,7,5,4,3,2,3,5,3,1,2,3,2,3,5,2,1,1,2,4,3,3,3,4,4,4,4,3,2,2,3,3,2,3,5,4,4,4,4,4,4,3,2,4,4,3,3,3,2,3,3,2,2,2,2,3,3,3,3,3,4,3,3,3,2,2,1,1,1,1,2,4,3,1,2,2,1,1,3,6,5,4,3,3,3,3,3,3,3,3,2,2,2,2,2,2,1,4,3,3,3,2,1,2,3,2,2,3,3,2,1,3,3,4,4,2,1,2,2,4,5,3,2,3,3,3,4,4,3,2,3,3,2,1,2,4,5,4,2,1,1,3,4,4,4,4,4,3,3,3,2,3,3,3,3,3,3,3,2,2,3,0,0,2,3,1,1,1,2,1,1,3,5,2,0,2,3,2,3,2,3,3,2,3,2,1,1,2,3,3,2,1,1,4,4,4,4,4,4,4,4,3,3,5,5,5,5,4,3,2,2,2,2,2,2,2,2,1,1,1,1,1,2,2,2,2,2,2,2,2,2,3,3,3,3,3,3,3,3,3,3,2,3,2,1,1,1,1,1,3,2,2,2,2,2,2,2,2,1,1,0,1,4,3,1,1,1,1,1,0,0,1,1,2,3,2,2,2,1,1,0,2,5,4,2,3,2,3,6,3,3,3,3,3,3,3,4,3,2,3,3,1,2,2,1,1,1,1,1,0,1,2,2,3,3,5,5,5,4,4,3,3,3,3,3,4,4,4,5,3,2,2,2,2,4,4,4,4,4,3,4,3,3,3,2,1,1,1,2,1,1,2,2,2,3,3,4,3,3,5,5,2,1,3,3,2,2,2,2,3,4,4,4,4,4,4,4,4,3,3,4,4,3,3,4,1,1,2,2,2,2,3,2,2,1,2,3,2,2,2,7,7,6,4,4,3,2,1,1,2,3,3,3,4,3,4,3,2,3,3,2,2,2,3,3,3,4,4,3,3,3,3,2,2,2,2,2,2,2,2,2,2,2,2,2,3,3,3,3,2,1,2,2,2,2,2,2,2,3,3,4,3,4,4,5,4,3,4,4,4,3,2,3,2,2,4,4,4,3,3,3,2,1,2,2,3,3,3,4,2,3,4,3,3,3,2,3,4,5,3,3,1,1,1,1,3,2,2,2,1,1,1,1,2,3,4,2,2,2,2,4,4,3,3,2,2,4,4,4,2,2,3,3,4,3,4,3,2,3,1,2,2,2,2,1,2,2,1,1,1,1,1,2,2,2,2,2,2,2,2,2,1,1,2,2,2,3,3,3,3,3,3,3,3,3,1,1,2,2,2,2,3,4,4,2,3,3,2,2,2,2,3,3,3,2,2,1,2,3,3,2,2,3,2,1,2,2,2,1,2,2,2,3,2,1,2,4,2,1,2,2,3,3,3,4,5,4,4,3,3,3,2,3,3,3,3,3,3,3,3,3,1,2,3,3,3,4,4,2,2,3,4,3,3,2,1,2,0,1,1,1,1,2,2,2,2,2,2,2,2,2,2,1,2,2,2,2,2,3,3,3,3,3,3,3,3,3,3,3,1,1,1,1,2,1,1,2,2,2,2,2,2,1,1,1,1,1,1,2,3,4,5,3,2,2,2,2,3,3,3,2,2,2,2,3,3,3,1,1,2,2,2,2,2,2,2,2,3,2,3,3,4,4,5,5,4,3,2,2,4,4,4,2,3,2,2,3,3,3,4,4,4,4,4,3,3,3,4,2,2,3,4,3,3,3,2,2,2,1,1,2,3,3,3,3,3,3,4,4,3,1,2,3,3,1,1,3,3,3,2,2,3,2,2,2,2,2,2,2,3,3,3,4,4,2,3,3,1,1,1,2,2,1,1,1,1,2,2,2,2,2,1,1,1,1,2,2,2,3,3,3,3,3,3,3,3,3,3,3,3,2,3,4,3,5,3,0,2,3,3,3,3,3,3,3,2,2,1,1,3,3,2,2,3,2,2,2,3,5,4,3,3,3,3,3,3,3,3,3,2,2,2,2,3,3,3,3,2,1,2,3,3,4,3,1,1,1,1,1,2,3,4,5,1,2,3,3,2,3,3,4,3,3,3,2,3,3,3,4,1,1,1,2,4,4,3,3,2,2,4,4,3,3,5,4,1,1
248,4,2,3,4,5,4,1,1,3,3,3,2,1,4,4,2,1,1,1,1,1,1,2,2,2,3,3,1,1,3,3,3,4,2,3,4,5,4,4,4,5,4,4,4,3,3,3,5,4,3,4,5,5,5,4,4,4,3,3,3,2,1,2,2,2,2,2,2,2,3,3,3,4,5,5,4,2,1,2,2,3,2,2,2,2,3,2,3,3,2,1,1,1,1,2,2,1,2,2,1,1,2,1,2,3,3,3,2,2,1,1,2,2,2,2,2,2,2,2,4,3,1,3,4,3,3,3,4,5,5,4,4,3,2,3,3,2,2,4,4,3,3,2,4,4,4,4,4,4,4,3,4,4,3,3,2,2,3,4,4,4,2,1,2,3,3,2,0,1,2,3,3,2,2,4,4,5,4,5,5,4,3,2,2,2,2,3,2,2,2,3,1,3,3,1,1,1,2,4,4,3,4,4,3,2,2,1,3,3,3,3,4,4,4,3,3,3,2,2,2,2,2,2,2,2,2,2,3,3,3,3,4,4,4,4,4,4,4,3,2,2,3,3,3,2,2,1,2,2,3,3,4,3,3,3,4,3,2,2,2,1,1,2,4,4,3,3,2,2,3,5,2,2,4,4,3,3,2,3,2,2,4,4,2,3,3,3,3,3,3,3,3,3,3,3,2,2,2,1,2,2,2,1,3,2,2,2,2,2,2,1,3,4,4,2,4,5,4,2,1,2,2,2,2,2,2,3,3,2,2,2,2,2,3,2,1,1,1,1,1,1,2,2,2,1,1,1,1,1,2,1,1,2,3,3,3,2,1,1,1,2,4,2,1,2,5,4,2,2,3,4,4,4,3,2,3,3,3,4,5,5,5,4,2,2,3,3,3,2,2,3,3,2,2,3,2,1,2,2,2,3,2,2,2,2,2,3,4,4,3,3,3,2,2,3,3,3,3,3,3,2,2,1,1,2,2,2,3,2,1,1,1,1,2,2,2,2,1,2,4,4,3,3,3,2,2,3,2,2,2,2,2,2,2,3,2,2,2,2,2,2,2,2,2,2,2,3,3,4,4,4,3,3,3,3,3,3,3,3,5,4,3,3,1,2,3,3,3,3,3,3,3,3,3,3,3,3,2,2,3,3,3,3,2,2,1,1,1,1,1,1,4,4,4,3,1,2,4,4,3,3,3,3,3,3,3,3,3,5,6,5,3,2,1,2,3,3,3,4,4,4,5,4,4,3,2,2,3,2,3,4,5,4,2,3,3,3,2,2,2,2,2,3,3,3,3,3,3,2,2,3,3,3,4,3,1,3,3,3,3,2,3,3,1,1,1,1,2,2,2,3,1,1,2,2,2,3,3,3,1,1,2,3,5,5,3,2,2,2,3,3,3,2,1,1,2,2,2,2,3,3,3,3,4,5,4,4,3,1,2,2,3,3,2,3,3,3,3,3,3,3,3,3,4,4,4,4,4,4,4,3,3,3,3,3,2,1,1,1,3,3,1,1,1,1,2,2,2,3,3,3,2,2,2,2,1,2,2,2,4,4,4,3,3,2,2,2,2,2,2,2,2,2,2,2,3,3,3,3,4,3,4,3,2,1,2,3,3,3,3,4,4,2,2,3,3,1,2,2,3,3,3,3,3,3,3,3,1,1,1,1,1,1,1,3,3,2,2,2,3,3,3,3,3,3,3,3,2,2,2,3,3,2,3,3,2,2,1,1,1,1,1,1,2,2,2,1,3,3,4,4,3,3,4,2,2,3,3,2,3,3,2,3,4,3,1,1,1,2,2,2,2,2,1,1,1,1,1,1,2,2,2,2,2,2,2,2,3,4,2,1,1,2,3,4,2,2,2,3,3,3,3,2,3,3,4,4,3,3,3,3,2,3,3,3,3,2,2,2,2,2,3,2,3,3,3,3,3,2,2,2,2,1,2,2,1,1,1,1,2,2,1,1,3,2,1,1,1,1,3,3,3,3,4,3,4,4,4,5,3,3,3,3,2,3,4,4,2,2,2,1,1,1,0,1,2,3,2,2,2,3,2,3,2,1,2,2,3,3,4,5,3,3,3,3,3,3,3,3,1,2,3,3,3,2,1,2,1,1,1,1,1,1,1,1,3,3,2,2,2,2,2,2,2,2,2,2,2,2,3,2,3,3,2,2,2,4,4,2,1,3,4,4,4,3,1,2,3,4,4,3,3,4,2,3,3,3,3,3,4,2,2,2,2,2,3,2,1,2,4,4,3,3,3,3,3,3,3,3,1,3,3,3,2,2,2,1,3,3,2,1,2,2,3,3,3,3,1,2,2,2,2,2,3,3
249,2,2,3,3,3,2,3,4,5,4,4,4,3,3,3,4,4,2,1,1,1,1,2,5,4,3,3,3,3,3,3,3,4,4,4,3,4,3,3,3,4,4,4,3,2,3,4,3,3,3,3,3,3,3,2,1,1,4,3,0,1,3,1,2,4,3,3,3,3,3,3,1,1,1,2,3,2,1,1,4,4,2,2,2,1,2,2,4,6,5,4,3,2,1,1,2,2,4,6,4,2,2,3,2,2,3,2,1,0,1,2,2,2,2,2,2,3,3,3,3,3,3,3,3,3,3,3,3,3,3,3,3,3,3,3,2,2,3,2,2,3,5,5,2,2,2,2,2,2,2,2,1,1,2,2,1,2,3,1,4,4,4,4,4,4,3,4,3,3,3,3,3,3,4,4,2,1,1,1,1,2,2,2,2,2,2,2,2,2,3,2,1,2,4,4,4,2,1,1,2,2,3,4,4,3,2,3,1,1,1,2,2,1,1,3,4,3,3,3,2,2,2,2,4,2,1,2,3,3,2,3,3,2,2,2,2,2,3,2,3,3,3,3,3,4,4,4,2,2,3,3,3,3,3,4,3,3,3,3,3,3,2,2,4,2,1,1,1,1,2,3,1,1,1,2,3,3,2,1,2,2,2,3,3,2,2,1,4,3,3,3,3,3,3,3,3,2,2,2,2,2,1,2,1,1,2,1,2,3,4,4,3,3,3,1,2,4,3,2,3,3,3,3,3,3,3,3,3,3,3,2,2,2,2,2,2,2,3,3,4,3,2,1,1,2,2,2,2,2,2,3,2,3,2,2,2,1,1,4,2,0,2,2,1,2,2,2,2,1,1,2,2,3,3,3,3,2,2,3,3,3,3,3,4,4,3,4,4,4,4,4,1,1,0,0,3,4,3,1,2,3,3,3,3,3,3,3,3,2,2,3,4,4,5,3,2,0,2,3,2,3,2,2,3,3,3,3,3,3,3,3,3,3,3,3,3,2,3,2,0,1,3,3,3,3,3,3,2,2,3,3,3,3,1,1,3,3,4,2,1,1,2,1,2,2,2,1,2,2,2,2,2,2,2,2,2,2,2,2,4,4,1,2,3,3,3,3,2,3,4,3,3,3,2,2,5,3,2,3,4,4,5,3,2,3,3,3,3,3,3,3,3,2,1,2,2,2,1,2,1,1,2,1,2,3,4,4,2,2,2,3,3,2,2,1,3,4,3,3,3,2,1,0,3,3,2,2,2,2,2,2,4,4,4,4,3,2,3,2,2,1,1,2,2,4,5,3,3,3,3,3,5,4,2,3,3,3,4,3,3,3,2,2,2,3,2,3,3,2,3,2,1,1,2,2,2,2,2,2,2,3,3,4,4,3,3,3,1,1,3,3,3,3,3,2,1,1,1,1,1,1,1,1,3,2,2,2,2,2,2,2,1,2,2,1,2,3,3,1,3,2,1,2,2,1,2,1,1,3,3,2,2,2,3,3,4,2,2,3,3,3,2,1,3,4,3,4,3,4,5,4,2,2,2,2,2,2,2,2,0,0,1,1,2,2,2,3,3,3,1,2,3,3,3,3,2,2,3,3,3,3,3,3,3,4,3,2,1,2,2,3,2,2,2,2,3,3,3,3,1,1,1,1,2,3,3,3,1,1,2,2,3,3,2,2,2,2,2,2,2,3,3,3,2,2,3,4,3,2,2,3,2,1,1,2,2,3,3,2,3,3,3,4,5,5,4,3,3,3,4,4,3,4,4,3,3,3,3,3,3,2,4,5,2,1,2,2,2,2,1,1,1,1,2,2,2,2,1,1,2,2,2,2,2,2,2,2,3,3,3,3,3,3,3,3,2,3,3,4,4,3,3,3,2,4,4,4,3,3,3,3,3,1,2,2,2,3,3,3,2,2,2,2,2,2,2,3,2,2,3,3,3,3,3,2,0,1,3,4,3,3,2,2,3,3,3,3,3,4,4,4,4,3,1,2,2,2,3,3,3,2,1,2,2,1,1,1,2,2,1,2,3,2,1,3,3,2,3,3,2,2,3,3,3,3,3,3,2,2,3,3,3,3,2,2,2,3,3,2,2,3,4,3,3,2,1,1,4,3,3,3,3,3,3,2,3,3,2,2,2,2,2,0,2,3,4,4,3,2,2,2,2,2,2,2,2,2,1,2,1,1,1,1,1,2,4,4,4,4,2,3,3,4,5,2,2,1,1,2,2,2,2,2,3,4,4,4,2,2,2,2,2,2,2,2,2,2,2,2,4,4,4,4,4,4,4,4,2,2,2,2,2,2,3,3,3,3,2,2,3,3,3,1,2,2
250,3,3,1,0,2,2,2,4,3,4,4,3,2,2,4,3,4,3,2,3,3,4,4,3,2,2,2,2,1,2,2,1,2,3,4,4,3,2,2,2,3,6,6,6,4,5,4,3,3,2,2,2,2,2,2,2,2,3,3,3,3,3,3,3,3,3,3,3,3,3,3,3,2,3,4,4,4,2,2,4,4,4,4,3,3,3,3,2,2,3,3,1,1,2,2,4,2,2,3,3,3,3,3,3,3,4,3,3,3,3,3,3,3,1,2,2,2,2,2,3,3,2,2,2,2,3,3,4,4,4,4,4,4,3,3,3,2,2,2,2,2,2,2,3,3,1,3,4,4,4,3,3,3,3,4,4,3,4,3,2,2,3,3,4,3,3,2,3,3,1,1,1,2,2,3,2,3,2,3,3,3,2,3,2,1,2,2,2,2,1,1,1,4,4,3,2,1,1,4,4,3,2,1,2,2,2,2,3,3,2,2,1,1,2,1,1,1,1,1,1,1,1,1,1,1,1,1,1,1,1,2,1,2,3,1,1,1,1,2,4,2,3,4,2,1,1,1,2,2,1,3,3,1,2,2,2,3,2,3,3,2,3,3,1,3,5,6,5,5,3,2,2,4,2,1,3,3,2,3,3,2,2,2,2,2,2,4,5,4,2,2,3,3,4,3,2,3,3,2,3,3,3,3,4,3,3,3,3,3,3,4,2,1,3,3,3,2,1,1,0,2,2,2,2,2,2,4,3,2,3,3,2,2,2,2,1,2,2,2,2,2,2,2,2,2,2,2,3,3,3,3,4,3,4,3,2,3,3,3,3,3,3,4,5,5,5,4,3,3,3,3,3,3,3,3,3,3,3,3,3,3,3,3,2,2,2,2,2,2,3,3,2,2,2,2,3,3,3,2,2,2,2,2,2,2,2,3,4,4,3,3,3,3,2,3,3,3,4,4,4,4,6,4,2,2,1,2,2,2,2,2,2,1,3,3,4,3,3,3,5,4,4,5,5,4,4,3,3,2,1,2,2,2,3,2,3,4,4,4,4,4,2,3,1,2,3,3,4,4,4,4,4,4,2,2,2,2,1,1,5,3,2,2,3,4,4,3,3,2,2,3,3,4,5,3,2,3,4,3,3,3,3,3,1,0,2,3,3,3,1,2,1,2,1,1,1,1,1,2,2,1,1,2,2,2,2,3,2,2,2,2,2,2,2,2,3,2,2,2,2,2,2,2,4,5,4,2,2,2,3,5,5,2,2,3,2,2,2,2,4,3,3,3,2,2,2,3,3,2,2,1,2,4,5,5,5,5,3,3,4,3,2,3,3,3,3,4,5,4,2,2,2,2,3,3,3,2,3,2,0,0,1,3,4,4,3,3,3,2,3,3,2,3,3,1,0,1,1,1,1,2,3,3,2,3,2,2,2,2,2,2,3,3,2,2,3,3,4,4,2,3,4,3,2,2,3,4,5,3,1,2,3,3,3,3,2,3,4,3,4,3,0,1,1,2,2,2,3,4,4,6,2,1,0,1,2,1,2,2,2,2,3,3,3,3,3,3,2,4,4,2,3,3,2,2,1,2,3,3,2,3,3,1,1,1,1,1,1,1,2,2,2,3,3,3,3,3,3,3,2,2,2,2,2,2,2,2,2,2,2,2,2,2,2,2,2,1,0,1,2,2,1,0,2,4,3,2,2,2,2,2,2,1,1,1,1,1,1,2,3,3,3,3,3,3,3,3,3,2,4,5,3,2,4,3,2,2,2,2,2,2,2,2,3,2,3,3,2,2,3,3,3,3,2,2,2,2,2,2,2,2,2,2,2,2,2,1,1,1,1,1,1,1,3,2,1,1,3,3,3,3,2,1,1,2,2,2,2,2,2,2,2,3,2,4,4,4,4,2,2,3,3,3,3,2,2,2,0,2,3,3,3,2,2,2,2,3,5,4,2,3,3,4,4,4,4,4,4,4,4,5,5,3,3,2,2,1,1,1,2,1,2,2,2,2,2,2,1,2,2,2,2,2,2,2,2,0,0,1,4,3,1,2,2,3,3,3,4,4,5,5,3,2,1,0,1,2,3,3,2,3,3,3,3,3,2,2,2,2,3,3,3,3,2,2,1,1,1,1,2,2,2,1,1,2,2,2,2,2,2,1,1,1,2,2,3,3,3,3,4,2,1,1,1,2,4,3,1,1,1,1,1,1,1,1,1,1,1,1,1,1,1,1,2,3,2,2,1,2,2,3,3,2,3,3,3,3,3,4,6,4,1,2,4,4,2,2,2,2,2,2,2,2,2,2,1,2,3,3,2,1,1,1,4,3
251,4,4,3,2,2,3,3,2,1,1,2,3,4,4,3,4,2,2,2,4,5,3,2,2,2,2,3,3,3,3,3,1,2,3,3,2,2,4,1,1,5,4,3,3,3,5,4,3,3,3,3,3,2,2,2,4,4,3,3,2,2,2,3,2,2,2,2,2,2,2,2,1,1,2,2,1,2,3,2,2,3,3,2,2,3,3,4,2,1,2,2,2,2,2,2,4,3,2,1,1,1,2,2,2,2,3,3,3,3,3,2,4,4,4,4,2,2,2,1,1,1,1,1,2,2,1,1,3,3,2,2,2,3,4,4,4,4,2,1,2,1,1,1,2,2,3,3,3,3,4,4,1,2,3,3,3,2,2,3,3,2,2,2,2,2,2,2,3,2,2,4,4,2,2,3,2,1,3,3,4,5,3,2,2,2,2,2,2,2,2,2,2,2,2,2,1,2,2,2,3,3,3,3,3,3,3,3,3,4,3,1,1,3,4,4,4,2,2,2,3,3,3,4,1,1,2,2,3,3,3,1,2,2,2,2,1,1,1,1,3,3,3,3,3,3,3,4,3,2,2,3,3,4,4,4,0,2,2,2,2,2,2,2,2,4,4,4,4,5,5,4,4,5,5,4,4,3,3,3,3,3,3,3,3,3,3,3,1,2,2,1,1,2,2,1,3,4,3,3,3,3,2,2,2,2,1,1,2,2,1,1,3,3,2,3,4,4,5,4,3,3,3,2,2,2,2,2,2,0,1,1,2,2,2,3,3,2,2,2,2,2,2,2,2,3,3,3,3,2,2,3,3,1,1,2,2,2,1,2,2,1,1,3,3,2,2,3,4,4,3,3,3,3,3,3,2,1,1,1,1,1,1,1,2,2,2,2,2,3,5,4,1,0,1,2,3,4,3,3,4,5,4,5,4,4,3,3,3,3,5,4,4,4,3,4,3,2,2,1,1,2,2,1,2,3,3,3,3,3,3,3,2,2,4,4,3,1,2,3,3,3,3,1,1,2,2,2,3,2,1,2,3,3,4,3,2,2,2,3,3,3,3,2,2,1,0,2,3,3,3,2,1,3,3,2,2,3,3,3,3,2,3,3,3,3,4,4,3,2,3,3,3,3,3,2,1,2,3,4,4,2,2,2,2,2,3,5,6,5,5,5,3,2,2,2,2,2,1,1,2,3,2,2,3,4,4,4,2,2,2,2,3,4,3,2,1,1,1,1,1,2,2,2,3,3,4,4,4,3,3,3,4,4,3,3,3,2,2,0,3,4,4,4,4,4,4,4,3,2,3,3,4,4,3,3,2,3,3,3,3,2,2,3,3,3,3,3,1,3,3,4,2,2,2,2,3,3,3,3,3,2,2,2,2,2,2,2,5,3,3,3,2,3,3,3,2,2,2,2,2,2,2,2,1,1,1,2,3,2,4,5,3,4,4,4,3,4,4,2,2,2,2,2,2,2,2,2,4,4,3,3,3,3,3,3,1,1,1,1,1,1,1,2,3,3,3,3,3,3,3,4,4,3,3,3,1,1,2,2,2,2,2,2,2,2,2,2,1,1,1,1,1,1,2,4,3,2,2,2,2,2,2,1,3,3,3,3,4,3,3,3,3,2,1,3,3,1,1,1,2,1,1,2,2,4,4,3,2,2,2,1,1,1,2,2,2,2,3,3,3,2,1,1,3,3,2,2,2,2,3,3,3,3,2,2,1,2,3,2,1,2,2,1,2,3,2,2,4,2,2,3,3,4,2,2,3,2,1,2,2,2,2,2,2,2,2,3,2,3,2,2,1,1,1,2,2,1,1,1,1,1,1,1,1,1,1,1,2,3,3,1,1,0,1,1,1,2,2,2,2,1,1,1,2,4,4,3,3,3,4,2,3,3,3,2,3,3,3,4,3,3,3,5,4,3,2,2,3,5,5,4,3,3,2,1,1,2,2,2,2,2,2,2,4,4,3,3,3,3,4,4,3,3,3,2,2,2,2,3,4,4,3,3,3,3,3,3,3,3,3,4,4,3,2,2,3,3,1,1,2,2,3,3,1,2,4,4,4,2,2,3,6,5,4,3,4,4,3,3,1,1,2,2,2,3,2,2,2,3,2,1,1,1,3,2,2,2,2,2,2,2,2,2,3,3,2,2,2,2,3,3,2,2,3,3,3,3,3,2,2,3,3,3,3,3,1,2,4,4,4,4,2,2,2,2,1,1,2,2,2,2,2,4,2,1,1,1,1,1,2,2,4,4,3,3,3,3,3,3,3,2,2,4,3,3,1,1,2,1,1,2,2,3,3,2,1,1,1,1,1,1,2,2,3,2
252,2,2,2,2,2,2,2,2,2,3,3,3,4,4,4,4,3,4,3,3,4,3,4,6,4,2,1,2,3,2,2,5,4,3,2,1,2,2,3,3,4,5,4,3,3,3,4,2,2,2,2,2,2,2,2,2,2,2,2,2,2,2,2,2,2,1,1,1,1,1,2,3,4,4,4,4,4,4,5,3,3,4,4,4,4,4,3,1,1,1,1,1,1,1,1,1,1,1,1,2,2,3,2,2,2,3,3,3,3,3,4,3,3,3,3,3,3,3,2,3,4,4,4,4,4,4,4,4,3,3,3,3,4,4,4,4,3,3,3,3,3,3,3,3,3,3,3,3,3,3,3,3,3,3,3,3,3,4,4,3,3,3,3,3,3,3,4,5,3,3,3,2,3,2,2,4,5,2,1,3,4,4,2,2,3,3,3,3,3,3,3,3,1,1,3,4,4,4,3,4,4,4,2,2,2,2,2,3,4,3,2,2,3,4,5,4,3,2,2,3,4,3,2,3,3,3,3,4,4,4,4,3,3,3,3,3,3,3,2,3,4,4,4,4,4,3,5,4,3,2,1,1,1,1,1,3,3,3,3,3,3,3,3,3,3,3,2,3,3,2,2,2,3,3,3,1,1,1,2,1,1,2,2,2,2,1,0,2,4,4,3,4,4,4,3,3,2,2,2,3,5,5,5,3,3,4,3,2,2,2,2,2,2,2,3,3,3,3,3,3,3,3,4,4,3,3,2,2,3,2,3,2,2,2,2,5,5,5,3,3,2,1,1,1,2,2,2,1,2,2,1,3,3,3,3,2,2,2,5,5,3,3,5,6,6,4,2,1,1,1,1,1,1,1,1,3,2,2,1,2,2,2,2,2,2,1,1,1,1,1,1,1,1,2,2,1,1,2,3,3,3,3,2,2,2,2,1,3,3,3,4,5,5,3,4,4,4,4,4,4,4,4,5,4,3,3,3,3,3,3,3,3,2,1,1,1,1,1,1,2,2,2,3,4,3,2,1,4,3,4,3,2,1,1,1,2,2,2,2,1,1,2,4,4,3,3,3,3,3,4,4,3,3,2,2,2,2,2,2,1,1,1,1,1,1,1,2,3,3,2,3,4,3,3,3,3,2,1,2,3,2,2,2,4,4,4,4,4,4,3,3,1,1,1,1,1,1,1,2,3,3,4,4,3,3,3,2,2,3,4,3,3,2,1,2,2,0,2,3,4,3,3,2,2,2,2,2,2,3,2,3,3,2,3,2,4,3,2,3,5,4,3,3,3,4,4,6,4,3,3,3,3,3,3,3,3,3,2,2,2,1,1,1,4,5,4,4,3,3,2,2,2,2,2,2,2,2,2,2,4,4,3,2,2,1,1,1,1,2,2,2,1,1,1,1,3,3,1,1,1,1,1,1,1,1,2,2,2,2,2,2,1,2,2,2,2,2,1,1,1,1,2,3,2,2,1,1,3,3,3,1,1,1,2,2,3,3,2,2,2,3,3,2,1,2,1,2,3,4,5,5,2,1,2,2,1,1,2,2,3,3,3,2,3,3,4,3,1,1,2,2,2,2,2,2,3,3,3,3,3,3,3,2,2,3,3,1,1,2,3,3,1,1,1,1,1,1,1,1,2,4,3,3,4,3,3,2,2,3,2,2,2,3,3,3,4,3,2,2,3,2,1,0,4,2,2,2,3,3,3,3,3,3,3,3,3,3,3,3,2,3,2,3,3,5,3,1,2,3,2,1,2,3,5,4,3,3,3,3,2,2,2,2,1,1,1,1,2,2,2,2,4,3,3,3,3,3,3,3,2,2,2,2,3,3,3,3,2,0,0,2,4,4,3,3,2,2,2,3,3,3,3,2,1,3,5,4,2,2,4,4,2,2,2,2,2,2,2,2,2,1,1,1,1,1,1,1,4,4,4,4,4,4,4,4,2,2,2,2,2,2,2,2,2,2,2,2,2,2,2,2,3,4,3,2,1,1,1,1,3,3,2,1,1,3,3,3,2,2,3,3,3,3,3,3,3,3,3,2,2,2,2,2,3,3,3,3,3,3,3,3,1,1,1,1,1,1,1,1,1,1,2,2,2,1,1,1,3,3,3,4,4,3,3,3,3,2,2,3,4,4,3,3,2,2,2,1,3,2,2,3,2,0,1,2,2,3,3,2,3,2,2,3,4,3,4,5,2,1,1,0,1,4,3,2,2,1,2,3,2,3,2,1,3,3,2,2,2,2,2,1,2,2,3,4,3,4,3,2,2,1,2,3,3,4,4,4,4,3,3,3,3,3,3,3,2,2,2,2,1,2,2,2,3,3
253,3,4,3,4,5,4,3,3,2,1,1,1,1,2,2,4,4,1,1,1,2,3,4,4,4,4,4,4,4,5,4,2,1,1,1,1,2,2,3,5,5,5,5,5,5,5,5,2,1,1,2,3,3,3,2,0,1,2,2,2,2,1,1,2,1,1,1,2,2,1,1,2,2,3,3,3,4,4,4,5,4,4,4,4,4,4,4,2,0,2,2,3,3,2,3,1,2,4,5,5,4,2,1,6,6,5,5,4,3,3,3,3,3,2,4,3,3,5,3,2,4,4,2,3,3,4,4,3,3,3,3,2,2,2,2,3,3,3,4,5,4,4,3,3,3,3,2,2,2,3,3,3,3,3,3,4,4,3,4,3,2,3,3,3,5,5,5,3,3,3,2,2,2,1,2,2,3,3,3,2,2,2,2,2,2,2,3,2,3,2,2,3,3,3,3,4,4,4,4,4,3,3,3,3,3,3,3,3,3,3,4,4,4,4,4,4,3,2,2,3,3,2,2,3,2,3,3,2,3,2,2,1,1,2,3,3,3,3,1,2,3,4,4,4,4,3,3,1,1,1,3,6,6,5,3,2,3,4,4,4,4,3,2,2,2,2,2,2,2,2,2,1,1,1,1,1,2,1,1,3,3,3,6,5,3,4,3,3,3,3,3,3,3,3,3,3,3,3,3,3,3,3,3,2,2,3,3,3,3,1,1,2,3,3,2,2,3,3,2,3,2,2,2,4,3,3,3,4,3,2,3,2,3,2,3,3,3,3,3,3,3,3,3,4,5,4,4,2,2,1,0,1,1,2,2,3,3,2,1,1,0,1,1,2,2,2,2,1,3,4,4,2,2,3,3,2,3,3,2,3,3,3,1,0,2,2,1,1,2,2,4,3,4,5,3,3,3,1,1,3,4,4,4,5,5,6,5,2,1,2,4,5,6,3,3,3,3,4,4,3,3,4,5,4,3,3,3,3,3,3,3,2,2,4,3,3,4,2,2,3,3,3,4,4,4,4,6,3,3,3,3,3,4,5,3,2,2,3,3,4,4,4,4,1,1,1,1,2,3,2,3,3,2,2,2,2,2,1,3,3,3,3,3,4,3,3,2,1,0,1,1,2,2,1,2,4,4,4,4,3,3,3,2,2,3,3,3,3,4,5,5,3,1,2,3,3,3,2,2,3,3,3,3,3,3,2,1,1,2,2,1,2,2,2,2,2,2,2,2,2,2,1,1,3,5,5,5,3,3,5,4,2,2,3,4,5,5,7,5,4,4,4,3,3,3,3,4,6,4,4,3,3,2,2,1,2,2,2,2,2,2,2,3,5,4,2,4,4,4,4,3,2,2,3,4,3,4,4,2,1,3,4,3,3,4,3,3,4,2,2,2,2,1,2,1,1,3,5,5,2,0,1,2,2,2,3,3,3,3,3,4,5,4,4,4,4,4,5,4,1,2,2,2,2,2,2,1,4,3,3,4,3,3,4,3,1,1,2,2,2,1,1,1,3,2,2,2,3,3,3,4,3,4,4,4,3,1,2,4,4,3,2,2,4,4,3,1,3,2,2,2,2,2,2,3,3,3,2,2,1,2,2,4,5,3,2,2,2,2,2,2,2,2,1,2,2,2,2,3,3,3,3,3,3,3,3,3,3,3,2,3,3,3,3,3,2,2,2,2,2,2,2,2,2,2,2,2,2,2,2,2,3,3,4,4,4,3,3,3,2,2,2,2,2,2,2,2,4,4,3,4,3,3,4,2,2,4,4,4,3,1,1,2,1,2,2,2,4,4,4,1,0,1,3,5,4,1,0,1,1,1,1,1,2,2,2,2,2,2,2,2,2,2,2,2,3,3,2,4,4,5,5,4,3,3,1,1,2,4,4,3,1,1,1,1,1,1,1,1,3,4,4,5,5,4,2,0,1,2,2,2,2,2,2,2,1,1,2,3,3,3,3,3,2,3,4,4,2,3,3,3,2,2,2,1,1,3,3,3,1,1,1,1,1,1,1,1,2,3,2,1,1,2,2,1,1,0,0,0,0,0,0,2,3,4,4,4,4,3,3,3,2,1,1,2,2,2,2,3,4,3,3,3,3,3,2,1,3,2,2,2,1,0,1,3,3,3,4,5,4,3,2,2,2,2,2,2,2,2,2,3,3,3,3,3,3,3,3,3,2,2,2,2,2,2,2,2,3,3,3,3,3,3,4,4,3,3,2,2,2,2,3,3,2,2,4,4,4,3,2,3,3,3,3,2,3,3,3,3,2,4,4,6,6,4,3,3,3,3,1,2,2,2,3,2,3,3,2,2,2,2,2,2,3,3
254,1,2,2,3,3,1,2,2,2,3,2,1,1,0,2,4,3,3,3,3,3,3,3,3,3,4,4,4,4,4,3,1,1,1,2,2,1,3,3,2,3,3,3,3,2,3,4,2,2,2,1,1,1,2,2,2,2,2,3,4,4,4,5,3,4,4,4,3,3,4,4,4,5,5,4,4,4,3,2,3,3,3,2,2,3,4,3,3,2,4,4,2,2,1,2,3,3,3,3,3,3,4,3,2,2,4,4,3,3,5,5,3,2,1,0,2,1,3,3,4,4,3,2,2,2,3,4,4,2,2,3,4,5,4,3,2,3,3,3,3,4,4,4,4,4,3,3,3,2,4,3,1,2,2,2,2,3,5,2,4,2,2,2,3,3,3,3,4,4,4,4,3,3,3,3,3,2,3,4,4,4,3,2,2,3,2,3,2,4,4,3,1,0,2,2,3,3,2,0,1,3,2,2,3,3,3,2,3,3,2,2,2,2,2,3,4,5,3,3,3,2,2,2,2,2,2,2,2,2,2,2,4,4,4,4,4,4,4,4,1,1,2,3,4,4,5,3,1,3,4,3,3,3,2,3,2,1,1,1,1,1,1,1,1,1,3,3,3,3,1,0,2,3,4,4,4,2,3,4,3,2,3,4,3,3,2,1,3,5,4,3,3,3,2,3,2,1,3,4,4,4,3,2,3,4,4,4,3,3,2,3,3,3,3,3,4,4,4,4,2,2,1,1,1,1,1,1,1,2,1,1,2,1,2,1,1,1,1,2,2,3,3,4,3,3,3,3,2,2,2,2,4,2,2,2,3,3,2,2,3,1,2,3,2,2,2,3,1,1,1,1,1,1,1,2,2,2,2,2,2,2,2,3,1,1,3,3,3,3,2,2,2,2,2,2,2,2,2,2,4,4,4,4,4,4,4,5,3,3,3,3,3,3,3,3,1,2,4,4,3,2,2,2,3,2,3,3,2,2,3,2,2,4,3,2,3,3,5,3,2,2,2,1,3,4,4,3,1,2,1,2,3,3,3,3,2,2,2,2,2,2,2,2,3,3,3,3,3,3,3,3,3,3,3,3,3,3,3,3,4,4,3,1,1,1,1,2,2,2,2,1,1,1,1,1,2,3,4,3,3,3,2,2,1,1,2,2,2,2,2,3,3,3,4,3,2,2,2,2,2,2,3,4,5,3,1,1,1,1,1,4,3,2,1,3,4,4,2,2,2,2,4,4,2,0,0,1,1,1,2,1,5,4,3,3,3,2,3,0,3,4,4,4,4,3,4,3,3,3,2,2,2,2,4,5,4,5,5,5,4,4,4,3,3,4,3,4,4,3,1,1,1,1,3,2,3,4,4,3,2,2,2,2,2,2,3,3,1,2,2,2,2,3,4,2,2,2,2,2,2,2,2,3,2,3,2,2,2,3,2,2,2,1,1,1,2,3,4,5,4,2,2,2,2,3,2,1,1,2,2,3,2,2,2,2,1,1,1,1,1,1,1,1,2,2,2,2,2,2,2,2,2,2,2,2,2,2,2,3,2,3,3,4,4,5,5,5,3,3,3,3,3,3,3,3,2,2,2,2,3,2,2,2,2,3,3,2,1,1,2,3,3,2,1,2,2,3,3,3,2,2,3,3,2,2,3,3,2,2,1,3,3,3,4,4,3,3,3,3,3,3,3,3,2,1,1,1,1,1,2,1,2,2,3,2,3,3,2,2,2,2,2,3,3,2,1,3,3,2,3,3,2,2,1,1,3,3,2,2,2,2,2,2,2,3,4,4,2,3,5,3,2,2,2,1,2,2,1,2,3,2,1,1,2,3,1,1,3,2,2,1,2,2,3,4,4,4,3,2,2,2,2,2,3,3,4,4,3,3,3,3,3,3,3,3,3,3,3,3,2,2,3,3,1,1,3,2,3,4,4,4,4,4,5,4,3,2,1,2,2,4,3,2,4,3,3,3,3,3,3,3,2,4,5,5,3,2,2,1,2,2,4,3,3,3,3,3,2,2,1,2,2,3,3,3,3,1,2,2,3,3,3,3,2,2,2,3,3,2,2,2,2,2,2,2,2,2,3,3,3,4,3,2,1,1,3,3,4,3,4,3,4,3,3,4,3,1,1,1,2,2,2,2,3,4,3,3,3,2,3,4,5,3,2,3,3,3,4,4,3,4,4,3,3,3,3,3,3,3,2,1,1,2,3,2,3,3,3,3,3,3,3,2,1,2,2,2,3,3,2,2,2,2,2,2,2,2,2,3,2,1,2,2,2,2,3,3,2,2,2,2,2,2,2,2,2,2,2,2,2,2,2,2,2,2
255,3,4,4,2,2,2,4,2,1,1,2,2,2,2,2,2,3,3,2,2,2,2,2,3,4,4,3,3,3,3,4,3,4,3,2,2,2,3,4,2,4,6,4,1,1,3,1,1,3,3,1,1,3,4,4,3,2,3,3,3,4,5,4,2,2,2,2,2,2,3,3,2,2,2,2,4,4,3,3,3,5,4,3,2,2,3,3,3,3,3,3,3,3,3,2,0,2,4,4,4,3,1,1,2,2,2,3,3,1,1,1,3,3,4,4,3,4,3,3,2,3,3,3,3,2,2,2,2,2,2,2,2,2,2,1,2,2,2,3,4,3,3,2,2,3,3,2,2,3,4,2,1,2,2,3,4,5,6,5,6,4,4,4,4,4,4,4,2,2,1,1,1,1,2,2,3,2,1,1,2,2,2,2,2,3,2,3,3,3,3,2,2,2,2,2,2,1,0,1,4,4,3,3,3,3,2,3,3,3,2,2,3,4,4,5,4,3,2,1,1,1,2,3,3,2,2,2,2,2,2,2,2,2,2,2,2,2,2,2,1,1,2,2,2,2,2,2,3,3,3,3,3,3,3,3,3,3,3,4,4,3,3,3,4,4,4,4,4,4,4,5,3,3,4,3,1,2,3,4,4,4,3,3,2,3,3,3,3,2,3,3,3,3,2,2,2,2,2,2,2,2,3,2,4,3,2,3,4,4,4,2,1,2,2,2,3,2,3,2,3,2,3,2,2,3,2,3,3,3,2,2,2,2,1,2,1,1,2,2,3,3,3,3,3,3,2,2,3,3,3,1,3,3,4,4,4,4,4,4,3,2,2,2,2,2,3,2,3,2,2,2,2,2,1,2,2,2,2,2,2,2,2,2,2,3,3,3,3,2,3,2,1,1,1,1,1,1,1,2,3,3,3,3,3,3,3,3,3,2,2,2,2,2,2,2,3,5,5,5,5,4,5,4,1,1,3,4,4,4,3,2,2,2,2,2,2,2,2,2,1,1,1,2,2,2,3,2,3,2,4,4,3,3,3,2,3,4,3,3,3,3,4,5,2,1,1,1,3,3,3,2,1,2,3,3,3,2,3,3,4,4,3,2,2,3,2,1,1,1,1,1,2,3,3,0,1,1,1,1,1,1,3,4,4,3,3,4,3,3,3,2,2,3,3,2,3,3,4,2,2,2,2,2,2,3,3,3,2,2,1,1,1,2,2,2,1,1,1,1,1,2,2,2,3,3,3,3,3,3,3,3,2,2,3,3,2,3,3,3,3,2,2,2,1,2,2,3,4,4,3,3,2,3,3,4,4,4,4,2,1,0,2,3,2,1,1,2,3,3,2,2,3,3,2,2,1,1,1,3,4,4,4,3,3,2,2,1,3,2,2,3,4,3,3,3,2,2,3,2,2,3,3,3,2,1,1,1,1,1,1,1,3,3,3,3,2,2,1,4,5,4,4,5,4,2,2,1,1,2,2,3,2,1,1,1,1,1,1,1,1,1,1,2,4,4,2,1,1,3,6,3,1,1,1,1,1,1,2,1,1,2,3,1,2,3,3,2,2,2,2,2,2,2,2,1,2,3,3,3,3,3,3,4,3,2,2,3,3,3,3,2,0,1,3,4,4,4,3,4,1,1,2,2,2,1,1,1,1,1,1,1,2,1,2,2,3,2,1,2,3,4,4,2,2,2,3,2,2,2,2,4,4,2,1,2,3,4,5,3,1,1,2,2,3,3,2,2,2,2,2,3,3,2,2,2,2,3,3,2,2,2,3,2,2,2,3,3,3,3,4,4,3,2,3,3,4,4,4,4,1,1,2,2,2,2,1,1,2,2,2,2,3,2,2,2,4,4,3,3,3,3,4,4,1,1,1,1,1,1,1,1,2,2,2,2,2,2,2,2,1,1,1,1,1,1,1,1,2,2,3,3,2,3,3,1,2,2,3,3,2,2,1,0,2,2,2,1,1,3,2,2,2,2,2,2,2,2,3,3,2,2,2,1,1,1,2,1,1,1,1,1,1,1,1,1,2,2,2,3,3,3,4,2,1,3,3,3,2,2,1,1,2,2,2,2,3,3,3,3,3,3,4,4,4,5,5,5,4,4,4,4,4,4,3,3,1,1,2,2,2,2,1,1,1,1,1,2,4,4,2,1,1,2,1,1,3,3,3,2,2,2,2,2,2,2,2,2,2,3,3,3,3,3,2,2,1,1,1,1,1,1,1,1,3,3,2,2,2,2,3,3,2,2,2,2,2,2,2,3,2,1,1,2,2,3,3,2,1,2,2,2,3,3,3,3,3,3,3,3,3,3,3,3,3,3
256,3,3,2,4,4,3,3,3,2,2,3,3,3,2,3,2,2,3,3,3,3,3,3,3,3,2,2,2,2,3,3,3,4,4,4,4,4,5,4,3,5,6,5,6,6,4,3,3,2,1,2,2,2,2,2,3,3,3,4,4,3,3,2,3,3,3,3,2,2,1,1,1,2,1,2,2,2,2,2,3,3,3,4,4,4,4,4,2,2,3,3,2,2,2,2,2,2,3,3,3,2,3,2,2,2,2,2,2,3,4,3,2,2,2,2,2,1,1,1,3,3,2,2,2,2,2,3,2,2,2,3,2,2,2,3,3,3,3,3,3,3,3,4,3,4,2,3,1,2,3,2,3,2,2,2,2,3,3,4,5,5,4,4,3,3,3,4,5,5,4,2,2,2,3,4,1,1,1,1,1,2,1,2,2,2,2,2,2,2,2,2,2,3,3,3,3,3,3,3,3,3,3,3,3,3,4,5,4,3,3,3,2,4,4,4,2,1,2,3,3,4,3,1,1,1,1,1,1,1,1,2,3,3,2,2,2,2,2,2,1,1,2,3,3,3,2,3,4,3,3,3,2,3,3,2,1,2,3,3,3,1,1,2,2,2,2,2,2,2,2,2,2,2,2,2,2,2,2,2,2,2,2,2,2,2,2,2,2,2,3,3,3,3,3,3,2,3,3,2,2,2,2,2,2,2,2,2,2,2,2,2,3,4,5,5,4,3,3,3,1,2,2,2,2,3,3,3,2,2,2,2,2,2,2,2,0,1,1,1,1,1,2,2,2,2,2,2,2,4,3,2,4,3,3,2,2,2,2,2,1,1,1,2,1,1,2,1,1,2,2,2,3,3,1,1,4,4,3,3,3,4,3,3,3,3,2,2,3,2,2,4,4,3,3,2,3,3,3,3,1,1,3,4,4,4,3,3,4,3,2,1,1,3,4,3,3,2,2,2,2,2,2,2,1,1,1,0,1,3,4,4,3,0,2,5,4,2,1,3,4,2,1,1,2,1,2,1,1,2,3,1,1,1,3,3,2,3,3,1,1,1,1,1,3,3,3,5,5,5,3,1,1,2,2,2,2,2,2,2,3,2,2,2,2,3,3,2,1,2,1,2,2,2,2,2,2,2,4,4,4,4,3,4,3,3,2,3,3,2,2,3,3,2,3,3,1,1,1,1,2,4,3,2,2,4,4,3,4,4,4,4,4,4,4,4,3,3,3,3,3,3,3,3,3,3,3,3,3,3,3,3,1,1,2,3,3,4,4,4,3,3,4,4,3,3,3,4,2,1,2,2,2,2,2,2,2,2,3,4,3,3,3,2,2,3,3,3,3,4,4,2,2,3,4,3,1,1,3,3,0,0,1,2,3,2,1,1,2,2,2,3,3,4,4,5,4,2,2,2,2,2,2,2,3,3,4,3,3,2,2,2,4,5,4,3,3,4,4,3,3,2,3,4,4,3,2,2,3,3,2,2,2,2,3,3,3,3,2,3,2,2,3,2,2,2,2,3,4,4,3,4,1,1,1,2,2,2,2,2,2,3,3,2,2,2,3,3,2,2,2,2,2,2,2,2,1,1,1,1,1,1,1,1,2,1,1,1,1,1,1,1,3,3,3,3,2,2,2,1,2,2,2,2,2,3,3,1,3,3,4,4,4,3,1,2,3,3,1,1,3,3,3,1,1,2,2,2,2,2,2,2,2,1,2,4,3,4,2,1,0,1,3,4,2,1,1,3,3,3,3,3,3,3,2,2,1,2,2,2,1,1,1,1,1,1,1,1,1,1,2,2,3,3,3,3,4,4,4,4,1,1,2,2,2,3,2,2,2,1,1,1,2,2,2,1,2,2,3,3,3,3,3,3,2,1,1,1,2,2,1,2,1,1,2,2,2,2,2,1,2,2,2,2,2,2,2,2,1,1,3,3,2,2,2,2,3,3,3,3,3,2,2,3,1,2,2,2,1,1,2,2,2,4,4,3,2,2,3,4,5,6,5,4,4,3,2,1,1,2,3,6,5,3,2,0,0,1,1,1,2,2,1,1,1,4,3,2,2,2,2,2,2,1,1,1,1,1,1,1,3,3,3,3,1,1,0,1,3,3,2,1,2,4,4,3,2,3,3,2,1,2,5,4,2,3,4,3,1,3,5,5,4,5,5,4,3,4,5,4,4,3,3,3,3,3,4,4,1,3,2,0,0,2,3,1,2,3,3,4,4,4,6,4,0,1,1,1,1,2,1,2,2,1,3,4,5,5,3,2,2,2,3,3,4,4,3,3,2,1,2,3,4,6,4,3,4,2,1,2,2,4,3,1,2,2
257,3,3,3,3,3,4,3,1,3,3,2,1,1,2,3,4,3,4,4,3,3,2,1,2,2,3,2,1,1,1,2,3,2,3,4,3,3,3,3,1,2,2,1,1,2,2,2,2,3,4,3,4,4,2,2,4,3,3,3,4,3,4,4,3,2,2,2,2,2,2,4,4,4,5,4,4,5,5,4,4,4,3,3,4,3,1,1,1,2,2,2,2,1,2,3,5,5,5,5,5,4,5,5,3,2,2,2,2,2,2,2,3,3,3,3,2,3,3,3,2,2,2,2,2,2,3,3,3,3,2,3,3,3,4,4,4,3,4,4,4,4,3,1,2,3,3,3,3,3,4,3,3,2,1,1,1,1,2,2,2,2,2,2,2,2,2,2,2,3,2,2,2,1,1,3,2,1,1,2,2,2,3,2,3,4,2,3,5,4,3,4,4,3,3,3,3,3,3,3,1,1,2,2,3,3,3,2,1,1,1,3,4,4,4,4,4,3,3,3,3,3,2,2,4,5,3,3,2,3,4,4,3,2,2,1,2,2,2,3,0,2,3,3,3,3,3,4,2,2,2,2,2,2,2,2,2,2,2,2,2,2,2,2,2,2,2,1,1,1,2,2,2,2,3,3,3,2,2,3,3,3,3,3,3,3,3,3,1,0,0,1,1,1,2,2,3,3,1,1,1,1,2,2,3,3,4,2,2,2,3,2,1,2,2,2,3,4,5,4,2,3,2,2,3,3,3,2,2,2,2,1,2,2,1,3,2,3,2,2,3,3,3,3,3,3,3,3,3,2,3,2,2,2,2,2,3,3,3,3,4,4,4,4,4,4,4,4,2,1,2,2,2,2,3,3,1,1,2,2,2,2,2,1,3,2,1,3,3,3,3,2,2,3,1,1,2,3,3,3,3,2,4,5,5,5,6,4,3,6,6,3,3,3,1,3,2,2,2,2,2,2,2,1,0,0,2,1,1,3,4,4,5,5,5,5,4,3,4,3,4,3,4,5,5,4,4,2,6,2,2,2,1,2,2,1,1,1,1,1,1,2,1,2,2,1,2,4,2,2,3,3,2,3,3,4,3,2,3,5,6,5,4,3,3,3,2,2,2,1,1,1,1,2,2,1,0,1,2,1,1,1,2,3,2,1,2,3,3,3,2,2,2,2,2,1,2,2,1,1,1,1,1,3,3,2,1,1,3,2,2,2,2,2,2,2,3,2,2,2,3,3,3,3,2,2,3,3,3,2,3,3,3,3,2,2,2,3,2,2,1,1,1,2,2,2,1,1,2,2,2,2,2,2,2,2,1,4,4,3,1,1,3,3,2,1,3,4,4,4,4,3,2,2,2,2,2,2,1,1,0,2,3,2,3,3,3,2,2,2,2,2,2,2,2,2,2,2,2,2,2,2,2,3,2,1,1,2,2,1,2,2,2,2,1,0,1,3,3,1,1,1,2,3,4,4,4,3,2,2,2,2,2,2,2,2,2,2,3,3,3,3,3,3,2,3,3,3,3,4,4,3,2,2,2,2,2,2,2,2,3,3,3,2,2,2,2,2,2,2,2,1,2,2,2,1,2,2,2,2,2,2,2,2,2,3,3,3,4,4,2,2,3,3,3,3,3,3,3,2,2,2,2,3,3,4,3,4,3,3,3,3,3,3,2,2,2,2,2,2,1,1,1,1,2,2,2,2,2,2,1,2,4,4,3,3,3,3,2,2,3,3,3,3,3,3,3,3,2,3,3,3,3,3,2,2,2,2,3,3,3,2,3,4,3,3,3,3,3,3,3,4,3,3,3,3,2,2,2,2,4,2,2,3,4,3,2,2,0,2,2,3,3,2,1,1,3,3,3,2,2,1,2,3,2,2,2,2,2,2,2,3,2,3,3,3,3,3,3,2,5,5,5,3,3,2,2,1,3,3,4,4,4,4,4,4,2,2,1,2,3,2,1,1,3,1,1,2,2,2,2,1,2,3,2,2,1,1,3,3,3,2,2,2,3,3,3,3,4,4,4,4,4,4,4,4,3,2,3,4,4,3,3,2,2,2,2,2,2,2,2,2,4,3,3,3,3,3,3,3,2,2,2,2,2,2,2,2,3,3,3,1,1,1,2,4,3,2,1,1,3,3,3,3,2,2,2,2,2,2,2,2,2,2,2,3,3,3,3,4,3,2,2,3,3,3,3,3,2,2,1,2,2,2,2,1,3,3,3,3,3,3,3,3,3,3,3,3,3,3,3,3,1,1,1,1,1,2,2,1,2,2,2,2,2,2,2,2,3,3,3,3,3,3,3,3,3,3,2,2,2,2,2,3,3,2
258,2,3,3,3,3,2,2,2,3,3,3,2,1,1,2,1,1,1,1,3,4,4,3,0,1,2,4,3,3,2,0,2,2,4,5,5,6,4,5,6,6,6,2,1,3,2,1,2,2,2,2,4,4,3,3,2,3,2,3,4,4,3,3,4,4,4,2,2,2,2,3,3,3,3,3,3,2,1,4,4,4,3,3,3,4,4,3,3,3,3,3,3,2,2,2,2,2,2,1,1,3,3,4,4,2,2,1,1,1,1,1,4,4,4,4,4,4,4,4,2,3,4,2,3,3,2,2,3,3,3,3,3,3,4,4,4,4,4,4,4,3,3,4,3,2,3,5,5,5,4,4,2,2,1,1,1,1,1,3,3,3,3,3,2,3,3,3,3,3,2,3,3,2,3,3,2,3,3,3,3,2,2,2,3,2,3,2,3,2,2,3,3,3,3,3,3,3,3,3,3,3,3,3,3,3,3,3,3,4,4,4,3,2,3,3,2,3,2,2,1,0,0,0,3,3,3,3,3,3,3,3,4,4,4,4,4,4,3,3,2,3,2,3,2,2,2,2,2,2,3,1,1,3,1,1,2,2,2,2,2,2,2,2,2,2,2,1,1,2,2,2,5,5,5,4,4,4,3,1,1,3,2,2,3,3,2,3,2,1,0,1,2,4,4,3,2,1,1,1,2,2,2,1,1,1,1,2,3,3,2,2,2,3,3,3,3,3,3,3,2,2,2,3,4,4,2,2,4,4,4,4,3,3,2,3,2,2,3,3,3,3,2,2,3,3,3,3,3,3,3,3,4,4,4,4,4,4,4,4,3,3,4,3,3,3,2,2,1,1,3,2,2,3,2,2,3,4,3,2,2,2,3,4,3,3,3,3,3,3,3,3,2,2,2,1,1,3,3,3,4,4,4,4,4,3,3,3,3,3,3,3,5,4,6,5,3,2,2,2,1,1,2,2,0,3,2,3,3,3,4,4,3,3,3,1,1,1,2,2,1,0,2,2,2,1,1,2,4,3,2,1,3,4,4,3,4,4,3,3,3,3,3,3,2,2,1,2,3,3,3,1,2,2,2,2,2,2,2,2,2,3,3,3,4,4,5,5,2,1,1,1,1,2,2,1,2,2,2,2,2,2,2,2,2,2,2,2,2,2,2,2,2,2,2,3,3,3,3,3,3,3,3,3,3,3,3,4,3,3,2,3,3,2,3,2,2,2,3,3,3,3,4,4,3,3,3,4,4,4,5,4,4,4,4,4,4,3,3,2,1,1,1,1,2,2,1,3,4,3,3,2,2,4,4,4,3,4,4,2,1,1,1,1,1,2,2,2,3,3,3,3,2,2,2,3,3,3,3,2,2,3,4,4,4,4,3,3,2,1,1,1,1,1,0,1,3,3,4,3,3,3,3,3,2,2,1,2,2,1,3,3,4,4,3,3,3,3,3,2,3,4,3,2,4,4,2,1,3,5,5,5,5,5,5,2,4,1,1,1,1,1,1,0,1,2,2,2,4,4,4,5,3,3,3,3,3,3,3,3,2,2,2,2,2,2,2,3,3,4,1,1,2,2,1,2,3,2,2,2,2,2,2,2,1,2,2,2,4,4,4,4,1,1,2,2,2,2,1,1,1,1,1,1,2,2,2,2,2,1,2,3,2,3,3,1,2,2,3,3,3,3,2,2,2,3,3,3,3,3,2,2,2,2,2,2,2,2,2,3,3,2,1,2,2,2,2,1,2,4,3,2,2,3,3,3,3,3,3,3,3,3,3,2,2,1,1,3,3,3,3,3,3,3,2,2,2,1,1,2,4,4,2,2,1,1,1,1,1,1,1,1,2,2,2,2,2,2,1,1,2,2,1,1,3,3,4,3,4,3,3,3,2,3,3,3,3,2,1,2,4,3,3,2,3,3,4,4,1,1,2,2,3,3,4,2,2,4,3,3,4,3,2,2,1,2,2,4,5,3,2,2,2,2,3,3,3,2,2,3,2,2,3,3,3,3,3,3,2,2,1,1,1,2,2,1,0,1,3,3,3,3,3,1,2,3,4,3,4,3,3,3,1,1,1,1,1,1,2,3,2,1,1,1,1,2,2,1,3,4,4,3,3,3,4,5,4,3,4,4,3,4,4,4,3,2,1,2,3,3,3,2,3,3,3,3,3,4,4,4,1,1,2,1,1,1,1,1,0,1,1,2,2,1,1,1,1,1,1,1,1,1,3,5,3,3,3,3,3,3,3,3,3,3,3,3,3,3,3,1,2,2,2,2,2,2,2,2,2,4,4,2,1,1,2,2,3,3,3,3,3,3,3,2,1,1
259,2,3,3,3,4,2,2,2,1,2,1,1,2,2,1,2,2,3,3,3,3,3,3,4,4,4,3,2,2,4,4,3,3,3,3,3,3,3,3,4,3,3,3,2,1,2,3,3,3,3,3,2,2,2,3,4,3,1,1,1,1,1,1,3,3,3,3,3,3,3,3,1,1,1,1,3,2,1,2,2,2,2,2,2,2,2,2,4,3,2,2,3,3,3,3,1,2,2,2,1,1,2,3,2,2,2,2,1,1,1,1,2,2,2,2,2,2,3,3,3,4,4,4,3,2,2,1,4,3,2,2,2,3,1,3,5,4,2,2,1,1,1,2,3,3,3,3,3,2,3,4,2,3,3,4,3,3,3,3,2,2,2,2,3,3,3,3,2,2,4,6,5,5,5,7,3,2,2,2,2,3,3,3,2,2,2,2,1,1,2,2,3,3,3,3,3,2,2,2,3,4,1,1,3,4,4,3,1,1,2,2,1,1,1,2,4,3,3,3,2,2,2,2,4,3,2,4,4,2,0,2,4,4,3,3,2,3,3,3,1,2,2,4,4,6,6,7,4,5,5,5,4,2,2,3,1,1,2,2,2,3,3,3,4,4,4,4,4,4,4,4,2,3,2,2,3,3,3,3,3,3,3,3,3,3,3,3,3,4,4,4,4,4,5,4,2,2,2,2,2,2,2,1,2,3,3,2,2,2,2,2,2,2,2,2,2,2,2,2,1,1,1,1,1,1,1,2,3,2,2,1,2,2,3,3,1,1,1,1,2,2,1,2,3,2,1,1,1,3,3,3,4,5,3,2,2,3,2,2,2,2,1,1,2,2,2,2,2,2,4,4,4,4,2,2,3,3,3,2,2,2,1,2,3,2,2,3,3,3,2,2,2,1,3,4,4,2,1,3,2,3,3,3,3,1,1,1,2,2,2,4,4,5,3,2,3,3,3,3,2,3,3,2,1,1,2,2,2,2,2,2,4,3,3,2,1,2,2,3,4,5,4,3,3,3,5,5,3,4,4,3,3,3,3,2,3,3,2,2,2,2,3,3,3,4,4,4,3,2,2,2,3,3,3,3,2,2,2,2,3,3,2,2,3,3,4,3,2,2,2,2,2,2,2,3,4,4,4,2,3,2,2,1,3,2,3,3,3,3,5,6,4,3,3,2,2,2,2,2,2,1,2,2,3,3,2,2,2,2,1,1,2,2,2,1,2,3,2,1,1,1,1,1,3,4,3,3,3,2,2,2,4,4,5,6,5,5,4,3,3,3,3,3,3,4,4,4,4,5,5,5,4,3,2,1,5,4,5,4,4,4,4,4,3,3,3,3,3,3,4,4,2,1,1,1,1,1,0,1,2,2,3,3,4,4,3,3,2,2,2,2,2,2,2,2,3,1,2,3,3,2,3,4,2,2,2,2,2,2,2,2,1,1,1,3,4,4,2,1,3,2,2,1,1,1,1,1,1,3,3,2,3,3,3,3,3,3,3,2,2,3,3,3,2,2,3,3,3,4,4,3,2,1,1,2,2,2,2,2,1,2,1,1,1,1,2,3,2,3,3,3,3,4,3,2,0,0,1,1,1,1,1,3,2,1,0,1,1,2,2,2,2,2,2,2,2,2,2,2,1,1,1,2,1,1,1,1,3,2,2,3,2,3,4,4,3,3,3,3,2,3,3,2,2,2,3,3,3,2,2,2,2,3,3,2,2,2,1,0,3,2,2,3,2,3,3,3,1,1,1,2,1,1,2,1,2,2,2,2,2,2,2,1,3,3,2,2,2,2,1,1,2,2,2,2,2,2,3,3,2,3,2,2,2,1,2,2,2,2,2,2,2,2,2,2,1,1,1,1,2,2,2,2,3,3,3,3,3,2,2,3,2,2,2,2,2,1,1,1,1,1,1,1,1,1,1,1,2,1,3,3,3,3,3,2,1,1,2,3,4,4,4,5,3,2,1,2,3,2,2,1,2,3,3,4,5,4,4,4,3,4,3,2,1,1,1,0,1,1,2,2,2,2,3,3,2,3,2,3,3,3,3,3,3,3,3,3,3,3,3,3,4,3,3,2,1,1,1,0,1,0,3,3,3,4,2,2,4,5,5,5,4,4,3,1,2,2,2,3,3,3,4,4,5,5,4,3,3,4,4,2,0,1,1,1,1,1,1,1,3,3,2,2,3,3,2,2,0,0,3,3,4,4,1,2,2,2,1,2,2,1,2,2,2,2,2,2,2,2,2,2,0,2,4,5,5,4,1,0,2,2,1,2,2,3,4,4,4,5,5,4,3,3,3,3,2,2,3,3,3,2,2,2,6,4
260,1,2,2,2,2,1,2,1,1,3,3,3,4,4,5,2,1,1,0,1,1,3,3,3,3,4,4,4,5,5,6,2,2,1,1,1,1,1,1,2,4,3,1,2,4,3,1,3,3,3,5,6,4,2,1,3,4,5,4,4,3,2,0,3,2,3,3,3,3,4,4,4,2,2,3,3,3,2,3,4,5,3,1,1,1,1,1,3,3,3,3,3,4,4,3,1,1,2,3,3,3,3,1,4,5,3,1,1,2,2,2,3,2,2,3,5,4,2,1,4,3,4,3,4,3,3,2,4,3,2,1,1,3,4,4,3,3,2,3,2,1,3,4,3,3,4,4,4,5,6,6,3,2,2,2,1,1,1,1,3,4,5,3,3,4,4,4,1,1,2,1,1,3,3,1,1,1,2,2,3,3,3,3,5,4,3,1,1,1,3,3,3,3,3,3,3,4,4,4,3,3,2,2,2,2,2,2,3,3,1,2,2,3,2,1,2,3,4,3,2,2,2,1,1,2,2,2,2,2,2,3,5,5,5,4,4,2,0,1,1,2,3,3,3,2,1,1,0,2,1,1,3,4,4,4,1,1,1,1,1,1,1,1,3,3,3,3,3,3,3,3,3,3,3,3,3,3,3,3,2,3,2,3,3,3,3,2,4,4,4,5,5,4,4,4,3,2,2,3,3,3,2,2,1,2,3,2,3,2,2,1,1,2,3,3,2,3,3,4,4,5,4,3,1,1,4,4,3,3,3,3,4,4,3,3,3,3,4,3,3,3,3,2,1,3,2,1,2,3,3,3,3,2,2,3,3,3,3,2,4,4,5,5,4,4,2,2,2,2,2,2,2,2,2,3,3,3,3,3,3,3,3,3,3,2,1,1,2,3,3,3,1,1,1,1,2,1,1,1,1,1,1,1,1,2,1,1,3,2,1,2,3,3,3,1,1,1,1,1,1,1,1,1,1,1,2,2,3,2,1,0,1,2,1,3,5,4,3,3,3,2,2,2,2,2,2,2,1,1,1,1,2,2,2,2,3,3,3,4,4,4,4,4,3,2,2,2,3,3,3,3,2,2,2,2,3,4,4,4,4,4,3,2,3,3,4,4,3,2,3,3,3,2,2,2,0,1,1,2,3,4,4,5,4,3,4,3,3,1,2,2,4,3,3,2,3,3,2,2,2,2,2,2,2,2,2,2,2,2,2,2,2,2,2,2,2,2,2,2,2,2,3,3,5,4,4,4,3,3,3,2,2,3,3,3,3,3,3,3,3,2,2,4,5,4,3,3,3,3,2,3,4,4,3,1,2,2,2,2,2,2,2,2,4,4,4,4,4,4,4,4,2,3,2,1,2,2,1,1,1,2,3,3,3,3,3,3,4,3,1,1,1,2,2,2,1,1,1,1,2,2,2,2,2,3,2,1,2,2,3,3,3,3,3,3,3,3,3,3,1,1,1,1,1,1,1,0,1,1,2,2,2,3,3,3,3,3,2,2,2,2,2,1,0,1,1,2,2,3,3,4,3,2,2,2,2,2,2,2,3,2,2,2,2,2,2,2,1,2,2,2,2,3,3,3,3,3,2,2,2,2,2,2,2,2,2,2,2,2,2,2,2,3,4,4,4,4,3,2,2,3,3,4,4,4,2,1,1,2,1,1,2,3,2,1,2,2,2,2,2,2,2,2,2,2,3,2,2,3,4,3,1,2,3,4,4,4,4,3,1,2,1,1,1,2,3,3,2,2,2,2,1,1,1,1,2,1,2,1,1,1,2,1,3,3,2,2,3,5,7,8,3,4,3,4,3,2,4,5,5,3,2,1,2,2,3,2,4,3,3,3,3,2,2,3,2,2,3,3,3,2,1,2,2,2,2,2,2,2,2,2,2,2,1,1,1,1,3,3,2,2,2,2,2,2,2,2,3,3,3,3,3,3,3,3,3,3,3,3,3,3,3,3,2,1,2,2,2,2,3,2,4,4,4,4,3,3,3,3,3,3,3,3,3,3,3,3,3,3,3,3,3,3,3,3,2,2,2,2,2,2,2,2,0,3,5,4,3,1,2,4,2,1,2,2,1,1,1,1,2,2,4,4,4,4,3,2,2,2,2,2,3,3,3,4,1,0,1,1,2,1,1,1,2,2,2,1,3,2,2,3,4,4,4,4,3,3,3,3,1,1,1,1,1,1,2,2,2,2,1,1,1,2,3,4,2,1,2,2,2,3,4,5,2,2,2,2,1,1,1,1,2,1,2,1,2,2,2,3,1,1,1,1,1,1,1,1,1,1,1,1,1,1,1,1,3,2,1,2,2,3,2,2,1,1
261,2,2,3,3,3,4,5,3,2,2,2,3,2,1,2,4,3,3,2,2,1,2,2,3,3,3,3,3,3,3,5,5,3,2,2,2,3,4,3,3,4,5,4,3,2,2,3,2,2,2,2,2,2,2,2,2,2,2,3,3,3,3,3,2,1,1,1,1,1,1,1,2,4,5,5,5,4,4,4,5,4,3,2,2,3,4,4,3,4,2,1,1,2,3,3,0,2,2,4,3,2,2,1,3,2,2,2,2,2,2,3,2,3,4,4,4,4,3,2,4,3,3,2,3,2,3,2,2,2,2,2,3,3,3,3,3,4,5,4,4,3,2,1,3,3,3,3,3,2,2,2,3,2,2,2,2,2,3,3,3,3,3,3,4,4,3,4,3,2,2,3,3,3,4,4,2,2,2,2,3,3,2,2,2,2,3,3,3,4,4,4,1,1,2,1,2,4,5,5,3,2,4,4,4,4,4,2,3,4,4,5,5,5,4,4,5,5,5,3,1,3,5,4,2,3,3,3,2,1,1,3,3,2,3,3,3,3,3,2,1,1,1,1,2,2,2,2,1,1,1,2,2,2,3,3,4,4,3,3,3,3,2,2,3,3,4,4,5,3,3,1,2,2,2,1,2,3,4,5,2,1,1,1,1,1,1,1,4,4,4,4,4,4,4,5,2,2,2,2,2,2,2,3,2,1,1,1,1,1,2,3,3,1,1,1,3,3,3,3,2,2,3,5,4,3,2,0,1,4,2,3,4,3,3,2,2,2,3,2,2,2,2,2,2,2,2,1,1,1,2,2,3,3,3,3,3,3,3,3,2,2,2,2,2,2,2,2,2,2,2,3,3,3,3,3,2,2,2,2,2,2,2,2,1,2,2,1,2,2,3,3,1,1,2,2,2,2,2,2,2,2,2,2,2,2,4,3,1,2,4,4,5,5,4,2,4,4,3,3,3,2,2,2,3,3,4,4,4,3,2,3,2,2,2,3,2,1,2,3,1,1,1,2,2,2,1,1,1,1,1,1,2,2,1,1,2,2,2,2,2,2,2,3,4,4,2,2,2,2,3,3,2,2,2,3,2,3,3,5,3,1,1,2,1,1,1,1,1,1,1,1,1,1,1,2,2,2,1,1,3,3,2,1,1,2,2,2,2,2,3,3,2,2,2,2,2,2,2,1,1,1,2,2,2,3,3,4,2,2,1,1,2,2,1,1,2,2,2,2,2,2,2,2,3,2,4,3,3,3,2,1,2,3,3,3,3,3,4,4,3,3,2,2,3,3,2,2,1,1,3,3,3,3,2,2,6,6,6,4,2,3,4,5,4,3,3,3,1,1,1,3,4,4,3,2,1,2,2,2,3,3,0,1,1,2,4,3,2,4,5,5,6,5,3,3,1,1,2,3,4,3,2,2,2,2,2,2,2,2,3,2,1,1,1,2,3,3,2,0,3,3,2,2,3,2,2,1,1,2,2,2,3,3,3,3,2,2,3,3,3,2,1,0,4,2,4,5,5,5,4,4,3,3,3,2,2,2,2,2,2,2,2,2,2,2,2,2,1,1,2,2,2,3,3,3,1,1,1,1,1,1,2,1,1,1,1,1,1,1,1,1,2,2,2,2,2,2,2,2,3,3,3,3,3,3,3,3,2,2,2,2,2,2,2,2,0,2,2,2,3,3,2,3,3,1,1,2,3,3,1,1,4,3,3,2,2,1,1,1,2,2,2,2,2,2,2,3,3,3,3,3,3,3,3,3,2,2,2,2,3,3,3,3,1,1,1,1,1,1,1,2,3,3,4,4,2,3,2,1,1,1,2,3,3,2,1,1,3,3,3,3,3,3,3,3,1,2,4,4,3,3,2,4,2,1,1,2,2,2,2,2,3,2,3,3,3,4,4,4,3,3,3,3,3,3,3,3,2,2,3,2,2,2,1,1,1,1,1,1,1,2,4,4,4,4,4,4,3,4,3,4,3,3,3,3,3,2,2,1,3,2,2,2,2,2,3,3,1,1,1,1,1,1,1,1,1,0,1,3,3,1,1,1,3,3,3,3,2,2,2,1,1,2,3,2,2,3,4,3,3,4,1,1,2,2,2,3,3,3,4,4,3,4,4,3,3,3,3,3,3,4,6,6,3,1,1,2,2,2,3,2,1,2,2,2,3,3,3,3,1,1,1,2,1,2,2,3,2,2,1,0,0,1,1,3,2,4,4,3,3,3,3,2,3,3,4,3,3,3,3,4,3,3,3,3,3,3,3,3,2,2,3,3,3,3,2,2,2,3,3,3,3,2,2,3,2,2,2,3,3,4,4,4,1,1
262,3,3,3,3,3,3,3,3,4,4,2,2,3,3,3,2,3,4,4,4,4,4,4,4,4,2,3,3,3,2,2,1,2,3,2,2,1,2,2,4,3,3,3,3,3,2,2,3,3,3,3,3,3,3,3,3,2,2,2,2,4,4,4,3,3,3,3,3,3,3,4,3,3,4,3,2,2,2,3,5,5,4,4,4,4,4,3,3,3,3,3,3,3,3,4,1,1,1,1,1,2,1,1,4,2,2,2,2,2,2,2,2,2,2,2,2,2,2,2,1,1,2,3,3,2,1,1,2,2,2,2,2,2,2,2,2,2,2,1,1,1,1,1,2,2,2,2,2,2,2,3,3,3,2,3,3,3,4,3,3,1,1,3,5,6,5,3,2,2,2,2,2,2,2,2,2,2,2,2,2,2,2,2,2,1,2,3,4,5,5,4,1,1,3,3,3,4,3,3,3,3,3,3,3,3,3,3,1,1,2,2,3,2,2,2,2,2,1,1,2,3,3,3,1,1,1,1,1,2,3,2,3,3,3,3,3,3,4,4,3,3,2,2,3,4,5,5,3,3,2,2,2,2,3,3,2,2,2,3,3,3,3,3,2,3,3,3,4,4,4,4,4,3,4,4,4,3,2,1,4,3,3,3,3,4,3,2,2,2,2,2,2,2,2,2,3,4,4,2,2,2,4,4,3,3,4,4,4,4,4,3,1,1,2,3,2,2,2,3,1,2,2,2,3,3,3,4,4,3,3,3,2,3,2,2,2,1,2,2,2,3,2,2,3,2,3,2,3,3,2,0,1,1,1,1,2,2,2,2,1,1,2,2,2,1,1,1,3,2,3,3,3,3,1,1,2,3,2,2,2,2,2,3,2,1,1,1,2,2,1,1,4,4,4,3,3,3,4,4,2,3,4,3,2,3,3,4,2,3,4,4,4,3,3,3,3,3,3,3,3,3,2,2,0,1,3,3,3,4,4,6,5,5,3,3,3,4,3,2,3,3,3,3,3,3,3,3,3,3,3,3,3,3,3,3,2,2,2,4,4,4,3,2,3,2,2,2,2,2,2,2,3,2,2,2,3,4,4,5,2,2,1,2,2,3,4,3,3,3,3,3,3,3,3,3,2,2,1,1,0,1,1,2,2,1,4,4,4,2,1,3,3,3,3,3,3,3,2,2,3,4,3,2,2,3,3,2,3,3,3,3,3,3,3,3,0,1,3,3,2,1,1,2,2,2,3,3,2,0,0,1,3,4,2,2,3,3,4,4,2,3,3,4,4,5,4,2,5,5,4,4,4,4,4,3,3,3,2,3,3,3,2,2,2,2,2,2,2,2,2,2,1,1,1,1,1,1,1,1,2,1,2,2,2,2,1,2,2,3,3,3,4,4,4,3,2,2,2,2,3,3,2,2,2,1,1,1,1,1,1,1,3,3,3,3,2,3,3,3,3,3,3,3,3,3,3,3,1,1,2,2,2,2,2,0,1,1,1,1,1,1,1,1,0,1,2,1,3,3,3,4,2,2,2,2,2,2,2,2,3,3,2,2,2,2,1,1,3,3,3,3,2,2,2,1,2,2,2,2,2,2,2,2,1,1,1,1,1,1,1,1,2,2,2,2,2,2,2,2,4,4,3,3,2,2,2,1,1,1,2,2,2,2,2,1,1,1,1,1,2,2,2,2,1,1,2,2,2,2,1,1,2,2,2,3,3,3,3,1,1,1,3,4,4,5,6,7,1,1,1,2,2,2,2,1,1,2,2,2,2,1,1,2,1,3,4,4,4,4,2,3,2,2,1,2,2,2,1,1,0,2,1,2,3,5,5,4,2,2,2,2,2,2,2,2,3,4,5,4,3,3,4,5,6,5,5,3,4,3,3,2,3,3,3,3,3,3,3,3,1,1,2,2,3,3,4,4,3,2,4,4,4,4,2,2,2,2,2,2,2,2,2,2,3,4,4,3,3,4,4,3,1,1,2,1,1,1,2,2,2,2,3,3,3,4,3,3,2,3,4,4,4,3,2,2,3,3,4,3,2,2,2,3,4,2,2,3,3,2,2,1,1,1,1,1,1,1,1,1,1,0,0,0,1,1,2,2,2,3,4,4,4,4,4,4,3,3,2,5,5,4,2,3,4,2,2,1,1,1,2,3,2,1,1,1,1,1,1,1,1,1,1,1,1,1,1,1,3,1,1,3,4,4,2,1,1,0,1,1,3,4,4,3,3,4,3,3,3,3,2,2,1,1,1,1,1,1,1,1,2,2,1,1,2,4,3,2,2,3,2,2,2,2,2,1,3,2,3,3,2,2,3,2,3,3
263,2,2,3,2,3,3,3,3,3,3,3,3,3,3,3,3,3,3,3,3,3,3,3,2,2,2,2,2,2,2,2,1,2,2,2,1,2,2,3,2,4,5,4,3,2,3,4,2,2,2,2,2,2,2,2,2,2,2,2,2,2,2,2,1,1,2,3,3,3,1,2,2,2,3,3,3,2,3,4,5,4,3,3,4,4,4,3,2,3,2,2,2,2,2,3,1,2,4,4,3,2,2,2,2,1,2,2,2,3,3,3,2,2,2,2,2,1,1,1,2,2,3,4,4,5,4,3,1,1,1,1,1,1,1,1,1,1,2,2,1,1,2,3,1,1,2,2,2,3,3,2,2,2,2,2,4,4,5,5,5,4,2,1,1,2,3,4,0,1,3,4,4,3,3,3,1,2,3,3,1,1,3,3,1,1,1,1,1,1,1,1,1,4,3,2,1,2,2,3,2,2,2,2,3,3,5,3,3,3,3,3,3,3,3,5,5,3,3,1,2,2,4,5,5,4,4,2,2,3,2,3,4,3,3,3,4,4,5,3,2,1,2,2,3,4,4,4,3,3,3,2,2,1,1,3,1,1,1,1,1,2,2,2,2,2,2,3,3,3,3,3,2,4,4,3,2,1,1,0,2,2,2,3,3,2,3,3,3,2,4,3,4,6,5,3,2,2,2,3,4,3,2,2,3,2,2,3,3,3,4,4,4,2,2,3,3,3,2,2,2,2,3,3,2,2,2,2,1,1,2,4,5,5,3,3,3,3,2,3,3,3,3,2,1,2,2,2,2,3,2,3,4,1,1,2,2,3,3,2,2,2,1,1,2,2,3,3,3,3,2,1,2,2,3,3,4,3,3,3,4,4,3,3,3,3,3,3,2,1,4,5,4,3,3,3,2,2,2,3,3,3,3,3,3,4,3,3,2,2,3,3,3,3,2,1,2,3,2,2,1,1,1,1,2,2,2,2,2,1,2,1,0,1,2,4,4,4,3,2,2,2,3,4,3,2,3,3,4,2,2,2,2,3,3,3,3,3,2,2,2,2,2,2,2,2,2,2,2,2,2,2,3,3,3,3,3,3,3,3,2,3,3,3,3,3,3,3,1,1,1,1,2,2,2,3,2,3,3,4,2,3,4,4,3,3,3,3,3,3,2,1,4,4,1,2,2,2,5,4,2,2,4,4,4,4,2,2,1,2,3,3,1,1,2,2,1,2,2,2,2,2,2,2,3,4,4,3,2,3,4,4,5,5,4,3,2,1,0,1,1,1,1,1,1,2,3,3,2,2,2,3,3,3,4,4,2,3,4,3,3,2,3,2,3,3,2,3,2,3,3,3,2,2,2,2,2,2,2,2,2,2,2,2,3,3,4,4,3,3,5,4,2,2,3,4,3,1,3,3,3,4,4,4,2,2,1,1,1,1,1,1,1,1,1,1,1,1,1,1,2,3,5,6,5,3,2,2,2,3,3,2,1,1,0,0,1,1,1,1,1,1,3,2,5,5,4,4,3,4,4,5,4,3,3,3,3,3,3,3,2,2,2,2,2,2,2,2,1,2,3,3,2,3,4,4,1,1,1,1,1,1,2,2,2,1,1,1,1,1,1,1,2,2,2,2,2,2,2,2,1,1,1,2,2,2,2,1,2,1,3,3,4,5,3,3,2,1,2,3,2,3,2,1,2,2,2,2,3,3,2,2,2,2,4,4,2,2,2,3,0,1,2,2,3,4,4,6,2,1,0,1,1,1,1,1,2,1,2,3,2,2,1,1,2,2,1,2,2,3,1,2,3,3,3,3,3,2,2,2,2,2,2,1,2,2,1,2,3,3,2,2,3,3,2,2,4,3,2,2,1,2,3,3,3,3,3,3,3,3,3,3,2,2,1,1,1,1,2,2,2,2,2,2,2,2,2,2,5,4,2,2,3,3,2,1,2,2,3,3,3,3,3,3,2,2,3,3,2,1,2,2,3,3,4,4,2,2,2,3,2,3,3,2,2,1,1,1,2,2,2,2,2,2,2,2,0,1,1,0,0,0,2,3,0,1,1,1,2,2,2,2,1,1,2,1,2,2,2,2,2,2,2,2,2,2,3,3,2,2,2,2,2,2,2,2,2,3,3,2,2,3,3,2,1,1,1,1,2,2,2,2,4,3,3,2,3,2,2,2,2,2,2,2,2,2,2,2,2,2,1,1,2,2,3,3,5,3,2,4,4,4,4,4,2,2,2,2,2,2,2,2,2,3,2,2,1,1,1,2,3,3,3,3,3,3,3,3,1,1,2,3,2,2,1,1,2,2,1,1,1,1,1,1,2,2
264,1,1,2,2,3,4,2,4,4,3,3,2,2,2,3,3,3,3,3,3,3,3,3,3,3,3,3,2,2,3,3,2,3,3,3,3,3,3,2,2,3,3,3,1,1,1,2,3,3,3,2,4,4,4,5,3,3,4,4,4,5,5,5,5,4,2,3,3,3,1,2,3,2,1,1,1,1,1,0,3,2,2,2,2,3,3,2,2,3,2,1,1,3,4,3,1,2,3,3,3,3,2,1,2,2,1,1,1,2,3,3,3,3,3,3,3,3,3,4,3,3,3,3,3,3,3,3,4,3,3,3,3,3,3,3,1,1,1,1,2,3,3,4,2,2,2,2,2,2,2,2,3,1,1,2,3,3,3,2,1,1,1,1,1,1,1,2,4,2,1,1,1,2,1,2,0,1,2,2,2,3,4,3,1,2,2,2,2,1,1,1,2,2,1,1,1,1,2,3,4,4,4,4,4,4,4,4,2,2,3,2,1,2,2,2,2,1,2,1,1,1,1,2,2,2,2,2,1,1,2,2,2,2,2,2,2,2,2,2,2,1,3,3,4,5,5,5,4,4,1,1,1,2,4,4,4,2,1,2,3,4,3,1,2,2,3,3,4,4,4,4,2,2,2,2,2,2,2,2,1,2,2,2,1,1,2,1,3,2,2,2,2,3,3,3,2,2,2,3,3,2,2,1,2,1,1,2,2,1,2,2,3,4,4,4,5,5,5,5,3,3,3,3,3,3,4,4,2,2,3,4,4,5,5,6,3,2,1,1,1,1,2,3,1,1,2,2,1,1,1,1,4,3,2,2,2,3,3,4,3,2,1,2,2,2,2,2,3,7,6,3,2,2,2,3,3,3,3,3,3,3,3,2,4,3,3,3,3,3,3,3,2,2,2,2,2,2,2,2,3,3,3,3,3,3,3,3,2,2,2,2,2,2,2,3,2,2,2,2,2,2,3,2,2,1,1,3,4,4,3,2,0,1,3,4,2,1,1,3,4,4,5,6,5,4,4,4,1,1,1,1,2,2,2,2,1,1,2,2,2,3,3,3,3,3,2,3,4,3,4,4,1,1,2,2,2,2,2,2,2,2,3,3,3,3,3,3,3,3,3,3,3,3,3,4,4,4,5,5,5,4,4,3,1,1,2,2,3,2,3,4,3,2,2,2,1,1,1,1,2,2,2,2,2,2,2,2,2,2,3,4,4,3,2,2,3,3,3,3,3,3,3,3,5,5,4,4,3,3,2,2,2,2,2,2,3,3,3,3,3,2,1,2,3,3,3,4,4,4,3,3,2,2,2,2,3,3,3,3,3,3,3,3,1,1,2,2,2,2,2,1,3,3,3,2,2,1,1,1,2,2,3,3,3,4,3,3,2,2,3,3,4,4,5,5,2,2,2,2,2,2,2,2,4,3,2,2,1,2,3,5,4,4,3,3,3,3,3,3,4,4,1,1,1,1,1,1,1,1,3,3,3,3,3,3,2,1,1,1,1,1,1,1,3,3,2,2,3,5,7,5,4,2,0,1,1,1,1,1,0,0,1,1,1,2,2,2,2,3,2,2,4,4,3,3,2,3,3,2,2,2,2,3,1,1,2,2,2,1,2,2,3,3,1,1,1,1,1,1,4,4,3,3,2,3,2,3,6,5,4,4,3,3,2,1,3,3,3,3,3,3,3,3,2,2,2,3,4,2,2,2,0,1,3,4,3,3,4,5,2,3,4,4,4,4,4,3,3,3,3,3,3,3,3,3,1,2,3,4,4,4,1,2,3,3,3,3,3,3,3,4,3,3,3,3,3,3,3,3,4,3,3,3,3,2,3,2,3,2,2,2,2,3,3,3,3,4,3,3,3,3,3,3,1,1,1,1,1,1,2,2,1,1,2,4,4,3,2,1,2,2,2,3,4,4,2,1,2,2,3,3,3,2,2,2,2,3,3,3,4,4,4,3,3,3,3,3,3,2,2,2,0,1,1,1,2,2,4,4,2,2,2,2,2,2,2,2,3,3,2,1,1,2,3,3,3,4,3,2,2,2,3,4,4,3,5,5,5,4,2,2,1,1,1,1,1,1,1,1,1,2,1,2,4,5,4,3,1,1,2,1,0,1,2,1,1,4,3,1,1,1,1,1,1,2,2,2,2,2,2,2,1,1,1,2,2,2,2,2,0,0,0,1,2,3,2,2,2,2,4,2,1,3,4,3,2,3,3,3,2,3,2,2,2,1,1,2,2,2,3,3,1,1,1,1,2,1,1,1,2,2,2,2,2,2,2,2,1,2,2,2,2,2,3,3,3,2,2,2,2,2,3,3,1,1
265,1,1,1,1,1,2,2,2,2,2,2,2,2,2,2,3,2,2,2,2,3,2,2,2,2,2,2,2,2,3,3,2,3,3,3,3,3,5,4,6,7,5,2,3,3,3,2,3,1,1,1,1,1,4,3,3,3,2,2,1,2,2,2,3,3,3,3,3,3,3,2,2,2,2,2,2,2,2,3,2,2,2,2,2,2,2,3,3,3,3,4,4,4,5,4,5,5,4,3,2,1,2,2,2,2,2,2,3,3,3,3,3,4,4,4,4,4,4,4,1,3,5,4,2,4,5,5,4,4,2,2,2,2,2,2,1,2,2,2,2,2,1,2,2,2,2,1,1,2,3,2,2,2,2,3,3,3,3,2,4,3,3,3,2,1,2,2,2,2,2,2,2,2,2,4,4,2,2,2,2,2,1,1,2,2,2,2,2,2,2,2,2,1,2,2,2,3,4,4,2,1,1,1,2,3,4,3,1,2,2,2,2,2,2,2,1,1,1,1,1,1,1,1,1,2,2,3,3,4,4,4,4,4,4,4,4,4,4,4,2,2,2,2,2,2,3,3,4,3,3,3,3,2,2,3,1,1,1,1,1,1,1,1,3,3,3,3,3,3,3,3,2,2,4,3,3,2,4,5,3,3,2,3,3,3,3,3,3,4,5,4,4,4,3,2,2,3,2,2,2,2,2,2,2,3,3,3,1,0,0,1,4,4,3,2,2,3,4,4,1,1,2,2,2,3,3,3,2,4,5,3,2,1,0,1,3,2,3,3,3,4,4,4,5,7,6,6,6,4,2,1,2,4,5,4,2,3,3,4,4,3,3,3,3,4,4,4,5,5,3,3,2,3,3,3,1,2,2,2,3,2,2,2,1,1,1,1,1,1,2,2,2,2,2,3,3,3,3,3,1,0,1,1,2,2,2,2,3,2,3,3,3,3,3,4,3,3,3,3,3,3,3,3,4,3,2,3,3,5,5,4,1,1,1,3,1,1,1,2,2,2,2,1,1,1,1,1,4,3,1,1,1,3,3,2,3,2,1,2,3,2,2,2,2,2,2,2,2,2,2,2,2,2,2,2,2,2,2,1,3,4,2,2,2,1,2,3,3,2,2,2,2,3,4,3,3,3,1,1,1,1,3,2,3,2,2,1,1,0,0,0,1,2,1,2,2,2,2,1,3,4,4,5,3,1,2,3,2,2,2,2,2,2,2,2,3,2,3,3,4,5,5,4,3,3,3,2,2,2,1,1,2,2,2,2,2,2,2,2,3,3,4,4,3,3,2,2,2,2,3,3,3,3,2,2,3,3,2,3,3,2,1,1,3,3,3,3,2,2,2,2,2,2,2,2,3,3,3,3,0,2,3,4,4,3,1,0,3,3,3,2,2,2,1,1,1,3,3,3,3,3,2,1,2,1,1,1,1,1,1,2,3,3,2,2,1,1,0,1,2,2,2,2,2,2,2,2,3,3,4,3,3,3,2,2,2,2,3,3,3,3,2,2,1,2,1,1,1,1,3,5,2,3,2,2,2,2,3,2,3,3,4,3,4,3,4,3,1,1,3,2,2,1,0,1,2,1,0,1,2,3,3,3,1,1,3,3,3,4,2,1,0,0,1,1,1,2,1,2,2,2,2,2,2,2,2,2,2,2,2,2,2,2,1,1,2,2,2,1,1,1,1,1,1,1,1,1,1,1,1,1,2,2,2,2,2,2,2,2,1,1,3,3,1,2,4,3,3,3,3,3,3,3,3,1,1,2,2,1,1,1,1,1,3,2,3,3,3,3,5,4,3,3,4,3,3,4,4,4,3,2,4,4,4,3,3,3,4,2,4,5,5,4,3,3,2,3,4,4,3,1,1,2,1,1,1,1,2,2,2,1,3,2,2,2,3,3,3,3,3,2,2,1,1,1,1,1,1,2,3,3,2,1,1,2,3,3,3,3,3,3,2,1,1,1,3,4,3,3,4,5,5,4,2,2,2,1,3,2,1,1,2,2,1,2,1,1,2,1,1,1,1,1,2,2,2,2,2,2,3,3,3,2,2,2,2,2,2,2,2,2,1,1,1,1,1,1,1,1,2,2,3,2,2,2,1,1,1,1,0,2,3,2,1,1,1,2,2,2,2,2,1,0,2,2,2,3,4,4,4,2,1,1,1,2,2,2,2,3,1,1,2,3,2,2,2,1,3,4,5,4,2,2,2,2,6,4,4,3,3,2,2,1,3,4,3,3,3,3,4,4,3,2,2,2,2,2,2,2,3,3,3,3,3,2,2,2,2,2,2,2,1,1,1,1,1,1,2,2,1,1,2,3,1,1
266,3,2,1,1,1,2,1,1,2,3,2,1,1,2,2,4,3,2,2,1,2,3,3,3,3,3,3,3,3,3,3,2,3,3,3,3,3,4,4,2,2,2,2,2,2,2,2,2,2,2,2,2,2,2,2,3,3,3,3,3,3,3,3,3,3,3,2,2,2,2,2,2,3,3,3,3,2,2,3,3,3,2,2,2,2,1,2,1,1,1,3,3,3,3,1,4,3,3,3,2,2,1,1,1,1,1,1,1,1,1,1,1,1,2,3,2,1,0,0,2,4,2,2,1,1,1,2,3,3,2,3,3,3,2,2,2,2,1,1,1,1,1,2,4,2,1,3,3,2,1,3,3,3,4,5,4,4,4,4,4,3,4,3,3,2,3,3,3,3,2,2,2,3,3,3,2,2,2,3,4,3,3,3,3,3,3,3,3,3,3,3,4,3,3,3,3,3,4,4,3,4,4,3,3,3,2,2,3,2,1,3,3,4,3,2,3,1,1,1,1,1,1,1,3,3,3,3,3,3,3,4,3,3,3,3,3,3,3,3,3,3,3,2,2,3,3,2,3,3,4,3,3,3,2,2,3,3,3,3,3,3,3,3,1,1,1,1,2,2,2,2,3,3,3,3,3,3,3,3,2,3,5,4,3,3,3,4,2,2,2,2,2,2,2,2,2,2,2,2,2,2,2,2,1,2,2,2,2,1,1,2,2,2,3,3,3,2,2,3,4,4,4,4,3,3,3,4,5,5,3,3,2,1,0,0,1,3,3,2,1,1,3,3,4,4,4,4,4,4,3,4,1,2,2,2,3,3,3,2,1,3,3,3,4,3,2,3,3,3,3,4,3,4,4,4,2,2,2,2,2,2,2,2,2,2,1,1,1,1,2,2,3,2,1,2,2,2,2,2,2,2,2,2,2,2,1,2,1,2,2,2,2,2,1,1,3,2,2,2,2,2,2,2,1,1,2,2,0,1,2,3,1,1,2,2,2,2,1,1,1,1,1,1,1,1,2,2,2,2,2,2,2,2,2,2,3,2,2,2,2,2,2,2,1,1,1,1,1,1,1,1,3,3,3,3,3,3,3,3,2,2,1,1,1,1,1,1,2,3,3,3,2,2,2,1,2,3,3,2,2,2,2,3,2,2,3,3,3,4,3,3,2,2,2,2,2,2,2,2,3,2,2,2,2,2,2,2,3,3,2,2,2,2,1,1,1,2,2,2,3,3,3,3,4,3,3,1,2,3,4,4,1,2,2,3,3,3,3,3,4,4,4,3,2,2,3,3,6,5,4,5,4,4,2,1,4,5,4,4,4,5,5,4,3,2,3,3,2,3,3,2,3,3,3,3,3,3,3,5,3,2,2,3,4,3,1,4,6,5,5,3,2,2,1,3,1,3,2,2,2,3,2,1,0,2,2,2,2,3,3,4,3,3,4,4,3,3,2,2,2,2,2,2,2,2,2,2,1,1,1,1,1,1,1,2,2,0,1,3,4,3,2,3,4,2,2,2,3,2,2,3,5,5,5,5,5,5,5,5,3,3,2,2,2,2,3,3,3,3,3,3,3,3,2,2,1,1,2,3,4,3,2,3,2,1,2,2,3,4,3,3,1,3,2,1,1,2,3,5,2,1,1,1,1,1,1,1,1,2,3,3,3,3,1,1,1,3,1,1,1,1,1,1,3,2,1,1,1,1,2,3,3,3,2,2,3,3,2,3,2,1,2,2,3,2,2,1,2,3,3,3,4,4,4,4,2,3,5,5,4,2,2,3,3,3,3,3,3,3,3,3,3,3,3,3,3,3,3,3,3,1,2,2,3,4,3,3,2,2,2,2,2,2,2,2,1,1,1,1,2,2,3,3,3,3,3,3,3,3,3,3,2,2,3,3,3,3,4,4,2,2,2,2,2,2,2,2,1,2,2,3,3,2,3,2,3,3,3,3,3,3,3,3,2,2,2,2,2,2,2,2,5,4,3,3,3,3,4,5,3,3,2,2,2,1,1,1,0,0,1,1,1,1,1,1,2,2,1,1,1,1,2,2,3,4,4,3,2,2,4,4,1,2,3,3,3,2,2,2,1,1,1,1,1,1,2,3,4,3,4,4,4,4,3,4,2,2,3,3,3,4,4,4,0,1,1,1,1,1,3,1,2,3,3,3,2,2,2,3,3,3,3,2,2,1,1,1,1,2,1,2,2,2,2,2,2,1,1,2,2,2,2,2,4,4,3,2,2,2,1,1,2,2,2,2,1,1,2,3,3,3,4,4,3,3,2,2,2,2,2,2,3,3,3,3,1,3,3,3,2,2,4,6,3,2
267,2,1,1,2,3,3,1,1,1,2,2,2,2,2,3,2,3,4,3,3,3,2,3,3,4,4,4,2,2,1,2,3,2,1,2,3,3,2,2,2,4,5,4,3,1,3,5,4,3,2,1,2,2,4,2,2,2,1,1,1,2,3,2,2,3,3,3,3,3,4,4,3,2,3,3,3,4,4,3,1,1,1,1,1,1,1,1,1,2,4,4,4,3,3,2,2,2,2,3,3,3,3,3,2,2,4,5,5,5,4,2,1,1,1,1,1,1,1,1,0,1,3,3,3,3,5,6,3,2,1,2,3,4,3,2,2,2,2,4,3,3,3,3,5,6,4,5,4,4,5,4,3,2,2,2,2,2,3,3,1,1,1,1,3,3,2,0,2,2,2,2,2,2,2,2,3,3,3,3,3,3,3,3,3,4,4,3,3,3,3,3,2,3,3,2,2,2,2,2,3,4,5,4,2,2,4,4,2,2,3,3,4,4,4,4,4,3,3,4,5,5,4,2,1,1,2,3,4,4,3,2,2,2,2,2,2,2,2,2,3,2,2,2,2,2,1,1,2,4,4,4,4,5,4,4,3,3,3,3,3,3,3,3,1,2,4,5,5,5,3,2,2,2,2,2,2,2,3,3,3,3,3,3,3,3,3,2,1,1,2,2,2,2,2,2,3,3,3,3,3,3,3,3,1,1,3,3,2,1,0,1,3,3,3,3,3,3,3,3,2,1,2,2,2,2,2,2,4,3,3,4,2,3,3,3,2,2,2,2,2,2,2,2,5,4,3,2,1,1,1,2,4,1,1,2,3,3,2,1,2,1,1,3,4,4,4,4,4,4,4,3,3,3,3,3,3,3,3,3,2,2,1,2,2,2,2,2,2,2,2,2,1,1,2,2,2,2,3,2,3,4,4,4,4,4,3,3,3,2,0,3,4,5,4,2,3,3,3,2,2,2,1,1,1,1,2,2,3,2,2,4,3,3,3,3,3,3,3,3,3,3,3,3,3,3,3,3,3,3,3,3,3,3,3,3,3,2,2,2,2,2,2,2,3,3,3,3,3,3,3,3,3,3,3,3,3,3,3,3,3,3,3,3,1,1,1,1,3,4,5,4,3,2,3,4,4,4,2,2,2,2,3,3,3,3,3,3,3,3,3,3,3,2,2,2,1,1,1,2,3,4,3,1,1,1,1,0,2,2,2,2,2,2,2,2,3,2,4,3,3,4,2,3,3,3,3,3,3,3,3,3,3,3,3,3,3,3,3,3,2,1,3,4,4,2,2,2,3,3,3,3,3,3,3,3,5,3,4,3,3,3,4,3,0,3,5,6,6,6,5,3,4,2,3,2,2,3,1,1,1,0,1,2,3,4,3,1,2,2,2,2,2,1,2,2,1,2,2,2,2,2,2,2,2,2,1,1,1,3,3,3,3,3,3,3,3,3,3,3,1,1,1,1,2,3,3,1,1,2,2,2,2,2,2,2,3,3,3,3,3,2,2,2,2,1,2,2,2,3,3,3,2,2,2,2,2,2,2,2,1,1,2,2,2,2,2,2,1,1,1,1,1,1,4,2,1,2,2,2,2,2,2,3,4,3,3,2,3,3,3,2,2,2,1,2,2,2,2,1,2,2,2,2,4,4,4,3,3,3,2,2,2,2,2,2,1,2,2,2,2,2,3,2,1,1,1,1,1,1,1,2,3,3,3,3,2,2,1,2,2,3,2,1,2,2,3,3,3,3,2,3,3,3,3,3,2,3,3,3,2,3,4,4,1,2,2,2,2,3,2,3,4,4,4,3,3,4,4,4,3,2,1,1,1,2,1,1,2,3,4,4,4,4,3,3,2,2,3,3,3,3,3,4,4,2,2,2,3,3,3,2,1,1,3,4,4,4,5,4,2,2,1,1,2,2,2,2,2,2,2,2,2,2,2,2,2,1,2,1,1,1,1,1,1,1,2,1,1,1,4,5,2,1,1,1,1,1,2,3,3,3,3,3,3,3,3,4,4,3,3,3,3,2,2,2,3,3,2,2,2,2,1,2,2,2,3,3,3,3,3,3,2,2,3,5,4,2,1,0,2,3,2,4,3,3,4,3,1,1,1,1,1,2,2,2,3,4,4,4,4,4,4,4,2,3,4,3,3,3,2,1,1,1,1,1,1,1,1,1,2,2,2,2,3,3,3,3,3,3,3,3,4,5,5,5,1,2,1,1,2,2,1,1,2,1,1,1,1,1,1,1,2,2,2,2,2,2,2,2,3,3,3,3,3,3,3,3,1,2,2,2,3,3,4,4,3,3,3,3,3,3,3,3,3,2
268,2,1,3,3,3,3,3,2,2,2,2,3,3,3,3,3,2,2,2,2,2,3,3,2,2,2,2,2,2,3,4,3,4,3,3,3,3,3,3,2,3,7,7,3,1,1,1,2,2,2,2,2,2,2,2,3,3,2,2,1,1,1,1,3,3,3,3,3,3,3,3,2,3,3,2,4,4,3,3,2,2,2,2,3,3,3,3,3,3,3,4,4,5,6,4,5,4,3,3,2,1,0,1,3,1,0,0,1,2,3,2,1,1,1,1,1,2,3,3,4,3,3,3,4,4,3,3,1,3,3,2,2,2,2,2,3,3,2,1,1,1,3,3,3,1,1,4,3,3,3,4,3,3,3,3,3,3,3,3,1,2,2,2,2,2,2,1,3,4,3,3,4,3,3,5,4,4,4,4,4,4,4,4,3,3,3,3,3,3,3,3,2,3,3,3,3,3,2,3,3,1,1,3,4,4,3,3,2,3,4,4,2,3,5,3,2,4,4,4,3,1,1,1,3,3,2,1,1,1,3,3,5,5,4,5,5,2,0,2,3,1,1,1,2,1,2,3,3,1,1,1,3,4,5,2,2,2,2,2,2,2,2,2,2,2,2,2,2,2,2,2,2,2,2,2,2,2,1,3,3,2,2,1,1,1,1,1,2,2,2,2,2,2,2,3,4,3,3,2,3,4,5,5,1,1,1,1,4,5,3,3,4,2,2,2,2,3,2,2,4,3,2,1,1,1,2,4,3,2,2,4,4,3,3,3,2,3,1,1,1,2,4,5,5,4,3,3,3,4,4,3,2,2,3,2,2,1,1,1,2,2,4,4,4,3,3,2,3,5,5,5,4,4,6,5,2,3,4,4,4,2,2,1,1,2,2,2,1,2,2,1,3,3,3,3,3,3,3,3,2,2,2,2,2,3,3,3,5,4,5,4,4,4,4,4,3,4,3,2,1,1,3,4,4,2,3,3,3,3,3,2,2,2,2,1,1,1,2,2,2,3,3,3,3,3,4,4,1,1,1,1,1,1,1,1,2,2,2,2,3,4,3,3,4,3,3,3,3,3,3,3,3,2,2,3,3,3,1,1,2,4,5,3,2,2,2,2,1,1,1,2,2,2,3,3,2,2,3,3,3,3,2,2,2,2,3,3,2,3,3,1,2,2,3,3,3,3,2,2,3,2,2,3,3,3,4,3,3,3,3,3,3,3,3,3,3,3,4,4,4,4,3,3,3,3,3,3,3,2,2,1,1,1,1,1,1,1,1,1,2,2,2,2,3,3,3,3,2,2,2,2,2,2,2,2,2,3,3,3,3,2,2,3,3,2,1,2,4,5,5,3,2,2,2,2,2,3,2,2,4,4,5,5,4,4,2,2,3,3,2,3,3,3,2,2,2,3,2,3,3,2,2,3,2,2,2,3,3,2,2,2,3,3,3,4,5,4,3,3,3,1,1,1,3,1,1,1,4,3,3,2,2,2,1,1,1,2,3,4,5,5,4,3,1,1,3,3,3,1,1,4,0,2,2,1,1,1,1,2,3,1,1,3,3,1,1,2,3,3,3,3,3,3,3,3,2,2,1,1,1,1,2,2,3,3,4,3,2,1,1,2,2,2,2,2,2,3,3,3,3,3,3,2,1,2,2,3,3,2,1,0,0,2,2,2,4,3,1,1,1,1,3,3,3,3,3,3,3,3,3,3,5,2,1,0,0,2,5,4,2,2,2,2,3,3,3,3,1,1,3,4,4,4,6,4,1,1,1,3,4,3,2,3,3,3,1,0,3,3,2,1,2,3,4,4,3,2,3,4,3,4,4,3,4,3,4,4,4,4,3,2,3,3,3,3,1,1,4,3,3,1,2,4,2,2,3,3,3,3,3,3,3,2,2,2,2,2,2,2,4,5,5,3,2,3,2,3,3,3,3,2,3,3,2,3,4,2,2,2,3,3,4,3,2,2,2,2,2,2,2,2,3,2,2,2,3,3,3,3,2,2,2,2,2,2,2,2,2,2,2,2,2,2,2,2,2,2,2,2,2,2,2,2,2,2,2,2,2,2,2,2,2,2,2,2,2,3,3,3,2,1,2,3,4,4,1,2,2,1,3,4,4,2,1,1,2,3,3,3,3,3,4,4,3,1,2,2,1,2,2,2,2,2,2,2,2,2,2,2,2,1,2,3,4,4,3,2,2,2,2,2,2,3,3,3,0,2,3,2,2,2,3,3,1,1,1,1,1,1,1,1,3,3,3,2,3,2,2,2,3,3,3,3,3,3,3,4,4,4,4,4,4,4,4,3,2,4,4,2,2,1,4,4,1,3
269,2,1,1,1,3,3,1,2,2,2,2,2,1,0,2,3,3,4,3,3,3,3,2,3,3,2,2,2,2,2,3,1,3,4,3,3,3,2,2,5,5,4,4,3,3,4,3,1,1,2,2,2,2,2,1,2,3,2,3,2,3,5,4,4,3,3,3,2,2,3,1,1,2,3,4,3,2,1,2,2,1,1,2,4,4,3,2,0,1,1,2,3,4,3,3,3,4,6,5,3,2,4,4,2,2,1,0,2,2,2,1,2,1,2,2,2,4,4,2,2,2,2,2,2,2,2,3,3,2,1,1,2,2,2,2,3,3,4,3,3,4,5,4,4,3,2,3,3,3,4,4,4,3,2,3,3,3,3,3,2,2,1,2,2,2,2,2,1,2,2,2,2,3,3,3,4,4,4,4,4,4,4,4,3,2,2,1,2,3,3,5,5,4,2,1,1,2,4,5,5,4,3,3,4,2,2,2,3,3,3,3,3,3,3,3,3,2,1,2,2,2,2,2,4,4,3,3,3,4,4,3,2,2,3,2,3,2,3,3,2,2,3,3,3,3,3,3,2,3,3,3,3,2,1,1,2,3,4,4,2,2,3,4,3,3,3,3,3,3,3,3,2,2,4,4,2,2,2,2,4,4,4,4,3,4,3,3,1,1,1,1,1,1,1,1,2,2,2,2,3,4,5,4,4,2,2,3,3,3,3,2,3,4,3,3,4,5,3,2,3,3,3,2,1,1,2,2,1,1,2,3,3,5,4,4,1,3,3,2,1,1,3,3,4,4,4,4,4,4,4,3,3,2,3,2,3,2,2,2,3,3,3,3,4,4,4,4,2,1,1,1,1,1,2,2,3,3,2,2,3,4,2,2,2,2,3,3,3,3,4,4,3,3,4,4,4,4,3,3,3,3,3,3,3,3,3,3,3,2,2,3,3,3,4,5,6,5,5,5,4,4,4,3,2,3,3,4,5,3,1,2,1,2,3,4,4,4,2,2,3,2,2,2,2,2,2,3,4,3,3,3,3,3,3,3,3,3,4,3,3,2,2,2,3,3,3,3,2,2,2,2,2,3,3,4,4,3,2,3,2,1,2,1,1,1,1,1,3,3,3,3,3,3,3,3,4,3,3,2,2,1,2,3,1,0,2,2,2,2,1,1,1,2,3,2,2,3,3,4,2,2,3,3,4,4,4,5,3,3,3,3,3,3,3,3,2,2,3,3,3,3,2,2,3,3,3,3,3,3,4,4,3,4,5,4,3,2,3,3,2,3,3,2,2,2,2,2,3,3,4,4,4,3,3,4,2,1,2,2,2,3,3,3,5,4,3,3,4,4,3,3,2,3,2,2,3,4,2,3,2,2,3,3,4,4,3,3,3,4,4,4,3,2,3,3,2,2,2,2,2,3,4,4,2,1,1,2,2,2,3,3,2,2,2,2,3,4,4,4,4,3,2,3,5,4,3,3,2,2,3,2,2,2,2,3,3,3,4,4,4,3,2,2,2,2,2,2,2,2,2,2,3,2,2,2,2,3,3,3,1,2,3,4,5,5,5,4,3,2,2,2,2,1,1,1,3,3,3,3,3,3,3,3,3,3,2,1,2,3,3,2,3,3,3,3,3,3,3,3,2,1,2,2,3,3,3,3,2,2,3,4,4,4,5,4,3,3,2,1,1,1,1,1,2,2,3,2,2,2,2,3,4,4,4,4,4,4,4,4,3,3,3,3,4,3,2,3,4,3,2,3,4,5,4,2,3,3,3,2,2,2,2,1,1,2,2,3,4,4,5,5,2,2,2,2,2,3,3,4,3,3,2,2,2,1,2,3,2,2,3,3,3,3,3,2,2,2,2,2,2,2,2,2,2,2,2,3,3,4,4,4,2,2,3,3,2,1,2,3,4,3,3,2,2,2,2,2,3,3,3,3,3,3,3,3,3,3,3,2,2,2,1,1,3,3,2,2,2,1,1,0,2,2,1,1,1,1,2,3,3,2,1,2,2,2,1,2,3,3,3,3,3,3,3,4,2,2,2,0,0,1,2,3,3,3,3,3,3,3,3,3,4,3,2,2,1,1,1,1,3,3,3,3,2,2,2,2,3,4,3,3,2,2,1,2,2,3,3,3,3,3,3,2,2,2,2,2,2,3,3,3,2,2,3,5,5,4,2,3,2,1,2,2,5,4,1,1,2,1,1,2,2,2,2,2,2,2,2,2,2,2,2,2,4,5,4,3,2,1,2,3,3,3,2,2,2,2,2,2,3,2,3,3,3,3,3,3,3,3,3,2,2,2,2,2,2,2,1,2,4,3,3,2,3,3
270,3,3,3,3,3,3,3,3,2,1,2,4,3,2,1,3,3,4,3,4,4,4,3,3,1,1,1,2,2,1,2,2,3,3,2,2,2,2,2,3,5,4,1,2,4,3,1,3,4,4,4,4,2,2,2,3,3,3,3,3,3,3,3,2,2,2,1,3,4,4,4,2,2,2,2,2,2,2,2,2,3,3,2,2,2,3,3,2,2,2,2,1,0,1,1,2,2,2,2,2,2,2,2,3,2,2,2,2,2,2,1,3,3,3,5,6,4,2,2,1,0,2,2,2,3,4,3,3,4,4,2,2,3,3,3,3,3,2,2,2,3,3,2,2,4,3,2,3,3,4,4,3,3,3,3,3,3,3,3,2,2,2,2,2,3,2,2,2,1,0,1,2,2,2,1,2,3,3,3,2,4,2,1,1,2,2,1,2,2,2,1,3,2,3,4,4,2,4,4,3,2,3,3,3,2,3,4,4,4,4,4,4,4,4,4,4,3,3,3,3,3,3,3,2,2,2,2,2,2,2,2,1,2,1,2,2,3,3,2,3,4,4,3,2,4,3,0,2,3,2,3,2,1,2,2,3,3,3,3,3,3,3,4,3,4,4,4,3,2,2,3,3,4,4,5,5,4,4,3,3,3,3,3,3,3,3,3,2,3,5,5,4,3,3,3,2,2,2,2,2,2,2,2,2,2,2,2,2,2,2,2,3,2,2,3,3,3,3,3,3,3,4,3,3,3,2,3,4,3,3,3,3,3,4,2,2,3,3,1,1,1,2,3,4,4,4,4,3,3,3,3,3,3,3,3,3,3,3,3,3,3,3,3,3,3,3,3,3,3,4,4,4,4,4,4,2,2,2,2,2,2,2,2,3,3,3,3,3,3,3,3,2,2,2,2,2,2,4,4,4,3,2,3,3,4,4,4,2,2,3,2,3,4,5,4,2,3,3,5,4,2,3,3,3,2,2,2,2,2,2,1,2,3,3,2,4,3,2,2,2,4,4,4,4,3,4,3,3,2,1,1,3,3,3,3,2,2,2,2,2,3,3,3,2,2,2,2,2,2,2,1,1,1,2,2,2,3,2,2,3,3,3,3,3,3,3,3,3,3,3,3,3,2,1,3,4,2,2,3,3,3,2,2,4,4,3,2,2,3,4,3,2,2,3,3,3,3,3,3,2,2,2,2,1,1,1,2,2,2,2,2,2,2,2,2,1,2,3,2,2,2,2,3,5,5,3,4,4,4,3,2,4,3,2,3,3,3,4,4,1,2,3,4,3,2,2,0,2,3,2,3,5,6,6,3,1,2,4,3,1,1,2,2,1,2,3,3,3,2,3,2,2,2,2,2,3,3,4,3,1,2,3,3,4,3,3,3,3,3,2,2,2,2,3,3,4,3,1,2,1,1,1,1,2,2,2,2,2,2,2,2,1,3,2,3,1,1,1,2,3,2,2,2,3,3,2,2,2,2,2,1,2,2,2,2,2,2,2,2,2,2,2,2,3,4,3,3,3,5,5,3,3,3,2,1,1,1,2,3,2,2,2,2,3,4,2,1,2,2,1,2,2,1,1,1,1,1,1,1,1,1,1,1,1,1,1,1,2,2,3,3,2,1,2,1,1,1,2,3,4,4,2,2,3,4,4,4,3,2,2,3,3,3,3,3,3,2,2,4,4,3,3,4,3,2,2,2,2,2,2,2,4,4,4,4,3,2,2,2,2,2,2,2,2,2,2,2,2,2,2,2,2,2,2,1,2,2,2,2,3,4,3,3,3,2,2,3,3,3,3,2,1,2,2,3,3,2,2,2,2,1,1,2,1,2,1,0,1,3,4,4,4,2,0,2,1,3,2,3,3,3,3,3,5,6,3,3,4,4,3,1,1,1,3,3,1,1,1,1,3,3,2,2,1,2,2,2,4,3,3,3,3,3,3,3,4,3,3,2,3,4,3,3,3,3,3,2,3,3,3,4,1,1,3,3,3,1,1,1,2,1,2,2,3,4,4,3,2,2,2,2,2,2,2,2,1,1,2,3,3,2,1,1,3,3,3,3,3,2,2,2,4,4,4,3,1,1,1,1,1,1,2,2,2,3,3,4,3,4,2,2,3,3,3,1,2,2,1,1,1,1,0,0,2,2,2,2,2,2,2,2,1,2,2,2,2,2,2,2,3,3,2,3,3,3,4,4,2,2,2,2,2,2,3,3,2,3,3,2,2,2,3,4,3,3,3,2,2,2,1,1,2,2,2,2,2,2,2,2,1,2,1,1,1,1,1,1,2,2,2,2,2,2,2,2,2,2,2,2,2,2,2,2,2,2
271,3,2,2,2,2,1,1,1,2,2,3,3,2,2,1,2,3,2,2,1,2,2,3,5,5,3,3,3,3,3,3,2,1,1,2,1,3,4,4,3,3,4,4,4,3,1,3,3,2,2,2,2,3,3,2,4,2,1,2,3,3,2,0,2,2,2,3,3,3,3,2,2,2,2,2,2,2,2,2,4,2,2,3,4,3,1,1,5,4,3,3,3,4,3,3,2,1,3,3,4,4,4,4,4,4,3,3,3,3,3,4,3,3,3,3,3,3,3,3,1,1,2,3,3,3,3,2,3,3,1,2,1,2,2,1,2,2,2,2,2,2,2,2,2,2,2,1,2,2,2,4,2,1,2,2,2,2,2,2,3,2,3,4,3,3,2,3,2,3,4,4,4,4,3,3,3,3,2,2,1,2,2,2,2,2,2,3,3,2,2,3,2,1,2,1,2,4,5,5,2,2,1,1,1,1,1,1,1,2,2,3,4,6,5,5,2,1,2,2,2,2,2,2,1,1,2,3,3,5,5,5,3,3,3,2,2,2,1,1,2,1,3,3,3,3,3,3,3,2,1,1,2,3,2,2,1,1,2,2,2,2,1,1,2,3,3,3,3,2,3,2,4,3,3,2,1,2,2,3,3,3,2,3,3,4,4,3,2,2,2,2,3,3,2,2,1,2,2,2,1,1,2,2,0,2,4,4,2,1,1,2,3,4,2,2,2,3,3,3,3,3,3,4,3,2,2,3,3,2,2,2,2,2,2,2,3,4,5,3,3,2,4,5,4,4,2,3,4,3,1,2,3,3,3,3,2,3,3,4,4,3,3,3,3,3,3,3,5,4,3,3,3,3,2,2,2,2,2,2,2,2,2,2,3,3,3,3,3,3,3,3,3,3,3,3,3,3,3,3,2,2,3,4,4,4,3,1,1,1,2,2,2,1,1,2,4,3,3,3,2,2,3,4,4,3,4,3,3,3,3,3,1,1,1,1,1,1,1,2,2,2,2,2,2,2,4,3,3,3,3,4,4,4,2,2,2,3,2,2,2,2,2,3,3,2,3,3,2,3,3,4,2,2,2,2,3,3,3,3,4,4,4,4,3,3,2,2,2,2,2,2,2,2,2,2,4,4,4,4,4,4,4,4,4,3,3,2,2,3,3,2,2,2,2,2,2,2,3,4,4,3,4,3,2,2,1,2,1,1,1,1,1,1,1,2,2,1,1,4,4,3,1,1,3,2,2,2,2,3,3,3,0,1,1,2,2,3,2,2,2,4,6,4,3,2,3,3,3,2,1,2,3,2,2,4,5,6,4,4,4,2,2,2,5,6,4,3,3,3,3,3,2,2,2,1,2,1,1,3,1,1,2,3,3,2,2,1,1,1,2,2,1,1,3,2,3,3,3,3,3,3,3,3,2,2,2,2,2,2,2,3,4,4,2,2,2,2,3,5,4,3,3,3,3,3,3,3,3,4,4,4,4,4,4,5,4,5,5,3,2,2,2,3,5,3,1,2,1,2,3,2,1,1,1,2,2,2,2,2,2,2,2,4,4,4,6,3,1,1,2,3,3,4,6,5,3,3,3,2,2,1,2,2,3,4,5,4,6,5,5,6,3,3,4,4,4,4,4,2,2,1,2,2,3,3,2,3,3,3,3,3,3,3,3,3,3,3,2,3,3,2,2,1,2,2,2,2,2,2,2,2,1,2,2,2,2,3,3,3,1,1,2,2,1,2,1,2,2,2,2,2,2,2,2,2,4,3,3,3,3,3,3,3,2,2,2,1,2,2,1,1,1,1,2,2,2,2,1,2,1,1,1,1,1,1,1,1,2,2,2,2,2,2,2,2,3,3,3,3,4,4,4,4,3,3,3,3,3,3,3,3,2,2,2,2,2,2,2,2,4,4,3,3,2,2,2,1,1,2,2,1,1,1,2,2,3,3,3,3,3,3,3,3,2,2,3,3,3,4,3,2,1,2,2,2,2,2,2,2,2,2,1,1,1,2,3,4,3,3,3,3,3,3,3,3,2,1,1,1,2,2,1,1,3,4,3,5,5,3,1,3,2,1,3,3,1,1,1,1,2,2,1,1,3,4,1,1,5,5,2,2,2,1,1,2,3,2,2,3,3,2,0,3,5,4,2,2,4,6,5,3,3,3,2,3,4,4,3,2,3,3,2,2,2,3,4,5,6,4,3,3,3,3,4,5,4,3,3,3,2,2,2,1,2,3,2,3,3,2,2,2,1,1,1,1,1,1,1,1,1,1,1,1,2,2,2,3,3,3,3,3,3,3,3,3,2,1,1,1,1,1,1,1,0,2
272,3,2,3,3,3,1,1,0,1,2,3,3,2,2,3,3,3,3,3,3,3,3,3,5,5,4,4,4,2,4,5,3,4,2,1,1,2,2,4,5,6,8,6,4,4,5,3,2,3,3,4,4,4,3,2,2,3,2,3,3,2,3,3,1,1,1,1,2,2,2,2,3,2,3,3,3,4,4,3,2,2,5,5,3,2,1,1,2,2,1,1,3,4,4,4,1,1,2,3,3,2,2,3,1,0,2,2,2,2,2,4,3,3,2,2,2,2,2,2,3,4,4,3,3,3,2,3,5,5,4,3,2,2,2,2,3,2,2,2,4,4,4,4,3,2,3,3,3,3,3,3,3,3,3,3,3,3,3,3,2,3,3,3,2,3,3,3,2,3,3,2,2,2,2,2,3,3,4,4,4,4,3,4,2,2,2,2,2,2,2,2,2,2,2,2,1,2,2,2,3,2,2,2,2,2,2,3,2,2,2,2,3,3,3,2,2,2,2,2,3,2,2,2,2,2,2,3,3,3,2,2,2,3,3,3,3,3,3,2,1,1,1,1,1,1,1,2,3,2,2,2,2,2,2,2,2,2,2,2,3,3,3,3,2,2,2,2,2,2,2,2,3,3,3,3,3,3,3,3,1,2,2,3,3,4,4,5,3,2,2,2,1,2,2,2,3,3,3,3,3,3,2,2,3,3,3,3,3,3,3,3,3,3,3,2,2,2,3,3,5,4,3,3,2,3,2,1,3,2,2,2,2,2,2,2,3,5,5,3,4,4,4,5,4,2,1,1,1,2,3,2,2,2,1,2,3,3,3,2,1,1,1,2,3,3,4,5,5,1,3,3,3,3,3,3,2,1,2,2,2,2,3,3,1,1,1,1,2,2,2,2,3,3,4,4,4,3,2,1,2,3,5,4,4,4,5,6,5,2,3,3,2,2,3,3,1,1,2,1,2,2,2,3,3,1,1,3,3,3,2,1,2,2,3,3,3,3,2,2,3,3,3,3,3,3,3,3,3,2,1,3,3,4,4,4,2,2,3,1,2,2,2,2,1,2,2,3,2,2,2,3,3,2,1,3,3,3,3,3,1,2,2,2,2,2,2,3,5,3,3,4,3,3,4,5,2,2,3,3,3,2,2,2,2,2,1,1,2,2,3,3,2,2,2,2,2,3,3,3,3,3,2,3,3,3,3,3,3,4,4,4,3,3,3,4,1,2,1,1,1,1,2,1,9,6,4,3,3,3,2,3,3,3,3,3,3,3,3,3,2,2,2,2,2,2,2,2,3,3,3,3,3,3,3,3,4,5,5,3,2,2,3,3,2,2,2,2,2,2,2,2,2,2,2,2,2,2,3,2,1,2,1,1,1,1,2,2,2,2,3,3,4,3,2,1,1,2,2,3,3,3,2,2,1,1,1,1,1,1,1,1,2,2,1,1,1,1,2,3,2,2,3,5,5,3,1,1,2,2,2,2,2,2,2,2,3,2,3,3,3,3,2,3,3,2,2,2,2,2,4,2,1,2,2,2,3,3,2,2,1,1,1,1,1,1,1,1,3,3,3,4,4,4,4,4,1,0,2,2,2,3,3,3,1,1,3,3,2,2,1,2,3,3,3,3,3,3,3,3,4,4,3,3,3,3,3,3,2,2,2,2,2,2,2,3,3,3,2,2,2,2,2,3,2,2,2,2,2,2,2,2,3,3,3,3,3,3,4,2,1,2,3,4,4,3,2,4,2,1,2,2,3,3,1,2,2,1,1,2,3,3,2,4,5,7,5,4,3,3,4,4,3,3,2,2,2,2,4,2,1,2,2,3,2,3,2,3,2,2,2,2,2,2,2,2,3,3,3,3,3,3,3,3,2,2,3,3,3,3,3,4,3,3,3,3,3,3,3,3,2,4,4,2,1,2,4,4,3,2,2,2,2,3,3,1,2,4,3,3,3,4,6,4,3,5,5,4,2,3,4,4,2,2,3,2,3,4,3,3,3,2,1,1,1,2,2,3,2,1,1,2,2,2,1,2,2,1,1,1,1,1,1,1,1,1,3,3,3,3,2,2,2,2,2,2,2,2,2,2,1,1,2,2,2,2,3,4,2,2,3,3,3,3,4,4,2,2,2,2,2,2,2,2,3,3,3,4,3,2,2,3,5,3,2,3,4,4,2,2,2,3,3,3,3,3,2,2,0,2,3,3,3,3,4,4,3,3,3,3,3,3,3,4,4,4,4,3,3,3,3,3,2,2,2,2,2,2,2,3,4,3,4,4,4,4,3,3,2,2,2,2,2,2,2,2,2,3,3,3,3,3,4,3,3,2
273,2,2,2,2,2,2,2,3,3,3,3,3,3,3,4,2,2,2,2,2,2,2,3,4,4,3,1,2,3,3,2,3,2,2,2,2,2,2,2,3,3,4,5,4,3,3,5,2,1,2,3,4,4,4,3,2,3,3,3,3,3,3,3,2,2,2,2,2,2,2,1,3,3,2,3,2,2,3,2,2,2,2,2,3,3,3,4,4,3,1,2,2,2,4,3,2,0,1,2,1,0,1,2,4,3,3,4,4,4,4,4,2,2,2,1,2,2,3,3,2,3,3,3,2,2,2,4,3,3,3,3,3,4,5,4,2,2,1,2,2,2,1,2,2,3,3,3,3,3,3,4,3,2,3,3,3,4,3,4,3,4,4,4,4,4,4,3,1,3,4,5,5,4,3,2,3,3,3,3,3,3,3,2,1,1,2,4,4,3,2,1,1,2,1,1,1,1,1,3,2,1,1,1,1,1,1,1,2,2,2,2,3,3,4,4,4,4,2,2,2,1,1,1,2,2,2,2,2,3,4,3,1,1,2,2,2,2,3,3,1,1,2,2,3,3,5,4,1,0,2,3,2,3,3,3,3,3,3,3,3,3,3,3,2,2,2,2,2,2,2,2,1,1,2,3,3,3,4,3,3,3,4,3,3,2,1,2,2,5,4,5,5,5,3,2,2,2,2,3,3,3,3,3,4,6,4,4,4,4,4,2,2,5,5,3,4,5,5,4,1,1,2,1,2,1,1,2,2,2,3,3,3,3,3,3,1,0,2,3,2,4,4,3,4,3,3,5,5,4,3,3,2,2,3,3,2,2,2,2,3,2,2,2,2,2,3,3,3,4,3,2,2,4,3,4,4,2,2,2,2,2,3,1,3,4,3,5,2,2,1,1,3,3,3,2,2,2,2,1,2,2,2,2,1,1,4,4,2,2,4,4,3,2,3,3,2,2,2,2,2,2,2,2,1,2,3,2,2,4,4,4,4,4,2,2,4,5,3,3,3,3,2,2,3,3,3,1,2,1,1,2,3,3,3,2,2,2,2,2,2,1,2,2,3,3,3,3,2,2,1,1,0,1,1,2,2,2,3,3,2,2,2,2,2,2,2,2,4,4,3,2,2,2,3,3,1,1,1,1,1,1,1,1,1,1,1,1,1,1,1,2,2,1,1,1,2,2,2,2,3,2,3,3,3,3,3,3,4,4,3,3,3,3,2,2,2,2,3,3,3,3,2,2,2,3,2,2,2,2,1,1,2,2,2,2,2,2,2,2,2,3,3,3,4,4,4,3,2,2,2,2,2,2,2,4,2,2,4,4,4,3,2,2,3,3,3,3,3,3,3,4,3,3,2,2,1,1,2,2,3,3,3,4,3,3,4,4,2,1,1,1,1,1,1,2,3,3,3,3,2,2,2,3,2,2,2,2,2,2,2,3,3,1,1,1,1,2,3,1,1,1,1,1,1,2,3,3,3,2,1,2,2,3,3,1,1,1,1,3,3,1,1,3,1,1,1,1,1,1,1,1,1,2,1,2,1,1,1,1,2,2,2,2,1,1,1,1,1,1,2,3,3,2,1,2,1,1,1,1,1,1,1,1,1,1,1,1,1,1,1,1,1,1,1,1,2,2,2,2,3,2,3,3,3,3,3,2,4,5,4,5,3,2,3,3,3,3,2,2,2,2,1,1,2,2,2,2,1,1,0,0,0,0,1,1,2,2,3,3,3,3,3,3,3,3,3,2,3,3,3,3,3,2,1,2,2,2,3,3,3,3,2,2,3,3,3,3,3,3,3,3,2,3,3,4,4,3,3,2,3,3,2,2,2,2,3,3,2,2,2,2,2,2,3,2,2,1,2,1,1,1,3,2,1,1,1,2,3,2,2,1,2,2,2,2,2,2,2,2,3,3,3,3,3,3,3,3,2,3,3,3,3,2,1,2,3,3,3,3,3,3,3,3,4,3,3,3,4,4,5,4,4,3,2,2,3,4,2,1,2,3,3,3,3,2,1,3,3,3,3,3,3,3,3,3,2,3,3,3,4,4,3,4,4,3,3,4,4,4,2,2,3,3,3,3,3,3,4,3,0,1,2,1,2,3,3,4,4,2,3,6,4,1,3,3,1,2,3,2,2,2,3,3,2,2,2,2,2,2,3,3,3,3,3,3,3,3,3,3,5,4,2,2,1,1,2,2,1,1,1,1,2,3,4,4,2,2,3,3,3,4,4,4,3,3,3,3,3,3,3,3,2,1,1,1,2,2,3,4,3,2,3,3,3,3,3,4,2,1,2,1,1,1,1,2,3,2,2,3,3,3,3,4,4,2
274,2,4,5,4,2,2,3,5,4,1,3,2,3,3,1,2,4,3,4,4,5,5,5,3,2,2,3,3,5,4,3,1,1,2,3,3,4,4,4,5,5,7,6,6,5,4,5,3,3,3,4,4,3,2,1,2,2,3,2,2,2,2,2,2,2,2,2,2,2,2,2,1,3,3,3,3,4,2,2,2,3,1,0,0,1,1,1,1,2,3,3,4,3,3,3,2,2,2,3,3,3,3,2,1,1,2,3,2,2,4,4,3,1,1,2,3,4,3,3,2,2,2,2,2,2,2,2,1,1,1,2,2,1,3,3,3,3,2,3,3,3,3,3,3,2,2,2,2,3,2,0,1,1,2,2,2,2,2,2,1,1,2,1,1,1,2,1,1,1,1,2,1,3,4,2,3,3,3,3,3,3,3,4,4,2,2,3,4,4,3,2,3,4,4,3,3,4,3,3,3,2,4,5,5,3,3,4,3,3,3,3,3,3,4,4,3,3,1,2,2,3,3,1,3,3,3,3,2,3,4,3,3,4,3,3,3,3,4,4,3,3,3,3,3,3,3,3,3,3,3,3,3,3,3,4,3,2,2,2,3,3,3,2,2,2,2,2,3,4,3,2,3,4,4,3,2,2,2,3,3,3,3,3,3,2,2,3,3,3,4,3,3,4,4,4,2,2,2,2,2,2,2,1,1,2,2,3,3,3,3,2,2,3,3,4,4,3,2,2,3,3,3,3,3,3,3,3,1,2,2,2,2,2,3,3,1,1,1,2,2,2,1,1,2,2,3,3,3,4,2,1,4,3,3,3,3,4,4,4,4,3,3,3,3,3,3,3,3,3,3,3,3,3,3,3,2,3,2,2,2,1,1,1,4,3,2,2,2,2,4,4,2,2,2,3,3,3,3,3,2,4,4,4,3,2,2,2,3,3,2,3,4,5,4,2,3,3,3,2,3,3,3,3,3,3,2,2,2,2,2,3,1,2,2,2,3,3,2,3,3,3,3,2,2,2,1,1,2,2,2,3,3,2,2,2,3,3,3,3,4,3,3,4,0,1,2,2,2,3,3,2,2,1,1,2,2,2,2,2,2,2,2,2,2,2,2,2,1,3,3,3,3,3,3,2,2,2,3,3,3,3,3,2,3,4,3,4,2,3,2,2,4,4,3,4,4,2,1,3,2,1,1,1,1,1,1,1,3,3,3,3,3,3,3,3,3,2,3,3,3,2,3,3,1,3,4,3,3,2,2,2,1,1,3,4,3,1,0,1,1,1,4,4,4,4,2,1,2,2,2,2,2,2,2,2,3,3,2,2,2,2,3,3,2,2,2,3,3,3,4,4,3,2,2,2,2,2,2,2,2,3,3,4,4,2,3,4,2,0,1,3,2,1,1,0,1,0,2,4,4,3,2,3,3,2,3,3,1,1,1,1,1,2,1,2,3,3,3,4,2,4,5,5,4,3,2,2,1,2,2,2,2,3,3,3,3,3,2,1,2,2,3,3,3,2,3,3,3,4,5,5,3,3,3,3,3,3,3,3,3,3,3,3,3,3,3,3,2,2,3,3,3,3,3,3,3,3,3,2,2,2,2,3,3,3,3,3,3,3,3,3,2,1,1,1,1,0,0,2,2,1,2,2,3,3,2,2,2,2,3,3,3,3,3,2,2,0,1,2,2,2,3,4,4,4,4,3,3,2,1,2,3,3,4,4,3,3,3,3,3,3,3,2,2,2,2,2,1,1,3,5,4,3,2,3,2,2,3,3,2,2,2,2,1,1,1,1,2,2,2,3,5,4,4,3,1,2,1,1,2,2,1,1,2,2,2,2,1,3,5,5,3,1,1,1,4,3,3,2,2,2,3,4,2,2,4,3,1,1,1,2,3,3,1,2,2,2,2,2,3,4,4,3,3,3,3,4,2,2,2,2,3,3,3,3,2,2,2,2,2,2,2,2,2,3,2,2,2,2,3,3,3,3,1,1,1,1,2,2,2,2,2,2,2,2,2,2,2,2,2,2,2,2,2,2,2,2,3,3,3,3,2,1,1,3,4,4,3,2,1,2,2,3,2,2,2,2,2,2,3,3,1,1,3,5,4,1,1,1,1,2,2,2,2,1,3,3,3,3,3,3,3,4,3,2,2,2,2,2,3,3,3,3,3,3,2,1,1,1,1,1,2,2,2,2,1,1,2,1,2,2,2,2,2,1,2,1,2,2,4,4,2,1,1,2,2,2,3,3,3,4,5,5,4,3,3,3,3,5,2,1,1,1,1,1,1,1,1,3,4,3,3,3,2,2,2,2,1,2,2,2,2,2,1,1
275,3,3,2,2,2,2,2,1,2,3,3,3,2,3,4,4,3,3,3,3,3,3,4,5,5,3,2,2,1,2,2,3,4,4,3,3,3,3,3,3,3,4,3,3,3,4,3,3,3,3,3,4,3,3,4,5,5,5,2,1,3,3,3,2,1,2,2,1,2,3,3,3,3,2,4,5,4,4,3,3,4,4,4,4,4,4,4,3,3,3,3,3,3,3,3,2,0,2,2,2,2,2,4,5,4,4,3,3,2,3,3,1,2,2,2,1,1,2,3,3,2,2,4,5,5,5,3,2,3,3,3,3,3,3,3,2,2,1,1,2,2,2,2,0,1,2,1,1,1,1,2,3,3,3,3,3,3,3,3,2,2,2,2,2,3,2,2,4,4,3,3,2,2,3,3,2,2,3,4,4,3,4,4,2,3,3,3,3,3,2,2,2,2,3,3,3,3,3,4,3,3,3,3,3,3,3,3,3,4,2,2,3,3,3,3,3,3,4,4,3,3,3,3,4,3,4,6,4,2,3,4,4,3,3,3,3,3,3,2,2,3,3,2,2,1,2,2,4,4,3,4,4,3,4,4,3,3,3,3,3,2,2,2,2,2,2,2,2,2,2,2,1,2,3,3,3,2,2,4,2,1,3,4,4,4,3,1,1,1,2,4,4,3,1,2,3,4,4,3,2,2,2,4,1,1,1,1,1,1,1,2,3,3,2,2,2,3,4,2,2,2,2,2,2,2,2,3,3,3,3,3,3,3,3,3,1,1,1,1,1,1,2,2,1,2,3,2,2,3,2,2,2,2,2,2,2,2,2,2,1,1,1,2,2,2,2,2,4,4,3,3,3,3,2,2,5,5,5,3,4,4,4,4,1,3,3,3,3,3,3,2,4,4,3,3,3,3,2,2,1,2,2,3,3,1,0,0,2,2,2,3,3,4,4,4,4,3,3,3,4,5,1,1,2,3,3,3,3,3,2,2,2,3,5,4,4,3,3,3,4,4,4,4,4,4,4,4,3,2,2,2,1,2,2,1,2,2,3,3,4,4,3,3,3,3,2,2,2,3,3,2,1,1,1,1,1,1,1,1,3,3,1,1,3,4,3,2,3,3,2,2,2,2,1,1,3,3,3,3,3,3,3,2,1,2,2,1,1,1,0,1,3,2,2,4,4,2,3,4,1,1,3,3,4,4,2,2,2,2,1,2,2,3,3,3,3,3,3,3,3,2,2,2,2,2,2,2,2,3,3,1,0,2,2,3,3,3,4,5,3,3,2,2,3,3,2,2,2,2,2,2,2,2,2,2,3,3,2,3,3,3,3,4,4,4,3,1,2,2,2,2,2,1,2,2,2,2,2,3,2,2,3,3,3,2,1,1,1,2,3,3,2,2,2,1,2,2,2,3,3,3,3,3,3,3,3,4,4,4,3,1,2,2,2,3,3,3,4,4,1,1,3,4,5,5,5,3,3,3,2,2,2,2,2,2,1,2,3,2,3,2,2,2,3,5,4,3,3,5,5,4,3,3,3,3,2,2,2,2,2,2,3,3,3,3,3,4,4,4,3,3,3,3,3,3,3,3,3,3,3,3,3,4,4,3,4,3,3,3,3,4,4,3,3,3,3,3,3,3,2,2,1,1,1,1,1,1,1,2,3,2,1,1,2,3,4,4,3,2,2,3,3,4,4,4,3,2,2,1,1,1,4,4,3,2,2,3,2,1,1,1,1,1,2,2,2,1,2,2,2,3,3,3,3,3,3,2,2,2,1,1,1,2,2,2,2,4,3,4,4,4,2,2,3,3,2,2,2,1,1,1,1,1,1,1,1,1,1,2,3,3,3,3,2,0,1,1,2,2,3,3,3,3,4,4,3,3,3,3,3,3,2,2,3,3,3,3,2,1,1,2,2,2,2,2,2,2,3,4,2,2,4,4,2,1,2,2,2,2,2,2,2,3,3,3,3,3,3,3,1,1,3,2,1,2,2,3,2,2,2,2,2,2,1,1,1,2,1,1,1,1,1,1,1,2,1,1,2,2,2,2,2,1,3,3,3,3,3,3,3,3,4,3,2,2,2,3,3,4,3,2,1,1,2,2,3,3,2,1,1,1,2,3,2,1,2,2,1,1,1,1,1,3,0,1,1,1,1,1,1,1,1,1,1,1,1,1,1,1,2,2,1,1,1,1,1,2,4,3,2,2,2,1,1,1,1,1,2,3,3,3,3,3,2,1,3,4,4,2,2,1,0,0,2,2,3,3,2,2,4,4,4,4,4,4,4,4,3,2,2,2,2,2,2,2,2,3,3,2,2,2,1,2,1,1
276,4,4,3,2,3,3,1,1,0,0,1,1,2,2,2,0,1,1,1,2,2,2,2,3,3,1,1,1,3,3,3,3,2,2,1,1,2,3,4,5,5,4,4,4,4,2,2,2,3,3,3,2,2,2,1,1,2,4,4,3,2,4,5,3,3,3,3,2,2,2,2,2,3,5,4,5,5,4,3,4,3,2,2,2,2,4,4,3,3,3,3,3,3,3,3,2,3,4,4,2,1,2,2,2,3,2,1,2,2,2,4,1,1,3,3,4,4,2,2,2,2,2,2,3,2,3,3,5,5,3,3,2,2,2,3,4,5,5,5,4,4,4,4,3,3,3,3,3,3,3,3,1,2,2,1,1,1,1,1,2,2,2,2,2,2,2,2,3,3,3,3,3,1,1,2,2,2,2,2,2,2,2,2,4,3,2,1,1,1,2,3,4,4,4,4,3,3,2,2,4,4,3,2,3,3,3,4,4,3,2,2,2,2,3,4,1,3,3,3,3,3,2,1,1,1,2,4,4,3,4,4,1,3,5,5,4,4,2,3,2,2,2,1,2,2,2,2,3,3,3,4,4,4,4,4,1,2,3,4,4,3,3,2,2,1,1,1,1,1,1,1,2,2,2,1,1,1,1,1,1,1,1,3,4,3,1,1,4,3,3,2,2,3,3,4,2,2,2,2,2,2,2,2,4,4,2,3,2,2,2,2,4,3,3,2,1,1,2,1,3,3,3,3,2,2,2,2,4,4,3,3,3,2,2,2,2,3,5,4,4,2,3,3,3,3,2,2,2,2,2,2,2,2,3,2,3,3,3,4,3,3,3,2,3,3,2,2,1,1,1,1,1,3,3,5,5,4,3,1,1,3,3,3,1,2,2,2,2,3,3,4,3,1,1,2,2,2,2,2,4,4,3,3,3,4,3,3,3,3,4,3,4,3,3,3,3,3,2,2,2,2,3,3,3,3,3,3,3,3,3,3,2,3,3,3,3,4,4,4,4,3,3,3,3,2,3,3,2,2,2,2,1,1,1,1,2,2,2,2,2,2,2,3,3,3,3,3,3,3,3,3,3,2,3,4,3,3,3,5,5,5,3,4,3,3,1,2,3,4,3,3,3,2,1,2,2,2,2,2,3,3,3,3,3,3,3,3,3,3,3,3,3,3,2,2,2,2,3,3,3,3,3,3,3,3,3,3,3,2,1,2,4,3,1,1,3,3,3,3,3,3,3,4,3,3,3,3,3,3,3,3,3,3,4,4,4,4,3,3,3,3,1,1,1,1,2,2,3,1,1,1,2,3,2,1,1,2,4,4,3,1,1,2,3,2,2,2,3,4,4,3,2,3,3,2,3,2,2,3,3,3,3,3,3,2,2,2,1,1,3,3,2,2,2,1,2,3,2,3,2,3,3,4,2,2,2,2,2,2,2,2,4,5,3,3,2,2,2,3,2,2,1,2,2,2,2,1,1,2,2,2,3,3,3,3,2,2,4,4,3,2,2,3,2,2,3,3,4,4,4,4,3,3,3,3,3,3,3,3,3,3,3,3,3,3,3,3,3,3,3,2,2,2,1,2,1,1,1,3,3,3,4,4,3,3,3,2,2,2,2,2,2,2,2,2,2,2,2,2,1,1,2,2,2,2,3,3,3,3,3,3,3,3,3,3,1,1,1,1,1,2,2,2,3,3,3,2,2,2,1,1,3,3,3,3,4,4,4,4,3,2,2,2,2,2,2,2,1,1,1,1,1,1,1,1,2,2,2,2,2,2,2,2,3,3,2,2,2,3,4,5,5,4,4,3,3,3,3,3,2,3,2,3,3,3,1,1,1,2,3,3,2,1,2,2,2,2,2,1,1,2,3,3,3,1,1,2,2,3,4,2,2,3,3,3,4,4,4,4,4,3,3,3,3,3,3,3,2,3,3,3,3,3,4,4,3,3,3,3,3,3,3,2,2,4,2,1,2,4,2,1,2,2,2,2,2,3,5,4,1,1,1,2,2,2,2,1,2,4,4,4,2,2,3,3,1,2,1,1,1,1,2,2,3,2,3,4,5,4,3,2,2,1,2,3,3,3,3,3,3,2,2,2,2,2,2,2,4,4,4,4,5,5,5,3,2,3,4,5,5,4,4,3,2,1,2,2,2,2,3,3,2,2,3,3,4,5,5,5,5,2,1,2,3,3,3,2,1,2,1,2,2,1,2,2,2,1,2,1,1,3,2,2,3,2,1,1,1,1,1,1,3,2,1,2,3,4,3,3,2,3,4,4,4,4,3,2,3,2,1,1,2,3,4,3,3,3,2,2,1,3,3,3,1,1
277,2,3,3,3,3,4,4,2,1,1,2,2,3,3,3,2,3,3,2,3,3,5,4,2,2,2,2,2,3,3,3,2,2,2,2,3,2,2,2,2,3,3,3,3,3,2,3,3,3,3,2,2,2,2,2,2,2,2,3,3,3,3,3,3,2,3,4,4,3,5,3,2,2,2,3,4,3,2,2,2,2,3,2,2,2,2,2,4,3,2,3,3,4,2,1,3,3,4,5,6,6,5,4,3,3,4,4,4,4,4,3,3,5,5,5,5,4,4,3,3,3,4,4,4,3,3,3,4,3,2,3,3,3,3,2,1,2,3,4,4,4,3,3,2,2,2,2,3,3,2,2,2,3,3,3,3,3,3,4,2,2,3,3,3,3,4,4,3,3,3,2,1,2,3,3,3,3,3,4,3,4,3,3,2,2,2,2,2,3,2,2,4,4,2,1,2,4,4,5,4,3,3,3,3,3,3,3,2,2,2,3,3,3,3,3,3,2,2,2,2,2,2,2,2,2,2,2,2,2,2,2,3,3,3,3,3,3,3,3,2,2,2,2,1,1,1,1,2,2,2,2,2,2,2,2,2,2,2,2,2,2,2,2,3,2,2,3,5,5,3,2,2,2,2,2,2,3,3,3,2,3,5,6,6,5,3,2,3,3,2,2,2,4,4,4,3,1,1,1,1,3,3,1,2,2,2,2,1,1,2,2,2,2,2,2,2,2,2,3,5,1,0,0,2,4,4,3,3,3,5,5,5,3,3,3,3,3,3,3,3,3,3,4,3,3,3,3,3,3,3,3,6,5,3,2,2,1,1,2,3,3,3,3,3,3,3,3,4,3,3,4,3,3,4,3,2,2,2,2,3,3,3,3,2,2,2,2,2,2,2,2,2,2,2,2,2,2,3,3,3,4,4,4,4,4,2,2,3,2,2,2,2,2,2,2,3,4,4,4,3,3,2,2,2,3,3,3,2,2,3,3,2,3,4,3,3,2,3,2,2,3,2,4,6,4,3,3,2,2,2,2,2,2,2,2,3,3,3,3,3,3,3,3,2,1,3,4,3,3,2,2,1,1,1,1,1,1,1,1,3,4,3,2,2,3,3,3,3,3,3,3,3,3,3,3,3,3,3,3,3,3,3,3,2,2,2,2,2,2,2,2,2,2,3,4,4,4,3,2,1,1,1,1,1,2,2,2,3,3,3,3,3,3,3,3,1,2,3,4,4,4,3,3,4,2,1,2,3,4,3,2,2,2,2,2,2,2,2,2,1,1,1,1,2,2,2,2,2,2,2,2,2,2,2,2,3,2,2,3,2,3,3,3,3,2,2,2,2,3,4,4,2,2,2,2,2,1,1,2,3,2,4,4,3,3,3,4,1,1,2,2,2,3,2,2,2,2,3,3,3,4,4,3,4,3,3,2,2,2,2,2,1,1,1,1,1,1,1,1,1,1,1,1,1,1,1,1,2,2,2,2,3,3,3,3,2,2,2,2,2,2,2,2,2,2,2,4,4,6,6,7,2,2,2,2,2,2,3,3,3,3,2,2,2,1,1,1,2,1,1,1,2,2,1,1,2,2,2,2,3,3,3,3,3,3,2,2,2,2,2,3,3,1,1,3,4,4,4,2,3,3,3,2,2,2,3,3,3,3,3,3,3,3,3,3,3,3,3,3,3,3,3,3,3,3,3,3,3,3,3,2,3,3,3,3,3,3,3,3,3,4,4,3,2,2,3,4,3,2,1,1,2,2,3,2,4,4,4,4,3,3,3,3,3,2,2,1,2,5,6,3,3,3,3,4,3,2,2,2,1,1,1,2,2,1,1,1,2,2,1,1,1,1,1,1,1,1,1,2,2,3,4,5,3,3,3,3,3,3,3,3,4,4,4,2,3,2,3,4,3,3,3,3,3,3,3,3,4,3,3,3,3,3,1,1,1,2,3,3,4,4,4,3,2,3,3,3,3,3,3,3,3,2,2,2,2,2,2,2,2,2,2,2,2,2,3,3,3,3,3,3,3,3,3,3,1,1,1,1,1,1,1,1,2,3,3,4,4,3,2,1,3,3,3,3,2,3,3,2,3,3,3,3,4,5,4,4,4,4,3,3,2,3,2,2,2,2,2,2,2,2,2,2,1,1,2,2,2,3,3,2,2,1,2,2,3,2,2,1,3,2,2,2,3,3,4,4,2,1,1,1,1,1,2,2,3,2,1,2,2,3,3,3,4,2,2,2,2,2,2,2,1,2,2,2,2,2,2,2,2,2,2,2,2,2,2,2,3,3,3,3,3,3,3,3,3,3,3,3,3,3,3,3,1,1
278,4,5,4,3,4,6,5,3,3,3,3,3,3,3,3,3,3,3,3,3,3,3,3,5,5,4,4,3,2,2,1,4,4,4,4,5,5,4,5,5,5,5,5,4,3,2,2,3,2,2,3,3,3,3,3,2,2,2,2,2,2,2,3,3,3,3,3,3,3,3,3,2,3,4,4,4,3,3,4,5,5,4,3,3,3,4,4,4,4,2,2,1,2,3,3,3,2,3,4,4,4,3,3,1,1,1,1,1,2,3,4,2,2,2,3,3,3,5,3,2,3,3,3,4,3,3,3,3,3,2,1,2,3,3,2,1,2,2,3,3,3,3,2,2,2,2,1,2,2,2,2,1,1,1,2,2,2,2,2,4,2,2,2,4,4,3,3,4,2,2,2,2,2,3,3,1,1,1,2,2,2,3,3,0,2,4,4,4,3,1,1,4,3,3,2,2,2,2,2,2,3,2,1,1,2,2,1,2,2,2,3,3,3,5,4,2,3,3,2,3,2,2,2,3,3,3,2,2,2,1,2,3,3,3,3,2,2,1,1,1,2,1,3,4,4,5,5,5,3,3,4,3,3,3,3,5,5,4,4,3,2,2,1,0,0,2,2,3,3,3,3,3,4,4,3,2,1,1,2,3,2,2,2,3,3,4,4,5,4,3,3,3,3,4,5,4,3,3,2,2,1,0,0,2,3,3,3,3,3,4,4,2,2,3,3,3,3,3,2,2,3,2,1,2,2,3,3,3,3,2,2,2,2,3,3,3,2,3,3,2,2,2,3,2,1,1,1,1,1,1,1,4,3,3,3,3,3,2,1,1,1,2,2,2,2,1,2,2,2,2,2,2,2,3,2,2,1,2,2,2,2,3,3,2,2,2,3,3,3,2,2,2,1,0,2,3,3,3,1,2,3,4,4,3,2,4,5,3,3,2,2,2,2,3,3,3,4,3,4,4,3,4,3,3,3,3,2,3,3,2,3,4,1,3,4,2,0,2,4,5,5,4,4,4,3,3,3,3,3,3,3,4,4,4,4,3,3,3,4,3,3,3,3,1,1,1,2,2,2,2,3,2,3,3,3,3,3,2,2,3,3,3,3,3,3,3,3,2,2,2,2,2,2,2,1,3,2,2,2,3,4,5,6,2,3,3,4,3,2,1,0,2,2,1,2,2,2,1,2,5,4,1,2,2,4,5,3,3,3,3,3,3,3,3,3,3,3,3,3,3,3,3,3,3,3,3,3,3,3,3,3,2,2,2,2,2,2,2,2,4,4,5,5,4,4,4,5,2,1,1,2,3,2,1,2,1,1,3,4,3,3,2,2,4,3,1,1,1,1,2,2,2,2,2,2,2,2,2,2,3,3,3,3,3,3,3,3,3,3,4,3,3,2,3,3,2,2,2,2,2,2,2,2,2,3,5,5,4,3,2,3,3,3,3,2,2,2,3,3,2,1,2,2,2,2,2,3,3,4,4,4,4,3,3,3,1,1,2,3,4,4,3,2,4,5,3,1,1,2,4,5,4,3,3,2,3,3,3,2,4,4,4,2,2,2,2,3,2,2,2,1,3,3,3,3,3,2,3,3,4,4,4,2,4,4,3,3,3,3,2,2,1,2,2,3,3,3,2,2,1,1,1,1,1,1,1,1,3,4,2,3,3,3,2,3,1,1,2,2,2,1,2,3,4,3,3,3,2,2,2,1,2,2,2,2,2,2,2,2,3,3,3,3,3,3,3,3,2,2,3,4,4,4,4,4,1,1,2,2,3,4,4,4,4,4,4,3,3,2,1,1,4,3,2,2,4,4,3,2,2,2,2,2,2,2,2,2,2,2,2,2,3,3,3,3,2,3,3,2,3,3,2,4,4,4,3,3,3,4,4,2,2,2,2,2,2,2,2,2,3,3,2,3,3,4,3,2,1,1,1,1,1,1,1,1,1,1,2,2,2,2,2,2,3,3,3,3,3,3,3,3,3,3,3,3,3,3,3,3,2,2,2,2,2,2,2,2,2,2,2,2,2,2,2,2,1,1,1,1,2,2,1,0,4,4,3,3,3,2,1,1,2,2,2,2,2,2,2,2,4,4,4,3,3,2,2,2,2,2,2,2,2,2,2,2,2,1,1,1,1,1,2,3,2,2,2,2,2,2,2,2,1,2,2,3,3,2,2,1,2,2,3,3,3,3,2,2,2,2,2,2,2,2,2,2,2,2,2,2,2,2,2,2,2,2,2,2,2,2,2,2,2,2,3,3,3,3,3,4,1,2,3,2,2,4,4,3,4,3,3,3,3,2,2,2,2,3,3,1,2,3,3,3,3,3
279,2,2,3,3,2,2,1,0,1,2,2,1,2,3,5,3,3,3,3,3,3,3,3,2,2,2,2,1,1,1,1,2,3,4,5,5,4,3,3,3,5,6,4,3,4,3,4,4,2,2,0,1,2,2,2,4,4,3,3,3,3,3,2,2,2,2,2,2,3,3,3,3,2,2,2,2,2,2,2,3,2,2,2,2,2,2,2,1,2,2,4,4,3,3,2,2,2,2,2,2,2,2,2,3,3,3,3,2,2,2,1,2,2,2,2,2,2,3,3,3,2,1,2,2,2,2,1,2,2,1,1,1,1,1,1,1,1,1,1,1,1,1,1,1,1,3,3,3,2,3,3,4,4,3,3,2,2,2,2,4,4,2,2,1,2,3,4,3,3,2,1,1,1,1,2,3,3,3,4,4,2,2,2,4,4,3,2,4,4,3,3,1,2,3,3,4,4,3,3,2,2,3,3,3,3,3,2,3,2,2,2,2,2,2,2,2,1,2,3,3,3,2,2,3,3,3,3,3,3,3,4,3,3,3,3,3,3,3,3,3,3,3,3,3,3,3,3,3,3,3,3,4,4,4,4,4,3,3,3,3,3,2,2,3,4,5,4,4,3,3,3,2,2,2,2,2,2,3,3,2,2,2,3,4,4,5,5,3,3,1,2,2,2,2,1,4,4,3,3,4,4,4,3,4,4,3,3,3,2,3,2,2,3,2,3,3,3,3,3,3,2,2,2,2,2,2,2,3,3,3,3,3,3,3,3,3,3,2,1,1,2,1,1,3,4,2,1,1,1,3,5,1,2,2,2,1,1,3,2,3,4,4,4,4,3,3,3,2,2,2,2,2,2,3,3,4,4,3,3,3,4,3,4,2,1,1,1,2,2,2,2,1,2,1,1,1,1,1,1,5,5,3,1,1,1,2,3,3,3,3,3,3,3,3,3,5,4,2,3,4,5,4,2,2,3,3,3,3,3,2,2,3,3,2,2,3,2,3,3,2,3,3,3,3,2,2,1,2,2,2,3,3,3,3,3,3,3,3,3,3,3,3,3,3,4,4,3,2,3,1,0,0,0,1,1,1,1,2,2,4,4,3,3,2,1,1,1,1,1,1,1,1,1,1,1,2,1,2,2,2,1,2,3,3,3,3,3,3,3,3,2,3,1,2,4,2,1,3,4,2,1,0,0,1,1,1,1,2,2,3,3,3,3,3,3,2,2,3,3,1,1,2,3,3,1,1,2,2,2,2,2,3,3,3,3,3,3,3,3,4,5,5,3,2,2,3,3,3,3,3,4,4,4,4,3,3,3,3,4,3,3,2,3,3,4,3,4,4,3,2,2,5,4,4,4,4,4,3,3,2,2,2,3,3,3,3,2,4,4,4,3,3,2,2,3,3,3,3,3,3,3,3,3,2,2,2,2,2,2,2,2,3,3,2,3,3,3,3,3,3,5,5,5,5,3,2,3,3,3,3,2,2,1,1,1,1,2,2,1,2,1,1,2,3,3,1,2,2,2,3,2,3,3,3,3,3,3,3,4,5,4,3,3,3,3,2,2,3,3,3,3,2,2,3,3,3,3,3,5,6,5,5,3,3,3,3,4,4,4,4,4,2,2,2,2,2,2,2,3,3,2,3,3,3,3,3,4,3,3,1,1,1,2,3,3,3,3,3,4,4,4,4,4,2,2,2,2,2,2,2,2,3,3,3,3,3,4,3,3,4,3,3,3,2,2,2,3,2,2,2,2,2,2,2,2,4,4,4,4,4,3,3,3,1,1,1,1,1,3,3,3,3,3,2,3,3,2,1,0,1,1,1,1,1,1,1,1,0,0,0,1,1,1,1,2,2,2,2,2,2,2,2,2,2,2,2,3,3,3,3,3,1,1,2,2,2,2,2,2,1,1,1,1,1,1,1,1,1,1,2,2,2,3,2,2,3,2,2,2,2,2,2,2,3,2,3,3,2,2,1,2,2,1,1,1,1,1,1,2,2,1,1,1,1,1,3,3,3,3,2,2,2,2,2,2,1,1,2,1,1,1,2,2,3,3,3,3,3,3,3,3,4,3,3,2,2,3,3,4,3,3,3,3,3,2,2,1,1,3,2,1,1,1,1,1,3,2,3,4,4,3,2,3,2,2,2,2,3,3,3,3,4,3,2,2,4,4,3,2,2,3,4,4,3,3,4,5,4,2,2,3,3,2,2,4,3,2,2,2,1,2,2,2,3,3,3,3,2,2,2,4,2,2,2,2,2,2,2,2,2,2,2,2,2,2,2,3,4,3,2,3,2,2,2,2,2,3,3,3,4,3,1,1,2,2
280,2,2,4,4,4,4,4,3,2,2,2,2,2,3,2,3,4,4,3,1,2,4,5,4,4,2,3,3,3,4,3,2,3,3,3,3,3,3,3,1,3,3,3,3,3,5,5,3,2,2,2,2,2,2,2,3,3,2,1,1,3,3,3,1,1,1,1,1,1,1,1,1,3,4,4,3,2,2,3,3,3,3,2,2,2,2,2,3,3,4,4,4,4,4,4,1,2,4,4,2,1,2,2,6,5,3,3,1,1,1,1,1,1,2,2,3,3,3,3,3,3,2,2,2,2,3,3,3,3,3,3,3,3,3,3,2,2,2,2,2,2,2,2,2,4,4,4,2,2,4,4,2,2,2,2,2,2,2,2,2,2,1,2,2,3,3,2,2,3,4,4,4,4,2,1,2,2,4,4,4,3,2,2,2,3,3,3,3,3,2,2,2,2,2,3,3,3,3,4,2,2,2,2,2,3,3,3,3,4,4,3,2,2,4,5,2,2,2,2,2,2,2,3,3,3,4,4,3,4,3,3,2,2,3,2,2,3,3,3,3,3,3,3,3,3,3,4,4,4,3,1,2,3,4,3,2,2,2,2,2,2,2,2,1,1,1,1,1,1,1,1,3,3,4,3,2,2,2,3,1,2,2,3,2,2,2,1,2,2,2,3,3,3,3,3,3,2,2,2,2,2,2,2,3,3,3,3,2,3,3,3,2,2,2,3,2,2,3,2,3,3,3,3,2,2,2,1,2,3,3,3,3,3,3,3,3,3,3,2,3,3,3,3,3,3,3,3,4,4,4,3,2,2,3,3,4,4,4,5,2,2,2,2,3,3,3,3,4,5,5,5,4,4,3,2,3,3,2,3,5,3,2,3,3,3,3,2,2,2,2,2,3,3,3,3,3,3,3,3,3,3,3,3,3,4,4,4,2,1,3,2,2,3,4,2,3,4,4,3,4,4,4,2,1,2,2,2,2,2,2,2,2,3,3,3,3,2,1,2,3,4,4,4,3,3,3,2,3,3,5,5,4,5,3,2,4,5,4,4,3,3,2,3,3,4,4,4,4,4,4,3,3,3,3,3,3,3,3,3,3,2,2,2,3,3,3,1,2,3,3,3,3,3,2,2,3,3,2,3,3,3,5,5,2,1,3,3,3,2,3,3,2,2,3,3,3,4,4,5,4,3,2,3,3,3,3,3,3,3,2,3,3,3,2,2,2,2,2,1,1,1,1,1,3,3,4,4,4,4,4,4,4,3,3,3,3,3,2,2,5,5,4,4,4,4,4,4,4,4,3,1,3,3,3,3,2,3,4,4,2,2,2,3,2,1,1,1,2,3,3,2,2,3,3,3,4,4,3,3,3,2,2,2,3,3,3,3,3,4,2,2,2,3,4,3,2,1,2,2,2,2,2,2,3,3,3,3,3,2,2,1,2,2,2,2,3,3,4,5,2,2,3,4,4,4,3,3,2,2,2,2,2,2,2,2,1,1,1,1,1,1,2,2,2,2,2,2,2,2,2,2,3,3,3,3,2,3,2,2,2,2,3,3,3,3,3,3,3,3,3,3,3,3,3,2,2,2,2,2,2,2,2,2,3,3,3,3,2,2,1,1,2,2,2,2,2,1,1,1,1,2,2,3,3,2,2,1,1,1,1,2,2,2,2,2,4,4,4,4,4,4,4,4,4,3,4,7,4,2,4,3,3,5,4,2,2,3,2,0,2,3,3,2,2,3,3,2,1,1,1,1,1,1,1,1,1,2,3,4,4,4,4,4,3,3,3,3,3,4,4,4,2,3,3,3,2,2,2,3,3,3,3,3,3,3,3,3,2,3,3,3,2,3,2,4,2,3,4,4,4,3,3,3,3,2,3,4,5,5,3,1,2,2,2,2,2,2,2,2,2,1,1,1,1,1,1,1,1,2,2,2,2,2,4,5,3,2,2,2,2,2,2,2,2,2,2,2,2,2,2,2,6,5,3,2,0,0,2,3,4,3,2,2,3,3,2,1,2,2,2,2,2,2,2,2,3,3,3,3,2,2,2,2,3,4,5,4,3,2,2,2,2,2,1,2,3,3,3,3,3,3,3,3,3,3,3,3,3,3,3,3,3,3,3,4,3,2,3,3,3,3,2,2,1,0,1,2,3,3,2,2,3,3,1,1,3,4,5,5,5,5,4,4,4,2,2,1,2,2,2,2,2,2,2,2,2,2,2,1,2,2,2,2,2,2,2,2,1,1,1,1,2,2,2,2,3,3,3,3,3,2,2,3,3,4,4,4,4,3,3,3,3,2,2,2,1,2,2,3,3,2,2,2,1,1
281,3,4,4,4,4,3,3,1,3,4,4,3,2,2,2,3,3,2,2,4,5,4,4,3,3,3,3,3,3,3,3,2,2,2,3,2,2,2,2,2,5,6,4,2,4,5,5,1,1,2,2,2,2,1,1,1,2,4,4,4,3,1,1,3,3,4,4,4,4,4,3,4,4,4,4,4,4,4,4,3,3,3,3,4,4,4,4,3,2,1,1,3,3,2,1,3,3,3,3,3,3,3,3,1,1,1,1,2,2,2,2,2,0,1,2,3,4,4,2,2,3,4,4,3,3,3,3,1,1,2,2,3,3,5,4,3,3,4,4,4,4,3,3,2,2,3,3,3,4,4,4,4,3,3,2,2,2,2,2,3,4,4,4,3,3,2,1,3,3,3,4,4,4,3,4,3,3,3,3,2,2,1,2,2,2,1,1,1,1,0,2,3,2,2,2,2,2,2,2,2,2,2,2,2,2,2,2,2,2,2,2,2,2,2,1,1,2,2,2,2,3,3,3,4,4,3,3,3,4,4,4,2,2,2,2,2,2,2,3,2,2,4,4,4,2,1,2,4,3,3,3,2,2,2,2,3,3,2,3,4,3,4,3,2,2,3,3,3,3,3,2,1,2,2,2,2,1,1,1,2,2,2,2,2,2,2,2,1,1,2,2,3,3,4,5,4,3,2,2,4,4,3,2,3,3,3,3,3,3,3,3,5,4,3,3,3,3,2,1,1,1,1,1,1,1,1,1,3,3,3,3,3,3,3,3,3,2,0,0,2,3,2,1,2,2,2,2,2,3,3,3,1,1,2,3,3,2,3,3,1,1,2,1,4,3,2,5,3,4,4,3,3,3,3,3,1,1,2,2,2,2,2,3,2,1,1,2,1,1,1,0,1,2,2,3,3,3,3,3,4,4,3,3,3,2,2,2,2,3,3,3,3,2,2,3,4,4,4,4,3,2,4,6,4,2,0,3,5,5,2,1,2,2,3,3,3,3,2,2,2,3,3,3,4,4,4,4,3,3,3,3,1,0,1,0,1,4,2,1,4,3,2,4,1,2,3,3,2,2,2,2,4,3,3,3,3,3,3,4,3,4,3,3,2,3,3,4,2,3,3,3,4,4,4,4,2,2,3,3,4,5,3,3,3,4,4,4,3,3,3,3,2,2,2,2,2,2,2,4,4,3,3,2,2,4,4,2,2,3,2,2,2,2,2,2,3,3,3,4,4,3,1,1,5,4,4,3,3,2,2,1,2,3,3,3,2,2,2,2,2,3,4,4,4,3,2,2,1,2,2,3,3,2,2,1,2,2,2,2,2,2,2,1,2,2,3,3,3,2,1,2,2,3,3,3,3,3,5,4,3,4,4,5,5,4,3,3,4,5,3,1,0,0,2,2,3,2,4,4,4,3,2,2,2,1,1,1,3,2,1,1,2,2,1,2,2,2,2,1,4,4,2,2,3,3,3,3,2,2,2,2,2,2,2,2,2,2,2,3,3,3,2,2,1,3,3,3,4,4,3,3,3,4,4,3,4,4,3,2,0,4,3,1,2,3,4,3,3,2,2,2,2,1,1,1,2,2,2,2,2,2,3,3,2,3,3,3,3,3,3,3,2,2,2,2,2,2,2,2,1,1,1,1,1,1,1,2,4,4,3,3,2,3,4,3,4,3,3,4,4,2,2,4,1,1,2,2,2,3,3,3,3,3,3,3,3,3,3,4,3,2,3,2,2,3,3,5,4,5,3,2,2,2,2,4,4,4,6,6,4,3,3,5,3,1,1,1,2,3,4,4,4,4,4,4,4,4,5,5,3,3,2,1,1,2,3,3,2,1,2,2,2,2,2,2,2,2,2,3,3,3,3,3,3,3,3,2,2,2,1,1,1,1,1,1,2,2,2,2,3,3,2,0,0,2,3,3,1,1,1,1,1,1,0,0,1,1,1,3,2,2,1,1,1,2,3,3,3,3,3,2,2,3,2,1,1,1,2,3,2,2,3,3,3,4,3,3,3,2,2,2,2,2,2,2,1,2,2,2,2,2,3,2,2,2,2,2,2,2,2,3,5,5,4,3,2,2,2,1,2,3,1,1,1,1,2,2,2,4,5,4,3,2,4,4,2,4,4,4,4,4,2,1,3,3,2,2,2,3,3,2,3,3,3,3,3,3,3,3,3,3,3,3,4,3,4,5,4,2,3,4,4,4,4,2,3,4,3,1,0,0,2,4,3,1,1,2,2,3,4,4,4,3,2,1,1,3,3,2,2,2,1,1,3,5,6,4,1,1,1,1,1,1,1,2,2,1,2,2,2,2,2,2,1,1
282,3,3,3,4,4,4,3,1,1,1,1,2,2,2,3,3,3,4,5,5,4,2,4,4,2,3,4,5,6,6,2,1,1,3,5,4,2,1,2,2,1,5,6,5,3,1,1,2,3,3,3,3,2,2,3,3,2,2,1,2,2,3,6,2,3,4,5,7,6,5,5,2,3,3,3,3,3,2,3,2,2,2,2,2,2,3,3,3,4,3,3,4,4,3,3,2,2,2,2,2,2,2,2,3,3,3,3,4,4,4,2,3,3,3,3,3,3,3,3,0,1,2,2,2,2,1,2,3,2,2,3,3,2,2,3,3,3,2,2,2,2,2,2,2,2,4,4,4,4,3,3,2,2,2,2,2,2,2,3,3,3,3,3,4,4,4,4,4,4,3,3,4,4,4,2,3,3,3,3,3,3,3,3,4,3,3,4,5,6,6,4,5,5,4,3,4,3,3,3,3,3,4,3,3,3,1,1,3,5,6,5,4,3,3,4,4,3,3,3,3,3,3,3,3,3,3,3,3,3,4,4,1,2,3,3,2,2,3,3,2,2,2,3,3,3,3,3,3,3,3,3,3,3,3,3,2,3,3,4,5,5,5,4,2,1,4,3,1,1,1,2,3,3,2,2,3,3,3,3,1,1,2,4,4,4,2,1,3,3,3,3,3,3,4,4,4,4,2,2,1,3,4,3,2,2,2,2,2,2,2,2,3,3,2,2,2,2,3,3,2,3,4,4,3,2,2,3,3,2,2,1,1,2,2,3,1,1,2,2,2,2,2,3,3,2,2,2,2,2,2,2,4,4,4,3,2,1,2,3,3,3,2,3,2,2,2,2,2,2,2,2,2,2,2,2,3,3,3,3,3,3,3,3,3,3,3,3,3,3,3,3,1,2,3,4,4,3,4,2,3,3,4,4,3,3,3,3,1,1,2,4,4,4,3,1,4,3,1,1,2,3,3,2,3,2,1,2,3,4,3,3,2,3,4,4,4,4,3,3,3,3,3,3,3,3,3,3,3,3,2,1,2,3,3,3,1,0,1,2,2,1,3,6,5,4,5,5,4,4,4,3,1,2,3,2,2,1,1,2,2,2,2,2,2,2,3,3,2,2,2,2,2,2,3,3,3,2,1,1,2,2,1,1,1,1,1,1,1,1,1,2,2,2,1,1,1,1,2,1,2,2,2,2,2,2,2,3,1,2,3,3,3,3,2,1,2,3,4,4,3,3,2,3,2,2,2,2,2,2,1,2,3,4,4,5,4,4,3,2,2,3,3,4,4,3,2,3,4,3,3,3,5,5,4,2,4,5,6,6,4,4,4,5,4,3,4,5,4,3,3,3,4,2,2,1,2,3,3,3,2,0,3,6,5,4,5,2,3,3,5,4,3,2,3,4,3,3,2,2,2,3,3,3,3,3,3,3,3,3,3,3,4,4,3,3,3,4,4,5,2,2,2,2,2,2,2,2,1,1,1,1,2,2,3,3,2,2,2,2,2,2,2,2,2,2,2,2,3,3,3,3,2,1,2,2,3,3,3,1,2,1,3,3,3,4,4,4,3,3,3,3,3,2,2,1,2,2,2,2,2,2,3,2,4,3,3,3,3,3,3,3,2,2,3,3,3,3,4,4,3,3,4,3,3,2,2,2,2,1,2,3,3,3,3,3,4,3,3,3,3,3,3,2,2,1,2,2,2,2,3,4,3,3,3,3,3,3,3,3,2,2,2,2,2,2,2,2,2,1,1,1,1,2,2,1,3,2,1,1,1,1,2,1,2,2,2,1,1,1,1,1,2,2,2,2,3,2,2,3,2,2,1,1,1,2,3,3,3,2,1,1,2,2,4,4,4,2,2,4,5,4,3,3,2,2,2,2,2,2,2,2,2,2,2,3,3,3,4,3,3,3,3,3,2,3,2,3,2,3,3,3,3,3,3,3,3,3,4,3,2,2,1,1,2,2,2,2,2,3,3,2,2,2,2,2,2,2,2,2,3,3,4,2,1,2,4,6,2,2,2,2,2,2,2,2,3,3,3,1,1,2,3,3,1,1,1,1,1,2,2,2,4,5,3,3,3,3,4,4,4,4,4,3,2,4,5,7,4,3,1,1,1,2,3,3,2,2,2,2,2,2,2,2,3,3,3,3,3,1,0,2,3,2,2,2,2,2,2,2,3,3,3,3,3,3,2,3,5,3,3,2,1,2,2,3,3,3,4,4,4,4,3,3,3,2,2,3,3,3,2,2,3,2,3,3,3,3,2,2,1,3,3,2,2,2,2,3,1,2,2,2,2,2,1,1,1,1,1,1,1,1,1,1,1,1
283,4,4,3,1,1,3,3,3,3,3,3,3,3,3,3,3,4,3,2,2,2,2,1,2,2,2,3,3,3,4,4,3,1,1,3,4,4,3,4,4,4,5,5,4,3,3,4,3,2,2,1,1,1,0,0,2,3,3,3,2,2,2,3,5,4,4,4,4,3,3,2,2,3,4,4,4,4,2,2,3,3,3,3,3,2,2,1,2,2,2,2,3,4,3,3,2,2,3,2,2,2,2,2,4,4,3,3,2,2,2,2,1,1,1,1,1,1,1,1,3,3,2,2,2,3,4,3,2,1,2,4,4,2,0,1,4,4,2,2,1,1,2,3,1,1,2,3,2,2,3,4,4,3,3,3,3,3,3,3,3,3,3,3,4,4,4,4,2,2,2,2,2,2,2,1,2,2,3,5,6,6,5,4,2,3,5,5,3,2,3,4,3,2,2,2,3,4,4,4,3,3,3,2,2,2,2,3,4,4,2,3,4,5,4,3,2,1,1,1,2,2,3,3,4,4,3,2,2,2,3,3,3,3,1,0,0,1,2,3,2,2,2,2,2,2,3,3,1,1,1,2,4,4,6,6,3,3,3,3,3,3,3,3,3,3,2,3,3,2,2,2,1,2,3,3,4,3,3,2,2,2,2,2,2,2,2,2,3,3,3,3,3,3,3,3,2,2,2,2,2,2,2,2,3,3,3,3,3,3,3,3,1,2,2,3,3,2,2,1,2,2,2,2,2,2,2,2,1,2,3,3,3,3,2,1,3,2,1,2,2,3,3,2,3,3,2,2,1,1,1,1,2,3,3,3,2,3,3,3,4,3,2,3,2,2,2,3,2,1,1,2,2,2,3,3,4,4,3,3,4,4,3,3,3,3,3,3,3,3,3,3,3,3,3,3,3,3,3,3,2,2,4,4,4,3,2,2,2,2,3,3,3,3,4,4,2,2,2,2,2,2,2,2,1,3,2,3,2,2,2,3,1,1,2,3,3,2,3,3,3,3,2,2,3,4,4,4,2,3,3,4,4,3,3,2,1,1,1,1,1,1,1,1,2,2,3,3,3,3,4,4,4,4,4,3,3,3,3,2,3,3,3,3,4,4,4,4,2,3,3,3,2,2,1,1,2,3,1,1,2,3,3,1,3,4,2,1,1,1,2,4,2,2,2,3,3,2,2,1,2,2,2,2,2,2,2,2,2,3,3,2,2,2,1,2,3,3,3,3,3,3,3,4,4,3,2,2,2,2,3,4,3,3,3,3,3,3,3,3,2,2,1,1,2,2,4,4,5,6,4,3,2,1,2,3,2,3,4,3,2,2,2,3,5,5,3,3,2,2,3,3,2,1,1,1,2,2,2,1,2,2,2,2,2,2,2,2,2,2,2,2,2,2,1,1,3,3,2,1,1,2,3,3,3,3,3,3,3,3,3,2,4,3,3,2,2,2,3,3,2,2,1,2,2,3,2,2,0,1,2,1,1,1,1,2,2,2,2,2,2,2,2,2,3,3,3,3,3,3,3,3,2,1,1,2,2,2,2,3,1,0,1,1,1,1,1,2,3,3,3,4,4,4,5,4,4,3,3,4,4,3,4,4,2,3,3,2,1,1,2,2,3,3,3,3,3,3,3,3,3,1,2,2,2,1,1,2,2,3,3,3,3,2,2,2,1,2,2,2,2,2,1,1,2,3,3,2,2,3,3,2,4,4,3,3,3,3,2,2,2,1,2,3,2,2,4,3,1,2,2,2,3,3,3,4,3,2,2,2,2,2,2,2,2,3,4,5,5,5,4,3,3,3,4,4,4,4,3,3,3,2,2,2,3,3,3,3,4,3,2,1,1,2,2,2,2,2,1,1,1,2,3,3,3,3,3,3,2,2,1,2,3,3,3,3,3,3,3,3,4,4,4,4,3,3,2,3,4,4,3,3,4,3,3,3,2,2,2,2,3,3,3,3,2,2,2,3,3,3,3,3,3,3,3,3,3,2,2,2,1,1,1,1,1,1,1,2,2,1,2,2,2,1,1,2,2,2,2,2,2,2,2,2,2,2,2,3,3,3,3,4,3,3,3,3,3,3,3,3,2,2,1,1,1,1,2,2,4,4,4,4,4,4,4,3,2,2,3,3,3,3,2,2,1,1,1,1,2,2,2,2,3,2,2,1,2,1,1,1,2,1,1,1,1,1,1,2,3,3,3,3,3,3,3,3,1,1,1,2,2,1,1,1,1,1,1,2,2,1,1,1,2,2,2,1,1,1,1,2,2,2,2,2,2,2,2,2,1,1,1,1,1,2,2,2,3,3,3,3,3,3,3,3,0,0
284,3,2,3,2,2,3,3,2,2,2,2,2,2,2,2,3,3,3,3,3,3,3,3,1,1,3,4,4,3,1,1,4,4,2,2,2,2,3,3,4,5,4,2,2,2,2,0,2,1,2,3,5,5,3,1,4,4,3,1,2,3,4,2,1,1,2,2,2,2,2,3,1,3,4,4,4,3,2,3,3,3,3,3,3,3,3,3,2,2,2,2,2,2,2,2,3,3,3,3,3,3,4,4,3,3,3,2,2,2,2,2,1,1,1,2,3,5,5,5,2,3,3,3,3,3,4,4,2,2,2,2,2,2,2,2,1,1,1,1,2,2,2,2,3,3,3,3,3,3,3,3,2,1,2,2,4,4,5,5,3,3,3,3,3,3,2,2,3,5,5,3,3,4,4,3,3,3,3,3,3,3,3,3,4,4,4,3,3,2,2,2,3,3,2,2,1,2,4,5,3,3,3,3,3,3,3,3,3,4,4,4,3,2,3,4,3,3,3,3,3,3,3,3,2,2,3,3,3,3,2,2,3,4,4,3,4,4,4,4,2,2,2,2,3,3,3,3,1,1,1,1,1,1,1,1,2,3,3,4,4,3,3,2,1,2,2,2,2,1,2,2,4,4,3,2,1,2,2,2,2,3,3,3,3,2,2,2,2,2,2,2,2,2,2,2,0,2,3,2,2,2,3,4,3,3,3,2,2,2,2,2,1,2,3,4,4,4,4,4,5,5,4,4,3,2,1,0,0,1,3,2,3,3,2,2,2,2,2,2,3,3,4,3,1,1,1,3,3,1,2,5,2,3,4,4,4,4,4,4,5,5,5,4,4,3,3,3,2,2,2,2,2,2,2,2,2,2,2,2,2,2,2,2,3,3,3,3,3,2,1,1,2,2,3,5,6,5,3,1,4,5,6,5,4,4,5,6,5,4,3,2,2,3,5,5,5,5,5,5,4,4,4,3,4,3,2,3,4,4,3,3,1,2,4,4,3,2,2,3,3,3,1,0,1,2,3,3,4,6,5,3,4,4,5,4,4,4,4,4,4,4,4,4,3,2,1,2,3,3,3,2,1,1,2,1,0,0,2,3,4,4,5,4,4,3,3,3,2,2,2,2,2,1,1,1,4,4,4,4,4,3,3,3,3,3,3,3,3,3,3,3,0,1,2,2,1,1,2,3,2,2,2,2,2,2,2,2,1,1,2,3,3,2,1,1,2,2,2,2,2,2,2,2,5,5,4,4,4,4,5,5,7,5,4,4,4,3,2,1,1,1,2,2,2,3,2,2,2,2,2,3,4,4,3,2,6,6,5,5,4,3,2,2,0,1,1,1,2,2,3,3,1,1,1,1,1,1,1,1,2,3,3,4,4,3,3,2,2,2,2,3,3,3,2,0,3,3,3,3,3,3,3,3,0,0,2,5,6,5,3,1,2,2,3,3,2,2,2,2,3,4,4,4,4,3,2,2,3,3,3,3,3,3,3,3,3,2,2,2,2,2,3,3,1,1,1,2,2,3,3,3,1,1,2,2,2,2,2,3,2,2,2,2,2,2,2,2,3,3,2,2,2,3,4,5,2,2,2,2,2,2,2,2,1,1,1,1,1,1,1,1,2,3,3,2,2,2,2,2,2,2,3,3,3,3,2,2,1,1,1,1,2,1,1,1,2,2,2,2,2,2,2,2,3,1,1,2,2,1,1,2,2,2,2,2,2,2,3,4,2,2,3,2,2,3,4,3,2,2,2,2,2,2,2,2,2,2,2,2,2,2,2,2,4,3,3,3,3,3,3,3,4,3,3,2,2,1,2,2,1,2,2,3,3,2,3,3,1,1,1,1,2,2,2,2,1,1,2,2,2,2,3,3,2,2,2,2,2,2,2,2,2,2,2,2,2,2,2,2,2,2,2,2,2,2,2,2,1,2,3,4,4,3,2,1,2,1,2,2,3,4,4,3,2,2,2,2,3,3,4,4,3,3,3,3,3,3,3,3,3,3,3,3,2,2,2,2,1,1,1,1,1,1,1,1,1,1,1,1,1,1,1,1,2,2,2,2,3,3,3,3,1,1,1,2,2,2,3,3,3,2,1,2,3,4,3,4,3,3,4,4,4,4,4,4,2,2,3,3,3,3,4,4,3,3,3,2,2,2,2,2,1,2,3,3,3,3,2,1,2,2,2,2,2,2,2,2,2,2,1,1,1,1,2,2,1,1,2,1,1,0,1,3,3,3,3,3,3,2,2,2,2,2,2,2,2,2,2,2,1,1,1,1,1,1,2,2,1,2,4,5,5,4,2,1,3,5,4,4,3,3,4,5,7,5
285,4,4,4,4,4,2,2,2,3,3,3,2,2,2,3,1,2,2,3,3,4,4,5,6,5,4,2,2,2,3,5,3,3,3,2,2,1,1,1,5,6,6,4,5,7,6,4,3,3,2,1,1,1,1,1,4,4,3,3,3,2,3,2,2,2,3,3,3,2,1,1,2,2,3,3,3,3,2,2,2,2,3,4,4,3,2,2,3,3,3,3,3,3,3,3,3,3,3,2,2,2,1,1,1,1,1,2,2,2,2,1,2,2,2,2,2,2,2,2,2,2,2,2,3,3,3,3,1,1,2,3,3,3,3,2,3,3,4,6,5,4,3,3,2,2,2,2,2,2,2,2,2,2,3,4,4,4,3,3,1,2,3,2,1,1,2,2,3,3,3,3,3,3,3,3,4,3,3,2,2,1,2,2,1,3,4,5,2,2,2,4,5,5,4,4,3,3,3,3,3,4,3,1,1,2,3,3,2,3,2,3,3,2,2,1,2,2,2,2,2,2,2,2,1,1,2,2,3,3,3,3,2,2,2,2,2,2,2,2,2,2,2,2,2,2,2,2,3,3,2,1,1,3,5,7,3,2,2,3,4,4,3,3,3,3,3,3,2,2,2,2,1,3,4,2,2,2,2,2,3,3,3,3,3,3,3,3,2,2,2,2,3,2,3,3,3,3,2,2,2,2,2,2,2,2,2,2,2,2,2,2,4,3,2,2,3,4,3,2,3,2,1,2,1,2,2,2,4,3,2,3,3,4,3,2,3,3,3,3,3,3,3,4,3,3,3,3,3,3,3,3,4,4,4,3,3,3,3,3,3,3,3,3,3,3,3,3,1,1,1,1,1,1,1,1,1,1,1,1,1,1,1,1,1,1,1,1,1,1,1,1,2,2,2,2,2,2,2,2,0,1,2,3,3,3,2,2,3,3,3,3,3,3,3,3,2,2,2,2,2,2,2,2,2,2,2,2,2,2,2,2,1,2,3,3,2,2,2,2,2,2,3,3,3,3,3,4,3,3,2,2,2,3,4,5,3,3,3,3,3,3,3,3,2,3,4,4,3,2,3,4,3,3,4,4,4,4,3,3,3,3,3,3,3,2,2,2,1,1,1,1,1,1,1,1,1,1,2,2,2,2,2,2,3,3,4,4,5,4,2,2,1,2,3,2,2,1,2,2,3,3,3,3,2,2,2,1,3,3,3,2,3,3,2,2,2,1,3,3,3,3,2,1,4,4,4,3,3,3,2,2,3,3,3,4,3,3,3,1,3,3,3,3,3,3,3,3,2,2,2,2,3,3,3,3,2,2,2,2,4,4,4,4,2,2,2,2,4,4,4,4,4,4,4,3,3,2,2,3,2,2,3,3,3,3,3,4,2,3,4,3,2,1,2,4,3,3,3,3,3,3,3,3,2,2,2,1,1,2,2,1,3,1,1,3,3,1,1,3,1,2,2,3,4,4,5,5,3,3,3,3,3,3,3,3,2,1,2,1,2,2,2,2,1,1,1,1,2,2,3,3,2,3,1,1,1,1,1,1,2,2,2,2,2,3,4,6,4,4,3,1,1,1,3,3,3,3,3,3,3,3,3,3,3,3,3,2,2,1,1,1,2,2,3,4,4,3,2,2,1,2,2,2,1,0,1,2,1,1,2,2,3,3,3,3,2,2,3,3,3,3,2,2,3,3,3,3,4,3,3,3,5,10,8,4,3,3,1,2,1,2,2,2,1,1,1,2,1,1,1,1,2,2,2,2,2,2,2,2,2,2,2,2,2,2,2,2,3,3,3,3,4,3,3,2,2,2,3,3,3,4,3,2,4,5,5,3,3,2,2,2,2,2,3,2,3,2,1,2,3,4,3,3,2,2,1,2,1,1,2,2,3,3,3,3,4,4,4,4,2,3,4,5,5,4,3,2,3,4,4,3,4,3,3,3,2,3,3,4,4,3,3,2,2,2,2,2,2,2,2,2,3,3,3,2,2,2,2,2,3,2,2,3,4,4,3,2,3,3,3,3,3,3,3,3,1,1,1,1,2,2,3,3,1,1,2,2,2,2,1,1,1,1,2,2,2,2,3,3,3,3,3,3,3,3,3,3,2,2,2,2,2,2,2,2,1,1,3,3,3,3,3,3,2,2,2,2,2,2,2,2,1,2,3,4,2,2,3,4,3,2,3,3,3,2,2,2,7,2,0,1,3,3,2,2,1,1,2,3,3,3,2,2,2,2,2,3,3,3,3,3,3,3,1,1,1,0,1,1,1,1,2,3,3,2,1,1,2,2,2,2,2,2,2,2,1,2,3,3,1,1,2,3,1,1
286,2,3,3,2,1,3,3,3,3,3,3,3,3,3,3,2,2,3,3,3,3,4,4,3,4,3,2,2,3,4,3,2,2,2,2,2,3,3,3,4,5,4,5,5,4,4,3,1,0,0,2,3,2,2,3,1,2,2,2,3,3,3,3,5,3,0,1,2,2,4,5,3,2,2,2,1,1,1,1,1,1,1,1,2,3,4,2,3,3,3,3,3,3,3,3,2,3,3,3,3,3,2,2,5,2,2,4,6,4,3,3,3,3,3,3,3,3,3,3,1,2,3,3,3,3,2,1,5,6,5,4,3,3,2,2,3,3,3,3,4,4,4,4,3,3,2,3,3,3,2,2,3,3,2,1,2,3,4,4,2,3,3,4,4,3,3,2,2,2,3,3,3,3,3,3,2,2,3,3,4,4,4,4,6,7,6,5,4,4,4,3,2,0,1,3,3,2,3,5,4,4,4,4,4,4,4,4,2,2,4,4,1,2,3,3,2,2,2,2,2,2,2,2,2,2,1,1,1,1,1,1,3,2,2,2,2,2,3,3,4,3,2,1,2,2,4,4,1,1,2,2,2,2,3,3,2,3,3,3,2,1,2,3,3,3,3,3,3,3,3,3,2,2,2,2,2,3,3,3,1,1,2,2,2,2,1,1,1,2,2,3,3,4,4,5,2,2,2,2,2,2,2,2,1,1,1,1,1,1,1,1,2,1,1,2,2,2,2,1,2,2,3,5,5,5,4,5,2,2,3,3,3,3,3,3,1,2,1,1,1,1,2,3,2,2,2,2,3,3,3,4,4,3,3,3,3,3,4,3,3,1,1,1,3,4,4,3,2,4,3,1,0,1,3,3,4,4,2,1,2,2,4,4,3,3,3,3,3,3,3,3,2,2,2,2,3,3,3,4,1,2,4,4,4,4,3,2,3,3,3,3,3,3,3,3,4,4,4,3,3,2,2,2,4,4,3,3,3,2,2,2,3,3,4,4,3,3,3,3,1,2,1,0,3,7,6,1,4,4,2,3,3,3,1,0,0,2,3,2,2,1,2,4,3,3,3,3,3,3,3,3,3,2,2,2,1,1,1,1,3,2,1,1,2,3,3,3,1,2,3,3,2,2,3,4,3,3,3,2,1,2,2,3,1,1,1,1,2,2,2,3,1,1,1,1,1,1,1,1,2,2,1,1,1,2,3,3,4,2,1,2,2,3,2,1,1,3,5,5,3,1,0,1,5,5,4,3,3,2,2,1,3,4,3,2,2,3,4,3,3,3,2,2,2,3,4,5,6,5,4,3,2,3,3,4,5,5,4,4,4,4,4,4,4,3,2,3,3,4,3,2,4,4,4,4,3,2,1,1,1,2,3,3,3,2,1,0,3,4,3,2,2,2,3,5,2,3,4,4,3,3,4,5,3,2,3,3,3,3,2,0,2,2,2,1,2,3,3,3,2,2,2,3,3,3,2,2,2,2,2,2,2,2,2,2,3,2,2,3,4,5,3,1,1,3,5,3,1,1,2,4,3,3,2,1,1,1,1,1,0,0,1,2,2,2,1,1,3,2,1,2,3,4,3,3,2,2,2,2,2,2,2,2,3,3,3,3,2,2,2,2,1,1,2,2,2,2,3,3,4,3,2,2,3,3,2,2,2,2,2,2,3,3,3,3,2,2,2,2,2,2,2,2,3,3,2,1,1,2,3,3,2,2,2,3,3,3,3,3,3,4,5,4,4,4,3,2,2,2,2,2,2,2,3,3,4,3,3,2,2,2,2,2,0,2,4,5,5,5,4,2,4,4,3,3,3,3,2,2,4,4,4,4,4,4,4,4,4,4,4,4,4,4,4,4,2,4,5,4,4,3,4,6,4,2,2,3,2,3,3,2,2,3,3,4,4,3,3,2,1,1,2,2,3,3,3,4,2,2,2,2,2,2,2,2,3,2,1,1,2,2,3,3,4,4,4,3,3,3,3,3,2,2,2,2,2,2,2,3,3,2,2,2,1,1,2,1,4,4,4,4,3,4,4,5,2,2,2,2,2,2,2,2,2,2,2,2,2,2,2,2,2,2,2,2,3,3,3,3,3,3,3,3,4,4,4,3,1,1,1,1,1,1,1,1,2,2,1,1,1,1,2,2,1,1,1,1,2,2,2,1,2,2,2,2,2,2,2,2,5,4,3,3,3,3,2,1,3,3,3,2,2,2,1,1,1,1,3,2,2,2,3,3,4,4,3,3,3,3,2,2,4,3,1,1,0,0,1,2,2,2,2,2,2,2,2,2,3,3,4,3,3,2,1,1,3,4,5,4,2,1,2,3,1,1
287,5,4,2,1,1,2,2,4,4,3,3,3,3,4,4,3,3,5,4,5,4,4,3,1,1,3,3,3,2,1,0,2,1,1,0,1,1,2,3,5,5,4,4,3,2,2,1,2,2,3,3,4,4,4,4,2,2,2,2,2,2,2,2,4,4,3,3,2,2,2,2,3,3,3,3,3,3,3,3,4,3,3,3,4,4,4,3,3,3,3,3,3,3,3,3,2,3,4,3,3,2,3,4,2,2,3,4,4,3,2,2,2,2,3,2,3,3,3,3,1,2,2,2,3,3,5,5,5,4,3,3,2,2,3,3,1,1,4,2,2,2,3,3,3,3,3,2,2,1,1,1,3,3,3,2,2,3,3,3,3,3,3,2,2,3,4,5,4,4,4,4,4,4,4,4,2,2,2,2,2,2,3,3,4,3,3,2,3,3,3,3,0,2,5,4,4,2,3,4,3,3,3,3,3,4,4,4,3,3,3,3,4,4,4,4,4,4,3,3,3,3,4,4,3,2,3,3,3,3,2,2,5,4,3,2,2,2,3,3,1,1,2,2,2,2,2,3,4,3,2,3,4,5,5,3,1,1,1,1,1,1,1,1,3,3,3,3,3,3,3,3,4,4,4,4,3,2,4,5,1,1,4,4,2,2,3,3,2,2,2,2,2,3,3,3,2,2,4,4,4,3,1,1,4,4,4,4,3,3,2,2,4,3,2,2,2,3,4,5,2,2,2,2,2,2,2,2,4,4,4,4,4,4,4,4,2,3,2,2,2,2,2,2,2,2,2,2,2,2,2,2,4,4,4,4,2,2,2,2,2,2,1,1,1,2,2,2,3,3,3,3,3,3,3,3,2,2,3,3,2,1,2,3,5,6,6,5,3,2,2,2,3,3,3,3,2,2,2,1,2,2,2,2,2,2,2,2,2,2,2,2,2,2,2,2,2,2,2,2,2,2,2,2,3,3,3,3,2,2,2,2,2,4,2,4,4,4,6,4,2,1,1,2,3,4,4,2,2,2,2,2,2,2,2,2,1,2,3,4,4,3,1,1,1,2,2,3,3,3,3,3,2,2,2,2,2,2,2,2,2,3,3,4,3,2,1,1,1,2,2,2,3,3,4,4,3,2,2,2,2,2,4,5,4,2,0,1,3,5,3,0,2,2,2,2,2,2,2,2,1,1,2,2,2,2,3,3,2,2,2,2,2,2,2,2,1,1,1,1,2,2,2,2,4,3,4,3,3,3,2,2,3,3,2,1,2,3,4,4,3,2,2,2,1,2,2,3,3,3,3,3,3,3,3,3,4,5,5,4,3,2,2,3,1,1,1,2,2,2,3,3,2,2,3,3,3,3,4,4,2,2,2,2,2,2,2,2,1,1,1,2,2,3,3,3,3,3,3,3,3,3,3,3,2,2,3,4,3,2,2,2,2,2,2,3,3,4,4,3,2,2,2,2,3,3,4,4,1,1,1,2,2,3,3,3,2,2,3,3,2,2,2,2,1,1,1,1,2,2,3,3,3,3,3,3,3,3,3,3,1,1,1,1,2,2,2,2,1,1,1,1,3,3,3,4,2,3,3,2,1,2,1,1,2,2,2,1,1,1,1,1,1,1,2,2,3,4,5,5,2,2,2,2,2,2,2,2,1,2,1,1,2,4,6,5,4,4,4,4,4,4,4,4,5,3,2,3,3,4,4,4,3,3,3,3,3,3,3,3,3,3,2,2,2,2,1,1,1,1,1,1,1,1,1,1,4,4,3,2,2,1,1,1,1,1,2,2,2,2,1,1,2,2,3,3,3,3,3,3,2,2,2,2,2,2,2,2,4,3,2,2,3,3,2,1,3,3,3,3,4,4,4,4,4,3,2,2,4,4,3,2,2,2,2,2,2,2,2,2,2,2,2,2,2,2,2,2,1,1,1,1,1,2,4,5,4,3,3,3,3,2,2,2,2,2,2,2,2,2,3,3,3,1,1,2,4,4,4,2,1,1,1,2,2,2,2,1,2,2,2,2,2,2,2,2,3,3,1,1,1,1,3,3,3,3,3,3,3,3,3,3,2,2,2,2,2,2,2,2,3,3,3,3,4,4,4,4,3,3,4,4,5,5,5,5,2,2,2,4,4,2,2,2,2,1,1,2,4,4,3,2,4,4,3,3,2,2,2,2,3,3,3,3,3,3,3,3,2,3,3,3,3,2,2,1,0,1,2,2,2,3,2,2,4,3,3,2,3,3,4,5,2,2,2,2,2,2,3,3,2,2,2,2,1,1,1,1,1,1,2,2,2,2,3,3,2,4,4,2,2,4,4,2,2,2
288,2,3,3,1,1,3,4,3,3,3,3,3,3,3,3,3,3,3,3,3,3,3,3,4,3,2,3,4,5,4,4,1,1,3,3,3,3,2,2,2,2,2,2,2,2,2,2,3,2,2,2,2,2,2,2,2,2,2,3,2,2,3,3,2,2,1,1,2,2,3,3,3,3,3,3,4,4,4,4,4,4,3,3,3,3,2,2,2,2,2,2,2,2,2,2,2,2,2,2,3,3,3,3,2,2,2,2,2,2,2,2,2,2,2,2,2,2,2,2,2,2,2,2,2,2,2,2,2,2,4,4,5,4,3,3,2,2,3,3,3,3,2,2,2,3,2,2,2,2,4,4,3,3,2,1,1,2,3,3,2,2,2,2,2,2,2,2,0,1,1,2,3,4,4,5,3,3,3,3,3,3,3,3,2,2,3,3,3,3,2,2,2,2,1,1,1,2,3,4,3,3,3,3,3,3,3,3,1,2,3,4,4,4,4,4,2,1,1,3,2,2,1,0,2,3,3,2,2,3,4,5,6,6,5,5,4,3,2,2,3,4,4,5,5,4,4,3,1,1,2,2,3,3,4,4,1,1,1,1,1,1,1,1,1,1,1,1,1,1,1,1,3,3,3,3,2,2,3,3,2,2,3,3,3,3,2,2,5,5,4,4,3,3,3,3,4,3,2,2,3,3,2,1,3,3,2,2,1,1,1,1,3,3,3,3,3,3,3,3,2,2,2,2,2,3,3,3,2,2,2,2,2,2,2,2,1,2,1,1,2,4,5,6,4,2,2,3,4,4,3,3,2,3,2,2,3,3,4,4,4,4,4,3,3,3,3,3,2,2,3,2,3,3,3,4,3,3,3,3,3,3,3,3,3,2,1,2,3,4,3,2,2,2,2,2,2,3,3,3,3,3,2,3,3,3,3,4,1,1,1,1,3,4,4,3,4,4,5,5,5,5,4,4,4,4,4,3,3,2,2,2,3,3,3,3,2,2,1,1,1,0,0,2,2,2,2,2,5,5,3,2,3,4,5,5,6,3,1,1,3,3,4,4,4,4,3,1,1,2,3,3,2,2,2,2,2,2,2,2,3,3,3,3,2,2,1,1,1,1,1,1,1,1,1,1,3,3,5,5,4,3,2,2,1,1,1,1,1,1,1,1,1,1,2,2,2,3,3,3,2,2,2,2,2,2,2,2,3,2,1,1,1,2,3,4,3,4,4,4,3,3,3,4,5,4,4,2,2,2,2,3,2,2,2,2,2,2,2,2,4,4,4,4,4,4,4,4,3,3,4,4,4,4,3,3,3,3,3,2,2,2,2,2,7,5,3,4,2,2,3,1,3,2,0,0,1,2,2,2,1,1,3,3,4,4,4,4,2,2,2,2,3,3,2,3,3,3,4,5,5,4,3,3,2,2,2,2,2,2,2,2,2,3,4,4,3,2,4,6,4,2,2,1,2,2,2,1,1,1,3,2,2,2,1,1,3,3,2,1,1,2,3,3,3,3,4,4,4,4,3,3,2,2,2,2,2,2,2,2,2,2,2,2,2,2,2,2,1,1,1,1,2,2,2,2,1,3,3,1,1,3,3,1,2,2,2,2,2,2,2,2,1,2,2,3,3,2,2,1,2,2,2,2,2,2,2,2,4,3,3,3,2,2,3,3,2,2,3,3,3,2,1,1,2,2,2,2,3,3,3,3,3,3,3,3,3,3,3,3,2,2,3,3,3,3,4,4,3,3,3,3,3,3,3,3,2,2,2,2,2,2,2,2,2,2,2,2,3,3,3,3,4,3,3,3,2,2,2,2,1,1,1,1,1,1,1,1,1,1,2,2,2,2,3,3,2,1,2,4,4,2,1,2,4,4,4,4,4,3,3,3,1,1,2,2,2,2,3,3,3,4,3,3,2,1,1,1,2,4,4,4,4,3,3,2,3,3,2,2,3,4,3,2,5,4,4,4,4,4,2,2,4,4,4,3,3,2,2,1,3,3,3,2,2,2,1,1,2,2,4,4,4,4,3,2,2,0,2,3,1,1,3,2,1,3,5,4,3,2,2,2,1,1,1,1,1,1,1,1,1,1,1,2,2,2,1,1,4,2,2,2,4,5,4,2,3,2,2,2,2,1,1,2,2,2,3,3,3,3,2,2,3,2,2,2,3,3,3,2,3,2,0,1,2,3,2,2,3,2,2,1,2,3,3,3,3,2,3,5,5,2,2,3,5,6,5,3,1,1,2,3,1,3,5,5,6,4,2,4,2,2,2,2,3,3,3,3,3,3,3,3,3,3,3,3,3,3,3,2,2,2,2,2,2,2
289,3,3,3,3,3,3,3,3,2,1,2,2,3,3,2,2,3,3,3,4,4,5,5,2,2,2,3,3,3,3,3,3,2,2,1,1,2,3,4,4,2,1,3,3,1,1,2,2,2,2,2,2,1,1,0,1,1,2,2,3,3,3,3,4,3,2,3,4,5,4,2,2,2,3,2,2,2,2,2,3,3,2,2,2,1,1,1,2,2,2,2,2,2,2,2,1,2,3,3,2,1,1,1,2,2,2,2,2,2,2,2,2,2,2,2,2,2,2,2,3,3,3,3,3,3,3,3,3,3,3,3,4,4,4,4,4,3,2,2,2,2,3,4,3,3,3,2,3,3,3,2,2,1,1,1,2,3,4,3,4,5,4,2,1,3,4,3,2,2,2,2,2,2,3,3,2,2,3,3,3,3,2,2,2,2,2,2,2,2,2,2,4,4,4,4,4,4,5,5,4,3,3,3,4,4,4,4,0,1,2,2,1,1,2,4,3,3,3,3,3,3,3,3,2,2,2,2,2,2,2,2,3,2,2,3,2,3,3,3,5,4,3,3,3,3,4,5,1,1,2,3,3,3,3,3,3,3,3,3,3,3,3,3,2,2,2,3,3,4,4,4,3,3,3,3,3,3,3,3,5,3,1,1,2,3,4,4,3,3,5,5,5,4,3,2,1,1,1,2,2,2,2,2,3,3,2,2,1,1,0,0,3,3,3,3,2,2,1,1,1,1,1,1,1,1,1,1,1,1,1,1,1,1,1,1,1,1,1,1,1,1,1,1,1,2,3,3,2,1,2,3,3,3,3,3,3,3,3,3,2,2,2,2,2,2,2,2,1,2,2,2,3,4,4,4,2,2,2,2,2,2,2,2,3,3,3,3,3,3,3,3,2,1,1,2,4,2,1,1,2,2,2,2,3,3,3,3,2,1,1,2,2,2,2,2,2,1,2,1,2,1,1,1,1,2,3,3,3,3,2,2,3,2,3,5,3,3,4,4,3,2,2,2,2,2,3,2,2,2,1,1,2,3,5,5,5,4,2,2,2,2,4,5,4,2,3,2,2,2,2,2,2,3,4,4,5,4,4,4,5,4,3,2,2,2,3,4,1,2,2,2,3,3,3,4,3,3,3,3,3,3,3,3,3,4,5,4,2,0,1,3,3,3,3,3,2,2,3,3,2,2,3,4,4,3,2,2,2,2,3,3,3,3,2,2,1,1,1,2,2,2,2,2,2,2,2,2,2,2,2,2,0,2,4,3,2,1,1,2,1,1,2,2,4,4,5,5,2,2,3,3,4,5,5,6,2,2,2,2,2,2,2,2,3,3,4,4,4,4,2,2,4,4,2,2,1,2,2,2,2,3,4,4,3,3,2,3,3,3,3,3,3,3,3,3,2,3,3,4,4,3,3,2,5,3,1,1,2,3,3,2,4,5,4,4,3,3,3,3,2,2,3,4,4,4,3,1,1,1,1,1,1,1,1,1,1,1,2,2,1,1,1,1,6,5,3,2,2,3,5,6,5,4,3,2,2,2,2,3,2,3,3,3,4,4,4,4,1,1,1,1,2,2,2,2,3,3,1,1,1,2,3,4,2,2,3,3,3,2,2,1,1,1,1,2,2,2,3,3,1,1,1,2,2,2,4,3,2,2,3,3,4,4,4,5,2,2,2,1,1,0,0,1,2,2,2,2,2,2,2,2,2,2,2,2,2,2,2,2,2,3,4,4,2,2,3,4,1,1,1,1,2,2,3,3,3,3,4,3,3,2,1,1,0,1,1,1,2,2,3,3,5,4,3,2,2,2,3,4,3,2,1,1,1,1,2,3,2,2,3,2,1,1,1,1,4,2,2,2,3,4,3,2,2,2,3,3,3,3,4,4,2,2,2,2,2,2,2,2,3,3,3,3,3,3,3,3,3,3,2,2,2,2,3,3,1,1,1,1,2,2,2,2,2,2,2,2,2,2,2,2,4,3,2,2,2,2,3,4,3,3,3,3,3,3,3,3,5,4,3,2,3,4,6,7,4,3,3,3,4,4,4,3,1,2,3,3,1,1,1,1,3,2,1,1,1,2,3,4,2,2,2,1,2,1,1,1,4,5,5,4,2,1,1,2,1,1,2,2,2,2,1,1,1,1,0,2,1,2,4,4,1,1,2,2,2,1,1,1,3,3,1,2,2,2,4,3,1,2,3,4,4,3,3,2,3,3,3,3,3,4,4,4,2,2,2,2,2,2,3,5,3,5,4,3,2,3,3,1,3,3,3,3,3,3,3,3,2,2,2,2,2,2,2,2,2,3,4,3,2,2,4,6,3,3
290,3,4,3,2,2,3,4,1,2,3,3,3,1,1,1,2,2,4,4,5,5,4,4,4,4,3,1,1,1,1,1,2,3,3,3,2,2,2,3,4,3,3,2,2,3,3,4,2,2,2,2,2,2,2,2,1,1,1,1,1,1,2,2,4,3,3,3,2,2,2,2,2,2,2,3,3,3,3,3,3,3,3,4,5,5,4,3,2,2,2,2,2,2,2,2,2,2,2,2,2,2,2,2,2,2,2,2,2,2,2,2,0,0,2,4,4,2,2,2,2,2,2,2,2,2,1,1,1,1,1,2,2,1,2,1,1,2,4,3,2,1,1,1,1,1,2,2,2,2,3,3,2,2,2,2,2,2,2,2,2,2,2,2,3,3,3,3,2,1,1,4,5,4,3,4,2,2,3,4,4,4,3,3,3,3,3,3,3,3,3,3,2,2,2,3,3,2,2,2,2,1,2,2,3,4,4,4,4,4,4,4,4,4,4,4,4,3,1,2,2,3,3,3,2,3,4,3,2,1,2,4,4,3,3,3,2,2,2,2,5,4,3,3,2,2,2,3,3,3,3,3,3,3,3,3,1,1,1,1,1,1,1,1,1,1,1,2,2,3,3,2,2,2,2,2,2,2,2,2,3,3,3,3,4,4,4,4,4,4,3,2,2,1,2,3,3,3,3,3,3,3,3,3,3,3,3,2,2,2,2,2,2,2,2,2,2,2,2,2,2,2,1,1,1,1,2,3,3,2,2,2,2,2,2,2,1,1,1,2,2,2,2,2,1,1,3,3,4,3,3,3,2,2,2,2,3,3,3,3,2,2,2,2,3,3,3,3,3,3,3,3,3,3,3,3,3,2,2,3,2,2,2,2,2,2,2,2,2,2,2,1,3,3,3,3,3,3,3,3,4,4,4,4,4,3,3,3,4,3,1,2,3,3,2,1,4,3,4,4,3,3,4,3,2,2,3,3,3,3,2,2,2,2,3,4,4,4,3,3,4,4,3,3,3,3,2,2,2,2,2,1,2,2,2,2,1,1,2,3,3,2,1,1,1,1,2,2,2,2,4,5,4,4,4,3,2,1,1,2,4,4,3,3,2,2,2,2,3,2,2,1,1,2,2,3,2,2,2,2,3,3,4,5,3,3,3,2,2,2,2,2,2,2,2,2,3,3,3,3,3,3,3,3,3,3,3,3,1,1,1,1,1,1,1,1,3,1,2,4,4,2,2,4,2,2,2,2,2,2,2,2,2,2,2,2,2,2,2,2,2,2,1,2,3,3,3,2,1,2,3,2,2,1,1,1,3,2,2,3,3,2,2,3,4,4,4,4,3,3,3,3,1,1,2,2,3,3,3,3,3,3,3,3,3,3,3,3,2,3,2,2,2,1,3,3,0,1,2,3,3,2,2,2,3,2,2,1,1,2,3,4,4,4,3,2,2,3,3,3,2,2,3,2,2,1,1,0,1,2,3,3,3,3,2,1,1,1,2,2,2,2,1,1,3,2,3,3,2,2,3,3,2,2,2,2,2,3,3,3,4,3,2,2,4,4,3,2,2,2,3,3,3,3,3,3,3,2,2,1,2,3,4,5,3,3,3,3,3,3,3,3,2,2,2,2,2,2,2,2,2,2,2,2,2,2,2,2,1,1,1,1,1,1,2,2,5,3,1,1,1,2,2,1,1,2,3,3,2,2,2,2,3,4,5,5,5,4,3,3,2,2,3,3,3,3,3,3,1,2,3,4,5,4,4,3,3,3,3,3,2,2,3,4,3,3,3,3,3,3,3,3,4,4,4,3,3,3,3,3,4,4,4,4,4,4,4,4,2,2,3,3,3,3,3,3,2,2,2,2,1,1,2,5,3,3,2,2,2,1,1,1,3,3,3,3,3,3,3,3,2,2,2,2,2,3,3,3,2,2,2,2,2,2,2,2,3,3,5,6,6,4,2,2,4,4,4,4,4,4,4,4,5,4,3,2,2,2,3,3,1,1,2,2,2,2,3,3,3,3,3,2,2,2,2,2,1,0,1,3,3,3,2,2,2,2,2,2,2,2,2,2,3,3,3,3,3,3,3,3,3,2,3,5,4,3,1,2,3,4,7,7,6,4,1,2,3,3,3,3,3,3,3,3,2,2,3,5,4,2,3,5,3,2,2,3,3,5,5,6,5,4,4,3,3,3,3,3,2,2,2,2,3,3,3,3,3,3,3,3,4,4,4,4,2,2,2,2,2,2,2,2,2,2,2,2,2,2,2,2,2,2,2,2,2,2,2,2,4,4,3,3,3,2,2,2,2,2,2,2,2,2,2,2,2,2
291,1,0,1,3,2,2,2,3,3,3,3,3,3,3,3,4,4,4,4,3,3,2,2,3,3,3,3,3,3,3,3,1,2,3,3,3,3,2,1,3,3,4,4,3,2,3,4,2,2,1,1,1,1,2,2,1,1,1,1,1,1,2,2,4,4,4,4,4,4,4,4,2,2,3,3,3,3,3,3,3,3,3,3,3,2,2,2,2,5,5,3,3,5,5,3,2,3,4,3,2,2,3,3,3,4,3,3,3,2,3,3,3,2,3,3,3,3,2,3,1,2,3,2,2,1,2,3,3,3,2,2,2,3,4,4,2,2,3,3,2,2,2,3,2,2,1,2,1,2,3,3,2,2,4,5,5,4,2,1,3,3,3,3,3,3,3,3,3,3,3,2,2,2,1,1,5,5,5,4,3,3,2,2,2,2,2,2,3,3,3,3,5,4,3,3,2,2,3,4,6,6,6,5,3,3,2,2,3,2,2,1,3,2,3,4,4,4,2,2,3,1,1,1,1,2,3,4,5,4,3,3,2,4,5,4,3,2,2,2,2,1,2,2,3,3,4,5,3,3,3,2,2,2,2,2,2,2,2,2,2,3,4,4,4,3,3,5,5,3,1,2,2,2,2,2,2,2,2,2,2,1,3,6,6,3,1,2,3,3,3,3,3,2,1,1,1,2,3,3,3,3,2,1,4,4,4,3,3,3,3,3,3,3,3,3,2,2,3,3,2,2,2,2,2,2,2,2,3,3,3,3,2,2,2,2,2,2,2,2,2,2,2,2,0,0,1,1,2,2,2,3,3,2,1,0,1,2,4,3,1,1,1,1,3,4,2,1,3,2,2,2,1,1,1,2,2,1,1,1,2,2,2,2,2,2,2,2,2,2,2,2,2,2,2,2,2,2,2,2,2,3,4,3,2,2,3,5,5,3,1,1,1,2,1,0,2,2,2,2,2,2,2,2,3,2,1,3,3,2,3,4,1,1,4,4,2,1,1,1,3,3,3,3,3,3,4,4,3,3,3,3,2,3,2,2,2,2,4,4,4,4,2,2,2,3,3,1,1,3,3,2,4,3,2,2,2,2,3,4,3,2,2,1,1,1,1,1,1,1,2,2,2,2,3,3,2,2,2,2,3,3,3,3,2,2,2,2,2,3,4,4,2,2,2,2,2,2,2,2,2,2,1,1,1,1,1,1,1,1,1,1,1,1,1,1,2,2,2,2,2,2,2,2,4,4,4,4,4,4,4,4,3,3,3,3,3,2,1,1,2,3,3,3,4,5,5,4,4,4,4,3,1,1,3,4,1,2,4,3,2,1,1,1,3,2,1,1,1,1,3,3,2,2,2,2,2,2,2,2,5,4,3,4,5,6,5,3,2,3,5,3,2,2,3,3,2,2,1,1,1,1,2,2,4,4,4,3,3,2,2,2,2,0,0,2,3,1,1,3,3,4,6,6,6,6,5,5,4,4,3,3,3,2,2,2,3,3,2,2,2,3,3,2,2,1,1,2,4,4,4,3,1,1,1,1,1,2,4,5,1,1,1,1,1,1,1,1,2,2,2,2,1,1,1,1,1,2,1,2,2,1,2,1,0,3,7,7,4,1,0,2,2,2,2,2,2,2,2,2,2,2,2,2,2,2,2,2,2,2,2,2,3,3,3,3,5,3,2,2,2,4,4,4,3,3,3,3,2,2,2,2,1,2,2,3,3,3,3,2,2,2,2,2,2,2,2,2,1,1,1,1,1,1,1,1,4,2,1,2,5,6,5,3,2,3,2,1,2,3,4,3,4,3,2,2,2,3,4,5,3,2,1,2,4,4,4,2,3,3,3,3,3,3,3,3,2,2,2,2,2,2,2,2,2,3,4,3,3,2,3,4,6,2,3,3,4,3,3,3,2,1,1,1,1,1,1,1,3,3,4,4,4,3,1,1,1,1,1,1,2,2,2,2,2,3,4,4,4,4,3,2,4,5,5,5,3,2,1,2,3,3,3,3,3,3,3,3,4,4,4,3,3,3,2,2,1,1,1,1,1,1,1,2,4,3,1,1,0,1,2,3,1,1,1,1,1,1,2,2,1,1,1,1,1,1,1,1,2,2,2,2,2,3,4,4,2,2,2,3,3,4,2,1,2,2,2,2,2,2,2,2,1,2,3,4,4,4,3,2,4,3,1,0,0,0,2,3,1,3,4,1,1,3,2,1,1,1,2,3,4,5,4,3,2,3,4,3,2,1,1,3,2,2,3,3,3,3,4,4,1,1,1,1,1,1,1,1,0,1,2,2,3,2,2,2,2,2,2,2,4,4,3,4,3,2
292,3,3,3,3,3,3,3,3,3,3,4,4,3,3,3,2,2,2,2,3,3,3,3,4,4,5,3,4,3,3,4,3,3,3,3,3,3,3,3,3,3,4,4,5,5,5,5,2,2,2,2,3,3,3,3,4,4,5,5,5,4,2,2,3,3,2,2,1,1,2,2,3,3,3,3,3,3,3,3,2,3,2,2,2,2,3,2,4,4,3,3,2,2,2,2,3,3,2,2,2,3,4,2,3,3,3,2,1,2,1,1,2,2,3,2,3,3,4,4,4,3,2,2,2,2,2,2,3,3,3,3,3,2,2,3,1,1,1,2,1,1,1,1,1,2,1,1,3,3,2,1,3,3,3,3,3,4,4,4,3,3,3,3,3,3,2,2,2,3,5,6,5,4,3,3,2,3,4,3,3,2,3,3,3,4,4,4,2,2,2,3,4,4,1,1,1,1,3,4,3,3,3,2,3,3,4,5,2,2,1,2,3,4,4,6,7,5,4,4,3,3,3,3,3,4,4,4,4,3,3,2,1,1,2,2,2,2,2,3,2,2,2,2,1,1,1,1,2,2,1,1,1,2,3,2,3,3,3,3,3,3,3,3,2,2,2,2,2,2,2,2,4,4,3,3,3,3,3,3,2,2,2,2,3,4,5,5,1,1,1,1,1,1,1,2,3,2,2,2,3,2,2,2,2,1,1,1,2,2,3,3,4,4,4,4,4,4,4,4,3,2,2,2,2,2,3,3,3,3,3,2,3,3,2,2,4,4,4,4,4,4,4,4,3,3,3,3,3,3,3,3,3,2,2,2,2,2,2,2,1,1,1,1,1,1,1,1,1,2,2,2,2,2,3,2,1,1,1,1,1,1,1,1,3,3,3,3,3,2,2,2,3,3,3,3,3,3,3,3,2,2,2,3,3,4,4,4,3,3,3,3,4,4,3,3,2,2,2,3,3,3,3,3,2,2,1,1,1,1,1,1,4,3,3,3,3,3,3,4,3,3,2,1,1,1,1,1,2,2,3,2,1,2,2,3,3,3,4,3,3,4,6,6,3,3,3,3,3,3,2,1,3,3,3,3,4,4,4,4,4,3,3,3,3,4,4,4,2,1,3,2,2,2,4,4,1,1,1,2,2,2,2,2,3,3,3,3,4,3,4,3,3,3,3,3,3,2,2,2,2,2,2,2,2,2,2,2,1,1,2,2,3,3,3,3,4,3,2,1,1,2,3,4,4,4,3,3,3,3,4,4,7,7,6,5,3,3,2,1,4,4,3,2,2,3,4,4,3,3,3,3,3,3,3,3,2,3,3,4,5,5,6,6,3,3,3,3,3,3,3,3,5,3,2,2,1,2,2,1,3,3,4,4,4,4,4,5,6,4,3,5,4,2,2,3,3,3,3,2,2,2,2,2,2,4,4,3,2,3,4,2,1,1,2,2,2,2,1,1,3,3,3,2,2,2,2,2,2,2,3,2,3,3,3,3,3,3,3,2,3,3,3,2,2,2,1,1,3,3,3,4,1,2,3,3,4,4,4,3,1,1,1,2,2,3,3,3,2,2,2,2,2,2,3,3,3,3,3,3,3,3,3,3,3,3,2,1,2,2,4,4,1,3,6,6,4,2,1,1,3,3,3,3,2,2,1,1,4,3,4,3,3,4,5,6,3,3,4,3,2,2,1,2,3,3,3,3,2,2,2,2,3,3,2,1,1,1,1,1,1,1,0,1,3,4,4,2,1,1,2,3,3,2,1,1,2,3,3,2,1,0,0,1,2,2,2,2,2,3,3,3,2,3,3,4,4,3,3,2,2,2,3,3,3,3,2,2,2,2,2,2,2,2,2,2,3,2,3,2,2,2,3,3,3,3,3,3,3,3,3,3,2,2,3,3,3,3,3,3,2,2,2,2,2,3,3,3,3,3,3,3,3,3,3,3,2,2,2,2,2,2,2,2,0,1,2,3,3,3,3,1,3,3,3,3,3,3,3,3,3,2,2,1,1,2,3,4,4,4,4,4,4,4,4,4,2,2,2,2,2,2,2,2,3,3,4,5,5,4,3,3,1,2,2,2,1,1,1,0,1,1,2,2,2,2,2,2,1,1,1,1,2,2,2,2,2,3,3,4,4,3,3,2,2,2,3,3,1,1,3,4,4,4,4,4,2,3,2,3,2,2,1,1,2,2,2,2,3,3,3,3,3,3,3,3,3,2,1,2,2,2,2,2,3,3,1,1,2,2,2,2,3,3,3,3,3,3,2,2,1,1,2,3,3,3,2,2,3,3,3,3,3,3,3,3,3,3,3,3,3,3,3,3,2,1
293,3,2,3,4,5,4,2,1,1,1,1,1,1,1,1,3,3,2,2,2,2,3,3,4,4,4,4,4,4,4,4,4,3,3,3,3,3,3,3,2,2,3,3,3,4,4,4,3,3,3,3,3,3,3,3,3,2,2,2,2,2,2,2,3,2,3,3,4,3,3,2,4,3,2,4,5,3,2,4,4,3,3,3,3,2,2,2,3,3,3,1,2,1,2,3,2,2,3,3,4,4,3,3,3,2,2,2,2,2,2,2,2,3,3,3,2,2,2,0,3,3,2,2,2,2,2,2,3,2,2,2,1,1,1,1,4,3,3,3,3,3,3,3,2,2,2,2,2,2,2,2,1,2,5,4,3,4,4,4,2,2,2,3,3,3,4,4,3,3,3,3,3,3,2,3,4,3,1,2,3,4,3,2,2,3,4,5,2,1,0,1,2,3,3,3,3,2,1,1,4,4,2,2,2,1,2,2,3,4,4,5,5,4,4,3,4,4,4,4,4,4,4,4,2,2,1,1,1,2,2,1,1,1,4,5,5,3,1,1,1,2,3,3,1,0,1,1,3,2,4,5,3,3,3,1,1,1,1,2,2,2,2,2,1,2,2,2,3,3,3,3,3,3,3,3,3,3,3,4,4,3,2,1,1,1,3,3,3,3,2,2,2,3,3,4,4,3,2,1,0,1,1,2,3,3,3,3,3,3,3,3,2,3,3,3,3,3,4,4,2,2,2,2,2,2,2,2,1,4,3,2,1,3,3,1,2,2,2,2,2,2,2,2,1,2,2,2,4,4,4,4,1,2,2,1,1,1,2,2,3,3,3,3,3,3,3,3,3,2,2,1,2,2,3,5,5,4,4,4,3,3,3,3,3,3,3,2,2,2,1,2,4,3,3,5,5,5,3,2,3,3,3,3,3,3,3,4,4,3,2,3,4,4,3,3,4,3,1,1,3,3,3,3,2,1,1,2,3,3,2,1,2,2,2,2,2,2,2,2,4,3,1,2,4,3,1,1,1,1,1,1,1,1,1,2,3,3,3,3,3,3,3,3,2,2,2,2,2,2,2,3,3,3,3,3,2,2,2,3,3,3,3,3,3,3,3,3,3,3,2,2,2,2,2,2,2,2,2,3,3,3,3,3,3,3,3,3,3,2,2,3,3,3,3,3,2,2,2,2,2,2,2,2,2,2,2,2,2,3,3,3,3,3,4,4,2,2,2,3,3,3,3,3,3,3,3,3,3,3,3,4,5,4,2,2,3,3,1,2,2,2,2,1,3,3,5,5,3,3,3,2,2,3,3,3,3,4,4,4,4,4,5,4,3,3,2,2,2,1,1,2,2,2,2,2,2,2,2,3,3,3,5,5,5,4,4,4,6,5,4,3,3,3,3,3,3,3,3,3,3,3,3,3,3,2,2,3,3,1,2,2,2,1,1,3,4,4,5,4,1,2,5,7,6,4,3,2,2,2,2,2,3,3,3,3,2,2,2,2,2,2,2,2,2,2,2,2,3,3,4,4,2,2,2,2,2,2,2,3,2,2,2,2,2,2,2,2,2,2,1,1,1,1,1,1,1,1,1,1,1,1,1,1,2,2,2,2,2,2,2,2,1,2,2,3,3,2,2,1,2,3,3,3,3,3,4,4,3,3,4,3,3,2,3,3,2,2,2,1,1,1,1,1,1,1,1,1,1,1,1,1,1,1,1,2,2,2,3,2,2,3,1,1,1,1,4,3,1,2,2,2,2,3,3,3,3,3,3,2,2,2,2,2,1,2,2,2,3,3,3,3,2,2,2,2,2,2,2,2,2,2,2,2,4,4,4,4,3,1,2,3,3,3,4,5,4,4,5,4,3,3,3,3,3,3,3,3,3,3,3,3,2,3,2,3,3,3,3,2,3,3,3,3,3,3,3,4,3,0,2,2,2,2,3,3,2,2,2,2,2,2,2,2,1,1,1,1,2,1,1,2,2,1,1,2,1,2,2,1,2,3,2,1,2,3,4,2,2,2,2,2,2,2,3,5,5,2,2,3,3,2,2,2,1,1,4,4,4,3,2,2,3,4,3,3,3,2,1,0,1,2,3,3,4,4,3,3,3,1,1,2,2,2,2,2,2,3,3,3,3,2,2,2,3,3,3,3,3,3,3,3,3,3,3,3,3,3,3,3,3,3,3,3,3,2,2,2,4,5,3,1,1,0,1,2,3,3,3,3,3,3,3,3,4,5,5,4,4,4,3,3,3,3,3,5,5,4,4,3,3,3,3,2,2,2,1,0,2,3,3,3,3,3,3,3,2,2,2,2,2,2,2,2,3,1
294,2,2,2,2,2,2,2,2,3,3,3,2,2,2,3,3,3,2,2,2,1,1,1,1,1,2,3,3,2,1,1,3,2,3,5,5,4,2,2,4,5,5,4,2,1,1,2,3,3,3,3,3,3,3,3,2,2,3,3,3,3,2,2,2,2,4,3,3,3,3,4,3,3,3,3,4,4,5,7,4,2,1,2,4,5,3,1,2,3,3,3,3,3,2,2,3,5,5,5,4,2,3,3,1,3,4,3,2,1,3,4,1,1,1,3,6,8,6,4,4,4,3,3,2,2,2,3,4,3,3,3,3,3,4,4,1,1,2,3,3,3,3,3,2,3,2,2,2,1,3,2,3,2,2,2,2,3,3,3,4,5,4,4,4,4,4,5,3,2,2,4,4,3,2,1,2,2,2,2,2,2,2,2,4,4,4,3,3,3,3,3,3,3,4,4,4,4,4,4,3,3,2,2,3,3,5,4,4,4,3,3,3,3,3,4,2,2,2,2,2,2,2,2,2,4,4,4,4,4,4,4,4,3,3,4,4,2,2,2,2,2,2,2,3,3,3,3,3,4,5,3,1,1,2,4,3,4,3,4,3,3,2,3,2,1,2,3,3,3,3,3,2,2,2,2,2,2,2,2,3,4,4,4,4,3,3,3,2,2,2,2,2,2,3,3,2,1,1,2,3,2,2,3,3,3,3,3,3,3,3,3,3,2,2,2,2,2,2,2,1,0,1,1,1,2,2,2,3,3,3,3,3,3,3,3,3,3,3,3,3,3,3,4,3,2,2,2,2,3,3,3,2,1,2,2,2,1,1,1,2,3,3,3,3,2,2,2,3,4,4,3,2,1,2,3,2,1,2,2,3,2,3,3,3,3,3,2,3,3,3,2,2,3,2,3,2,2,2,3,1,2,4,3,1,1,3,3,3,3,2,2,2,2,2,2,2,2,2,2,2,2,2,2,2,1,1,1,1,1,1,1,2,3,3,3,4,4,4,4,4,3,3,3,3,3,3,3,3,2,2,2,2,2,2,2,2,2,2,2,4,4,3,3,2,1,2,2,2,2,2,2,2,2,2,4,4,3,3,5,6,5,3,3,4,3,2,2,2,2,2,2,2,2,2,2,3,3,3,3,3,3,3,3,2,0,3,3,2,1,2,2,2,2,2,2,2,2,3,3,3,2,3,3,3,3,2,2,3,3,3,3,3,3,3,3,2,2,2,2,3,3,3,4,2,3,3,3,4,3,4,3,3,3,3,3,2,2,2,2,3,1,1,1,2,3,4,3,4,4,3,2,2,3,4,4,5,4,4,4,3,2,2,2,2,2,2,2,2,2,3,3,2,1,0,1,2,4,3,3,1,1,4,4,4,4,3,3,3,3,3,3,3,3,3,3,1,1,1,1,1,1,1,2,1,1,1,2,2,2,3,3,2,1,2,1,1,3,3,3,0,1,3,4,5,3,2,2,3,3,3,3,3,3,3,3,2,2,2,3,1,1,1,3,1,1,2,2,3,3,3,3,4,3,3,3,3,2,2,3,2,2,2,2,2,2,2,2,3,3,2,2,2,2,3,4,1,2,2,3,3,4,4,5,2,2,1,1,1,1,3,3,3,3,3,3,3,3,3,3,3,3,2,3,4,4,3,4,4,3,3,4,3,2,2,3,2,2,3,2,2,1,1,1,1,1,1,1,1,1,2,2,2,2,2,2,3,4,5,5,2,2,2,3,2,3,3,3,1,1,1,1,2,2,2,2,2,2,2,1,1,1,1,1,1,1,1,1,2,2,2,3,2,2,2,2,2,2,2,2,1,1,1,1,1,1,1,1,0,1,1,1,1,1,3,5,2,4,4,1,1,1,2,1,1,1,3,4,4,2,1,0,1,2,2,1,1,0,1,1,2,1,1,1,1,1,1,1,2,2,2,2,2,2,2,2,2,2,2,2,2,2,2,2,0,2,4,4,2,1,1,3,2,3,4,4,4,3,1,0,1,1,2,3,3,3,3,2,1,1,3,4,2,1,2,2,2,1,2,2,2,2,2,2,3,4,4,5,4,4,2,2,3,1,0,0,1,2,1,0,3,3,2,2,2,4,5,5,2,2,2,2,2,2,2,2,1,1,1,1,1,1,2,2,2,2,2,3,3,4,4,4,4,4,3,3,1,1,1,2,3,3,3,3,3,3,3,3,2,2,2,2,2,2,2,2,1,1,2,2,4,5,5,4,6,4,4,4,3,2,2,3,3,4,5,5,3,2,1,1,1,1,1,1,2,2,2,2,1,1,2,1,1,1,1,1,1,1,1,1,1,1,1,1,1,2
295,3,3,2,3,3,3,2,1,1,1,1,2,2,3,2,1,3,4,3,3,3,2,4,3,2,2,1,1,2,3,4,4,4,3,3,3,2,3,3,0,0,1,2,2,1,1,3,1,1,1,1,2,2,2,1,3,2,3,3,3,4,3,3,3,3,3,4,4,4,4,4,3,2,1,1,2,3,2,3,4,1,0,1,3,5,4,3,3,2,2,1,3,3,2,2,2,2,3,3,3,3,2,3,1,1,2,3,4,4,3,1,4,2,1,3,4,4,2,2,3,2,1,1,2,3,4,4,2,3,4,4,4,3,2,3,3,3,3,3,3,3,3,3,3,2,2,3,3,2,3,3,2,2,2,3,3,3,3,3,3,3,3,3,4,3,3,3,4,4,4,4,4,4,4,4,3,3,3,4,4,4,3,3,3,3,2,2,1,1,2,2,3,2,2,1,2,2,2,4,5,4,3,4,4,3,2,2,1,1,1,2,2,2,2,2,3,3,3,2,2,2,3,3,3,3,3,3,3,3,3,3,2,2,3,3,2,1,3,5,3,4,3,4,3,3,3,3,2,1,3,3,3,4,3,3,2,2,2,2,2,2,2,2,2,2,2,3,3,3,3,4,5,4,4,4,3,3,3,2,2,3,3,3,3,3,4,4,2,3,2,1,0,1,3,4,2,3,3,3,4,4,5,5,3,4,3,1,2,4,5,3,3,2,1,3,3,3,3,2,1,2,2,2,2,2,1,2,2,2,2,2,2,2,2,2,0,1,1,1,3,3,4,4,2,1,1,1,3,3,3,3,2,2,2,1,2,2,2,2,0,0,0,1,2,2,3,3,1,2,2,2,2,2,1,1,1,2,2,3,3,3,4,4,3,3,2,2,2,1,1,1,1,1,1,2,2,2,2,3,4,4,4,4,3,3,2,2,2,2,2,2,1,1,2,2,3,4,4,2,1,2,4,5,3,2,2,2,1,1,1,1,3,3,3,3,3,3,3,3,3,3,3,3,3,3,3,3,5,5,5,4,2,1,3,3,2,1,3,3,3,2,2,3,4,4,4,4,4,4,4,4,2,2,1,0,0,2,2,4,4,2,2,2,1,1,1,1,2,1,2,1,2,2,2,2,2,1,1,1,2,2,1,1,3,3,3,3,3,3,3,3,3,3,3,3,3,3,3,3,2,2,2,2,2,2,2,3,2,2,2,2,2,2,2,2,2,2,3,3,2,2,0,0,3,3,3,3,3,3,3,3,3,3,3,3,3,3,3,3,1,1,2,3,3,3,3,2,1,2,4,4,3,2,2,2,3,3,3,3,2,2,2,2,1,1,1,1,2,2,3,3,3,3,3,3,3,3,3,3,1,2,3,4,4,4,3,3,1,2,2,3,3,4,4,5,2,2,2,2,2,2,2,2,2,2,2,2,2,2,2,2,2,2,2,2,3,3,3,3,1,1,1,1,2,2,2,2,3,3,3,3,3,3,3,3,3,3,4,3,4,2,1,1,3,4,4,2,2,2,3,3,1,2,2,3,3,2,2,1,3,3,3,3,3,3,3,3,2,2,2,2,1,1,1,1,3,2,3,3,3,3,2,2,2,1,1,1,2,2,1,1,2,2,2,2,2,2,2,2,3,3,3,3,3,3,3,3,3,3,3,3,3,3,3,3,3,3,2,2,2,2,1,1,2,2,2,2,2,2,2,2,3,3,3,2,2,2,1,1,2,2,2,2,2,2,2,2,3,2,2,3,4,3,3,4,4,4,4,4,4,4,4,4,2,2,2,3,3,4,4,4,3,3,3,3,3,3,3,3,1,3,3,2,1,1,2,2,3,3,3,3,3,3,2,2,3,2,2,2,2,3,3,3,2,2,2,2,2,2,2,1,1,2,3,2,1,1,2,3,3,3,3,3,4,4,5,5,2,2,2,2,2,2,2,2,3,3,3,2,2,3,3,3,2,2,2,2,2,2,1,3,7,5,4,4,3,2,2,3,4,4,3,3,3,4,3,3,3,3,2,2,2,2,2,3,3,2,2,1,1,1,1,1,2,3,4,4,4,3,4,3,2,2,2,3,3,2,2,3,4,2,1,1,3,3,3,1,2,2,2,2,2,2,2,3,3,2,1,2,2,2,2,3,3,2,2,3,4,4,3,2,1,2,3,3,3,3,3,2,0,2,3,4,3,2,1,2,2,2,2,2,2,2,2,2,2,3,3,3,3,3,3,2,1,1,2,2,2,2,2,3,3,4,4,4,4,4,4,3,3,2,2,2,2,3,3,3,2,3,2,2,3,3,3,2,1,2,2,2,3,3,3,3,1,1
296,2,3,2,2,3,3,2,3,3,3,3,3,3,3,3,1,1,2,2,3,3,3,3,3,3,3,2,2,2,2,2,3,3,3,3,4,3,2,1,2,2,2,2,2,1,2,2,0,1,1,2,3,3,4,4,4,4,4,4,4,4,4,4,2,3,4,3,3,2,3,4,4,4,3,3,2,1,0,0,0,2,4,3,3,3,2,3,3,3,3,3,3,3,3,3,3,3,3,3,3,3,3,3,2,2,2,2,2,3,3,3,3,3,2,2,2,2,1,1,2,2,2,1,1,3,3,4,1,1,1,1,1,1,1,1,5,4,4,3,4,4,6,6,4,2,2,2,2,2,0,0,3,2,2,2,3,3,3,3,3,2,2,2,3,4,3,3,3,4,4,5,5,4,4,3,3,2,3,3,2,3,3,3,3,2,2,2,2,2,2,2,1,3,3,3,3,1,2,3,4,4,4,4,4,4,3,3,3,3,3,3,3,3,3,3,2,1,2,2,2,2,3,3,2,2,2,2,3,3,4,4,3,2,2,2,2,2,2,2,3,3,3,3,3,3,3,3,2,2,1,2,2,1,2,2,3,3,3,3,3,3,4,3,3,3,4,3,3,3,3,3,1,3,3,2,2,1,3,4,3,3,3,3,3,3,3,3,2,2,2,2,2,3,2,3,3,2,2,2,3,3,2,0,1,2,2,4,4,3,3,3,4,4,4,4,4,4,4,5,5,4,4,3,3,3,3,3,3,3,3,3,3,2,2,2,3,3,3,3,3,3,4,4,2,2,2,1,1,2,2,2,2,2,2,2,2,2,2,4,6,4,4,4,4,3,2,1,2,2,2,3,3,3,3,4,4,4,4,4,4,4,3,3,4,4,3,2,3,2,2,2,1,1,2,2,2,2,3,3,2,2,3,2,2,2,2,3,3,4,4,3,4,4,4,3,2,2,2,2,3,3,4,3,3,3,3,3,3,2,1,2,3,3,3,3,2,2,3,3,2,2,2,2,2,2,2,2,2,2,2,2,4,4,4,3,2,2,2,2,2,2,2,2,3,3,3,3,3,3,3,2,2,3,3,3,2,2,2,3,3,2,2,2,2,1,1,1,1,1,2,2,2,3,3,3,3,3,2,3,3,3,3,2,2,2,2,2,2,3,3,2,1,1,1,2,2,2,2,2,3,3,3,2,2,2,2,2,2,2,3,4,2,3,3,3,2,2,3,3,3,3,3,2,2,2,3,3,3,3,3,3,4,4,4,3,3,3,2,2,3,3,4,3,3,2,2,3,3,5,3,2,2,0,1,3,3,3,5,5,5,3,3,4,3,2,3,2,3,5,7,4,1,1,2,3,3,3,3,3,3,3,3,3,3,3,3,2,1,2,2,3,2,2,1,2,3,3,3,3,2,2,2,2,2,2,2,2,2,2,2,1,0,2,3,3,3,3,1,1,3,4,4,4,4,4,2,2,2,2,1,1,1,1,1,1,2,4,4,2,1,0,0,1,1,2,2,2,3,4,5,5,3,1,1,1,1,1,1,1,4,2,2,2,2,1,1,1,1,1,1,1,2,2,2,2,2,1,1,2,2,1,1,1,2,3,3,3,3,3,2,3,2,2,2,2,2,2,2,3,4,4,4,4,3,3,2,2,2,2,1,3,3,2,2,1,3,3,4,3,2,2,3,4,4,4,3,3,3,3,2,2,4,4,4,3,2,2,2,2,3,3,4,4,4,3,2,3,4,2,2,3,4,4,2,2,1,2,2,2,2,1,2,2,2,2,3,3,2,1,1,1,4,4,4,4,5,5,5,4,1,2,3,3,2,2,3,5,4,4,4,4,3,3,2,2,1,1,2,2,2,2,1,1,2,2,1,1,1,1,2,2,1,1,2,2,2,2,2,2,2,2,3,3,3,3,4,4,2,2,2,2,3,3,4,4,4,4,3,3,4,4,3,3,2,5,6,3,2,2,2,3,2,2,3,3,3,3,2,2,4,3,2,2,1,2,3,3,4,4,3,4,3,3,3,2,3,1,1,2,3,2,0,0,3,4,6,5,5,4,4,4,3,3,2,2,2,2,2,2,2,2,2,2,3,3,4,4,3,2,3,4,4,3,3,3,4,3,2,3,3,1,1,2,3,3,3,3,3,3,3,3,3,3,3,3,3,3,3,3,0,0,2,3,5,6,7,7,6,1,1,2,1,2,4,3,4,4,4,3,3,2,2,2,4,3,2,3,4,4,3,3,2,2,2,2,2,2,2,2,3,3,3,3,3,3,3,3,2,2,2,2,3,3,2,1,2,2,2,2,2,2,2,2,2,2
297,3,3,2,2,2,2,2,0,0,0,2,2,2,3,4,5,3,2,3,2,2,2,4,5,3,1,0,0,2,3,3,4,4,5,5,5,5,4,4,3,2,3,2,2,2,2,1,2,2,2,3,3,2,2,2,2,2,2,2,2,2,2,2,2,2,3,3,3,4,4,4,3,4,3,1,2,2,4,6,5,4,4,2,1,2,3,3,3,3,3,3,3,3,3,3,3,3,2,3,2,2,1,1,1,2,2,3,3,3,3,3,1,2,2,2,2,2,3,3,6,4,4,3,3,2,2,1,1,1,1,1,1,2,2,2,2,1,1,1,1,1,1,1,2,2,2,2,2,2,2,2,2,2,2,2,2,2,2,2,2,2,2,2,2,2,2,1,2,4,5,3,3,4,4,3,3,4,4,4,4,3,3,3,2,3,2,1,1,1,0,0,1,1,3,4,5,5,5,5,4,4,3,2,2,2,2,2,4,4,4,4,5,5,5,5,3,3,2,1,1,1,1,1,3,3,3,2,3,3,3,3,3,3,2,3,3,2,3,3,1,2,2,3,3,3,3,1,3,4,2,2,2,2,4,4,3,2,3,3,3,3,3,2,2,2,2,2,2,2,2,2,2,2,2,2,2,2,2,2,2,2,2,3,3,3,3,2,2,2,3,3,3,4,4,4,2,2,2,2,3,3,3,3,3,3,3,3,2,2,2,1,3,3,3,2,3,3,4,5,4,3,3,3,3,3,3,3,3,3,2,2,3,3,3,2,3,3,4,4,3,3,3,4,4,3,3,3,2,1,2,2,3,3,1,1,3,3,3,1,2,2,3,2,4,5,6,7,2,1,1,2,2,2,3,3,3,2,3,3,3,3,3,3,4,4,3,3,3,3,2,2,2,2,1,2,2,3,3,3,3,3,3,3,3,3,3,3,3,3,3,3,3,3,3,3,4,4,3,3,3,2,2,2,2,2,2,2,2,2,2,2,3,3,2,3,3,2,3,4,3,2,2,2,2,2,2,2,3,3,3,3,3,3,3,3,3,3,3,3,3,3,3,3,2,2,2,2,2,2,2,2,3,3,3,3,2,2,2,2,4,5,3,2,2,2,4,4,3,3,3,2,2,1,2,2,4,4,3,3,3,3,3,2,2,2,2,1,1,2,3,4,3,3,3,3,2,2,2,2,2,2,2,2,2,2,2,2,3,4,4,4,4,4,3,3,3,5,5,4,3,2,2,4,5,5,3,3,2,4,4,4,2,2,2,2,2,2,2,2,1,1,1,1,1,2,3,3,4,3,2,2,2,2,4,4,3,3,5,5,5,4,3,3,3,3,3,3,3,3,3,3,2,3,3,3,2,2,2,4,4,4,4,4,3,3,2,2,3,3,3,3,3,3,3,3,2,2,2,2,2,2,2,2,1,1,2,2,2,2,2,2,3,3,3,2,3,4,3,3,2,1,1,2,3,3,3,3,3,3,3,3,2,2,2,2,1,2,2,3,3,2,1,1,4,3,1,1,1,2,4,3,0,2,2,2,4,4,4,2,2,2,2,2,2,2,2,3,4,3,2,1,1,3,3,3,2,2,2,2,2,2,0,1,3,3,3,3,3,3,3,3,3,3,3,3,3,3,3,3,3,3,2,2,3,3,3,2,1,1,1,1,1,1,1,1,1,2,2,3,3,2,2,1,2,2,2,2,2,2,2,3,3,2,2,2,2,2,2,3,4,4,4,2,1,1,1,1,3,2,2,1,2,2,2,2,1,1,1,1,1,1,1,1,3,4,4,3,2,3,3,3,6,4,4,4,4,4,3,3,2,3,3,3,3,3,3,3,1,1,1,2,2,3,3,3,2,1,1,1,3,4,4,4,1,1,2,3,3,3,3,2,3,2,2,2,1,1,1,0,4,4,4,4,4,4,4,4,1,2,2,3,2,2,3,5,3,3,3,3,3,3,3,3,2,1,2,2,1,1,1,2,3,3,2,1,1,2,3,3,3,2,1,1,2,2,2,1,2,2,2,2,2,2,2,2,2,3,3,3,3,3,2,2,1,2,6,6,4,3,3,1,2,2,2,2,2,2,2,2,2,1,2,1,1,1,0,1,2,2,2,2,2,2,2,2,3,3,3,3,3,3,3,3,2,2,2,2,2,3,3,3,1,3,5,4,3,2,2,2,2,2,2,2,3,3,4,4,3,2,2,3,3,2,2,2,3,2,2,2,3,3,2,1,3,2,2,3,3,2,2,3,2,2,2,2,2,2,2,2,2,2,3,3,3,4,4,4,2,2,2,2,2,2,2,2,3,3,3,3,3,3,2,2,1,1
298,3,4,4,3,1,3,5,2,3,3,3,3,3,4,4,3,4,3,3,2,4,4,4,3,3,3,3,3,3,3,4,5,4,4,3,3,3,3,4,6,6,6,5,5,4,4,4,3,4,3,3,3,3,3,3,3,3,3,3,2,3,2,2,1,1,3,3,3,2,1,1,1,1,2,2,2,2,2,3,3,3,3,3,3,2,2,1,4,4,4,3,3,3,4,4,3,3,3,4,4,4,4,4,3,3,3,3,3,3,3,3,3,3,4,4,3,3,3,4,4,3,3,3,3,3,2,2,1,2,2,3,3,1,1,1,1,1,1,2,2,2,4,2,1,2,2,2,2,3,3,2,1,2,2,2,2,2,2,3,3,3,3,3,3,3,3,3,2,2,2,2,2,2,2,3,4,4,3,3,3,3,2,2,2,0,1,1,1,1,3,3,2,2,3,3,1,1,1,2,4,3,1,2,3,4,4,3,1,2,4,4,3,3,4,6,4,3,4,4,3,3,3,2,2,2,3,3,2,2,1,1,1,2,3,3,2,1,2,3,2,2,2,2,2,2,2,2,2,2,2,2,2,2,2,2,3,2,2,3,3,3,3,3,1,1,1,2,3,3,2,1,2,2,2,3,3,3,2,2,3,2,2,2,3,3,3,3,4,4,3,3,3,4,4,4,3,3,3,3,3,3,4,4,5,5,4,2,2,1,2,4,4,3,4,4,4,4,3,1,0,2,2,2,2,1,2,3,2,2,2,2,2,2,2,2,3,3,4,4,4,4,4,5,3,3,3,3,2,2,3,4,3,2,4,3,3,3,3,3,3,3,3,3,3,3,3,3,4,4,4,4,4,4,4,3,2,2,2,2,2,2,2,2,2,2,2,2,3,3,3,2,2,2,3,2,2,3,3,3,3,3,3,3,3,3,2,3,5,4,3,3,3,4,3,2,3,2,2,2,2,2,3,3,1,2,2,1,1,2,1,1,1,2,1,1,1,1,1,1,3,3,3,3,3,3,3,3,2,1,1,1,2,2,2,2,2,2,2,2,3,3,3,3,4,3,3,3,3,4,4,4,4,5,4,4,4,3,3,2,2,2,2,4,3,3,3,3,2,1,2,2,2,3,3,2,3,3,1,2,2,3,3,3,1,1,2,2,2,2,2,2,3,3,3,3,3,3,3,3,3,3,3,3,3,2,2,2,1,1,2,3,3,3,2,2,1,1,1,2,3,3,4,4,1,1,1,2,2,1,1,1,2,2,2,3,4,4,4,4,6,6,5,5,5,5,4,4,2,2,3,3,3,3,4,4,3,4,4,4,3,2,3,4,3,3,3,4,4,4,4,5,2,2,2,2,2,2,2,2,5,5,4,4,3,3,2,2,3,2,1,1,1,2,3,4,2,2,2,2,2,2,2,2,1,1,1,2,2,3,3,2,4,4,3,2,2,3,4,4,2,2,2,2,2,2,2,2,2,3,3,4,4,3,3,2,2,2,2,2,2,2,2,2,3,3,2,2,2,3,4,4,3,3,3,3,3,3,3,3,2,2,2,2,2,2,2,2,3,3,4,4,4,4,3,3,2,2,2,2,2,2,2,2,2,3,3,3,3,2,1,0,3,3,3,3,3,2,2,2,3,3,4,4,4,4,4,4,6,6,5,5,4,4,4,4,2,2,2,2,2,2,2,2,2,2,2,2,2,2,2,2,3,3,3,3,3,3,3,3,3,3,3,3,3,3,3,3,2,2,2,2,2,2,2,2,2,2,2,3,2,1,1,1,2,2,2,3,3,3,2,2,3,3,2,3,3,2,2,2,2,2,2,2,2,3,3,2,3,3,3,4,4,4,4,4,2,2,2,2,3,3,3,4,3,1,1,3,6,6,4,4,7,4,2,1,2,2,1,2,4,5,6,5,3,3,5,5,1,1,2,3,2,2,1,1,2,2,2,2,2,2,2,2,3,3,3,3,3,3,3,3,3,4,4,2,2,2,2,3,1,1,1,1,1,1,1,2,3,3,2,2,1,2,2,2,3,2,2,3,3,3,3,2,3,5,5,5,5,4,2,3,3,3,3,2,2,1,1,2,3,3,3,3,3,3,3,3,1,1,2,2,2,2,2,2,1,1,3,3,3,3,3,2,3,2,2,1,2,2,3,3,2,3,4,4,4,4,2,3,4,3,3,3,3,3,2,1,4,3,2,2,2,2,1,1,1,1,2,2,2,2,3,4,4,3,2,3,4,4,3,2,1,1,0,1,1,1,2,2,2,2,4,4,4,3,2,2,2,2,3,3,2,2,2,1,1,1,2,2,2,2,2,4,5,4
299,4,3,3,3,2,2,2,1,3,3,3,2,1,3,3,2,2,2,2,2,2,2,2,4,3,3,3,2,2,2,2,2,2,2,2,2,2,2,3,4,4,4,2,2,2,1,1,1,1,2,1,1,1,2,2,2,3,3,3,1,2,4,5,4,1,3,3,4,4,4,4,4,3,3,4,3,4,3,3,4,2,1,1,2,3,4,3,3,3,4,4,4,3,3,3,4,4,3,3,3,4,4,5,5,3,3,3,2,2,1,1,1,2,3,4,5,4,3,4,3,2,1,2,3,3,1,1,2,2,2,2,3,3,3,3,3,4,4,4,4,3,2,1,2,2,3,3,3,3,2,2,2,2,2,2,3,3,3,3,4,3,2,2,2,3,4,4,5,5,5,5,5,4,3,3,2,2,2,2,1,1,1,3,3,3,3,2,2,3,2,2,3,3,3,3,3,4,4,4,3,3,3,3,4,3,1,3,3,3,2,2,2,3,3,3,3,1,1,1,2,2,2,2,3,3,3,2,3,3,5,5,4,4,3,3,4,4,4,4,3,4,5,4,5,5,5,4,3,2,2,2,2,2,2,3,3,3,3,3,2,3,2,1,4,5,4,4,4,2,2,2,1,1,1,2,2,3,2,3,2,2,2,2,3,3,3,4,4,3,2,2,3,2,3,2,2,3,3,2,2,2,3,3,3,3,3,3,3,2,2,2,2,2,3,4,4,5,4,3,3,3,3,4,4,4,4,2,2,3,4,5,4,2,2,4,5,3,2,2,2,2,2,4,4,2,2,1,2,4,4,4,4,3,3,3,3,3,3,3,4,3,2,2,4,4,4,2,1,3,4,4,3,3,3,3,3,0,3,4,4,4,2,2,2,2,2,2,3,2,2,3,2,1,2,2,2,2,3,3,3,3,3,3,4,4,4,4,3,3,4,3,4,4,3,3,3,3,3,3,3,3,3,3,2,2,4,4,3,3,2,4,4,3,5,5,4,3,3,3,5,5,3,2,2,3,3,2,2,2,3,3,3,2,1,1,2,1,1,1,2,2,2,2,1,2,3,4,3,2,1,0,2,3,4,4,3,3,2,3,3,2,3,3,3,3,3,4,2,1,2,2,2,2,1,2,1,1,1,2,1,2,1,1,2,3,3,3,3,3,3,3,3,1,1,2,2,3,4,3,2,2,4,3,4,3,3,2,2,3,3,3,2,2,3,3,2,3,3,2,2,2,2,2,2,2,2,3,2,2,4,4,5,4,4,3,3,2,1,1,1,1,2,2,2,2,3,3,2,1,1,1,1,1,1,2,2,2,2,2,3,3,3,3,2,2,2,2,2,3,3,2,1,1,1,2,2,3,4,4,4,4,5,5,4,3,2,3,5,5,4,4,3,3,3,3,2,2,2,2,3,3,2,2,1,1,1,1,1,1,1,2,3,3,1,1,1,2,4,3,2,2,2,2,1,1,1,2,4,3,3,3,2,2,2,3,4,4,4,4,3,3,3,3,3,4,3,3,3,3,4,4,3,3,3,3,3,3,3,3,4,3,3,3,2,2,2,2,2,2,2,2,2,1,3,3,3,3,2,2,1,1,2,2,1,3,4,4,3,2,3,3,3,2,2,3,3,3,3,2,1,2,4,4,3,3,2,2,2,2,2,2,2,3,2,3,1,1,1,1,1,1,1,1,1,2,3,2,1,2,2,2,2,2,2,1,1,1,2,1,3,2,2,3,2,1,2,2,1,1,1,1,1,1,1,1,2,2,1,2,2,3,3,3,2,2,3,3,3,3,3,3,3,3,2,1,2,2,3,3,3,3,3,3,3,3,3,4,3,2,2,2,3,3,3,3,3,3,3,3,2,2,2,1,3,3,3,2,2,2,2,3,1,1,1,1,1,2,2,2,3,3,3,3,3,3,3,3,4,3,2,2,2,3,3,3,2,2,3,3,3,2,3,3,2,2,2,2,2,2,2,2,3,3,4,4,3,1,2,2,2,1,2,3,3,3,2,3,2,2,2,2,2,2,2,3,1,1,1,1,1,1,1,1,3,3,3,3,3,3,3,3,1,1,1,2,3,3,3,2,1,1,2,2,3,3,2,3,1,1,3,2,1,2,3,2,4,4,4,4,4,4,4,4,3,3,3,3,3,3,2,2,2,1,1,1,1,1,1,1,3,3,4,3,2,1,1,1,3,3,2,2,2,3,3,2,2,2,3,3,3,3,3,2,3,3,3,3,3,3,3,3,3,3,2,1,1,2,2,3,3,2,2,2,2,2,2,2,3,3,3,3,2,2,2,1,1,2,2,2,2,2,2,2,1,1
300,1,1,2,2,1,1,1,2,2,2,2,1,2,3,4,4,4,4,5,5,4,4,4,1,2,3,3,3,3,2,3,2,1,2,2,2,3,3,3,4,3,4,3,3,2,2,3,2,3,3,3,2,2,2,3,4,4,3,3,3,3,3,3,2,4,5,5,5,4,3,2,1,2,2,2,2,1,1,2,4,4,4,4,3,3,3,3,4,3,4,3,3,4,3,3,3,2,3,3,3,3,4,3,3,3,3,3,4,3,3,4,4,4,4,4,4,4,4,3,1,1,1,2,2,2,2,2,2,2,2,2,2,2,2,2,2,2,2,2,2,2,2,2,3,3,2,2,2,2,3,3,2,2,3,3,3,3,3,3,1,2,3,3,2,2,3,4,3,3,3,3,2,2,3,2,3,2,1,1,3,3,2,1,1,1,1,1,1,1,1,1,5,4,3,5,4,5,3,1,3,3,3,3,3,3,3,3,4,3,2,2,2,3,4,5,5,4,5,5,4,2,1,0,2,2,2,2,2,2,2,2,2,2,2,2,2,2,2,2,3,3,3,2,2,2,2,2,2,2,2,3,3,3,3,3,3,4,4,4,3,3,3,1,4,3,2,4,6,4,2,1,2,2,0,1,3,4,4,2,1,1,2,2,2,2,1,1,1,0,1,1,3,3,4,4,3,2,2,2,2,2,2,2,1,2,3,3,1,0,0,1,3,3,3,3,3,3,3,3,3,2,2,2,2,2,2,2,3,4,5,5,3,1,1,1,2,3,3,3,2,0,1,5,4,2,2,2,3,3,4,5,4,3,3,1,1,1,2,2,3,3,3,3,3,3,3,3,3,3,3,3,2,3,3,3,5,5,4,4,4,2,2,1,2,2,3,3,3,3,3,2,1,0,1,2,3,3,3,2,4,4,4,4,4,4,4,4,3,2,2,2,2,2,2,2,3,3,3,3,3,3,2,2,3,3,3,3,3,3,2,2,2,2,2,2,2,2,2,2,3,3,3,3,3,3,3,3,3,2,2,3,3,3,3,2,2,2,2,2,2,2,2,2,3,3,3,3,3,3,3,3,3,3,3,3,3,3,3,3,3,3,3,1,1,2,3,3,2,2,2,2,2,2,2,2,4,4,4,3,3,3,2,2,1,2,2,3,3,2,2,1,1,1,1,1,1,1,1,1,0,1,1,1,1,1,1,2,2,2,2,2,2,1,1,1,1,2,3,3,2,2,3,4,4,3,1,1,3,4,3,2,4,3,2,2,3,3,3,2,2,2,2,2,2,2,1,1,0,1,3,4,5,4,2,1,3,3,3,3,3,3,3,3,5,4,2,2,2,2,2,1,2,2,2,2,2,2,2,2,3,3,3,3,3,3,3,3,5,4,4,4,4,3,3,3,3,3,3,3,2,2,2,2,1,1,2,3,3,2,2,1,0,0,1,1,2,2,3,3,0,1,3,5,5,3,1,0,1,2,3,3,2,1,1,1,3,2,1,2,3,3,2,2,1,1,1,1,1,1,2,2,1,1,1,1,1,1,1,1,3,2,2,2,3,3,2,1,3,2,2,2,2,1,2,2,3,4,3,4,4,4,3,3,3,2,2,1,1,1,1,1,1,1,2,2,2,2,1,1,2,2,2,2,2,2,2,2,3,3,3,3,3,3,3,3,3,3,3,3,3,3,3,3,3,2,1,0,0,1,2,3,3,3,3,3,3,2,1,1,3,3,3,3,4,4,4,4,4,2,1,2,3,4,3,1,2,2,2,2,2,2,2,2,2,1,1,1,2,2,2,2,1,2,2,2,3,3,3,4,2,2,2,1,1,1,1,1,1,2,2,2,3,3,4,5,2,2,3,3,3,3,4,4,4,2,2,3,3,3,4,5,1,2,3,3,2,2,1,1,3,3,3,3,3,3,3,3,3,3,3,2,2,2,2,2,1,2,2,2,2,2,3,3,2,2,1,1,1,1,2,3,2,5,6,4,3,2,3,4,5,4,4,3,2,3,3,4,2,2,2,2,2,3,3,3,2,2,2,2,2,2,2,1,2,3,3,3,3,3,1,2,2,2,2,2,2,2,2,2,2,2,2,2,2,3,3,3,1,1,1,2,2,3,3,3,1,1,1,1,1,1,1,1,3,3,3,3,3,3,3,3,2,3,3,2,2,3,3,2,2,2,3,2,1,1,1,2,4,3,2,1,1,1,2,2,4,2,2,3,4,5,4,3,3,3,3,3,3,3,3,3,2,2,2,2,2,2,2,2,2,2,2,2,2,2,2,2,1,2,3,3,1,1,2,3,1,1,1,1,1,1,1,1,0,2
301,3,2,2,2,3,5,3,1,2,2,2,2,1,1,1,5,5,4,4,5,5,5,4,3,3,3,3,4,4,5,4,1,1,1,1,1,1,1,1,2,5,5,6,5,4,4,4,2,2,2,2,2,2,2,2,2,3,2,2,1,2,1,1,2,2,2,2,3,2,2,3,3,3,4,4,3,1,1,2,3,2,4,4,5,4,3,3,5,4,4,4,4,3,3,3,4,4,4,4,4,4,4,4,2,2,2,2,2,2,2,2,2,1,1,2,4,5,5,3,2,2,2,2,2,2,2,2,2,2,3,3,3,3,3,4,4,3,2,2,2,2,2,2,2,2,2,2,2,2,3,3,4,5,3,2,2,2,3,4,2,2,2,2,3,3,3,3,3,3,4,4,3,3,3,2,2,2,2,2,2,2,2,2,2,3,4,2,2,3,3,4,4,3,3,2,2,2,3,3,3,3,3,3,3,3,3,3,4,4,2,2,2,2,4,4,2,2,2,3,3,3,3,3,3,3,3,3,3,3,4,5,3,3,3,3,2,2,2,2,4,4,3,3,2,2,2,1,6,5,2,2,2,1,2,6,2,3,3,3,3,2,3,1,1,3,5,5,5,3,4,5,2,2,1,1,2,2,2,3,1,1,2,2,2,2,3,3,2,2,2,2,2,2,2,2,1,1,2,2,2,2,2,1,5,4,3,4,4,5,6,5,4,3,3,3,3,3,3,3,4,4,4,4,4,4,4,5,4,3,3,2,1,1,1,3,3,3,3,3,3,3,4,1,2,2,3,2,2,4,5,4,2,3,3,3,3,3,3,3,2,2,2,2,2,2,3,1,0,2,2,3,3,4,5,4,3,3,2,1,2,2,3,2,1,2,2,1,2,2,2,2,3,4,4,4,4,5,5,4,2,2,1,1,1,1,2,3,4,4,3,3,1,2,2,3,5,4,3,3,3,2,2,2,1,2,4,4,3,2,1,1,1,1,1,2,2,3,3,2,2,2,2,2,4,4,4,1,2,2,2,2,2,3,2,2,2,2,2,2,1,1,3,3,1,1,1,1,1,1,1,1,2,2,2,2,2,2,2,3,2,1,0,1,2,2,4,3,3,3,3,3,3,3,3,3,2,2,2,2,2,3,3,3,3,3,3,3,3,3,3,3,2,2,2,2,1,1,2,2,1,2,1,1,1,1,1,1,3,3,3,3,3,3,3,3,2,2,3,2,2,2,2,3,3,2,2,2,2,3,2,2,2,1,1,3,3,2,2,1,1,2,3,2,2,1,2,2,2,1,1,2,5,6,4,4,4,4,4,3,4,4,4,3,4,4,3,3,3,4,4,2,3,4,4,4,3,3,4,2,0,3,4,4,3,2,3,3,3,3,4,4,3,3,3,4,4,3,4,4,3,2,2,3,2,2,2,2,2,2,3,2,2,1,1,2,2,3,3,1,2,3,1,2,3,2,4,3,2,2,2,3,3,3,4,4,2,3,1,1,1,2,3,3,2,2,2,2,2,2,2,2,1,1,1,1,1,1,1,1,2,2,1,2,4,6,4,3,2,3,3,3,2,2,2,1,1,1,1,1,1,2,2,2,4,5,4,4,2,3,2,0,3,3,2,4,5,4,2,1,3,2,2,2,3,3,2,2,1,2,2,3,3,2,2,2,4,4,4,3,3,3,3,3,2,2,2,2,2,2,2,2,3,3,1,2,4,4,4,3,3,3,3,4,3,3,3,4,3,2,2,2,2,3,2,3,3,3,3,2,2,2,2,1,1,3,2,1,3,4,3,2,2,2,2,2,3,2,2,2,2,2,2,2,2,2,2,2,3,2,2,2,2,1,1,2,3,2,3,2,2,3,2,1,1,2,1,1,2,3,3,2,2,4,3,3,2,3,3,3,1,1,1,1,2,1,1,1,2,3,3,2,3,3,3,3,3,2,2,2,2,3,3,3,3,3,3,3,3,2,2,3,2,0,2,3,2,2,3,2,1,1,1,1,2,1,1,2,1,0,1,1,1,1,1,1,3,3,2,2,2,3,1,1,3,3,3,3,3,3,3,3,3,2,2,2,2,2,2,2,2,2,2,2,1,1,1,1,2,2,2,2,2,2,2,2,1,0,2,1,2,2,1,2,2,2,3,3,3,4,4,4,4,4,2,2,2,2,2,0,2,3,2,2,2,4,3,2,3,3,3,4,4,4,4,3,2,2,2,2,2,2,2,2,2,2,2,3,3,3,2,2,1,2,2,2,3,3,3,3,3,2,2,2,2,2,2,2,2,2,1,1,2,3,3,1,1,1,1,1,1,1,1,1,1,1
302,1,1,2,2,2,2,1,1,2,3,2,2,1,2,3,1,2,3,2,2,1,1,3,3,2,3,4,4,4,2,2,1,3,1,2,2,1,1,1,3,3,3,2,2,1,1,1,4,4,3,3,2,3,3,4,3,2,2,2,2,2,3,3,3,3,3,3,2,2,2,2,1,1,1,1,1,1,1,1,2,1,2,3,3,3,3,4,3,2,2,3,2,2,3,4,4,4,2,1,2,3,3,1,5,4,4,4,3,3,2,2,2,2,2,2,2,2,2,2,1,1,2,2,4,4,2,2,5,3,2,2,3,3,2,3,3,3,3,3,3,2,4,3,1,1,1,1,2,1,3,2,1,1,2,2,3,3,4,4,2,2,2,2,2,2,2,2,2,2,3,3,2,3,4,3,4,4,4,4,4,4,4,3,1,2,2,2,2,2,3,2,2,3,3,2,2,2,2,3,3,2,2,2,2,3,3,4,4,2,2,2,2,2,4,2,0,1,2,2,2,2,1,2,3,2,2,2,2,1,1,1,4,4,3,3,3,4,3,4,5,2,0,1,1,2,4,4,3,2,2,2,2,2,3,2,2,2,2,2,2,2,2,2,2,2,3,3,3,3,3,3,2,2,2,3,3,1,1,1,2,2,2,2,2,2,2,2,3,3,3,3,3,3,3,3,2,2,2,3,3,3,4,4,4,4,3,3,3,3,2,2,1,1,1,0,0,1,2,2,3,1,2,2,3,4,2,3,2,2,2,2,2,4,4,4,2,3,3,3,1,0,1,0,2,0,0,2,2,1,2,3,3,4,3,2,2,2,2,3,3,4,5,3,3,2,3,3,3,4,4,2,2,3,3,3,3,3,3,3,3,3,3,3,2,2,2,3,2,2,2,2,2,2,2,2,2,2,2,2,2,2,3,3,3,4,4,3,1,2,2,2,4,4,4,4,1,1,3,4,4,4,3,0,1,2,2,2,2,2,2,2,1,2,5,5,3,1,2,2,1,1,1,3,3,3,4,3,4,4,4,4,4,4,4,4,1,2,2,2,2,2,4,2,3,3,3,3,2,2,2,1,2,2,3,2,2,3,3,3,2,2,3,3,3,1,2,3,2,1,2,2,3,3,2,2,3,2,3,3,2,2,2,2,3,3,3,3,3,3,3,3,3,2,2,2,2,2,2,2,2,2,2,2,2,2,2,2,6,4,2,1,1,1,2,3,3,1,1,1,1,2,3,5,4,2,3,2,1,1,0,1,2,3,3,2,2,3,3,3,3,3,3,3,3,3,3,3,2,0,2,2,1,1,1,1,3,3,4,3,3,4,3,3,3,3,3,3,3,3,3,3,1,1,0,0,0,1,2,2,4,4,3,3,3,3,2,2,1,2,3,3,2,3,4,3,3,3,3,3,3,3,3,3,2,2,2,2,2,2,1,1,1,1,1,1,1,1,2,3,3,3,2,4,4,4,2,1,2,1,1,1,3,3,3,2,2,1,3,3,3,3,2,2,2,2,4,4,4,4,4,4,2,2,2,2,2,2,3,2,4,4,3,3,3,4,3,2,3,3,3,3,3,3,3,3,2,2,2,2,2,2,2,2,4,4,2,3,3,3,3,3,1,2,2,2,2,3,3,1,1,1,1,1,1,2,2,1,2,2,2,2,2,2,2,2,3,3,3,3,3,3,3,3,2,2,2,2,2,2,2,2,3,3,3,3,4,4,4,4,2,2,3,2,2,3,3,2,2,2,2,2,2,3,3,3,2,1,1,1,1,1,1,1,3,3,3,4,4,3,3,2,3,3,3,3,2,2,2,2,2,2,2,3,2,2,2,1,2,1,1,2,3,3,2,2,1,0,1,1,1,2,2,3,4,3,1,2,1,2,2,3,3,2,3,3,3,2,1,1,4,3,3,3,2,2,2,2,2,2,1,0,0,0,2,2,3,3,3,3,3,2,2,2,4,4,4,4,2,2,2,2,2,3,3,2,2,3,3,2,2,2,3,3,3,3,2,2,2,1,2,2,2,2,2,1,2,3,4,3,3,2,2,3,4,4,4,3,1,1,1,3,4,4,3,3,3,2,2,3,3,3,4,4,5,5,4,4,3,3,2,1,1,1,2,2,2,3,5,5,5,4,1,1,3,3,3,3,3,2,2,3,2,2,2,2,2,2,2,2,3,3,3,2,2,3,3,3,2,2,2,2,2,2,2,2,2,2,2,2,2,2,2,1,2,3,3,3,3,2,2,2,3,3,3,3,3,3,2,2,2,2,2,2,2,2,2,2,3,2,1,2,2,2,2,3,3,3,2,1,1,1,1,3,2,2
303,2,1,1,1,1,1,1,1,2,2,3,2,3,3,3,2,3,3,4,3,4,4,4,4,4,3,3,3,3,2,2,1,2,4,4,4,5,3,4,4,3,3,2,3,3,4,3,2,3,2,2,2,2,4,4,3,3,3,3,3,3,3,3,3,3,3,3,3,3,4,4,3,4,4,3,3,4,4,4,4,4,4,4,2,2,2,3,3,3,3,3,3,2,2,3,5,4,2,2,2,2,3,3,1,1,1,1,1,1,1,2,4,3,3,3,2,1,1,1,1,1,1,1,1,2,2,3,5,4,4,3,2,2,2,1,2,2,1,1,1,1,1,1,2,2,3,3,3,3,2,2,2,2,2,2,2,2,2,2,3,2,3,2,3,3,5,5,3,4,2,1,2,4,4,3,4,3,4,4,3,4,4,3,2,2,3,3,3,4,5,3,1,4,4,3,3,2,4,5,2,3,3,2,2,2,3,3,3,3,3,3,3,3,3,3,3,3,3,3,3,3,3,3,2,2,2,2,2,2,2,2,2,2,1,1,1,3,3,3,4,4,3,3,3,4,4,4,2,2,2,2,2,2,2,1,1,1,1,1,2,2,2,3,1,2,4,4,4,3,1,1,1,1,1,2,2,2,2,2,1,2,3,3,2,2,3,3,3,2,2,4,3,2,3,6,2,1,2,2,2,2,2,4,5,3,2,2,3,3,2,2,2,2,3,3,2,3,3,3,1,2,3,3,3,2,3,3,4,4,3,3,2,2,2,2,1,1,1,2,4,3,5,5,4,3,4,4,1,1,2,4,2,2,2,2,2,2,2,2,4,3,2,1,2,3,5,6,3,3,3,4,5,5,5,5,2,3,3,3,3,3,2,2,5,4,3,3,3,2,3,2,1,1,3,3,4,4,3,3,3,2,1,1,3,5,4,1,2,3,3,3,3,3,4,3,3,3,3,3,3,3,3,3,4,4,2,2,2,2,4,4,2,2,2,2,3,2,1,1,2,2,1,3,3,3,2,2,1,2,2,3,3,2,1,1,1,2,2,3,3,3,4,4,4,4,4,4,4,4,4,4,1,2,2,1,2,2,2,1,3,3,3,4,4,4,4,3,1,2,2,1,1,2,2,2,1,1,1,2,2,2,2,1,2,2,2,2,2,2,2,2,2,2,2,2,3,3,3,3,2,1,1,1,1,1,1,1,5,4,4,4,4,4,4,4,4,4,3,2,3,4,4,5,5,4,4,3,3,2,2,1,4,3,3,4,3,2,3,0,3,4,4,3,4,4,3,3,3,3,3,5,5,5,5,4,3,3,3,3,3,3,2,2,2,2,2,2,2,1,1,1,1,2,3,3,4,3,3,1,3,4,3,3,2,2,2,1,3,3,3,3,3,3,3,3,2,0,0,1,2,2,1,0,1,3,3,2,2,2,2,3,3,3,3,3,3,3,3,3,1,1,2,2,2,1,1,1,3,1,2,2,2,2,4,5,3,1,1,3,3,3,3,3,5,5,5,5,5,5,6,6,3,2,2,2,2,2,2,2,3,3,3,3,2,2,2,2,2,2,2,2,2,2,2,2,2,2,2,2,2,2,2,2,3,3,3,3,3,3,4,4,2,1,2,2,2,1,1,1,4,4,3,2,2,2,3,4,1,2,2,2,2,2,1,1,3,3,1,0,1,1,2,3,3,3,2,2,4,5,5,4,2,2,1,1,1,2,3,3,1,1,1,1,3,3,2,2,2,4,4,3,2,4,4,4,2,2,2,2,2,1,1,1,4,3,3,3,3,3,3,3,1,2,1,1,1,1,2,2,3,3,3,3,3,3,3,3,3,2,2,2,2,2,2,2,2,2,2,3,3,3,3,3,4,2,1,2,1,2,2,2,2,2,2,2,2,3,3,5,5,3,3,3,3,4,4,4,3,2,3,3,2,2,3,3,3,3,3,3,3,3,3,2,1,2,1,2,2,2,2,2,3,2,2,2,2,3,3,2,1,1,1,1,1,1,2,2,2,2,2,3,3,3,4,4,4,3,1,1,1,2,1,1,2,2,2,2,2,2,2,2,3,2,1,1,1,2,3,3,3,2,2,3,3,3,3,1,3,4,4,5,5,4,4,4,4,3,4,4,4,2,2,3,4,3,3,2,2,3,3,2,1,1,3,3,3,2,1,1,2,2,3,3,1,3,3,2,3,3,3,3,3,3,4,4,2,2,3,3,3,4,4,4,2,3,3,2,1,1,3,5,4,5,4,2,2,3,3,2,2,2,2,2,1,1,1,1,1,1,2,2,2,3,3,2,5,8,5,3,2,2,3,5,1,1
304,3,2,2,2,3,4,4,3,3,3,3,4,4,4,4,4,4,4,5,5,6,5,5,3,3,4,2,2,2,2,3,2,1,3,5,4,2,2,2,3,6,7,5,2,2,3,4,1,1,2,1,1,1,2,2,3,3,2,2,2,3,3,2,1,1,1,2,2,2,3,3,3,4,4,4,4,4,5,3,2,2,2,2,2,2,2,3,3,3,3,3,3,3,3,4,3,3,3,3,1,1,2,2,1,2,2,3,3,1,1,1,2,2,2,2,2,2,2,3,3,3,3,3,3,3,3,3,3,4,4,4,3,3,4,4,3,3,1,1,1,2,3,3,4,4,4,4,4,4,4,4,1,2,3,2,2,2,2,2,3,1,1,1,1,1,1,1,1,2,3,2,2,2,2,3,2,2,2,2,2,3,3,3,2,2,1,1,1,1,1,1,4,3,2,2,3,2,1,2,3,1,2,4,4,3,4,3,2,4,5,4,4,4,5,6,3,1,2,2,3,3,2,1,2,2,1,1,2,2,2,1,2,4,4,3,2,2,2,3,2,1,2,1,1,3,3,5,4,2,3,4,4,3,4,5,3,2,3,3,3,3,4,4,2,2,3,1,1,2,2,1,1,5,5,5,3,1,1,2,2,3,4,3,3,3,4,3,4,4,2,2,4,5,5,3,3,5,4,3,3,3,2,2,3,4,2,2,3,5,5,3,3,2,2,4,5,4,3,5,5,2,4,4,3,4,4,3,2,2,2,2,3,3,3,3,3,2,1,3,3,4,2,2,2,2,2,2,2,2,3,2,3,2,2,2,1,1,0,0,1,1,2,2,2,3,3,3,2,2,2,2,2,2,3,2,2,3,3,3,3,4,4,3,1,1,1,2,2,2,2,2,2,2,2,2,2,2,2,3,3,3,3,4,4,4,4,4,2,1,3,5,5,3,3,4,4,2,2,3,3,3,2,0,1,2,2,2,2,2,1,2,2,3,3,3,3,4,3,5,3,3,3,3,3,3,3,3,1,0,1,2,2,1,2,3,2,1,1,1,1,3,3,3,2,2,3,3,2,2,2,2,1,2,2,1,2,2,1,3,6,4,2,2,3,3,1,2,4,4,3,2,3,2,4,4,1,1,0,0,0,1,2,1,1,1,1,1,1,2,2,2,2,2,2,2,2,2,2,2,3,3,3,3,3,3,3,3,3,3,3,3,3,3,3,3,3,3,3,3,3,3,3,4,7,6,4,4,4,3,2,2,3,2,2,2,2,2,2,2,3,3,3,3,3,3,3,3,0,2,2,2,3,3,3,2,2,4,6,6,4,3,1,0,1,1,1,1,1,1,1,1,2,2,2,1,1,2,2,1,1,1,2,3,1,1,1,1,3,3,3,3,2,3,4,2,1,1,1,1,1,1,1,1,2,2,3,3,3,3,2,2,2,2,2,2,2,2,2,2,1,1,1,1,2,2,2,2,2,3,2,3,3,2,3,3,2,3,3,2,1,1,3,2,2,3,3,3,2,2,5,3,1,1,1,1,1,1,1,1,3,3,3,2,3,2,2,2,1,1,1,1,1,0,0,1,3,2,2,2,2,2,2,3,2,2,2,2,2,2,2,1,2,2,3,4,4,4,3,3,2,2,2,2,2,3,4,4,5,4,3,3,1,2,3,4,1,1,1,1,2,2,2,1,3,3,3,3,3,3,3,3,3,3,3,3,3,3,3,3,1,2,2,2,1,3,4,4,1,1,2,2,3,3,2,2,3,2,2,2,2,2,2,2,3,3,3,3,3,3,3,3,3,3,4,4,4,4,3,3,3,2,2,2,3,3,4,3,1,2,1,1,1,1,1,1,4,3,2,2,2,2,2,2,1,0,2,2,3,3,3,3,3,3,3,3,3,3,3,3,1,2,3,3,2,2,3,4,3,3,3,3,3,3,3,3,3,3,3,3,3,2,2,2,2,2,2,2,2,2,2,3,3,3,3,3,3,3,3,3,1,1,1,1,1,1,1,1,0,2,2,1,2,1,3,3,4,3,3,3,2,2,2,2,3,3,4,4,4,4,3,3,2,2,2,2,3,3,3,3,2,3,5,5,4,5,3,3,1,0,2,3,3,3,3,2,4,2,1,2,3,2,2,3,3,3,3,3,3,3,4,4,4,4,2,1,1,1,1,0,2,3,2,2,3,3,3,3,2,2,3,4,3,3,5,6,3,0,0,2,3,3,2,1,1,2,2,2,2,2,1,1,1,1,2,2,2,4,4,5,3,2,3,3,2,4,4,4,1,2,2,3,3,3,2,2,3,3,3,3,3,3,3,3,1,1
305,4,3,2,3,4,5,3,2,2,2,1,2,3,2,3,5,4,4,4,3,3,3,4,3,2,2,2,2,3,3,2,1,1,2,2,3,1,1,3,5,6,5,2,2,2,3,4,5,5,5,5,5,4,4,3,2,2,2,4,4,4,2,2,3,4,3,2,3,2,3,3,4,4,4,4,5,3,3,2,2,1,2,3,4,4,3,3,5,4,3,3,3,4,3,1,1,3,4,5,5,5,4,2,2,2,2,2,3,4,4,5,4,4,4,4,5,4,4,3,2,2,3,4,4,3,3,3,1,2,3,3,3,3,3,2,3,2,2,2,2,2,3,2,2,2,1,1,1,1,1,2,3,3,3,3,3,3,4,3,2,2,2,3,3,2,2,2,3,5,5,5,5,4,4,4,4,4,5,4,4,3,3,2,1,2,2,2,2,1,1,2,2,2,3,3,3,4,4,2,2,2,2,2,2,2,1,2,1,1,1,2,2,3,3,2,3,2,2,1,1,2,2,2,4,4,4,3,3,3,2,2,4,4,2,0,2,3,4,4,2,1,1,2,2,2,2,2,4,4,4,4,4,3,3,3,1,2,3,3,3,3,3,3,4,3,3,3,2,3,3,4,3,2,2,2,2,1,1,1,1,2,2,3,3,2,2,1,3,3,2,2,2,3,3,3,3,3,3,3,3,3,3,4,3,2,1,1,3,3,2,0,1,4,3,1,2,4,4,2,1,1,1,1,1,1,1,1,1,1,1,2,2,2,2,2,2,2,3,3,3,3,2,2,2,2,2,2,2,2,2,3,2,2,2,2,2,2,2,3,4,4,4,4,4,3,3,3,3,3,3,3,4,4,4,4,2,3,3,3,4,3,3,3,2,3,3,3,3,3,3,3,1,0,1,2,1,1,1,2,3,2,2,2,1,2,2,3,4,3,3,3,3,3,3,3,4,3,3,3,3,2,2,2,3,3,3,3,3,3,3,3,4,4,4,3,3,3,2,3,3,2,2,4,4,4,4,3,1,2,2,1,2,1,1,2,2,2,1,2,2,2,2,3,4,3,4,4,4,4,3,3,1,2,2,2,2,3,3,3,2,2,2,1,2,2,2,2,3,3,3,2,2,1,1,1,1,2,2,2,2,2,1,1,2,4,4,4,3,3,5,5,4,4,4,3,3,3,3,3,4,4,4,4,4,4,4,5,3,3,3,3,3,3,3,3,2,2,3,3,3,3,2,3,3,2,3,4,3,4,4,3,4,3,3,2,2,2,2,2,3,4,2,1,2,4,3,2,1,1,2,2,2,1,1,0,2,2,4,4,5,4,3,3,2,1,3,3,2,2,3,2,2,2,2,2,2,2,2,2,3,3,3,3,3,4,4,4,4,4,4,4,3,3,2,2,2,2,2,2,2,2,1,1,1,1,1,1,2,2,2,2,2,2,1,1,1,1,2,1,2,3,2,2,1,1,2,2,2,3,3,3,3,3,3,3,3,3,1,1,1,1,1,1,2,2,2,2,3,3,3,3,2,2,2,2,1,1,1,1,1,0,1,1,1,2,2,3,2,2,4,4,4,4,2,2,3,3,3,2,2,2,4,4,3,2,2,1,2,2,2,2,2,2,2,2,2,2,2,2,3,3,3,3,4,3,3,3,4,4,2,2,2,2,2,4,4,3,3,3,3,3,3,4,4,2,2,2,1,2,2,2,2,3,3,3,2,3,3,2,1,2,2,2,3,3,2,2,3,3,3,3,3,3,3,3,2,2,2,2,2,2,2,2,2,2,2,2,2,2,2,2,4,5,3,3,3,3,3,3,4,3,3,3,2,2,2,2,1,1,1,1,1,1,1,1,2,3,3,4,4,4,3,2,0,1,3,2,2,2,2,3,3,3,3,2,2,2,1,0,2,4,5,4,3,2,3,4,3,3,3,3,4,4,4,4,3,3,3,3,3,3,2,2,1,2,2,2,2,2,1,1,2,2,2,3,3,3,3,3,1,1,1,1,1,1,1,1,2,2,2,2,2,2,2,2,3,3,3,3,3,3,3,3,3,4,3,3,3,3,2,2,3,3,3,4,4,4,3,3,2,2,2,3,3,3,2,2,1,1,1,1,2,1,1,1,0,1,1,1,0,0,1,1,1,1,1,2,3,3,3,3,1,1,2,2,2,2,3,3,3,2,2,2,2,2,2,1,3,3,1,0,0,0,1,3,2,2,3,4,4,3,2,0,2,3,2,2,1,1,1,0,3,5,5,6,4,3,2,2,1,1,1,1,1,2,2,2,2,1,2,2,2,2,2,2,4,2,2,3,4,4,2,1,3,2
306,1,1,2,3,3,1,1,1,1,1,1,1,1,2,2,3,3,4,5,5,5,4,4,3,3,4,3,3,2,2,2,4,3,5,4,3,3,2,2,4,5,5,4,3,3,4,3,3,3,4,3,3,3,2,4,6,4,4,5,4,5,3,3,2,2,2,2,3,2,1,1,3,3,3,4,3,2,4,4,3,3,3,3,3,3,3,3,2,2,1,1,1,0,1,1,1,1,2,2,3,3,4,4,4,3,2,1,1,1,1,1,1,1,2,2,3,4,4,3,2,3,3,2,3,2,3,3,4,3,2,2,2,3,2,2,4,3,3,4,4,4,3,3,1,2,1,1,1,0,1,1,2,1,1,0,0,1,2,2,3,4,5,4,2,2,2,4,2,1,0,1,1,2,2,2,2,2,3,3,3,4,4,5,2,2,2,1,1,3,4,4,4,4,4,4,4,4,4,4,5,4,3,3,3,3,2,1,3,3,3,3,4,4,4,4,4,4,3,3,3,3,4,4,2,1,2,2,3,4,4,4,3,2,2,2,2,2,2,2,3,3,5,5,5,4,5,5,4,3,2,2,3,4,3,3,4,4,3,5,5,5,4,4,4,4,4,4,4,4,4,4,2,4,4,4,2,1,2,2,1,3,4,4,2,2,4,4,3,2,2,3,3,3,3,2,3,3,4,5,4,3,1,2,3,3,3,3,3,3,3,2,2,2,3,3,4,4,3,4,5,4,4,4,3,3,3,3,6,6,5,4,3,2,2,1,2,2,2,2,3,3,2,3,2,2,2,1,1,1,1,1,3,4,4,4,3,4,5,6,4,3,3,3,3,3,3,4,2,1,2,3,3,4,4,2,3,3,3,2,2,1,2,2,3,3,2,2,3,2,1,1,2,3,3,3,3,3,3,3,2,2,2,2,2,3,3,3,4,3,4,3,3,5,5,3,4,4,3,3,4,3,3,2,2,3,4,5,4,4,3,1,1,1,1,3,2,3,3,2,3,3,4,4,4,4,4,4,2,1,3,4,4,4,4,3,1,1,1,2,2,2,3,2,4,4,2,4,5,3,3,3,1,2,2,2,2,2,3,2,2,2,1,1,1,1,1,2,2,2,3,3,1,1,0,2,3,3,2,1,1,2,3,3,3,3,3,4,3,3,3,3,4,4,2,2,2,2,5,3,2,4,3,2,2,3,4,2,3,3,3,3,3,3,3,3,3,3,3,3,2,2,2,2,3,3,3,3,3,3,3,3,2,2,3,3,3,4,4,4,6,6,5,5,4,4,3,3,3,2,3,4,5,5,3,2,4,3,5,4,4,2,1,1,3,2,2,1,1,1,2,2,3,2,3,2,4,4,3,3,2,2,3,3,3,3,4,4,3,3,2,3,3,3,3,3,2,2,2,2,2,2,2,2,1,1,1,2,2,2,2,2,3,3,3,4,4,4,3,3,1,1,2,2,2,3,4,3,2,2,3,3,4,3,3,3,3,3,2,1,1,1,2,1,1,0,1,2,3,4,5,4,2,1,2,2,2,2,1,1,4,2,1,1,1,2,2,1,1,1,1,1,1,1,1,2,2,2,2,1,1,4,4,4,2,2,2,2,2,2,2,2,2,1,1,1,1,1,2,1,2,3,2,2,2,3,2,2,2,2,2,2,2,2,2,2,2,3,3,3,3,3,2,2,1,1,1,1,1,1,2,2,4,3,2,1,2,4,4,5,5,3,3,2,2,1,2,2,1,1,2,2,2,2,1,2,3,3,3,3,3,3,4,3,2,2,2,2,2,2,2,2,4,4,4,4,4,4,4,5,2,2,1,2,1,2,1,1,1,1,1,1,1,2,2,2,5,4,3,2,1,2,2,3,3,3,3,4,4,4,4,4,4,4,2,2,2,3,3,3,6,5,4,3,3,2,2,2,2,2,2,2,2,2,2,2,3,4,3,3,2,2,2,2,2,2,2,2,3,3,3,3,1,0,1,1,3,3,2,1,2,2,3,3,3,3,2,2,2,3,4,4,4,4,3,3,2,2,3,3,3,3,1,1,2,2,2,2,2,2,2,2,2,3,3,3,3,2,2,3,2,1,1,1,1,2,2,3,4,3,4,3,4,4,3,4,4,4,3,3,4,3,3,3,2,2,2,3,3,2,2,2,2,2,2,3,2,1,2,3,2,1,2,2,2,2,3,3,3,2,2,1,1,2,3,4,3,1,3,3,3,2,2,2,2,1,1,1,1,1,2,3,1,1,1,1,1,1,2,2,2,2,2,2,1,2,2,2,2,1,1,1,1,1,1,0,2,3,3,3,3,3,3,3,3,4
307,3,2,1,2,3,3,0,2,2,2,2,3,3,3,3,4,4,3,3,3,3,2,2,5,4,4,3,3,2,3,3,5,2,1,2,3,2,3,3,5,6,6,5,4,4,4,2,1,2,2,3,2,2,2,1,3,3,2,2,2,3,2,3,1,2,2,2,2,2,3,2,2,2,2,3,3,2,3,3,2,3,3,3,3,2,1,1,2,2,2,2,2,2,2,2,3,4,3,3,3,3,3,3,2,4,4,3,1,1,0,1,2,2,2,2,3,2,3,3,2,2,2,2,2,2,2,3,3,3,1,1,2,2,1,1,3,2,1,1,1,2,2,2,3,3,3,3,3,3,2,2,4,3,3,3,2,2,2,3,3,3,3,3,3,2,2,3,3,3,3,4,5,4,2,2,2,1,2,1,2,3,2,2,2,2,3,3,3,3,4,5,3,3,3,3,3,3,3,3,3,3,1,1,1,2,2,2,1,1,2,2,4,4,6,7,6,4,3,2,2,3,3,4,4,4,3,3,4,4,2,2,2,2,4,3,3,3,3,3,3,3,2,2,1,1,1,1,2,2,1,2,3,4,4,2,3,3,2,1,1,1,1,3,2,1,2,2,2,2,1,0,1,4,2,1,1,1,2,3,4,4,4,3,3,3,2,2,1,1,2,2,2,2,3,3,2,2,2,2,2,1,1,1,1,2,1,2,2,2,1,1,4,4,4,4,4,4,4,4,4,3,1,1,1,1,2,5,4,3,3,3,3,3,3,3,3,2,3,3,2,2,1,4,2,1,1,1,2,3,3,4,4,3,3,4,4,4,3,2,2,1,2,2,2,2,2,2,2,4,3,2,2,2,2,1,2,2,2,2,2,2,2,2,2,1,2,3,3,2,3,3,3,1,1,1,2,2,3,3,4,4,3,3,3,2,2,2,1,1,1,3,3,3,3,2,2,2,3,3,2,3,2,2,2,2,1,1,1,1,1,2,2,1,2,2,2,3,3,3,4,4,1,2,3,1,0,3,5,3,2,1,1,3,3,2,3,4,3,3,3,2,2,2,3,6,5,5,4,3,3,3,3,3,2,3,3,2,1,2,4,4,3,2,1,2,2,3,3,2,2,2,2,2,2,2,2,2,2,3,3,3,4,5,3,2,2,2,4,4,4,3,2,3,3,3,3,3,3,3,2,2,1,0,1,1,2,4,2,2,4,4,4,5,4,2,2,3,1,1,1,1,4,5,5,3,2,2,3,4,4,2,2,2,2,2,2,2,2,2,2,2,3,3,5,5,4,4,5,6,4,4,3,1,2,2,1,2,3,4,4,3,4,4,2,2,2,2,2,2,2,2,5,5,5,4,4,3,2,1,3,3,3,4,4,3,3,3,2,2,2,2,2,2,2,2,2,1,1,1,2,2,2,3,3,2,2,3,3,2,2,3,2,2,2,2,3,3,4,5,2,2,5,6,6,6,3,1,2,2,2,2,2,2,2,2,3,3,3,2,2,2,2,2,2,2,3,3,3,3,4,4,1,1,1,1,1,1,1,1,3,3,3,3,4,4,4,4,2,2,2,2,2,2,2,2,2,2,1,1,2,3,4,4,3,3,3,3,3,3,2,2,2,2,2,2,2,2,2,2,1,1,1,1,1,1,1,1,3,3,1,2,2,3,3,1,2,2,2,2,2,2,2,2,2,2,2,2,2,2,2,2,3,3,3,3,3,3,3,3,4,4,3,3,4,3,2,1,1,1,1,1,3,3,3,3,2,2,2,3,2,2,1,1,2,2,3,4,5,4,4,3,1,1,1,3,3,4,4,4,4,3,3,3,3,2,2,1,3,4,3,3,3,3,2,2,1,3,1,1,2,2,3,6,3,0,2,3,2,2,1,0,1,2,1,1,1,1,1,1,3,3,2,2,3,3,3,3,2,2,2,3,3,3,3,3,3,2,2,3,3,3,4,4,3,3,3,3,3,3,3,3,2,4,6,5,2,3,4,2,2,3,2,2,2,2,2,2,1,2,2,2,3,3,2,1,3,3,4,4,3,3,2,2,2,2,2,2,2,2,2,3,2,2,2,2,2,2,2,2,3,3,3,2,2,2,1,1,2,3,3,4,3,3,2,2,2,1,2,2,3,2,2,1,2,4,3,3,3,2,2,1,2,2,2,2,2,1,1,0,0,2,2,2,3,3,3,3,1,1,2,1,0,2,4,2,2,2,2,2,3,3,3,4,3,3,3,3,3,3,3,3,2,2,1,2,2,2,2,1,2,3,3,3,3,3,3,3,2,2,2,3,3,3,3,3,2,2,2,2,2,2,3,3,2,2
308,3,3,3,3,3,2,1,1,2,2,2,2,2,3,3,0,0,1,1,3,2,4,3,4,4,3,3,4,3,3,2,3,3,3,2,3,3,3,3,3,4,5,4,2,1,1,4,3,2,3,2,3,3,3,3,4,4,3,3,3,3,4,3,3,3,2,2,2,3,3,3,2,2,2,2,1,1,1,1,1,1,1,2,3,3,2,1,2,3,3,3,3,2,3,2,4,3,1,3,5,4,4,4,3,2,1,1,2,3,3,3,4,4,3,3,3,3,1,2,1,1,2,1,2,2,2,2,2,3,2,3,3,2,3,4,3,2,3,3,3,3,3,3,3,3,4,4,3,4,3,3,3,3,2,3,3,4,4,3,1,3,4,3,3,2,5,5,1,1,2,3,3,2,1,1,0,0,1,2,2,1,0,1,3,3,4,3,3,2,1,2,3,2,2,2,2,4,4,4,5,5,4,3,3,2,2,2,1,2,2,2,2,2,3,2,0,0,1,2,1,1,2,3,3,3,3,3,3,3,3,3,3,2,5,5,2,2,5,5,5,2,1,1,1,1,1,1,2,2,2,2,3,3,3,3,4,3,3,3,4,4,3,3,2,3,4,4,3,2,1,2,2,2,2,3,3,2,3,3,2,2,4,4,4,3,1,1,4,5,3,3,3,3,4,5,4,2,2,2,2,3,3,3,3,3,3,3,1,1,1,2,4,3,3,2,2,3,2,1,0,2,1,2,2,3,4,5,2,2,2,2,1,1,1,2,2,2,2,3,3,3,4,4,4,4,4,4,4,3,2,2,2,2,1,3,3,3,4,5,3,2,4,3,3,2,2,3,2,3,4,2,2,3,3,3,2,3,2,1,2,3,4,5,4,2,2,3,3,3,3,1,2,4,3,3,3,3,3,3,4,5,5,6,7,6,5,4,4,4,4,4,3,2,2,2,2,4,3,2,1,1,2,2,2,2,2,2,2,2,2,2,2,2,3,4,3,3,3,2,4,4,4,3,3,3,3,4,3,4,3,3,3,2,2,2,3,4,4,4,4,4,3,4,2,1,2,2,2,4,3,3,2,2,2,2,2,2,2,2,3,3,2,3,2,2,3,2,2,2,2,2,2,2,2,2,1,1,1,1,1,1,1,1,4,3,3,3,4,4,3,4,4,3,1,1,2,3,3,1,1,1,2,3,3,2,2,4,3,4,3,4,4,4,4,3,4,5,4,4,3,3,2,1,3,3,3,3,3,3,2,2,1,0,1,1,3,4,2,2,3,3,3,2,3,4,3,2,3,4,3,3,3,3,2,2,2,5,4,3,3,1,2,2,2,2,1,1,1,1,2,2,2,2,2,2,3,4,4,4,5,5,5,5,5,5,4,3,4,6,5,4,4,6,4,4,5,4,3,2,2,2,3,2,3,3,3,3,3,3,2,2,3,3,3,3,3,3,3,3,2,2,2,3,3,3,2,2,2,2,3,3,2,2,1,2,2,2,2,2,2,2,2,2,2,2,2,2,2,2,4,4,2,1,2,2,3,3,4,4,2,1,1,1,2,2,3,2,2,2,1,1,1,1,1,1,2,2,2,2,3,2,3,2,2,3,3,3,3,3,3,3,3,3,2,2,1,2,2,1,2,2,2,2,2,3,3,4,2,3,5,4,3,2,2,4,2,2,3,4,3,4,3,3,2,2,3,3,2,2,2,1,1,2,3,2,3,3,3,3,3,3,3,3,3,3,3,3,1,1,1,1,1,2,1,1,2,1,1,1,1,1,2,2,2,1,3,3,3,4,4,3,4,4,4,4,4,4,4,4,3,2,3,2,2,2,2,2,1,1,1,1,1,2,2,2,2,1,1,2,2,2,2,3,2,2,4,2,2,3,3,3,4,4,4,2,2,4,4,4,3,2,3,3,3,3,3,2,2,2,2,3,3,3,3,3,1,2,2,1,1,2,2,2,3,3,3,2,2,3,4,4,4,3,3,3,3,3,3,3,3,3,3,3,3,3,3,3,3,3,2,3,3,3,3,3,2,1,3,3,3,4,4,3,2,3,3,3,3,2,2,3,3,2,2,2,2,2,2,2,4,4,3,3,4,4,3,2,3,5,5,3,3,3,3,4,2,0,1,2,2,2,2,2,3,2,2,2,3,4,5,6,4,3,1,1,1,3,3,1,2,2,2,3,2,1,2,3,2,0,0,3,4,3,1,1,2,2,3,4,5,4,3,2,1,1,2,2,2,2,2,3,1,1,1,1,1,2,2,2,3,2,2,2,2,3,3,3,2,2,1,2,4,5,5,3,2,2,3,3,3,4,4,4,3,2
309,3,4,5,4,3,4,3,1,2,3,2,1,1,2,2,2,1,1,1,1,2,2,1,1,2,2,2,2,2,2,2,2,1,2,3,3,3,3,1,2,3,3,3,3,2,2,3,2,1,2,2,1,1,1,1,3,3,3,3,3,4,4,4,4,3,3,5,4,2,2,2,1,2,5,5,5,4,3,3,1,3,4,3,2,3,3,2,2,1,1,2,3,2,2,2,3,4,5,5,5,4,1,0,1,2,3,3,1,1,3,4,2,2,2,2,3,1,0,1,3,3,2,2,4,3,2,1,1,1,2,2,2,2,1,1,3,4,4,3,3,3,1,0,2,2,1,1,1,2,2,3,3,1,1,2,1,2,3,3,2,1,2,2,2,2,3,3,1,5,3,3,4,1,0,0,3,3,2,2,2,2,3,3,5,2,1,1,2,2,3,2,4,2,3,3,3,3,3,3,2,2,3,3,3,3,4,4,2,2,1,2,4,3,4,5,1,1,1,2,2,3,3,1,2,3,2,2,3,3,2,2,1,1,1,2,3,2,2,3,3,2,4,3,2,3,4,4,1,1,3,4,5,5,3,2,3,1,2,3,3,3,4,4,3,3,2,1,2,2,2,1,2,3,2,3,3,2,2,1,5,6,4,4,2,2,2,3,3,3,1,3,3,3,2,3,1,1,1,1,1,1,1,1,3,4,1,3,4,3,3,2,1,3,5,3,2,3,3,3,3,3,2,2,2,2,2,3,4,5,3,2,2,3,2,2,3,3,3,3,3,3,3,3,1,1,1,1,1,2,2,2,2,2,2,1,2,2,1,2,3,3,3,4,4,3,1,2,3,2,2,4,5,5,5,4,2,1,1,3,2,2,2,2,2,3,3,4,3,3,3,4,2,0,1,2,2,3,3,3,2,3,4,4,3,2,4,6,5,4,3,3,3,3,3,3,3,2,2,4,3,2,2,4,3,3,4,4,5,5,4,3,2,2,2,2,2,2,2,1,1,2,4,3,4,3,4,3,1,1,1,1,1,1,1,1,1,1,3,4,4,4,3,3,1,1,1,1,1,1,1,1,3,3,3,3,3,3,4,3,3,2,1,0,1,2,2,2,1,1,1,2,2,2,2,1,2,2,2,1,1,2,1,2,2,1,1,1,2,4,4,4,3,2,3,3,3,2,3,2,1,2,2,2,2,2,3,2,2,3,3,2,2,2,2,2,2,1,1,1,2,2,1,3,4,4,3,3,4,4,4,2,3,4,4,5,4,3,3,4,4,2,2,4,3,3,3,3,2,1,1,2,2,1,2,2,4,3,3,3,4,4,4,4,4,4,3,3,4,5,3,2,4,3,3,3,2,2,3,2,1,2,1,0,1,1,1,1,2,2,2,1,1,2,2,2,1,1,2,2,2,2,3,3,3,1,2,2,2,3,3,4,1,1,2,2,2,2,2,2,1,2,1,1,1,1,1,1,5,4,4,4,4,4,4,3,5,3,3,2,3,2,2,1,3,5,3,3,3,3,5,5,3,3,2,3,3,2,2,1,1,1,2,1,1,1,3,3,5,4,3,3,3,4,1,1,3,2,1,2,2,2,1,2,2,1,1,1,1,2,2,2,1,2,3,2,2,2,2,1,2,2,3,3,3,4,4,3,0,2,4,4,4,3,1,2,2,3,2,3,3,3,2,2,2,2,3,2,1,1,1,2,1,1,1,2,2,4,4,4,2,3,3,2,3,3,2,2,1,1,1,1,1,2,1,2,3,1,2,3,2,1,2,3,4,3,3,3,3,4,4,3,1,2,1,1,3,4,5,5,3,2,2,2,2,2,2,1,1,2,1,2,1,1,2,1,3,4,4,4,4,3,3,4,0,1,3,3,1,1,3,4,1,2,1,0,1,1,1,1,3,3,5,5,4,3,4,3,3,3,3,3,4,4,4,3,2,3,2,2,3,3,3,3,4,3,3,3,2,2,2,3,4,3,4,3,2,2,2,4,4,3,2,2,2,2,1,1,1,1,1,1,1,2,3,2,3,2,1,1,0,1,2,3,2,2,2,2,2,2,2,2,2,2,2,2,2,2,2,3,2,1,2,2,3,3,2,2,1,1,1,1,2,3,2,3,1,1,2,2,2,2,1,2,1,2,2,2,2,1,2,1,2,4,3,3,3,3,1,1,1,2,2,2,2,3,1,1,2,2,0,0,1,2,1,1,2,2,2,2,2,2,2,2,2,2,3,4,4,2,1,1,1,1,1,1,2,2,2,2,2,3,4,1,1,2,4,4,1,1,1,1,3,2,3,2,1,3,4,4,4,3,4,3,1,1
310,3,3,2,2,3,3,2,2,2,2,3,3,3,4,3,4,5,4,4,3,2,3,1,5,3,1,2,3,3,2,0,1,1,1,2,3,4,2,2,3,4,5,6,4,1,2,2,4,4,3,4,3,3,3,4,3,3,3,5,3,2,2,2,2,2,2,2,2,2,2,1,1,3,4,3,3,2,1,3,3,4,4,4,4,3,3,3,3,4,2,1,4,4,1,1,2,3,4,4,3,3,1,2,4,3,3,3,3,3,3,4,3,4,3,3,3,3,3,2,3,3,2,2,2,3,3,3,4,3,1,2,2,2,3,3,2,2,2,2,3,3,3,3,1,2,1,2,2,1,3,2,2,1,1,1,1,3,3,3,4,4,4,4,5,4,5,5,4,3,4,4,4,4,3,3,2,2,2,2,2,2,2,1,0,2,3,4,4,4,4,4,6,5,5,4,2,2,5,6,5,4,3,3,3,3,3,4,4,3,4,4,4,4,3,4,3,1,1,1,2,2,1,3,1,1,1,1,1,1,2,2,4,4,3,3,3,5,2,1,2,2,2,3,4,4,3,2,1,1,1,1,0,1,3,3,1,3,2,2,4,2,1,1,1,1,1,1,1,2,1,1,3,4,3,3,4,4,3,2,2,4,4,1,1,2,2,2,2,1,1,3,3,3,1,2,2,2,2,1,1,2,3,2,3,4,4,3,1,1,1,1,2,3,2,1,1,2,4,4,3,3,2,3,2,2,2,3,3,3,3,2,3,3,3,2,3,2,3,4,4,4,5,5,3,3,1,2,2,2,2,2,4,3,2,2,3,3,3,3,1,3,4,3,2,3,2,3,4,1,2,4,5,4,2,2,2,0,1,3,4,4,3,1,3,3,2,2,2,3,3,3,2,2,3,2,2,1,2,2,3,5,4,4,2,1,1,0,3,6,5,5,5,4,3,5,3,2,1,2,3,4,3,2,0,1,2,2,1,3,3,2,1,1,2,2,2,3,2,1,1,1,1,1,1,2,3,3,2,1,2,1,0,1,2,4,1,2,2,2,2,1,2,2,1,2,2,2,2,2,2,2,3,3,3,3,3,3,2,3,1,1,2,2,1,1,2,3,3,2,2,3,3,3,3,4,1,1,2,1,1,2,2,2,3,2,2,2,2,3,2,3,3,4,2,2,3,3,2,2,1,2,4,3,3,3,3,3,4,4,3,4,4,3,2,2,3,3,3,2,1,2,2,2,1,1,2,2,2,2,2,2,1,1,2,1,2,3,4,4,2,2,4,3,2,4,6,5,1,1,1,3,3,3,2,1,2,2,3,3,3,3,5,5,2,3,4,2,2,2,1,1,2,2,1,2,3,3,3,1,1,2,2,4,5,3,4,3,4,5,5,5,5,5,5,5,3,3,3,3,3,3,3,3,3,2,2,2,2,2,2,2,3,3,3,3,3,3,4,4,1,1,3,3,4,4,2,1,2,2,2,2,2,2,1,3,2,2,2,2,2,1,1,1,2,2,3,3,3,3,4,4,2,2,2,2,2,2,1,3,5,3,1,1,1,2,2,0,1,2,2,3,2,3,3,3,3,3,3,3,3,3,2,2,2,3,3,3,3,3,3,3,1,3,3,2,2,2,2,0,0,0,1,1,2,2,1,1,3,2,2,2,3,3,3,3,1,0,2,2,2,3,2,2,4,3,3,3,3,2,2,4,4,3,3,3,2,2,1,1,1,2,1,1,2,2,2,2,2,3,3,3,4,3,3,3,3,3,3,2,2,2,2,2,2,4,2,1,2,2,2,1,3,4,3,3,4,4,2,3,3,3,3,2,3,3,3,4,2,3,2,2,2,1,1,2,4,4,2,3,3,3,1,1,4,3,2,2,2,2,3,4,6,5,4,3,2,3,4,1,2,5,3,3,4,3,3,3,2,2,3,2,1,1,1,2,2,2,1,1,2,3,5,6,2,3,4,4,2,2,2,3,3,3,2,2,2,2,1,1,3,3,2,2,3,3,2,2,2,3,2,3,3,2,2,1,1,1,1,1,1,1,1,1,3,2,2,2,2,2,2,2,2,3,2,2,1,1,1,1,1,1,3,3,5,4,4,4,3,3,2,2,1,2,2,2,3,2,4,4,5,5,4,3,2,4,4,2,1,2,3,3,1,1,3,2,2,1,3,4,3,3,3,3,3,2,2,2,1,3,3,2,2,2,3,4,4,2,1,2,3,2,1,2,2,2,3,3,1,1,1,2,3,3,3,3,3,3,3,4,1,1,1,1,1,1,2,1,2,2,1,1,1,1,1,1,1,2,3,2,2,2,3,4,3,0
311,2,3,3,4,4,3,2,5,5,5,4,3,4,3,3,3,3,3,1,1,1,1,3,3,2,1,1,1,1,1,1,2,2,3,3,3,3,4,2,3,7,5,4,5,4,3,5,4,3,3,3,3,3,4,4,5,6,3,2,2,3,4,3,3,3,1,1,1,1,2,2,1,1,2,3,3,2,2,2,2,2,3,3,4,4,3,3,2,2,1,1,0,1,1,2,1,1,3,3,2,1,1,3,3,2,3,3,3,3,2,3,2,3,2,3,4,5,2,0,1,1,2,3,3,2,2,3,2,2,1,2,2,2,4,3,3,3,2,2,2,2,3,2,2,3,3,4,4,4,3,2,2,3,3,2,2,3,2,3,1,1,2,2,2,2,1,1,2,3,4,4,2,2,3,2,4,5,4,4,3,3,5,4,4,4,3,2,1,1,2,3,4,3,2,3,3,3,6,6,3,3,3,3,3,3,4,5,2,2,3,3,4,4,4,4,2,2,3,3,4,4,4,4,2,2,2,1,1,2,3,3,4,2,2,2,1,1,1,1,2,1,2,2,2,1,1,2,3,3,3,3,3,2,2,1,2,2,2,3,3,2,2,2,2,2,2,2,2,2,3,2,2,2,2,2,2,1,2,3,2,2,2,2,2,2,2,2,3,3,3,3,3,3,3,3,3,2,2,2,1,2,2,3,5,4,1,0,1,1,1,1,3,4,2,2,3,2,2,3,2,2,2,2,2,2,2,2,1,1,2,2,1,2,3,3,6,4,4,5,4,3,3,2,1,1,1,1,2,1,0,1,4,3,2,2,2,2,2,2,2,2,2,2,2,2,2,2,0,0,2,3,4,2,2,2,3,2,1,3,3,2,1,1,3,3,2,3,3,4,3,2,2,2,2,3,3,2,3,3,3,2,3,4,3,4,4,4,2,3,2,2,2,2,3,4,3,4,4,2,1,3,3,2,2,2,2,3,2,2,4,5,2,2,4,4,4,4,3,2,6,4,2,2,1,4,4,3,5,4,1,1,3,3,2,1,1,2,3,2,2,4,3,1,1,1,2,2,2,2,2,3,3,2,2,2,2,2,2,2,2,2,2,1,1,1,1,1,2,1,3,2,2,2,2,2,3,4,4,4,4,3,5,5,3,3,2,3,4,3,1,2,1,1,1,2,2,1,1,1,3,3,2,2,1,2,2,1,1,1,1,1,1,1,1,1,2,2,2,2,2,2,1,2,3,2,2,4,5,5,4,4,2,3,3,1,1,1,1,0,1,1,1,1,1,1,1,1,1,2,2,1,1,1,1,2,4,3,3,3,2,2,2,2,1,1,2,4,4,4,3,2,3,3,3,3,3,3,3,3,3,2,4,4,4,4,3,1,1,1,3,3,3,3,3,2,1,1,1,1,1,1,1,1,1,1,1,2,2,2,2,2,3,2,2,1,1,2,3,1,2,3,4,4,5,5,2,1,1,1,2,2,3,2,2,2,4,3,4,3,1,1,1,1,1,2,2,1,0,1,2,3,1,1,1,1,1,1,1,1,5,5,2,1,1,1,1,1,1,2,3,3,4,3,2,1,0,1,1,1,1,2,2,2,3,3,3,2,2,2,2,2,4,4,2,2,2,2,3,2,3,3,2,1,2,2,2,2,2,2,2,3,3,2,2,2,3,3,1,1,1,1,2,2,4,4,4,3,3,2,2,3,1,3,3,2,2,2,2,2,2,2,2,2,2,2,2,2,1,1,2,2,2,2,1,2,2,2,4,3,2,2,2,2,1,1,2,2,1,1,1,1,1,2,3,3,3,4,3,3,3,2,2,2,3,3,3,4,3,3,3,3,2,2,2,2,1,1,1,2,3,2,2,1,1,2,2,1,3,3,3,3,2,1,1,1,2,3,1,2,2,2,2,2,2,2,2,3,2,2,2,3,4,3,2,1,1,1,1,2,2,3,2,1,4,5,3,3,3,2,3,4,1,1,3,3,2,1,0,0,2,3,2,3,5,4,3,3,1,2,3,3,3,3,4,2,1,1,1,0,1,1,2,2,2,2,2,2,2,2,2,1,4,4,3,2,3,2,2,3,4,4,3,1,2,3,5,4,0,0,1,1,1,2,2,2,3,2,3,3,3,4,3,3,2,3,3,3,2,2,2,1,3,3,2,2,2,2,1,1,3,3,4,4,3,3,3,4,1,1,2,2,3,3,4,4,3,4,3,2,2,3,3,2,1,1,1,2,2,1,2,1,1,1,3,4,2,2,3,2,2,1,1,1,1,1,1,1,1,1,4,3,3,3,5,4,2,1,2,2,2,2,2,4,2,3
312,1,2,3,3,3,4,4,1,2,3,3,3,2,1,1,2,2,2,2,2,4,5,4,3,2,3,2,2,3,3,2,3,3,2,2,2,1,1,3,2,5,7,4,5,8,5,1,4,4,3,3,4,5,5,4,2,2,3,3,3,3,2,2,2,2,2,2,2,2,2,3,3,3,3,2,2,2,1,3,4,3,3,2,2,2,3,3,2,2,2,2,2,2,2,2,3,2,2,2,2,2,2,2,1,1,1,1,2,2,2,3,1,1,1,1,1,1,1,1,1,0,1,1,2,3,1,1,1,1,1,0,1,1,2,5,5,4,4,4,4,4,3,3,3,4,4,4,4,4,4,4,2,2,3,1,1,2,1,2,2,2,2,2,2,2,2,2,3,3,3,1,2,2,2,1,3,2,2,3,2,3,3,3,3,3,2,1,2,4,5,3,4,4,3,3,4,4,4,5,2,3,2,1,1,2,2,1,1,2,1,2,3,3,2,2,2,1,3,4,1,1,4,2,2,2,2,3,3,3,4,4,4,5,4,4,5,5,4,4,3,3,3,2,2,3,3,2,3,4,3,2,3,2,3,5,4,1,3,3,3,4,4,4,5,4,4,4,3,3,3,3,1,1,4,4,2,2,3,3,1,2,1,2,2,2,2,2,4,2,1,1,4,5,3,2,3,3,3,2,3,3,3,3,4,4,4,3,3,3,2,2,1,1,1,1,1,2,4,2,2,2,2,2,2,2,2,2,2,2,2,2,2,2,2,2,3,3,3,3,2,3,4,5,3,2,3,2,1,5,5,3,4,4,3,3,2,2,1,2,4,3,2,3,3,3,4,3,3,4,6,5,2,2,3,4,2,1,2,2,2,2,2,3,1,1,1,2,3,4,2,1,1,1,2,2,2,3,3,3,1,2,2,2,3,3,3,4,2,2,3,3,3,3,5,4,3,3,3,3,2,3,2,2,0,1,1,2,2,1,0,2,0,1,4,5,2,1,1,2,1,2,2,2,3,3,2,2,1,3,1,2,1,2,1,1,1,1,3,3,1,1,1,2,3,3,3,3,3,2,2,3,1,2,2,3,3,3,3,3,5,3,2,2,2,3,3,2,3,2,1,1,2,1,1,1,0,3,4,3,3,3,3,3,0,1,2,3,4,3,2,3,3,2,2,1,1,1,1,1,0,1,3,2,2,1,1,1,2,2,2,2,2,2,2,2,1,1,1,1,2,2,1,1,2,3,3,3,3,2,2,3,3,3,4,1,2,3,2,2,3,2,1,2,3,3,3,1,4,5,6,5,4,4,3,3,4,5,5,5,5,5,3,3,0,2,3,3,4,4,3,2,4,3,2,2,1,1,1,2,4,4,3,4,5,4,3,2,1,3,3,2,3,4,4,3,2,2,2,2,2,3,3,3,3,1,1,2,2,2,2,2,1,1,1,1,1,2,3,3,3,3,4,5,5,4,3,3,3,2,2,2,2,2,2,2,3,3,3,1,1,1,1,2,1,1,2,1,0,0,2,3,3,3,2,2,2,2,1,2,4,4,2,1,2,3,1,2,3,3,4,3,3,3,3,3,2,3,2,3,3,3,3,2,3,3,3,3,3,3,3,2,3,3,4,4,3,3,2,1,2,1,2,3,3,3,4,4,4,4,3,2,1,1,2,1,2,1,2,1,2,2,2,2,1,1,1,1,1,1,2,1,6,5,4,4,3,2,1,3,4,2,2,2,2,2,2,3,2,3,3,3,3,3,4,4,2,2,3,4,4,3,3,3,3,2,2,2,2,2,2,2,2,2,2,2,2,2,2,1,3,3,4,5,3,4,3,2,2,3,4,3,1,0,1,3,1,1,4,3,2,1,1,3,3,4,4,3,4,5,4,3,0,0,1,2,3,2,1,2,2,2,2,2,2,1,2,2,3,3,1,2,4,4,3,2,3,3,3,3,3,3,3,2,0,0,0,1,1,1,2,2,3,3,3,3,3,3,3,2,0,1,2,2,2,4,4,4,3,3,3,3,2,1,2,4,2,1,2,2,1,2,3,3,1,2,2,2,2,2,2,1,2,3,2,1,1,1,2,3,4,4,2,1,2,1,1,1,3,3,2,2,2,3,3,3,3,3,3,4,4,3,4,2,1,1,1,1,1,1,2,2,2,2,2,2,2,2,2,2,1,1,2,3,2,3,2,1,0,0,2,4,4,3,1,1,1,1,1,1,1,1,1,1,4,4,4,4,5,5,4,3,2,2,2,1,2,2,1,3,1,1,1,1,1,1,3,1,5,4,4,3,3,3,4,4,2,2,1,1,1,2,1,1,3,3
313,2,1,2,3,3,2,3,5,4,3,3,4,3,4,4,4,3,4,5,3,3,3,3,5,3,3,3,3,2,2,2,1,3,4,3,3,3,2,1,2,4,5,3,2,2,3,3,2,3,1,2,2,3,2,2,4,3,3,2,1,1,2,1,3,1,2,2,2,2,2,3,3,1,1,4,4,4,3,2,3,3,2,2,4,2,2,2,2,3,5,4,3,4,5,5,1,3,3,4,2,2,3,3,4,2,0,3,6,3,2,4,4,2,3,2,2,2,3,3,1,1,1,1,2,3,3,4,1,1,2,2,3,3,2,2,3,3,4,4,4,4,2,3,3,3,4,4,4,4,4,3,2,3,3,5,5,4,4,3,1,0,3,3,1,2,3,3,3,4,4,4,2,2,2,2,2,2,2,2,2,2,2,2,2,2,2,2,2,2,2,3,4,5,4,4,5,2,0,0,2,1,0,0,1,2,3,3,3,2,2,4,5,6,5,3,2,2,1,1,2,2,1,1,1,2,2,1,1,3,3,2,3,3,3,3,5,4,3,4,1,1,1,1,2,3,3,2,2,2,4,3,3,4,3,3,3,1,1,1,1,1,3,2,2,4,2,1,3,3,2,3,4,3,3,3,3,3,3,3,2,1,2,2,2,3,3,1,0,0,1,3,4,3,4,4,4,3,4,4,4,4,3,6,4,3,1,2,4,2,3,2,1,1,2,2,2,1,2,3,3,3,4,5,4,3,1,0,2,2,2,2,2,2,2,2,3,3,2,3,3,3,4,4,1,3,3,1,0,1,1,1,3,2,3,3,3,2,1,2,3,3,3,2,3,4,2,3,2,1,1,1,3,5,3,3,3,3,2,2,2,2,2,2,2,2,3,4,5,3,4,3,2,2,3,3,3,3,3,4,3,3,3,3,3,2,2,2,2,3,3,4,4,6,7,3,2,2,2,3,2,1,3,2,1,2,2,2,2,2,2,2,4,4,4,5,3,1,2,3,2,3,3,3,3,4,4,2,3,4,3,1,2,3,2,1,3,2,2,1,2,3,3,3,2,1,2,1,1,1,2,3,1,2,2,2,2,2,1,2,5,5,3,3,4,5,4,2,3,3,2,3,4,3,2,3,1,2,2,3,3,3,4,4,3,4,1,2,2,3,5,4,3,2,2,2,2,3,3,3,3,3,3,3,3,3,3,3,3,3,3,3,3,3,3,3,2,2,3,4,3,3,3,3,3,2,2,2,1,2,3,3,1,3,4,4,2,1,2,4,4,2,3,4,4,4,4,2,1,1,1,1,1,1,1,1,2,3,4,3,3,3,4,4,7,6,5,4,4,3,2,1,1,1,2,2,2,3,3,4,4,3,2,2,4,4,2,2,2,2,2,1,2,2,2,3,3,4,3,1,2,2,1,0,1,2,1,3,4,2,2,2,2,1,1,3,2,2,4,3,2,3,3,4,4,3,1,0,2,1,1,3,2,0,2,3,4,4,3,3,3,3,3,3,2,2,2,2,2,3,3,3,2,1,1,1,1,1,1,0,1,1,1,1,2,2,2,3,2,1,1,1,1,2,3,3,3,3,3,3,3,3,3,3,2,2,2,2,3,3,1,1,0,0,1,1,2,1,1,1,1,2,2,3,4,4,4,4,0,1,2,1,1,2,2,4,4,1,1,1,1,2,2,1,3,3,1,2,4,3,2,3,1,2,3,2,2,2,1,1,2,2,3,4,4,3,2,2,1,1,1,1,1,2,2,2,1,1,1,1,1,1,1,1,2,1,1,2,1,3,3,4,3,3,4,4,4,4,4,4,2,2,1,2,2,2,1,2,1,2,2,3,4,2,2,1,2,4,4,4,4,3,4,4,2,0,0,0,2,2,3,5,2,2,2,1,1,2,3,3,3,3,3,3,3,4,4,4,1,2,3,3,2,2,2,1,1,1,1,1,1,4,5,2,3,3,2,2,3,3,2,2,2,3,4,4,2,2,2,2,3,2,2,2,2,2,2,4,4,3,3,3,3,3,3,3,5,5,3,4,4,3,2,2,3,3,2,2,2,2,2,1,2,2,2,2,2,2,2,2,1,1,1,1,2,1,1,1,1,2,2,2,2,1,0,2,4,3,2,2,2,2,1,1,2,2,2,2,2,2,2,2,1,1,1,1,1,1,2,2,1,2,1,3,4,2,2,2,1,1,1,1,1,1,2,1,0,1,2,3,2,1,3,2,1,1,2,1,2,3,3,2,2,4,3,3,1,2,1,0,1,1,3,3,2,1,1,1,1,1,1,1,1,1,1,1,1,1,2,2,3,4,3,2,1,1
314,2,2,3,1,1,1,1,2,1,1,1,2,2,2,2,1,1,1,1,0,1,3,3,3,3,3,3,2,2,2,1,1,2,3,3,2,2,3,3,2,3,3,3,2,2,2,3,1,1,3,2,2,2,3,1,2,2,3,3,4,4,5,5,4,4,5,4,4,3,3,4,5,5,4,4,5,5,5,4,3,4,3,3,2,2,3,2,1,2,2,2,2,1,1,1,1,1,1,2,2,1,2,3,3,3,2,2,2,2,3,3,3,3,1,1,3,3,2,1,3,3,3,3,2,3,3,1,3,4,4,4,4,4,5,5,5,4,4,4,3,3,2,2,2,2,2,1,2,3,5,3,0,1,1,1,1,1,1,1,3,3,3,3,3,3,3,3,3,3,3,3,3,3,3,3,2,2,2,1,2,2,2,2,1,1,1,1,1,2,3,3,2,2,4,3,2,4,4,1,2,2,3,4,3,4,4,2,2,1,2,3,3,4,3,2,1,1,1,1,1,2,2,3,5,4,3,5,5,3,2,1,1,1,2,2,3,3,3,2,1,1,1,2,2,1,1,1,1,2,3,3,3,3,3,3,1,2,3,3,1,1,2,3,2,2,3,3,3,3,2,2,2,2,2,2,2,2,2,2,2,2,2,2,2,2,2,2,1,2,3,3,1,0,2,3,1,0,1,2,1,1,1,2,2,2,2,2,2,2,2,3,4,2,1,1,1,3,3,2,2,2,2,2,1,1,2,2,1,3,3,3,2,2,1,2,4,5,5,5,5,4,3,3,3,4,4,4,4,4,4,2,3,1,1,1,1,1,1,1,1,1,1,1,1,1,1,1,3,4,4,4,4,3,3,3,4,3,2,1,1,2,4,5,2,1,2,1,2,2,2,2,2,2,2,2,3,3,3,3,1,1,3,5,4,3,2,1,2,2,3,3,1,0,1,2,3,3,3,2,2,2,2,2,1,3,4,3,3,3,2,4,4,2,1,2,3,3,2,3,2,1,1,2,4,3,1,2,1,1,3,3,3,3,1,2,1,1,1,1,1,1,0,0,4,3,4,4,3,2,2,1,3,3,3,2,2,2,2,2,2,3,2,3,3,3,3,2,1,1,2,2,3,2,1,2,3,2,2,3,3,3,3,1,2,3,3,3,4,3,2,2,1,2,2,3,4,3,2,1,3,3,3,2,1,2,3,3,1,3,4,3,3,2,2,3,2,1,2,3,3,4,3,4,3,3,2,3,4,6,4,2,3,4,2,3,2,1,2,4,1,2,2,4,4,3,3,4,2,1,0,0,4,5,4,3,2,4,6,6,5,4,3,0,1,2,2,3,3,3,4,3,3,1,1,1,0,0,1,1,2,3,4,5,5,4,2,3,2,2,3,2,1,1,2,1,1,1,1,1,3,4,3,2,2,3,4,3,3,4,4,4,3,2,2,3,3,3,3,3,2,2,5,7,7,5,4,5,5,3,3,3,3,3,2,2,3,3,2,1,2,2,2,4,3,4,5,5,4,3,3,3,3,2,2,2,3,3,1,0,3,4,4,3,2,3,3,2,6,4,3,2,2,2,3,3,3,4,4,3,2,3,3,3,2,2,1,1,1,2,2,1,2,2,1,1,1,1,1,1,0,1,3,4,5,4,3,2,1,1,1,1,1,1,1,1,3,3,3,3,3,3,3,3,1,1,2,1,2,1,1,1,1,2,1,1,2,2,1,1,2,2,1,1,1,1,2,3,2,3,2,3,3,2,2,4,2,2,2,1,1,2,2,1,4,4,4,4,3,3,2,4,5,4,3,2,2,3,2,2,3,2,2,2,2,2,2,2,1,1,1,1,1,2,2,2,2,2,2,2,2,2,2,2,4,3,2,2,1,2,2,2,3,1,1,1,2,1,1,1,2,1,2,3,3,2,2,3,3,3,3,2,2,3,1,1,2,2,2,2,3,3,3,3,4,3,3,3,4,4,5,6,4,2,2,2,1,2,3,3,1,2,1,1,1,1,1,1,2,1,2,3,3,2,2,2,1,1,1,1,1,1,1,1,2,2,3,3,3,1,1,0,3,2,2,2,2,4,3,2,3,3,3,3,2,2,3,3,5,4,4,4,4,2,2,3,2,2,3,4,4,4,3,2,2,2,3,3,3,2,3,3,4,4,4,4,4,4,3,3,4,1,0,1,2,4,3,2,3,3,2,2,2,2,1,1,3,3,3,3,3,1,1,2,1,1,1,1,1,2,2,2,2,2,0,0,0,1,3,3,3,2,2,3,2,2,3,4,2,2,2,1,1,2,2,2,3,3,3,3,3,3,3,3,3,3
315,2,3,3,2,2,3,3,2,3,3,2,3,3,3,3,0,0,0,1,1,2,2,2,5,4,4,4,3,1,2,2,2,3,4,5,5,3,3,1,8,7,6,5,3,4,6,6,2,2,3,3,3,4,3,4,1,1,2,1,1,1,2,2,2,2,1,1,2,2,2,2,2,2,3,2,2,2,1,1,0,1,0,1,2,3,2,2,4,2,2,3,2,2,3,5,5,3,2,2,2,2,3,3,2,4,4,4,3,2,2,3,2,2,2,2,2,2,2,2,3,3,2,1,3,3,2,1,2,3,3,3,3,3,2,1,0,1,1,2,5,3,1,1,2,2,1,3,5,4,3,6,4,4,3,3,4,3,3,3,3,2,5,7,6,5,5,4,3,2,4,3,3,2,0,2,2,2,2,4,3,3,3,3,2,4,5,2,2,2,2,4,2,2,2,2,2,2,2,3,3,4,4,4,2,2,2,2,2,3,3,3,1,1,2,3,3,3,3,2,0,1,2,2,2,3,3,4,3,2,1,3,6,5,3,2,1,2,3,3,0,1,1,3,3,2,2,2,2,3,2,1,1,3,4,1,2,2,2,2,2,2,2,2,2,2,2,3,3,2,1,1,3,2,1,2,1,1,1,1,1,1,1,1,1,1,1,1,2,2,2,2,3,3,3,4,2,2,2,2,2,2,2,3,2,1,1,1,1,1,1,1,1,1,1,2,2,2,2,2,4,4,2,2,4,3,4,3,1,3,4,3,4,2,2,3,1,2,2,2,3,3,3,3,1,1,1,1,1,1,1,1,1,2,1,1,2,2,2,2,3,4,1,4,4,3,3,1,2,3,3,3,3,3,3,3,3,3,4,4,3,3,4,4,1,1,2,3,3,2,1,1,1,1,2,2,1,1,4,3,3,4,5,3,3,3,2,2,3,4,5,3,1,4,6,4,2,3,2,3,3,3,3,3,1,1,1,1,1,1,2,1,2,1,2,2,2,2,2,3,5,4,3,3,3,3,3,2,0,1,1,1,1,1,2,3,2,1,2,1,2,3,2,1,1,1,2,2,2,2,2,2,2,2,2,2,3,3,4,4,3,3,4,2,2,2,1,2,3,2,2,2,3,2,2,2,1,0,1,1,1,2,2,3,2,2,1,1,2,2,2,3,4,3,2,1,1,2,3,2,2,1,2,2,1,1,1,1,3,3,3,3,2,2,2,2,2,3,3,4,3,3,2,2,5,3,2,3,3,3,1,1,2,2,2,3,2,1,1,3,3,4,3,3,3,4,3,4,3,2,3,4,4,3,2,2,3,2,5,5,5,4,2,2,4,4,3,3,2,2,3,4,3,2,2,2,2,2,2,3,3,3,4,5,5,5,3,2,3,3,3,2,2,2,2,1,1,2,2,3,3,3,3,3,2,4,3,2,2,2,1,1,1,2,2,2,1,2,2,2,3,3,3,3,4,4,3,3,4,3,3,2,5,5,3,3,2,2,2,1,1,1,1,1,2,0,1,2,4,5,3,1,1,1,1,1,1,2,2,3,5,3,3,3,4,5,5,4,4,4,1,1,4,4,2,2,3,2,2,2,2,3,4,1,2,3,2,2,3,2,3,3,4,3,3,2,2,2,1,1,1,2,1,1,2,2,3,3,3,3,2,1,2,2,3,3,4,4,4,4,4,5,4,3,2,2,2,2,2,2,2,3,2,3,3,3,3,3,4,4,4,4,3,2,3,3,3,2,3,2,2,3,3,3,4,4,1,2,3,4,3,2,1,0,1,2,2,2,2,2,1,2,3,3,4,4,4,4,4,4,2,2,2,2,2,3,3,4,3,2,1,2,2,2,2,2,2,3,6,4,3,1,1,3,1,1,2,2,3,3,3,3,3,3,2,2,2,3,3,3,2,2,1,1,3,3,3,3,1,1,1,2,2,2,1,1,3,3,3,3,2,2,2,1,3,4,3,2,2,3,2,2,2,1,2,2,2,1,1,2,1,2,2,2,1,1,1,1,1,1,1,1,1,1,1,1,3,2,1,1,1,1,0,2,3,2,3,3,3,3,1,2,3,3,3,3,2,2,3,3,3,4,5,6,6,5,2,1,1,2,2,3,3,2,2,1,2,2,2,2,2,2,2,2,3,2,4,2,1,1,0,1,2,1,2,2,1,2,2,3,2,1,3,3,4,4,4,4,2,2,2,5,4,4,3,0,1,2,1,1,3,5,3,1,1,2,3,3,2,2,3,4,1,2,3,2,2,2,1,2,4,4,3,3,2,2,0,0,1,1,1,1,2,3,2,1,2,2,2,2,3,4,4,3,3,1
316,3,3,3,3,4,4,2,0,2,3,2,3,3,4,3,3,3,3,4,3,3,3,3,3,3,4,5,4,4,2,2,4,3,2,2,2,2,3,4,5,4,3,2,2,3,2,1,1,1,2,1,1,1,1,1,3,3,4,4,4,4,4,4,3,3,2,1,2,3,4,3,0,1,4,5,5,4,2,3,2,2,2,2,2,2,2,2,2,2,3,4,2,2,1,2,4,4,3,3,3,2,1,1,3,2,2,1,0,1,4,4,3,3,2,3,3,3,3,3,3,2,2,2,3,3,4,4,2,2,2,2,2,2,2,2,2,2,2,3,5,4,4,1,2,3,2,3,4,3,5,5,1,1,2,3,3,3,2,3,3,3,3,3,3,3,5,4,2,2,4,4,3,4,3,3,2,2,1,3,4,2,3,2,2,3,3,5,4,4,4,3,0,2,3,2,3,2,1,1,2,3,2,3,2,1,2,2,2,3,4,5,5,5,4,5,2,1,3,3,3,2,2,1,0,0,1,3,2,1,2,3,4,3,3,2,2,2,3,3,1,2,2,2,2,3,2,3,4,3,1,1,3,3,2,2,4,4,4,3,2,2,1,0,2,2,2,2,3,3,3,3,2,2,2,2,2,2,2,2,4,4,4,4,4,4,4,4,2,2,2,2,4,4,4,2,2,1,1,2,3,2,1,1,3,2,1,2,2,1,1,1,4,4,4,4,4,4,4,4,1,1,1,1,1,1,1,2,2,2,1,1,1,1,1,1,2,3,3,3,3,3,3,3,4,4,4,3,3,4,4,3,2,4,4,2,3,4,3,0,1,3,2,2,3,3,3,2,5,4,4,4,2,2,4,4,3,1,1,2,2,2,2,2,2,3,3,1,1,2,2,2,4,3,3,4,4,4,5,5,2,3,2,2,2,2,2,2,3,2,3,4,3,3,2,2,2,2,2,2,2,2,2,3,3,2,1,2,2,3,3,3,4,3,4,4,3,2,1,2,2,3,2,3,4,3,3,2,2,2,2,2,2,2,3,2,3,3,2,2,2,2,2,2,4,3,4,4,4,3,4,3,2,3,4,3,2,2,3,2,3,4,2,1,1,1,2,3,3,2,3,3,3,3,3,3,1,1,1,2,3,3,3,3,2,2,2,1,0,1,3,3,2,2,2,1,3,3,3,3,2,2,2,1,1,1,1,2,2,3,2,3,2,3,3,4,1,1,2,3,3,2,2,2,3,3,3,3,3,3,3,3,2,3,2,2,2,2,2,2,3,2,3,4,3,2,3,3,2,2,2,2,2,2,2,2,5,5,4,4,4,4,3,3,2,4,3,3,3,3,5,3,3,3,4,3,3,2,2,2,3,2,4,4,2,2,2,3,3,4,4,2,2,2,3,3,3,3,3,3,4,4,4,5,3,3,3,1,3,3,3,3,1,1,1,1,3,4,6,5,3,3,4,5,6,4,1,0,1,2,2,3,3,2,2,1,2,2,2,2,2,2,2,2,3,3,2,2,3,4,5,5,0,2,3,3,4,4,2,1,2,3,1,1,1,1,1,2,3,3,2,2,2,1,1,0,2,2,1,1,1,1,2,2,3,3,3,3,3,3,3,3,3,3,3,3,4,4,2,5,4,3,1,2,2,1,1,1,1,1,2,2,2,2,3,4,1,1,0,0,1,0,1,1,2,2,2,1,3,3,3,3,3,4,4,3,2,2,4,4,2,2,2,1,2,2,3,4,4,3,3,3,3,3,3,3,3,3,2,3,3,3,4,3,1,1,1,2,2,1,2,3,2,2,2,3,2,2,3,3,3,3,1,1,2,2,4,2,2,2,2,2,2,2,2,2,1,1,3,2,1,1,1,2,3,3,3,3,3,3,3,3,3,3,2,2,1,3,2,2,3,2,1,1,1,1,1,1,3,2,2,2,2,1,1,1,2,2,2,2,2,2,2,3,4,4,2,2,2,2,1,1,2,2,2,3,3,3,4,5,3,1,1,2,3,4,3,1,3,3,2,2,3,3,2,3,2,2,2,1,2,2,1,1,2,2,2,1,2,3,4,5,1,3,4,3,2,2,3,4,3,3,2,4,4,3,1,1,4,3,2,2,2,3,3,3,2,3,3,2,3,3,3,3,2,1,2,2,2,3,3,3,3,3,3,2,2,2,2,2,3,3,3,3,2,2,4,2,1,4,3,1,1,2,1,1,1,1,2,2,1,2,2,2,1,1,1,2,2,1,1,1,4,3,3,3,3,2,2,2,2,2,2,2,2,2,2,3,1,1,1,1,2,2,2,2,4,3,3,3,3,3,3,3,1,1
317,3,4,2,1,3,6,4,2,3,3,4,4,2,3,4,3,3,3,4,4,3,3,3,2,3,3,2,3,2,2,5,1,0,0,0,1,1,1,1,3,4,4,3,4,4,4,4,2,2,2,2,2,2,2,3,2,2,2,3,3,3,3,4,3,4,3,3,3,3,2,1,2,4,4,5,5,4,3,4,3,3,2,2,1,1,2,3,3,1,0,1,2,1,2,3,3,3,3,3,3,3,4,3,1,1,2,1,1,0,2,3,2,3,3,3,3,2,2,2,2,2,3,3,3,3,3,5,1,1,2,1,3,3,3,5,6,4,4,4,3,4,2,1,3,3,3,2,1,1,2,2,2,2,2,2,2,2,1,2,3,2,2,1,1,2,1,1,2,3,2,3,3,2,2,3,2,2,3,3,3,3,2,3,4,3,5,4,4,4,2,2,2,2,2,2,2,1,1,3,4,4,4,2,3,4,4,4,3,2,2,2,2,2,2,2,1,2,2,2,3,2,2,1,4,4,3,4,4,3,3,3,4,4,4,4,4,4,4,4,3,4,3,4,4,4,3,3,5,3,3,3,3,3,3,3,3,3,3,3,3,3,3,3,3,3,3,3,3,3,3,3,2,2,4,4,4,3,2,2,3,2,3,4,4,3,2,4,2,4,3,2,2,2,3,3,2,1,1,2,3,2,1,2,2,2,2,2,2,3,1,1,2,3,5,4,2,2,2,3,4,4,4,4,3,3,2,3,3,3,3,2,3,3,3,3,2,3,4,4,4,2,2,3,3,2,1,2,3,1,1,3,3,4,2,1,3,3,2,4,3,1,1,2,2,2,3,2,3,3,1,1,1,1,3,3,4,4,4,3,3,3,3,4,2,1,1,1,2,2,1,1,3,3,2,3,4,5,4,2,2,3,3,4,3,2,2,4,5,5,5,4,3,4,4,2,1,1,3,3,2,1,1,2,7,6,5,4,4,4,3,2,2,2,3,4,3,3,3,3,3,3,3,3,2,2,3,3,3,3,3,3,3,2,3,2,3,3,2,3,4,4,4,4,3,1,1,1,1,1,1,1,1,2,2,2,1,1,1,1,2,2,1,2,2,2,1,1,1,1,3,3,4,4,4,4,4,4,3,4,4,4,5,5,2,3,3,2,3,5,3,1,1,1,1,1,2,2,1,2,3,3,3,3,2,2,0,0,1,2,4,4,4,5,4,2,3,2,1,2,2,2,3,3,3,2,1,1,0,3,7,3,2,3,2,3,3,3,3,3,1,1,2,2,2,2,1,1,3,4,2,2,3,3,5,3,4,4,4,4,5,4,3,3,3,3,4,4,4,4,3,3,2,2,2,2,1,2,4,4,2,3,4,5,3,2,1,1,2,3,4,3,2,2,2,2,1,1,1,1,1,1,1,1,4,3,4,4,3,4,3,3,1,2,2,1,2,3,4,3,1,1,2,2,2,2,2,2,1,1,1,2,2,2,2,2,2,2,3,5,3,2,2,3,5,5,5,5,4,4,5,5,1,1,1,1,1,1,1,1,2,2,3,2,2,4,4,4,3,3,3,4,3,3,3,3,2,3,4,5,4,3,3,3,2,1,3,3,3,3,2,2,3,2,1,2,2,2,1,2,2,2,2,2,2,2,2,1,0,1,1,2,3,3,4,4,3,2,2,2,2,2,3,2,1,2,1,2,2,2,1,2,2,2,2,2,2,2,2,1,1,1,1,1,1,1,1,1,0,2,2,2,3,3,3,3,2,2,2,2,2,2,1,1,2,2,2,3,3,3,3,2,4,4,4,4,4,4,4,4,2,3,3,2,1,1,1,1,1,1,1,1,1,1,1,3,2,4,4,4,5,5,3,1,1,1,1,2,2,2,3,3,1,1,1,1,1,1,2,2,1,2,2,3,2,1,3,4,3,3,3,3,3,3,2,3,3,2,2,3,4,4,2,2,3,4,4,3,3,4,3,2,2,3,3,2,2,3,2,2,2,3,1,1,1,1,1,3,4,2,2,2,2,2,2,3,4,4,2,3,3,2,3,3,2,2,2,2,2,2,5,4,2,2,1,2,2,1,2,2,1,2,2,2,3,2,3,3,2,2,3,3,3,5,6,2,0,1,2,2,2,2,4,3,3,2,2,3,3,2,2,2,2,2,2,2,4,4,1,0,2,1,1,0,2,4,4,2,1,1,3,3,2,2,3,3,2,2,2,3,3,2,3,2,1,1,1,1,1,1,1,3,5,3,3,2,2,1,2,3,4,2,2,2,2,1,1,3,2,1,2,3,2,3,3,2,3,4,4,4,4,4,2,2,2,2
318,2,3,3,3,3,3,5,5,2,3,3,2,2,2,3,2,1,2,2,1,1,2,2,2,1,3,2,1,1,2,2,3,3,2,3,3,2,0,1,4,4,3,3,2,2,3,4,2,1,1,1,2,2,2,3,4,4,3,4,4,4,3,3,3,3,3,3,2,2,2,2,1,4,3,3,7,4,1,1,2,2,2,2,3,2,2,3,2,2,2,2,2,1,3,4,2,1,2,2,1,1,1,1,0,1,1,1,1,1,0,2,5,2,2,2,2,1,0,1,3,3,3,4,3,4,4,3,3,2,4,4,4,3,2,3,3,2,1,2,2,3,3,3,3,4,5,4,1,1,2,1,1,3,3,4,2,1,1,0,2,3,3,3,4,5,5,4,3,4,5,4,4,4,4,3,2,3,3,2,3,2,3,4,2,1,2,3,3,3,3,2,2,2,2,1,2,2,2,2,2,1,2,3,5,4,3,4,3,2,3,4,4,4,5,6,4,3,3,2,3,3,3,2,1,3,1,1,1,1,1,1,1,2,2,2,2,2,2,2,2,2,1,2,2,3,4,2,2,4,4,3,3,3,2,2,2,2,2,2,2,2,2,2,2,2,1,1,1,1,1,1,1,3,3,3,1,0,2,4,2,2,3,3,1,0,3,5,3,2,4,3,2,1,2,2,2,2,2,2,2,2,2,2,3,3,2,2,3,3,3,4,2,1,1,1,1,1,1,1,2,2,2,2,2,2,2,2,2,2,1,1,1,1,1,1,2,2,2,2,3,3,1,2,2,2,3,3,2,3,2,2,3,2,2,3,3,3,3,2,2,2,2,3,2,3,4,2,2,3,3,2,2,2,3,3,1,1,1,2,4,4,3,3,1,1,1,1,1,1,1,1,1,1,2,3,3,2,4,5,3,3,2,1,1,1,1,1,2,4,4,4,4,3,4,6,6,3,2,3,2,1,2,1,1,0,1,3,4,5,5,2,3,4,4,4,3,2,3,4,3,2,3,3,3,4,2,1,3,3,2,1,1,2,2,5,5,2,2,2,2,3,5,3,4,4,4,4,4,4,3,4,3,3,2,2,4,4,3,3,4,4,3,3,3,3,3,3,2,2,1,2,2,2,2,3,2,3,3,1,3,4,3,2,2,2,3,3,2,3,3,4,2,2,2,2,2,2,1,2,1,2,1,1,2,3,3,2,3,3,3,3,3,3,3,3,3,3,4,4,4,4,2,2,3,3,2,3,3,3,3,2,4,4,4,3,2,3,3,3,2,2,2,2,2,2,2,2,2,2,2,2,2,2,2,2,2,2,2,3,2,2,2,3,2,2,2,1,2,2,2,2,1,1,1,2,3,4,3,1,2,3,2,2,3,3,3,3,1,2,4,3,1,0,2,4,1,1,1,1,1,1,1,1,1,1,2,2,3,2,2,2,2,4,3,2,2,2,1,1,1,2,3,3,3,3,3,4,3,3,5,4,2,2,3,3,2,3,3,3,3,3,2,2,2,2,2,1,1,1,1,1,3,3,2,2,3,3,3,3,3,3,3,3,2,3,4,4,3,1,1,2,2,2,2,1,2,2,2,2,2,2,3,3,1,0,2,1,2,2,1,1,3,4,3,2,2,4,3,1,2,1,1,2,2,2,1,2,1,1,2,2,1,2,2,2,1,2,2,1,1,2,3,3,1,2,3,2,2,1,1,2,2,3,3,3,3,4,4,2,2,2,2,2,2,2,1,1,3,3,1,1,3,3,5,4,1,1,1,1,0,1,2,1,3,3,2,3,3,3,4,2,1,3,4,5,5,3,3,3,1,1,3,4,3,3,2,1,2,2,2,2,2,2,2,2,4,3,3,3,3,3,3,4,4,3,3,3,3,3,3,3,2,2,2,3,4,4,5,5,5,5,2,0,2,4,3,1,2,2,2,3,2,1,2,1,3,3,3,3,3,3,3,3,1,1,2,2,2,2,2,3,3,3,2,1,1,1,1,1,1,1,2,2,1,1,2,3,3,2,3,4,3,3,4,3,2,1,1,1,2,2,2,2,3,3,3,3,3,3,3,2,1,0,1,2,2,3,4,4,2,1,1,2,2,2,2,3,3,2,3,4,3,3,3,3,3,3,2,2,3,2,1,0,1,1,1,1,1,1,3,4,4,3,3,3,4,4,4,4,5,4,2,2,4,6,4,3,4,4,3,2,3,2,2,2,2,2,3,3,4,4,2,2,2,2,3,4,3,2,3,3,3,2,2,1,1,1,2,1,0,1,2,2,2,2,1,2,1,1,1,1,2,2,1,1,2,4,4,3,3,2,2,3,2,2
319,5,3,2,3,3,3,5,4,2,2,2,2,3,3,2,3,3,3,3,3,3,3,3,2,3,4,2,2,2,2,2,4,3,2,2,2,3,3,4,3,3,4,3,1,1,1,2,2,3,2,2,3,3,3,3,1,1,2,4,4,3,3,5,4,4,2,1,2,3,3,3,2,2,3,3,1,3,3,3,4,4,4,3,4,4,4,5,3,3,2,2,2,2,2,2,2,2,3,3,3,3,2,2,3,4,3,3,2,1,2,4,2,2,2,2,4,4,3,2,3,3,2,2,1,1,2,2,1,2,2,1,1,2,2,1,3,3,4,3,4,5,4,5,4,4,3,3,2,2,3,4,3,2,1,1,1,1,3,2,3,3,4,3,3,5,4,3,4,6,6,3,1,2,1,2,4,4,4,5,4,1,1,2,2,3,3,3,4,4,4,3,1,1,1,2,2,2,2,4,4,3,3,3,3,5,3,1,1,2,2,2,3,4,5,4,4,2,1,1,2,3,4,4,1,2,2,1,2,1,0,1,1,3,2,1,2,2,2,2,3,3,3,1,1,2,2,0,2,2,2,3,4,4,3,3,4,4,3,2,2,3,2,1,0,1,1,1,2,2,3,2,4,4,5,4,3,4,3,2,2,1,1,2,3,4,4,3,3,3,3,3,3,3,3,3,1,1,2,1,2,2,2,2,3,2,2,2,2,2,2,2,1,2,2,1,1,2,3,4,3,3,3,2,3,3,4,4,3,3,3,1,2,4,4,3,3,4,5,4,4,4,2,1,4,3,2,2,3,3,2,3,3,1,2,2,3,4,4,3,2,3,3,3,3,3,3,3,1,2,3,3,2,1,2,2,3,3,4,3,2,2,2,2,3,4,5,5,4,3,3,2,4,3,5,5,6,6,5,5,4,4,4,4,4,5,5,4,5,5,3,2,4,5,5,4,1,1,1,2,3,3,2,3,2,1,1,1,3,3,3,3,1,1,2,3,3,1,2,3,3,3,3,3,3,3,4,4,1,2,3,2,1,1,3,4,5,3,3,4,2,2,4,4,3,2,2,2,2,2,2,2,3,3,3,3,3,3,3,3,1,1,1,1,1,1,2,2,2,3,3,3,3,3,3,3,1,2,2,3,3,3,3,3,2,2,2,2,2,1,3,4,3,1,2,2,2,2,2,3,3,2,1,3,5,4,3,3,3,3,3,2,2,4,5,5,3,2,3,4,4,4,3,2,5,4,3,4,4,2,0,1,3,3,3,2,3,2,0,3,4,3,2,2,2,2,2,2,3,3,2,2,1,3,6,3,2,1,4,5,6,4,3,3,2,2,1,2,2,2,3,4,2,2,2,2,2,2,2,2,1,1,1,2,3,3,4,4,3,3,5,5,5,5,1,2,3,1,1,2,1,2,1,1,3,1,1,2,1,1,1,1,2,2,2,2,2,2,1,2,2,2,2,2,2,2,3,1,1,2,3,3,4,5,4,3,3,2,1,2,2,2,1,1,2,2,2,3,3,3,3,4,4,3,4,4,3,4,5,4,3,3,2,3,4,2,2,2,3,3,4,4,4,4,4,4,3,1,1,1,1,2,2,1,4,2,3,4,4,3,1,3,2,1,1,2,1,1,1,1,3,1,2,3,3,3,3,3,2,1,1,2,2,3,3,4,2,2,1,2,2,2,3,3,3,4,3,5,4,2,4,4,4,4,1,1,1,1,1,2,2,2,4,3,2,3,4,1,1,1,1,1,1,1,2,1,1,2,2,2,2,2,2,2,1,1,1,1,1,1,2,1,2,1,1,1,1,1,1,2,2,2,2,3,4,4,4,3,3,2,1,1,1,2,1,2,3,2,3,2,3,3,3,3,1,1,2,2,0,0,2,3,3,3,3,3,3,3,3,3,2,2,2,3,3,3,3,2,3,5,5,4,4,2,1,3,3,3,3,3,2,2,2,2,3,4,2,2,4,4,3,4,3,4,6,5,4,2,2,3,1,1,1,2,1,1,2,1,2,2,1,1,3,3,2,2,3,2,2,2,2,2,2,2,2,1,0,1,3,3,3,3,3,2,4,4,4,3,4,3,2,2,2,2,3,3,1,1,5,4,3,3,3,3,3,3,2,2,3,3,2,2,3,1,1,1,2,3,4,4,4,2,3,3,2,3,3,4,3,1,1,2,3,3,1,1,3,3,3,3,1,1,1,1,1,1,2,2,2,2,2,2,1,3,3,2,3,3,2,3,2,4,3,2,2,2,1,1,2,2,2,2,1,2,2,2,2,2,3,2,2,2,1,1,1,1,3,3,2,2,2,2,2,4,4,4
320,3,3,3,3,3,2,1,2,3,3,3,2,3,3,2,3,3,3,3,3,3,2,2,1,1,3,3,3,3,4,6,2,4,6,4,2,3,4,3,2,4,6,5,4,3,4,2,1,1,2,2,3,4,5,3,2,2,3,3,3,1,1,1,3,2,3,3,2,2,2,3,4,4,4,3,4,3,3,2,3,3,3,4,6,6,4,3,3,4,3,4,5,5,5,5,3,3,3,3,3,3,3,3,2,0,1,2,3,3,3,3,1,3,4,3,4,5,4,3,3,4,4,3,3,3,4,4,4,3,3,4,5,5,4,4,3,3,2,1,2,2,1,1,3,3,3,2,3,3,3,2,3,4,4,2,3,3,3,4,3,2,2,4,5,4,4,4,4,5,5,3,3,3,3,2,2,3,3,3,3,4,3,4,4,3,5,5,6,6,5,3,2,2,2,1,1,2,2,2,2,3,3,3,3,2,3,3,3,2,3,3,3,3,3,3,2,3,2,3,3,3,5,5,1,1,0,0,1,1,1,1,2,2,1,1,1,1,3,4,1,2,4,5,3,2,2,4,5,3,3,4,4,4,4,4,3,3,4,4,4,4,4,2,1,1,3,3,2,3,4,3,3,2,2,3,3,3,4,3,4,6,5,4,3,3,2,3,5,5,5,5,5,5,5,5,1,1,1,1,1,1,1,1,2,2,3,3,3,4,3,4,4,2,3,3,2,4,4,4,2,2,3,2,1,2,2,3,1,2,2,2,3,3,2,3,3,2,2,4,3,3,4,3,3,2,2,3,3,3,3,3,3,2,2,2,2,2,2,3,3,3,3,3,3,3,3,2,2,1,2,3,3,2,2,3,3,2,1,3,3,4,2,1,1,1,1,1,1,1,1,1,0,0,0,0,1,1,1,0,3,4,4,3,3,4,4,4,2,1,2,3,3,4,4,4,3,2,1,2,3,4,5,2,1,2,2,0,0,1,1,1,2,5,4,3,3,2,3,3,3,4,3,1,2,3,3,3,2,1,0,1,1,2,1,1,3,3,1,2,2,2,2,2,1,1,1,1,1,1,2,1,1,1,1,1,2,2,3,3,3,2,2,2,1,1,1,1,1,1,1,1,1,1,1,2,1,1,2,1,1,1,1,1,1,1,1,1,1,1,1,1,3,2,1,2,3,3,2,1,2,4,3,2,2,1,1,1,2,4,5,4,3,3,4,6,6,4,2,2,3,3,4,3,1,1,1,1,1,1,1,1,1,1,1,1,1,1,1,2,4,4,1,1,2,5,6,4,2,2,3,3,3,3,2,1,4,6,4,4,4,4,4,3,3,2,2,2,1,1,1,2,2,2,2,3,3,2,2,2,3,6,5,4,7,7,3,4,3,3,4,3,2,1,2,3,1,1,4,4,1,1,4,1,2,1,3,2,3,3,4,4,2,2,3,4,4,3,3,5,1,1,3,3,3,2,1,1,2,2,2,1,2,3,4,2,2,3,2,2,2,2,2,3,3,3,3,3,3,3,3,3,3,1,1,2,3,2,3,3,3,2,3,3,3,3,2,2,2,2,1,1,1,3,3,2,2,2,2,2,3,3,2,1,2,2,2,2,4,5,3,2,1,1,2,2,2,1,1,2,2,2,2,2,1,2,2,2,3,5,5,3,3,0,1,2,2,2,2,2,1,0,0,2,3,2,1,1,1,0,0,2,3,2,1,3,6,6,2,2,4,4,4,2,2,2,1,2,1,1,1,1,2,2,3,3,3,3,2,1,1,1,2,3,1,1,1,1,1,1,1,1,2,2,3,3,4,5,5,4,4,4,3,3,2,3,3,4,2,2,2,2,2,3,3,3,1,1,1,1,2,2,2,2,4,3,3,2,3,3,3,2,5,4,4,5,5,5,5,3,2,3,3,2,2,3,3,2,2,3,3,3,3,3,5,5,3,2,3,3,3,3,3,4,3,3,3,2,2,2,3,3,2,2,2,2,2,1,2,3,3,3,3,3,2,1,1,1,4,3,1,4,6,4,4,4,3,0,1,1,1,1,1,1,4,3,1,1,1,4,3,2,2,2,1,3,4,3,2,3,1,1,1,1,1,1,1,1,1,2,2,2,2,2,4,4,3,2,2,3,2,2,2,1,3,2,2,2,4,4,2,3,4,3,2,2,4,4,2,3,3,3,3,3,3,3,3,2,1,1,1,3,4,2,0,2,1,3,4,3,4,4,4,4,4,2,1,2,2,2,3,3,2,1,1,1,1,1,1,1,1,1,1,1,2,1,2,1,2,2,1,1,3,3,3,2,1,1,1,1,1,1,1,1,1,1
321,3,4,4,4,3,5,3,1,2,2,2,3,1,3,4,6,4,2,1,3,4,5,7,5,2,3,3,2,3,2,4,6,6,5,4,4,3,2,1,2,6,8,6,5,3,4,7,1,2,2,2,2,2,3,3,2,2,1,1,2,2,4,5,4,4,2,3,2,2,2,3,2,1,2,3,3,3,3,3,3,3,3,2,3,2,2,2,2,1,1,2,2,2,2,1,3,3,3,3,3,3,3,3,3,3,3,3,3,3,3,3,4,3,3,3,2,2,3,3,4,3,1,2,2,3,4,5,4,3,3,3,3,3,3,2,4,4,4,5,4,4,5,3,3,1,2,2,2,1,2,3,1,0,2,4,3,3,4,3,4,3,2,3,3,3,3,4,4,5,4,4,5,4,4,3,2,2,2,2,2,2,2,2,2,2,2,2,1,1,1,0,3,3,2,2,2,2,1,3,4,2,1,1,1,2,3,3,3,3,2,3,3,4,5,5,4,2,0,2,2,2,3,4,2,2,4,4,2,2,3,3,3,2,2,2,2,2,3,2,2,2,3,3,3,3,3,3,4,3,4,4,3,3,2,0,3,3,3,3,2,2,2,2,3,3,3,2,2,3,3,3,2,2,1,1,2,3,2,2,4,5,2,1,2,3,4,3,4,4,2,3,5,4,4,2,2,2,2,2,2,2,2,2,2,1,3,4,3,2,2,2,2,2,3,4,4,4,4,4,5,4,2,2,2,2,2,2,1,0,3,3,3,2,3,4,2,2,2,2,4,4,3,4,3,1,1,2,2,3,3,2,2,4,4,3,3,2,3,3,3,2,3,3,3,4,6,4,4,3,5,6,6,5,3,2,1,2,2,1,1,1,2,2,3,2,2,2,2,3,3,2,1,1,1,1,2,2,2,1,4,4,4,5,4,3,2,3,3,3,3,3,3,3,3,3,2,2,1,1,1,1,1,1,2,2,2,2,2,2,2,2,2,2,3,3,4,4,4,3,3,2,2,2,2,2,1,1,4,3,2,3,3,3,2,2,2,1,1,2,3,4,3,3,2,3,3,3,3,3,3,3,3,3,3,4,4,4,3,3,3,3,3,3,3,3,3,3,2,2,3,3,3,3,2,3,1,2,3,3,3,2,2,2,1,3,2,3,2,1,1,2,3,3,2,2,1,1,2,3,2,3,3,3,3,3,2,2,2,2,3,3,3,3,2,2,2,2,3,3,3,3,2,2,3,3,3,3,3,3,3,3,2,2,3,3,4,3,3,3,4,3,2,2,2,3,4,4,4,4,4,3,3,3,2,2,3,3,2,3,4,5,5,3,2,2,1,3,2,3,4,3,4,3,2,2,1,1,2,1,1,2,3,3,3,2,3,4,2,3,3,3,2,2,3,3,2,2,2,2,1,1,2,1,3,4,4,4,3,4,4,4,4,3,4,4,4,4,4,4,3,3,3,3,3,3,3,3,3,3,3,2,2,2,2,2,3,3,2,3,2,3,1,1,1,2,1,2,4,3,1,3,2,2,2,2,2,2,1,3,3,3,3,3,3,3,3,1,2,2,2,2,2,1,1,1,1,1,1,2,2,3,3,5,3,3,3,2,2,4,3,2,3,3,3,3,3,3,3,2,1,1,0,0,1,1,1,2,3,2,2,1,1,1,2,3,1,1,1,1,1,1,1,2,1,1,2,2,3,3,2,1,0,1,2,2,2,2,2,2,3,2,1,1,1,2,2,2,4,4,4,4,3,3,3,3,2,3,2,2,1,1,2,2,1,1,1,2,2,2,2,2,2,2,2,2,2,2,2,2,2,1,2,2,1,2,3,3,3,2,3,3,3,3,4,2,1,1,1,1,1,1,1,1,2,3,3,1,1,1,3,4,1,2,1,3,3,3,1,1,1,1,1,1,1,1,1,1,3,2,4,5,2,1,1,3,2,2,1,1,2,2,1,1,2,2,3,3,3,3,3,2,2,3,3,2,3,3,2,2,2,2,3,3,2,2,3,3,2,1,3,2,1,1,2,3,2,2,3,3,2,3,2,2,2,3,7,8,8,7,5,4,2,3,3,3,3,3,1,1,1,1,1,1,1,1,1,3,2,3,3,2,4,4,3,3,3,2,2,2,2,2,2,1,1,3,3,2,3,3,2,0,2,2,2,3,3,3,4,5,2,2,3,3,3,3,1,1,3,2,2,4,3,1,3,3,2,2,2,1,1,1,1,1,1,1,3,3,3,3,3,2,1,1,1,1,1,2,2,1,1,3,3,2,4,3,3,3,3,2,2,2,2,2,2,2,2,3,3,3,3,3,3,3,0,1
322,2,1,1,1,2,3,3,3,3,3,3,3,3,3,2,1,2,2,1,1,1,1,1,1,1,1,1,2,3,2,2,4,3,4,5,6,6,4,4,6,6,5,5,4,3,3,3,2,4,5,4,3,3,3,3,2,2,3,4,4,3,1,3,1,2,2,2,2,1,0,1,2,2,2,2,2,2,2,4,4,4,4,3,4,4,4,2,1,3,3,3,3,3,3,1,2,2,1,3,3,3,3,2,0,0,1,3,4,3,2,1,3,3,3,3,3,4,4,3,2,3,6,4,3,3,3,2,3,4,1,2,1,1,1,2,2,2,3,3,3,4,4,4,3,2,4,3,3,3,4,3,3,5,5,5,5,4,3,2,4,2,2,2,2,2,2,2,3,3,3,3,3,3,3,3,2,2,3,4,5,4,3,4,4,3,4,3,2,2,2,2,1,1,2,2,2,3,4,3,3,2,2,3,2,2,3,4,3,4,3,3,3,3,3,2,2,2,2,2,2,3,3,3,1,1,1,1,1,2,3,5,5,2,1,2,3,3,3,2,2,3,2,2,2,2,1,1,3,1,2,3,3,3,3,4,2,3,3,3,3,3,3,3,4,4,3,3,3,3,2,3,2,2,2,2,2,2,2,2,1,1,1,3,3,3,3,2,3,3,2,2,3,3,4,4,4,2,1,1,1,1,1,1,2,4,4,4,4,3,3,2,1,3,4,4,3,3,4,4,2,2,2,2,2,2,3,4,4,4,2,1,3,2,1,2,4,3,2,2,1,3,3,3,4,2,1,1,1,1,2,2,1,2,2,3,3,4,2,2,4,3,2,2,1,2,2,2,3,3,2,2,3,5,4,2,3,3,2,2,2,2,1,1,2,2,1,2,2,3,3,3,2,3,3,3,3,3,3,3,4,4,3,2,2,3,4,4,4,4,3,3,3,3,3,3,2,1,2,2,1,1,1,1,1,3,3,3,3,3,5,4,3,3,4,5,4,4,3,3,2,2,4,3,2,3,3,2,2,4,3,2,1,2,2,1,2,2,2,2,1,2,1,1,2,2,2,2,2,2,2,2,2,2,2,2,2,2,2,2,2,1,2,2,2,2,2,2,3,3,1,2,2,2,1,1,1,1,2,1,2,2,2,2,3,3,2,2,2,1,1,2,3,2,2,4,4,3,3,2,1,3,5,5,4,2,2,2,2,1,2,2,2,2,2,2,2,2,2,2,3,3,3,4,4,1,2,2,1,1,1,1,3,3,4,6,6,2,1,1,1,1,2,4,4,3,3,5,3,2,2,1,3,4,4,3,1,3,6,5,4,3,1,2,0,1,2,3,4,3,4,4,2,3,5,4,4,3,2,3,3,3,3,3,3,4,4,3,1,3,2,2,2,2,1,1,2,3,2,2,3,1,1,1,3,2,1,3,4,3,2,3,3,3,3,3,3,5,5,4,4,3,4,4,4,3,3,3,1,1,2,3,3,2,2,3,3,3,1,2,3,4,3,2,2,2,3,3,3,3,2,3,2,1,2,2,2,1,1,1,1,2,2,1,1,1,1,1,2,2,1,1,1,3,3,3,5,4,3,3,3,3,2,2,2,4,4,3,2,2,1,0,1,1,2,3,5,5,4,3,3,3,4,3,2,2,2,2,2,2,2,2,2,2,2,2,2,2,2,2,3,2,2,2,2,2,2,2,2,1,2,2,1,1,1,1,2,2,2,2,2,1,1,1,1,1,1,1,2,3,1,1,3,2,3,4,2,1,1,1,1,1,1,1,2,3,4,3,2,3,4,4,4,3,3,4,4,4,5,5,4,4,1,1,1,1,1,1,1,1,1,1,1,1,1,1,3,3,3,4,4,4,4,4,4,4,3,4,3,3,4,5,2,1,1,1,1,3,2,1,1,1,1,2,1,1,1,2,1,2,2,1,1,1,1,1,1,2,2,2,2,2,2,4,3,2,4,3,2,3,3,2,2,2,3,3,3,3,3,2,3,3,2,2,2,2,2,2,1,1,1,1,1,1,1,1,1,1,1,1,1,1,2,2,2,2,3,4,3,3,3,2,2,3,3,3,3,2,2,3,2,2,2,2,1,1,2,2,2,2,1,1,1,2,2,2,3,2,2,2,2,2,3,1,1,2,3,3,3,3,2,3,4,3,2,1,2,3,3,3,2,2,3,4,4,3,4,3,2,3,2,2,1,1,2,1,3,5,3,2,3,2,3,3,1,1,2,2,2,3,2,3,3,2,3,3,1,1,1,2,4,4,2,2,3,3,3,2,2,2,2,2,2,2,1,1,2,2,2,2,2,4,3,1,2,2
323,3,5,4,3,4,3,3,3,1,2,3,3,2,3,3,2,2,2,2,1,2,3,4,4,3,3,3,2,2,2,4,2,2,4,4,3,3,3,4,2,2,4,3,4,4,1,3,3,2,1,0,1,2,2,1,3,4,2,1,2,3,3,3,3,2,2,2,2,1,3,3,2,2,3,4,6,4,1,2,4,5,3,3,3,3,4,4,3,3,3,4,4,4,5,5,1,1,1,1,3,4,3,2,4,5,5,3,3,4,3,4,4,4,3,2,2,1,4,3,3,3,4,5,4,4,2,3,3,4,5,4,5,4,2,3,4,2,3,2,2,3,3,3,1,2,2,3,3,2,3,5,3,3,4,4,2,1,2,4,3,4,2,3,3,3,4,4,5,5,2,2,4,3,3,3,2,2,1,2,3,4,3,4,3,3,2,1,3,3,1,2,4,4,3,2,2,1,1,1,3,2,2,2,2,2,2,2,3,3,3,3,3,3,3,3,4,3,3,3,4,4,2,3,4,2,2,3,2,2,2,1,1,2,2,2,3,3,3,2,3,3,3,3,3,2,2,1,3,3,0,1,2,3,3,4,3,5,4,4,4,4,4,4,2,2,2,2,2,2,2,2,3,3,3,3,3,3,3,4,4,4,3,1,1,1,1,2,2,2,2,2,2,1,2,2,3,3,3,3,3,3,4,4,2,2,3,3,2,3,3,2,3,3,2,3,3,4,4,4,2,3,2,3,3,2,3,3,4,3,3,3,3,4,3,2,1,2,3,3,2,2,1,1,2,1,1,1,2,1,2,2,2,2,1,1,1,2,1,2,3,3,3,3,1,1,1,1,3,3,1,1,2,2,2,3,3,3,2,1,1,2,3,3,5,3,3,3,3,3,4,4,3,3,6,5,3,4,3,4,4,4,3,3,3,4,5,4,1,2,3,3,3,5,5,3,3,4,4,4,4,4,4,5,2,0,0,0,0,2,2,0,2,2,1,2,1,1,1,1,1,0,2,4,2,3,5,3,2,4,3,2,3,4,4,2,1,3,3,2,2,3,3,4,2,2,2,2,2,2,2,2,2,2,2,2,2,2,2,2,4,4,2,1,1,2,3,2,1,2,3,2,2,2,2,2,3,3,2,2,2,2,3,1,1,2,2,2,3,3,4,5,2,2,2,2,2,2,2,2,2,2,3,3,1,2,3,3,2,1,2,2,2,2,2,2,2,2,2,2,1,2,3,3,3,3,3,2,3,3,3,2,2,2,2,2,2,2,3,3,3,3,3,2,2,3,4,1,1,1,1,1,1,1,1,1,2,4,5,4,4,2,2,3,3,4,2,1,3,5,3,1,1,1,1,3,3,3,2,1,1,1,3,3,3,2,1,1,3,2,1,1,2,2,2,3,3,2,2,2,2,2,1,2,3,4,4,4,3,1,2,4,3,2,2,2,3,3,3,5,2,1,3,2,2,1,2,1,1,2,2,2,2,2,1,0,2,2,3,4,4,4,3,2,2,2,3,4,4,3,3,4,4,4,3,3,2,2,3,4,1,0,1,3,3,3,2,2,2,4,4,4,4,3,2,2,2,3,3,3,3,3,3,2,2,2,2,3,1,2,2,1,2,2,1,1,1,2,1,1,3,4,4,4,3,2,1,3,2,1,2,2,3,3,2,1,1,2,3,3,3,3,2,3,2,1,1,2,1,3,5,4,2,1,1,2,2,3,4,5,2,1,1,2,2,1,2,1,1,1,1,2,2,2,2,2,2,2,2,1,2,3,2,1,2,2,1,2,3,2,3,2,2,2,2,2,2,2,2,2,2,2,3,3,3,3,4,4,1,1,1,1,1,1,1,1,4,4,4,4,5,5,3,2,4,3,3,2,2,3,2,2,2,2,3,3,3,2,4,4,3,2,3,3,3,3,3,2,4,4,4,3,3,2,2,2,2,2,1,2,2,2,4,4,3,2,1,3,3,1,1,2,3,2,2,3,2,2,3,4,2,1,1,1,1,1,2,2,2,2,2,2,2,2,2,1,2,2,2,2,3,3,2,3,2,2,2,2,2,2,2,2,2,3,4,4,1,1,4,3,1,1,1,1,1,1,1,1,1,2,3,3,2,2,1,0,2,1,2,2,2,2,1,1,1,1,1,1,1,1,1,1,2,2,2,2,2,2,2,1,1,2,1,1,1,0,1,1,1,2,2,2,3,3,3,4,3,2,2,3,3,2,3,5,2,2,3,3,3,1,1,2,2,1,1,1,1,1,2,1,2,3,2,2,2,3,2,2,3,3,2,3,3,4,4,3,3,4,3,2,2,1,2,2,2,2
324,3,3,3,3,3,3,3,2,2,2,2,2,2,2,1,2,3,3,3,3,3,3,2,2,3,2,2,2,2,1,1,2,1,2,2,1,2,3,3,5,4,5,5,2,3,3,4,4,3,4,4,4,2,2,3,3,4,4,4,3,3,2,1,1,1,1,1,1,1,1,1,3,4,5,3,5,5,4,4,3,3,2,2,2,2,2,3,2,1,1,1,1,1,1,1,3,3,2,3,2,4,4,3,3,3,4,4,3,3,2,2,2,1,2,2,2,2,3,2,1,2,2,2,2,2,2,3,5,4,2,2,3,2,1,1,2,3,3,2,3,2,2,3,3,2,2,2,2,2,3,3,2,2,2,3,3,3,3,3,4,4,4,4,5,5,3,3,2,1,1,3,3,2,4,5,4,3,3,2,1,2,4,5,4,3,2,2,3,4,5,5,3,3,1,1,1,2,2,3,2,2,2,2,2,3,3,3,3,3,3,4,3,2,3,5,4,0,0,4,3,3,4,5,4,3,2,2,2,1,1,1,2,2,2,3,3,3,3,2,2,3,2,1,2,2,2,2,3,4,2,2,2,2,3,3,2,2,2,2,2,2,1,2,3,3,3,3,3,3,2,1,1,1,1,1,2,2,3,3,3,3,2,2,2,2,1,2,3,2,1,3,3,4,3,3,2,2,2,1,1,1,1,2,3,2,3,2,2,3,3,5,2,1,2,2,3,2,3,2,3,3,3,3,4,4,4,5,4,4,3,2,4,4,3,3,2,2,2,3,3,2,2,2,2,4,5,4,3,3,2,2,1,1,2,2,2,3,3,1,1,2,1,1,2,3,3,3,3,4,3,2,2,3,2,1,2,2,3,3,3,3,4,4,2,1,2,2,1,2,1,1,1,2,1,2,2,2,1,2,4,4,4,4,4,5,5,3,2,2,2,1,1,1,2,2,3,3,3,4,4,4,3,3,3,2,3,3,2,1,1,2,5,5,5,5,5,5,4,2,4,4,1,1,2,2,2,1,2,2,3,3,2,3,2,2,3,3,3,3,3,3,3,3,2,2,2,2,3,3,3,4,4,3,3,3,3,3,2,2,4,5,3,2,3,4,4,2,3,5,5,3,2,2,2,3,2,2,2,2,2,2,2,2,3,3,3,3,3,3,3,4,5,3,3,3,3,2,2,2,1,2,4,3,1,1,3,3,3,4,4,4,3,4,4,4,2,1,2,5,5,3,3,1,2,2,1,2,1,2,2,3,6,6,4,3,4,4,3,3,4,4,3,3,3,3,3,3,1,2,3,3,3,2,3,3,4,1,2,3,3,3,2,0,1,3,4,3,5,4,3,2,2,3,3,3,4,4,3,3,4,4,2,2,2,2,2,1,1,0,0,1,0,1,2,3,2,1,2,3,3,3,2,1,2,3,3,2,3,3,3,2,1,1,2,2,2,3,4,3,3,5,4,4,5,5,4,3,2,1,1,2,2,2,2,3,3,1,3,3,3,3,1,1,2,5,5,5,6,6,5,5,2,3,2,1,2,3,2,2,3,3,3,4,4,2,2,5,4,3,1,1,1,1,1,1,2,1,1,1,1,1,1,1,2,2,1,2,2,2,2,0,0,2,3,3,3,3,1,1,1,1,2,4,4,3,3,1,1,4,4,3,3,3,3,3,2,1,1,2,2,3,4,3,2,2,3,3,2,1,1,3,2,3,2,1,2,2,2,3,3,2,3,3,2,2,2,3,2,1,1,2,3,3,4,3,3,3,3,2,3,3,3,3,3,3,2,2,4,4,3,2,2,2,2,4,4,4,2,1,3,3,2,2,2,2,1,1,2,2,2,3,3,3,3,2,2,3,3,3,3,3,4,2,1,2,1,2,1,1,2,1,1,1,1,1,1,1,1,1,1,3,3,2,3,3,3,2,3,3,3,3,2,3,3,4,4,4,4,4,4,4,3,3,3,2,3,2,2,2,3,3,3,3,4,2,1,3,3,5,4,3,2,2,3,3,3,3,3,2,3,3,2,1,2,1,2,2,3,3,3,2,4,4,2,2,2,2,2,2,2,2,1,1,1,1,1,1,1,1,3,2,2,2,2,2,2,2,1,2,3,4,3,4,3,2,2,3,4,2,1,2,3,4,2,2,2,1,2,2,2,2,3,3,3,3,3,3,3,3,1,1,1,1,1,2,2,2,4,3,3,4,4,5,4,4,2,4,3,2,3,3,4,3,3,4,4,4,3,3,3,3,2,2,1,1,1,1,3,4,4,4,4,3,3,3,3,2,2,2,2,1,1,1,3,3,3,3,4,3,2,1,2,2,4,3
325,3,2,4,4,3,3,4,4,4,2,1,1,1,3,4,1,1,2,2,3,3,1,1,1,1,2,1,1,2,3,3,4,6,8,7,6,3,2,4,6,7,2,1,3,4,2,1,2,2,2,2,3,3,3,3,1,1,1,1,0,1,2,1,4,4,3,5,5,5,5,6,4,2,3,3,3,4,4,4,3,3,3,4,4,3,3,2,2,3,3,3,3,2,0,0,1,2,1,1,3,3,2,2,1,2,2,1,1,1,1,1,5,4,3,3,2,1,1,2,3,3,2,2,2,2,3,3,2,2,3,3,3,3,3,4,6,7,6,5,4,5,5,3,3,3,2,2,3,3,1,2,3,3,3,3,3,3,4,4,3,5,3,2,3,4,2,2,4,3,3,3,2,4,4,3,4,4,4,3,3,3,3,3,4,4,4,4,4,4,3,3,4,4,4,2,2,1,1,2,3,3,2,3,3,5,4,1,0,0,2,1,2,3,2,1,1,1,1,4,2,1,3,5,3,3,2,1,2,3,4,2,1,2,4,4,3,1,1,2,1,2,1,0,1,1,1,1,2,3,4,1,1,1,3,6,1,1,1,1,1,1,3,3,1,1,2,3,2,3,5,4,3,3,4,3,3,3,3,4,4,3,2,2,2,2,2,2,3,3,1,2,2,3,1,1,1,2,4,3,1,2,3,1,6,4,5,5,6,4,4,3,3,3,2,3,3,3,4,3,4,4,4,2,1,1,2,2,3,2,2,2,3,3,3,4,3,4,3,1,2,2,3,5,4,2,2,2,2,3,4,2,2,1,1,3,4,4,4,3,1,1,3,3,2,2,3,4,3,2,2,3,2,2,3,2,3,3,4,4,4,4,4,2,2,3,3,3,2,2,4,3,2,2,3,2,2,3,3,3,2,3,3,2,3,3,2,1,2,2,2,3,2,4,3,2,3,2,2,3,3,3,3,4,4,5,5,4,5,5,3,3,3,2,2,3,3,3,3,2,2,2,1,2,2,2,2,2,3,2,3,3,2,3,3,2,1,2,2,2,2,2,2,3,4,4,3,3,3,3,3,4,4,3,4,3,2,3,4,3,4,2,3,3,5,5,2,2,1,1,1,1,1,1,2,2,2,2,2,3,3,2,2,2,3,3,2,3,2,3,2,2,3,3,3,3,3,3,4,4,3,2,2,2,2,2,2,2,4,3,3,3,4,3,2,2,2,2,2,2,2,2,4,4,5,5,1,2,2,2,2,1,4,2,1,3,4,4,3,2,1,2,2,2,2,3,4,5,3,2,1,1,3,5,2,1,1,2,4,3,2,3,3,3,4,3,3,4,3,2,4,3,0,1,2,1,2,1,2,4,3,3,3,3,1,1,2,1,3,2,1,2,2,3,2,2,1,1,1,1,1,1,2,3,4,4,3,3,3,3,3,2,2,2,2,4,3,3,3,3,1,1,2,2,1,2,4,4,2,1,2,2,2,2,3,4,3,3,3,3,3,2,1,3,4,3,2,2,2,1,1,1,2,3,4,2,1,3,4,3,1,1,2,2,0,2,4,3,4,3,3,3,3,3,2,2,2,2,2,2,3,2,2,3,1,2,3,3,3,2,2,2,2,2,1,2,2,2,2,1,1,1,1,1,2,2,2,2,4,3,3,3,3,3,4,4,2,3,3,3,3,3,3,2,3,3,3,3,3,3,3,2,2,2,2,2,2,2,2,1,2,2,1,1,2,3,3,3,4,4,4,3,3,3,4,3,4,5,3,3,2,2,3,3,4,4,4,4,5,4,4,4,2,2,3,3,2,2,2,2,3,3,2,2,3,3,4,4,2,3,3,3,2,3,4,2,1,1,2,2,2,2,2,2,1,1,1,1,1,3,1,1,2,2,2,2,2,2,2,2,4,3,3,3,3,3,3,3,4,4,3,3,2,3,2,1,0,2,2,0,1,4,5,3,3,3,3,3,3,3,3,3,1,1,2,2,1,2,1,1,3,2,1,0,0,1,2,4,3,1,3,3,2,2,2,3,2,2,1,2,2,1,1,1,3,3,4,4,4,4,3,3,1,1,1,2,2,2,2,2,2,3,3,3,3,3,4,4,3,1,2,2,2,4,4,4,3,3,3,3,3,3,3,4,2,2,2,2,2,2,2,2,2,2,2,3,3,3,4,3,3,2,2,2,2,2,4,4,2,2,1,2,3,3,4,2,2,1,1,1,2,3,4,3,2,3,3,3,2,2,2,2,3,3,3,2,3,2,1,1,2,1,1,3,3,2,1,1,2,1,1,2,2,2,2,1,2,3,3,1,1,1,1,1,1,1
326,3,2,2,3,3,3,3,3,4,3,3,3,3,3,2,4,5,4,3,4,3,3,2,4,3,3,3,3,2,2,2,3,3,3,2,2,1,1,0,3,6,7,7,6,5,4,5,3,2,4,4,3,3,3,3,2,2,3,3,2,1,1,3,4,5,5,3,2,2,1,2,2,1,1,1,1,1,1,1,1,1,3,3,4,5,3,2,4,4,3,3,3,3,3,3,3,3,3,3,3,3,3,4,5,4,3,2,3,4,4,3,3,4,4,4,4,3,3,5,5,4,4,3,3,3,2,3,2,1,1,1,1,2,1,1,5,6,5,5,3,3,3,3,2,2,3,3,3,3,3,3,3,2,3,3,4,3,4,4,4,3,3,4,3,1,4,3,2,4,2,2,3,6,5,2,2,1,3,4,3,4,6,4,1,2,3,3,3,3,6,4,2,2,3,3,3,2,2,3,5,5,4,3,3,2,1,1,2,2,1,1,0,0,1,1,1,1,1,1,1,1,1,1,1,1,2,3,2,2,3,2,3,2,1,1,3,1,1,3,2,3,4,5,4,1,1,1,2,3,2,2,1,2,4,3,5,4,3,3,3,4,5,4,3,3,3,3,2,2,2,2,3,2,2,2,2,3,3,2,3,3,3,3,2,2,1,1,7,5,1,1,1,1,1,1,2,3,3,2,3,4,3,3,4,2,1,3,5,3,3,3,3,2,3,2,2,2,2,3,4,5,5,5,5,4,4,3,4,3,3,4,3,3,3,3,4,3,3,3,3,3,3,3,5,5,3,3,2,3,4,2,1,1,2,2,1,1,1,3,4,3,4,5,3,3,3,3,5,5,3,4,3,2,3,2,3,3,2,3,3,1,1,1,2,3,3,3,3,2,2,2,2,3,3,4,4,3,3,3,2,1,2,2,3,3,3,2,2,3,3,2,3,5,5,4,4,3,2,2,2,2,3,4,5,3,1,2,4,5,4,3,3,5,5,4,3,2,1,2,3,3,2,2,2,1,1,2,3,3,3,3,2,2,3,3,2,2,3,3,2,3,3,2,5,4,4,3,3,2,2,2,3,2,2,1,1,2,3,3,2,2,3,3,3,3,3,3,2,2,2,2,2,2,3,2,2,3,2,2,1,1,2,1,1,3,3,0,1,3,3,1,1,1,1,2,3,3,2,2,2,4,4,3,2,3,2,2,3,3,4,5,5,4,3,3,3,3,3,2,2,3,3,3,4,5,4,3,3,3,3,4,2,1,2,2,3,3,3,3,3,4,3,3,3,2,2,2,1,1,1,1,1,1,2,2,3,6,6,5,3,2,2,2,2,2,3,3,2,2,2,2,2,2,2,2,1,1,0,0,1,3,5,5,5,4,2,3,3,2,2,2,1,1,1,2,3,3,2,2,3,3,2,2,2,3,3,3,4,4,3,3,5,5,3,3,3,2,2,2,1,2,3,3,3,2,1,2,3,2,2,2,3,2,1,3,1,1,2,1,1,1,2,2,1,1,2,1,1,2,3,2,1,1,1,2,2,1,3,3,2,1,1,1,1,1,1,1,2,3,4,4,3,2,3,4,2,1,3,2,2,2,2,3,4,4,4,3,3,3,3,2,2,2,2,3,3,2,2,4,2,4,2,0,2,3,0,2,5,3,3,4,3,2,2,1,1,1,1,1,1,1,2,2,3,2,2,3,5,5,3,3,4,3,3,3,3,3,3,3,1,1,2,2,2,2,3,2,3,3,3,3,4,4,3,3,2,2,2,2,3,3,3,3,3,4,3,1,1,1,3,5,3,1,2,4,3,1,1,1,3,3,3,3,3,3,3,3,2,2,2,2,3,3,3,4,2,3,4,4,5,4,3,4,3,3,3,3,3,3,3,3,4,3,3,3,2,3,4,3,3,3,3,4,4,2,2,4,4,3,4,3,3,3,2,3,3,3,3,3,3,4,5,4,4,5,3,4,4,4,4,4,2,1,4,4,4,5,4,3,2,2,3,4,3,3,3,4,4,4,3,3,3,2,2,2,2,3,3,3,3,2,2,0,1,3,3,3,3,3,3,2,2,1,2,2,1,1,1,2,2,2,2,2,2,2,2,4,3,2,3,3,1,2,1,1,4,5,5,4,4,1,1,2,2,2,2,2,2,2,2,2,2,2,1,3,5,4,2,4,2,2,2,2,3,2,2,2,2,2,2,2,2,2,2,2,2,1,2,2,2,3,4,3,1,2,2,2,2,2,2,1,1,2,2,2,3,4,3,3,1,1,2,1,1,2,2,2,2,3,4,3,1,1,0,0,3,3,3,4,3,3,3,3,3,3
327,2,2,2,2,3,2,1,0,1,1,1,1,1,2,1,1,1,2,2,2,2,3,3,3,3,3,2,1,3,5,3,3,1,1,2,2,1,2,2,4,3,2,2,1,2,2,3,3,3,3,3,3,3,4,4,3,3,1,1,1,2,2,1,2,2,2,2,2,3,4,5,6,4,3,5,5,5,3,3,3,4,4,4,3,3,1,3,4,4,2,1,1,2,1,2,5,5,4,5,5,4,4,3,3,3,3,2,2,1,2,2,1,0,1,2,2,3,4,4,2,2,2,1,2,2,3,2,3,2,3,4,5,3,2,2,2,2,2,2,2,2,2,3,1,1,1,1,1,1,2,2,2,3,3,4,4,4,5,3,3,5,4,3,3,3,2,2,3,4,4,4,3,1,2,3,3,1,2,3,3,2,2,2,3,3,2,2,3,5,4,4,1,1,1,2,1,2,2,2,2,2,2,2,2,2,2,2,5,4,4,3,3,4,4,5,4,3,3,3,3,3,2,1,3,2,3,3,2,3,5,2,0,0,1,1,1,2,2,2,3,2,3,3,3,4,4,3,2,4,4,4,4,5,3,2,1,2,3,4,4,4,4,3,3,3,3,3,3,3,3,3,3,4,4,2,2,3,2,2,2,2,2,2,2,2,2,3,2,1,1,1,1,2,3,2,2,2,3,3,3,4,4,3,4,3,1,2,2,2,1,1,2,3,3,2,2,2,3,2,2,2,1,1,1,1,2,2,4,3,2,1,1,1,2,4,3,2,3,3,4,4,3,4,4,4,1,1,1,1,2,3,1,2,3,3,3,2,2,3,2,1,2,3,3,3,3,3,2,1,1,1,1,2,1,1,3,3,3,3,3,3,3,3,3,4,2,2,2,2,2,3,2,1,3,2,2,4,3,2,3,3,3,4,5,5,4,3,2,1,1,2,3,4,4,3,3,3,2,2,2,3,3,2,1,2,2,1,1,2,2,2,3,4,5,4,3,3,3,4,3,3,3,3,3,3,4,3,3,2,1,1,1,1,1,1,2,2,2,2,2,2,2,2,2,1,1,2,2,2,2,3,4,2,1,3,3,3,2,2,2,1,3,3,2,3,3,3,4,5,2,1,1,1,3,4,3,3,4,4,3,2,3,4,2,2,2,3,2,1,3,5,2,2,2,1,1,1,1,2,1,1,1,1,1,1,1,1,2,2,1,2,2,4,4,3,2,2,3,3,2,2,2,3,4,4,4,4,3,3,2,1,2,2,3,5,6,4,3,3,1,1,1,3,3,3,3,4,3,3,3,3,3,4,3,3,6,5,4,4,2,4,4,3,3,4,4,4,4,3,2,1,2,2,2,2,1,1,1,3,5,5,4,3,3,3,3,2,3,4,4,3,4,4,4,4,2,1,1,2,2,3,5,5,2,1,2,4,4,4,4,3,2,2,2,2,2,2,2,3,2,2,2,3,4,3,3,3,3,3,2,2,3,2,3,3,3,3,3,3,3,3,3,3,3,1,0,1,2,2,3,5,4,3,3,3,4,4,4,3,2,2,2,3,2,2,3,3,2,4,3,3,4,4,3,4,3,2,2,2,2,3,3,3,3,2,2,3,2,1,1,1,3,3,3,3,4,3,2,3,4,4,2,3,4,4,5,5,3,3,2,1,2,3,5,5,4,2,3,2,3,3,4,3,3,5,5,3,4,4,4,3,3,4,5,4,4,4,4,5,4,3,2,3,3,3,3,2,2,2,1,2,1,1,1,1,1,1,1,1,1,2,2,1,2,3,2,1,1,2,3,3,3,3,3,3,3,4,4,3,3,3,4,4,3,2,2,2,2,3,2,2,2,3,2,3,4,2,2,2,4,4,2,3,4,3,3,3,2,2,2,2,1,2,3,2,3,3,3,3,4,4,3,3,3,3,3,3,4,3,3,3,4,4,4,4,2,0,1,1,2,3,2,0,2,2,3,3,2,3,3,3,3,3,3,3,4,3,3,3,1,0,2,1,1,1,2,3,3,3,3,3,3,3,3,2,3,4,2,2,1,2,3,3,1,0,1,1,4,2,1,2,3,2,2,1,1,3,4,3,3,4,5,6,6,4,1,1,2,2,3,2,1,2,2,3,2,1,2,2,2,1,1,2,5,3,3,3,3,3,2,2,1,1,2,2,2,2,4,3,1,1,1,1,2,2,2,2,3,3,3,3,3,3,2,3,2,1,1,1,4,3,1,1,3,3,2,2,2,2,1,1,2,3,3,1,2,3,3,2,2,3,3,4,4,3,3,3,5,5,4,3,3,2,2,1,2,2,3,3,3,3,3,3,4,4
328,1,1,1,2,2,1,1,1,1,2,1,1,1,3,3,1,2,1,1,1,1,2,3,4,3,3,3,2,3,3,4,1,2,2,2,2,3,4,4,3,2,2,1,3,5,6,3,2,4,3,2,3,2,2,2,5,5,5,3,3,3,2,3,2,3,3,3,2,4,4,2,2,3,3,3,3,4,4,4,3,3,3,3,2,3,3,2,2,2,3,3,3,3,3,4,2,3,3,3,3,3,4,4,4,3,3,3,3,3,2,4,2,2,2,3,3,2,3,5,2,2,4,4,5,3,2,3,4,4,3,3,3,3,4,4,3,2,2,2,2,3,3,2,3,3,3,2,2,3,3,3,4,3,4,4,4,3,3,4,1,1,1,1,1,2,2,1,2,4,5,4,3,2,2,3,4,4,4,4,4,4,4,3,4,4,3,3,3,3,2,3,3,3,2,2,2,2,2,3,4,3,3,4,3,3,3,4,2,2,2,3,3,2,2,3,2,2,2,3,3,2,2,2,4,3,3,3,3,2,2,2,1,2,2,3,2,2,3,2,2,4,4,3,4,4,3,3,2,3,4,2,2,2,3,4,3,2,3,4,4,4,2,2,2,2,2,3,3,3,3,3,2,1,3,2,2,3,3,2,1,1,2,2,2,3,3,3,4,5,4,3,2,2,5,4,2,4,4,4,4,4,4,4,2,1,3,3,2,4,2,2,4,3,1,2,2,3,5,2,2,2,2,4,4,3,4,3,3,3,4,4,2,3,3,2,2,2,2,2,3,3,3,5,3,2,2,3,4,4,1,2,3,5,5,2,1,3,3,4,5,4,2,2,3,3,2,2,3,3,2,2,1,2,3,1,1,2,3,2,2,3,3,2,4,4,4,4,5,5,4,2,1,3,5,3,2,1,1,1,2,2,4,4,3,3,3,3,3,4,2,3,3,3,2,2,4,3,4,2,2,4,4,2,1,4,5,3,2,2,2,3,4,4,3,3,1,1,2,3,1,1,1,1,3,3,3,4,4,4,3,3,3,2,3,1,3,3,3,3,4,4,3,3,3,3,3,3,3,3,2,2,2,2,1,2,3,3,3,3,3,3,2,1,1,1,1,2,1,2,2,3,2,2,3,4,4,3,3,2,2,3,3,3,2,2,2,1,1,2,3,3,3,3,4,3,3,3,2,1,2,2,2,2,1,1,0,0,2,2,2,2,2,2,2,2,2,3,1,1,3,2,2,4,4,3,2,2,1,2,2,3,3,3,2,2,2,2,2,3,5,4,3,2,0,2,3,4,7,6,6,6,5,4,3,4,2,2,2,1,3,3,2,2,3,3,3,3,1,2,2,1,2,2,2,2,2,2,1,1,2,3,4,3,2,2,3,4,2,2,1,1,2,2,4,3,2,3,2,3,3,4,3,3,2,2,1,1,2,2,3,3,2,1,1,1,0,1,1,1,0,2,4,3,4,4,2,4,5,3,2,3,3,3,3,3,2,1,1,1,2,2,2,2,3,3,4,5,5,3,3,4,3,2,2,2,1,1,1,1,2,3,3,3,3,3,3,3,2,2,2,2,2,1,1,1,3,1,2,3,2,2,2,2,2,1,1,1,1,1,1,1,2,3,3,3,3,3,3,2,3,2,2,2,3,2,1,1,2,2,3,3,2,2,3,3,1,1,2,2,3,2,2,1,1,3,3,2,3,3,3,3,2,2,2,2,2,2,2,2,0,2,3,2,3,2,1,1,1,1,2,2,2,4,3,3,4,5,4,3,4,4,3,2,1,1,2,2,2,1,1,1,2,1,1,2,3,1,1,2,2,2,2,2,2,2,2,2,2,1,2,3,4,3,2,1,2,2,3,3,3,3,3,3,3,4,1,0,2,2,0,0,1,1,2,1,2,2,1,1,3,3,2,3,4,4,5,6,4,3,3,4,5,4,2,2,3,3,2,2,2,3,3,2,2,1,2,2,2,2,2,2,4,5,5,3,3,3,2,1,3,2,1,2,0,1,4,5,3,1,2,3,3,3,2,1,1,2,1,1,1,1,2,2,3,3,2,2,2,2,2,2,2,2,2,2,2,2,2,2,2,2,2,2,3,2,1,1,3,1,1,1,1,1,1,1,3,2,3,3,2,2,2,1,1,1,2,2,2,2,1,1,1,1,2,3,3,4,3,3,2,2,3,3,2,2,2,3,1,2,2,2,2,3,3,3,3,1,2,3,3,3,3,3,3,2,2,2,2,2,2,2,3,3,3,3,3,3,3,3,2,2,2,2,2,1,2,3,3,3,3,3,3,3,3,3,2,2,2,3,2,2,1,3,3,5
329,2,2,2,2,2,2,2,4,2,1,1,1,1,1,1,3,3,3,3,3,3,3,3,3,3,2,3,4,4,2,4,2,1,0,0,0,0,0,0,3,5,3,1,2,3,2,2,4,3,3,3,3,3,3,3,3,3,3,3,3,3,3,3,4,4,4,4,3,3,3,2,2,3,4,4,4,2,1,2,2,2,2,3,2,3,3,3,1,1,2,2,3,3,1,1,3,4,3,4,3,2,3,2,2,3,2,3,3,3,2,3,2,3,2,5,4,3,4,3,1,1,2,2,2,2,2,2,1,2,3,4,5,5,4,3,2,3,3,3,3,3,3,3,3,2,2,2,2,2,2,3,5,4,4,5,5,5,5,6,1,1,2,3,4,4,5,4,2,2,1,2,2,2,4,4,2,3,4,3,3,3,3,3,3,4,3,3,4,4,3,4,4,3,3,3,3,3,3,2,0,1,1,1,1,1,0,2,2,2,4,4,3,4,3,3,2,2,3,2,3,3,3,3,3,3,3,3,4,3,4,4,3,3,3,2,2,5,5,5,4,3,3,4,3,2,3,3,4,3,2,2,2,3,3,2,2,3,4,3,3,5,5,5,3,3,1,1,2,3,2,2,2,2,2,2,3,3,3,2,3,2,2,2,3,4,3,3,3,4,3,4,5,5,5,4,3,3,3,2,2,2,2,2,2,2,4,3,1,2,2,2,2,2,2,3,3,4,4,3,4,4,3,4,3,3,3,4,2,3,3,2,2,2,3,3,4,2,4,4,2,2,2,3,4,4,2,3,3,3,2,1,2,1,2,2,2,2,2,2,2,1,1,3,5,4,2,3,3,3,3,3,3,3,3,3,2,2,2,2,2,3,3,2,2,2,2,3,2,1,2,2,2,3,4,3,3,3,2,3,5,5,3,3,2,1,0,2,3,2,3,5,3,2,4,5,3,3,3,3,3,3,5,4,3,3,3,3,3,3,3,2,3,4,4,4,4,4,3,3,3,3,3,2,2,3,4,4,4,3,2,3,2,3,2,3,3,2,3,3,3,3,3,4,5,4,3,3,3,2,2,3,4,3,5,5,3,3,3,4,5,3,2,2,2,3,2,2,3,3,2,3,3,3,2,3,5,4,2,2,2,2,2,1,1,1,2,2,3,2,2,1,1,1,2,2,2,2,2,1,1,3,3,3,3,2,1,1,2,2,2,3,3,3,4,4,2,2,2,2,2,2,2,2,4,3,2,2,1,1,2,2,3,2,2,2,2,2,2,1,4,4,3,3,3,4,4,4,3,3,1,1,3,3,3,4,4,3,3,4,4,2,2,4,1,1,1,1,0,1,1,1,1,3,3,2,2,2,2,2,2,2,3,3,3,3,3,3,3,3,3,3,3,3,3,3,1,1,1,1,1,1,1,1,2,1,1,3,4,2,1,2,1,1,3,1,3,3,2,4,1,2,6,4,2,4,4,2,0,0,1,1,2,2,2,2,1,2,3,3,4,4,2,2,3,3,3,3,3,3,3,2,1,2,2,2,2,3,2,1,2,2,1,2,2,2,1,2,2,2,2,2,2,2,2,2,3,3,2,2,2,2,2,1,1,1,2,2,2,2,2,2,2,3,2,3,3,2,2,2,2,1,3,2,3,3,2,2,3,4,3,3,3,3,4,3,3,4,4,4,3,3,4,2,3,5,4,4,4,4,4,3,3,3,3,3,3,4,5,3,1,2,1,1,2,2,4,2,1,1,1,1,2,2,3,3,1,1,1,1,1,1,1,1,2,2,2,2,2,2,2,2,0,1,1,1,1,1,0,1,3,4,3,2,2,4,4,2,1,1,2,2,2,2,3,2,3,3,1,1,1,2,3,3,2,2,2,3,3,3,3,3,2,2,2,1,2,1,1,1,1,1,2,1,2,2,2,3,3,3,3,4,2,3,4,4,2,1,1,1,2,1,1,1,0,2,2,2,2,1,1,1,3,3,3,1,1,3,3,2,1,1,2,2,1,1,1,2,2,3,3,3,4,3,3,3,3,3,2,2,3,3,3,3,3,4,5,4,4,3,3,4,3,4,3,2,2,2,2,2,1,1,2,2,1,1,1,1,2,2,2,2,3,2,2,2,2,2,2,2,3,3,4,2,2,3,3,3,3,3,3,3,2,2,2,2,2,2,2,2,4,2,2,3,3,1,1,3,4,4,3,3,4,3,3,3,3,2,2,2,3,3,2,3,4,4,3,3,3,2,2,3,1,1,2,2,2,4,4,3,2,2,1,1,2,2,1,1,1,2,3,3,1,1,2,2,3,3,3,2,3,3,4,4,3,3
330,2,2,3,3,2,2,2,2,2,3,3,3,3,3,2,3,3,3,3,4,4,4,4,4,4,3,2,2,2,2,3,3,1,3,4,4,1,1,1,2,1,2,3,4,5,6,4,3,3,3,3,3,3,3,2,3,3,4,2,3,2,2,1,2,2,2,2,2,2,2,2,2,2,3,3,3,3,2,3,3,2,2,3,3,2,3,3,2,3,3,5,5,4,4,3,2,1,2,3,1,4,4,3,1,1,2,3,3,3,3,3,3,3,3,3,3,3,3,3,3,2,3,4,4,3,3,3,3,4,3,1,1,2,3,3,3,3,3,2,2,3,5,4,2,2,2,2,2,2,3,3,2,3,4,4,2,1,1,1,2,3,3,3,5,7,6,4,3,3,1,2,2,1,1,2,3,4,4,3,4,4,3,3,3,4,4,4,4,4,4,4,3,3,3,3,2,2,1,2,2,4,4,1,0,1,2,2,1,3,2,2,1,2,2,3,3,1,1,2,2,2,2,1,3,3,3,3,3,3,3,5,5,4,3,3,2,2,0,3,4,6,4,2,2,2,2,1,2,2,1,1,1,0,1,1,2,2,3,3,3,4,4,3,2,2,2,2,3,2,3,2,3,4,4,3,2,4,4,4,3,3,2,3,3,3,3,3,4,7,6,2,2,3,2,2,3,3,3,3,3,3,3,3,3,2,2,2,2,2,2,2,2,3,2,3,2,3,2,2,3,2,2,2,2,1,1,1,1,3,4,5,4,2,2,2,1,2,2,2,2,2,2,2,3,3,3,3,2,2,3,3,3,2,1,1,3,3,3,2,3,3,3,3,4,4,1,2,3,5,5,3,3,3,3,2,3,3,3,3,3,3,3,3,3,4,4,4,4,2,2,3,2,2,1,1,1,1,1,2,3,2,1,2,2,1,3,3,3,4,4,3,2,3,3,4,2,2,2,2,3,3,3,3,3,2,3,3,3,3,3,4,3,2,3,5,4,2,2,1,3,3,2,2,2,2,2,3,1,3,3,3,3,3,2,3,3,2,2,3,4,2,1,1,3,2,2,3,5,4,3,3,2,3,3,2,1,1,1,2,2,2,2,1,1,1,1,1,1,1,2,2,3,3,3,0,3,2,3,2,2,2,2,2,2,2,3,3,3,2,2,2,2,1,2,3,3,3,2,1,3,3,2,2,2,2,2,1,3,3,3,3,3,3,3,3,2,2,3,3,3,3,2,2,3,2,1,2,2,2,2,2,2,1,1,2,3,3,3,2,2,3,2,2,0,1,3,3,3,3,3,5,6,5,2,1,2,2,2,2,2,3,3,3,3,1,1,1,1,1,1,2,0,0,0,1,1,1,2,3,4,4,2,1,1,2,3,3,3,4,3,3,4,3,3,3,4,2,3,4,4,2,2,3,2,2,3,2,1,0,1,1,2,1,2,3,3,2,1,1,3,3,4,4,4,4,3,1,0,1,1,1,1,0,0,2,2,1,2,2,2,2,2,2,4,3,2,3,4,3,3,3,3,3,2,2,4,4,4,3,3,3,4,4,3,2,1,2,2,1,1,2,4,4,3,3,1,1,2,3,3,3,3,3,4,4,4,3,3,3,2,2,1,1,1,2,1,2,1,2,1,2,3,4,2,4,3,2,5,4,4,3,3,3,3,3,3,3,3,2,3,4,3,2,2,3,2,3,2,1,2,3,3,2,3,3,3,3,4,3,3,4,4,3,2,3,3,3,4,4,3,3,3,3,2,2,3,3,3,3,2,3,3,2,3,3,3,3,2,2,3,5,4,2,2,2,2,1,1,1,1,2,2,2,2,2,2,2,3,3,2,1,2,2,2,3,4,4,3,3,2,3,4,3,3,2,2,3,4,4,4,3,1,3,3,3,3,3,4,4,3,2,2,2,2,2,2,1,2,3,4,4,3,4,3,3,3,1,2,3,3,3,3,3,3,4,2,2,2,2,4,3,2,2,2,2,2,2,2,2,1,1,1,1,1,2,1,1,1,1,1,1,1,1,2,3,4,3,3,3,3,3,4,3,1,1,1,1,1,1,1,1,1,2,3,2,2,1,1,1,1,1,1,1,1,2,3,3,1,2,2,1,3,3,2,2,2,1,2,1,2,3,1,0,2,2,1,1,2,3,4,3,1,2,3,4,5,4,3,2,1,1,1,2,1,1,1,2,3,3,3,3,3,3,3,2,1,1,1,2,2,1,2,2,1,1,1,1,1,1,1,1,1,3,3,3,3,1,1,2,1,0,1,1,1,1,2,1,1,2,2,2,2,4,3,2,1,1,2,2,2,2,1,1,2,2
331,2,2,2,2,2,2,2,3,3,2,2,2,3,4,4,3,3,3,3,3,3,4,4,2,1,1,2,3,3,4,3,4,6,4,4,4,5,5,3,2,4,4,4,4,4,4,4,2,1,1,2,2,2,2,1,2,3,3,3,3,3,2,3,3,3,3,3,3,3,3,3,2,2,2,2,3,3,2,2,2,4,4,3,2,2,2,1,1,2,3,2,2,3,3,2,2,2,2,3,2,1,1,1,1,3,1,1,1,2,2,1,2,2,2,2,1,1,2,3,4,4,5,4,3,2,2,2,3,3,2,3,2,2,4,4,3,2,3,3,2,3,2,3,3,3,3,4,5,5,6,6,4,3,2,3,4,2,2,3,2,2,3,3,3,3,3,2,2,3,4,4,4,3,2,1,2,2,3,3,3,4,4,4,3,2,2,1,2,2,2,3,2,3,3,2,1,1,2,2,3,3,3,3,3,3,3,3,3,2,3,3,2,3,3,3,2,3,4,4,3,2,3,4,2,1,3,4,2,1,2,1,2,4,3,3,3,3,3,4,1,2,1,3,3,3,3,2,1,1,4,4,4,5,5,4,4,2,1,1,2,3,4,3,5,5,3,4,4,5,6,5,4,2,4,2,2,3,4,4,3,3,3,2,3,4,4,4,1,1,1,1,3,3,1,1,1,0,1,1,1,1,0,1,2,2,3,3,3,2,2,3,3,3,2,2,2,2,2,3,4,3,5,3,2,4,5,3,1,2,3,2,3,3,2,3,2,2,2,3,4,3,3,5,4,2,3,4,4,3,4,4,4,4,4,3,1,2,2,2,1,1,3,3,2,3,3,2,3,2,2,2,3,3,2,3,2,2,2,3,4,4,4,4,3,2,2,2,2,2,2,2,2,2,2,3,4,4,4,5,1,3,3,4,4,5,5,3,3,4,2,2,3,3,3,1,2,2,1,2,1,1,3,2,2,2,1,2,2,2,2,3,5,5,3,2,2,3,3,3,2,2,3,3,3,2,3,4,4,3,2,2,2,2,2,2,2,3,5,4,4,4,4,3,4,4,4,4,4,4,4,3,3,2,1,1,1,2,3,3,1,1,1,1,1,1,2,2,3,3,3,4,3,2,2,0,2,2,1,3,3,2,3,2,1,2,2,2,3,3,4,2,4,3,2,3,4,4,4,2,1,2,2,2,2,2,2,2,3,3,3,3,2,2,3,3,3,3,2,2,2,2,2,4,3,2,3,2,1,2,3,3,3,3,2,1,1,2,1,2,4,4,4,5,4,3,4,5,2,3,4,3,4,3,4,4,4,4,5,3,3,3,3,3,2,3,3,2,2,2,2,2,2,3,1,1,1,2,2,2,1,2,4,4,3,3,2,2,1,1,2,1,1,2,2,3,3,1,1,1,2,2,3,3,1,1,1,1,1,1,1,1,1,1,1,1,2,2,3,3,1,1,1,1,1,1,1,1,3,3,2,2,3,3,3,3,1,4,3,1,1,2,2,3,3,2,3,3,3,3,3,2,2,2,2,2,1,1,1,1,2,2,2,2,2,2,2,2,3,2,2,2,1,1,2,2,3,4,4,3,3,3,3,3,3,3,3,3,3,3,3,2,1,1,2,2,3,2,1,1,1,1,1,1,1,1,1,2,4,3,3,2,2,2,3,3,4,2,2,2,2,2,2,2,2,2,2,2,3,3,3,3,2,2,2,2,2,2,2,2,1,3,3,2,2,1,3,2,1,0,3,2,2,2,2,3,3,3,3,3,3,4,2,2,3,3,2,2,2,2,2,2,3,3,3,3,3,3,3,3,2,2,2,2,2,2,2,2,2,2,1,1,1,1,1,1,2,3,3,3,3,3,3,3,3,3,4,4,4,4,3,3,5,4,3,2,2,3,5,5,4,4,4,4,4,4,4,4,4,4,3,3,3,3,4,4,1,2,4,4,4,5,4,3,2,2,2,3,2,2,2,2,2,2,2,2,3,2,2,2,1,2,2,2,1,2,2,1,1,1,1,1,1,1,2,2,2,2,2,2,2,2,2,2,2,2,2,2,2,2,2,3,3,4,2,3,3,2,4,3,2,2,3,3,3,4,3,2,2,3,4,3,3,2,2,2,2,2,3,2,3,3,3,4,2,2,2,2,2,2,2,2,2,2,3,4,4,3,4,3,0,2,3,3,2,2,3,4,1,2,2,2,3,3,5,4,1,2,2,2,2,2,2,1,2,2,2,2,2,2,2,3,1,1,2,3,3,2,1,1,1,1,1,1,1,1,1,2,1,1,2,2,1,2,2,3,3,1,1,2,3,1,1,1,3,2
332,3,3,3,3,3,3,3,4,4,2,1,3,5,3,0,4,4,4,4,4,4,4,4,2,2,2,2,2,2,2,1,2,2,1,1,2,2,1,1,3,3,2,2,3,3,1,1,2,2,2,2,2,2,2,3,2,1,2,3,5,6,5,5,2,2,3,2,2,2,2,2,2,2,2,2,1,2,3,3,2,2,3,1,2,3,3,2,2,3,2,2,3,4,3,3,2,2,2,2,2,2,1,1,1,1,1,1,1,3,3,2,3,2,2,2,2,2,2,2,2,1,1,2,1,3,3,3,3,4,4,4,4,3,3,3,3,2,3,3,3,3,1,2,2,1,0,1,4,4,3,3,1,0,1,2,3,3,2,3,1,2,3,1,2,2,2,2,1,1,3,4,4,3,4,3,1,2,2,2,1,2,2,2,2,3,3,2,3,2,1,1,2,3,3,3,3,3,3,4,2,2,3,3,5,4,3,4,5,4,3,3,3,5,6,6,6,5,4,3,3,3,3,3,3,3,4,4,3,3,3,3,1,2,3,3,2,2,2,3,1,2,3,3,3,2,2,2,1,1,2,2,3,3,3,3,5,4,2,2,3,3,5,2,1,1,0,1,3,3,5,4,3,3,4,5,5,4,5,4,3,3,3,3,3,2,4,4,2,1,3,4,4,3,4,4,3,3,3,3,3,3,3,3,4,5,3,2,3,2,3,2,4,4,4,4,2,2,2,2,2,2,2,2,2,2,3,2,3,4,4,3,3,3,2,3,4,3,3,3,1,0,2,3,4,5,4,4,4,3,3,4,3,4,3,3,3,4,5,5,3,1,2,2,2,2,3,3,1,2,4,4,4,3,1,1,1,1,3,3,5,5,3,4,3,1,2,2,3,3,2,2,3,4,4,2,1,2,5,5,3,2,2,3,4,4,4,4,3,3,3,2,2,3,3,3,3,3,3,3,1,2,3,2,4,5,3,3,4,4,4,2,1,1,2,3,3,2,1,1,3,3,2,1,1,3,4,3,3,3,3,2,1,3,3,2,2,2,2,1,1,2,3,1,1,1,2,2,1,3,3,3,3,3,3,3,2,2,3,3,2,3,3,2,3,4,4,5,4,2,2,4,4,4,4,2,4,3,1,0,1,1,1,2,4,4,1,1,2,2,2,2,2,1,1,1,1,1,0,0,2,3,5,5,4,2,3,3,3,4,4,3,4,4,3,2,3,2,2,2,1,2,2,3,4,3,2,3,2,1,1,2,2,3,3,2,3,3,2,2,0,1,0,0,1,1,1,2,3,1,1,3,3,3,3,1,1,3,3,3,4,5,4,3,3,4,4,3,4,4,2,3,1,1,1,1,2,3,2,2,2,2,3,3,3,2,2,2,3,3,4,4,3,3,4,4,3,4,2,1,2,4,3,3,2,2,1,2,4,4,2,1,2,1,1,2,2,2,2,2,3,2,3,3,3,3,2,3,4,4,4,4,3,2,3,2,2,2,3,3,2,1,1,2,2,2,2,3,3,3,3,3,3,3,3,3,3,3,3,2,2,2,2,2,3,3,2,3,3,4,3,3,2,2,1,1,3,3,3,3,4,4,4,4,3,2,3,3,2,2,2,0,3,4,3,3,2,3,3,2,3,2,1,1,1,2,2,1,2,3,3,2,3,3,2,3,2,1,1,1,1,1,1,0,1,2,2,2,2,2,2,3,5,4,3,3,3,4,3,2,3,3,2,1,2,3,4,3,2,4,4,4,3,3,2,3,3,2,1,2,2,1,2,2,3,2,2,2,3,3,4,6,3,4,3,1,1,1,2,4,4,3,2,2,3,3,3,2,3,3,3,3,3,3,3,3,3,3,2,2,4,4,3,2,1,3,3,3,3,3,2,1,1,1,1,1,1,1,1,2,3,2,1,1,2,3,3,1,2,3,3,2,2,2,3,2,3,3,2,2,3,3,3,3,1,1,2,2,1,2,2,3,3,3,2,2,2,2,2,2,3,3,3,3,3,2,2,2,2,2,2,2,2,2,2,2,2,1,2,2,2,2,2,1,1,1,1,2,2,1,1,1,4,4,3,4,4,3,5,5,4,4,3,4,2,2,2,2,1,1,2,3,3,3,2,2,2,2,3,3,3,2,2,2,3,2,2,2,3,3,2,3,1,1,1,2,2,3,3,3,1,1,1,1,1,1,1,2,4,4,4,3,3,3,3,3,3,3,4,3,3,3,5,4,2,2,2,2,2,2,2,2,2,5,4,2,3,3,3,3,2,2,2,1,1,2,2,2,2,2,1,2,2,2,2,4,4,2,3,4,3,3,3,3,3,3
333,2,4,4,3,2,2,5,5,3,3,3,3,2,2,4,2,0,2,4,5,7,6,4,4,4,3,3,2,3,4,4,2,1,2,2,2,2,3,4,3,5,6,5,3,3,4,4,4,2,2,2,2,2,2,1,2,5,4,3,3,2,2,2,4,4,3,3,3,2,2,2,3,1,2,2,4,5,4,3,3,3,2,2,2,1,1,2,2,2,4,3,1,2,1,1,3,4,3,2,3,4,4,3,2,3,3,3,3,4,4,4,4,4,3,4,4,3,4,4,3,4,3,2,2,2,2,4,4,2,1,2,3,3,3,2,1,1,2,3,3,1,1,0,1,1,2,2,3,2,3,3,3,2,2,2,4,4,2,3,4,4,3,3,2,2,5,5,3,2,2,3,4,7,6,4,3,3,4,4,3,4,3,3,4,4,2,2,2,2,1,0,1,2,1,2,3,4,3,3,2,1,2,2,2,3,2,2,3,3,4,4,5,6,6,4,3,3,3,2,3,3,3,3,2,2,2,3,3,2,2,2,2,2,2,2,2,2,2,2,3,2,4,2,2,3,0,2,4,3,3,2,0,1,2,1,2,1,2,2,3,3,4,4,4,4,4,3,4,4,3,4,3,3,2,2,3,2,3,4,4,2,3,3,2,2,2,1,2,3,3,3,4,4,4,4,3,3,2,1,2,2,2,2,3,3,3,2,3,3,3,3,2,3,5,5,5,4,3,3,3,2,3,3,3,3,4,4,6,5,4,3,3,3,2,1,4,2,2,3,3,3,4,4,0,1,2,0,2,3,2,3,2,2,2,3,4,3,3,3,2,1,1,1,1,1,1,1,5,6,3,2,2,2,2,2,2,1,1,1,2,1,2,2,2,2,2,1,1,3,4,3,2,2,2,2,3,4,4,3,3,3,3,4,3,3,4,4,3,3,2,2,3,3,3,3,2,1,1,2,1,2,4,3,2,2,2,3,2,2,3,3,3,3,3,3,3,3,3,3,0,1,1,1,2,2,3,4,4,3,2,2,2,2,2,4,5,3,3,4,4,4,2,3,3,3,3,4,4,4,3,3,4,3,2,1,2,2,2,4,3,2,3,2,2,2,3,2,2,2,2,2,3,3,3,4,3,3,4,3,2,2,4,4,4,2,4,3,2,1,1,3,2,3,3,3,3,3,3,3,3,3,2,3,2,2,2,3,2,2,2,2,2,2,2,2,2,2,2,2,2,2,2,2,3,2,1,1,1,1,3,4,3,3,3,3,2,2,2,2,1,2,2,2,2,2,4,3,1,1,3,3,2,4,3,3,3,6,4,4,4,4,4,4,5,3,3,3,4,2,2,3,2,3,3,2,3,4,4,3,2,2,4,5,5,3,3,3,3,2,1,3,4,3,2,3,4,3,4,4,4,5,4,3,2,2,2,2,2,2,2,2,3,3,3,2,3,3,4,5,4,4,2,1,1,2,3,4,3,3,3,3,3,3,3,2,4,3,3,3,3,3,3,4,4,3,1,3,4,5,4,2,2,2,2,4,5,5,4,3,3,3,3,2,3,3,1,2,1,1,2,3,3,2,2,4,1,1,1,2,1,2,2,2,2,2,1,1,2,2,2,3,2,2,2,2,2,2,3,2,2,2,3,3,3,3,3,2,3,3,3,3,3,3,3,3,2,2,3,4,4,4,3,3,2,2,4,5,3,2,2,3,2,1,2,2,2,1,2,3,3,3,4,3,3,3,2,2,2,2,2,2,3,3,4,3,3,4,2,2,3,3,2,2,2,2,3,4,4,3,1,2,1,1,2,2,2,2,2,1,2,2,2,2,2,2,2,2,2,2,2,2,2,2,2,2,1,1,2,2,2,3,2,2,3,3,4,3,4,5,4,5,2,1,1,1,1,2,2,2,2,2,2,2,2,1,1,1,1,1,1,1,1,1,1,1,2,3,2,1,1,0,1,3,2,1,0,1,2,1,1,1,2,3,3,3,1,2,4,3,0,1,1,1,2,2,2,2,1,1,2,2,1,1,1,1,3,3,3,3,3,5,4,2,1,3,4,3,3,2,3,3,1,1,1,1,1,1,1,1,3,4,2,1,2,2,2,0,3,4,2,2,3,3,3,3,3,2,2,4,4,4,4,2,1,2,1,2,2,1,2,2,2,3,4,4,3,3,3,3,3,3,3,4,5,4,3,2,2,2,3,3,3,3,5,5,2,1,2,2,1,1,2,1,3,4,2,1,1,1,1,1,1,2,2,2,2,1,2,3,2,2,3,3,2,2,2,1,4,4,3,2,2,3,3,3,2,2,2,2,3,4,4,4,2,1
334,2,2,2,2,3,2,3,2,2,1,1,2,2,4,4,3,3,3,3,3,3,3,3,2,2,2,2,3,3,3,3,3,4,3,3,3,4,3,3,2,3,5,6,4,2,2,3,2,2,2,2,2,2,2,2,4,3,0,2,3,3,5,5,3,3,3,3,3,1,1,2,2,2,3,4,4,3,5,4,3,4,2,1,1,1,2,3,2,1,1,1,3,3,3,2,1,2,1,2,3,2,2,2,2,2,3,2,1,1,2,2,3,4,3,3,2,4,4,3,3,2,2,2,3,3,4,4,1,1,1,1,1,1,1,1,3,3,2,2,3,4,5,4,3,3,2,2,3,4,5,6,2,2,2,2,2,2,2,2,2,1,1,1,2,2,2,2,1,1,2,3,3,2,1,1,2,2,2,2,2,2,1,1,1,2,2,1,0,1,2,1,3,3,3,3,2,3,5,7,4,3,2,2,2,2,3,3,4,3,3,3,3,3,3,3,2,3,2,2,2,1,3,3,4,4,3,3,3,3,2,3,5,4,3,3,3,3,3,2,1,2,1,2,2,2,2,2,2,2,3,3,3,4,4,4,4,4,3,3,3,3,2,2,4,3,3,2,2,3,3,4,2,2,2,1,1,1,2,2,2,3,2,2,2,2,3,2,3,3,3,3,3,3,3,3,4,3,3,1,1,3,4,4,2,2,1,1,1,1,1,1,4,4,4,4,4,4,4,4,3,4,4,4,2,3,3,3,4,5,5,4,3,3,1,2,2,2,3,3,3,3,3,2,1,3,4,3,4,4,3,3,2,2,2,1,2,2,2,2,2,3,4,4,4,3,2,3,3,3,3,3,4,4,4,4,4,4,4,3,3,3,3,3,1,1,1,1,1,1,2,4,3,1,1,1,2,4,4,2,3,3,4,4,4,3,3,3,2,2,2,2,2,2,2,2,2,2,1,3,3,2,2,1,1,1,1,1,1,1,1,2,3,3,3,3,3,3,2,2,2,2,2,3,3,3,4,4,1,2,4,4,4,5,5,5,5,5,4,3,3,4,5,4,6,6,6,6,5,3,3,3,1,0,1,0,2,3,3,4,4,3,3,2,1,1,3,3,1,1,2,1,1,1,1,1,2,1,2,2,1,2,3,3,1,0,1,1,2,4,4,5,3,5,3,4,3,2,3,3,1,0,1,1,1,1,1,1,3,3,3,4,3,3,4,3,2,2,2,2,2,2,2,2,1,1,1,1,1,3,4,4,3,1,1,1,1,1,1,1,3,4,4,4,4,4,4,3,2,2,4,5,5,5,3,2,1,2,2,3,3,2,3,2,2,3,4,4,2,1,2,3,4,3,3,3,3,3,3,3,3,3,3,4,5,4,2,2,1,1,2,2,3,4,4,4,4,2,2,2,2,2,2,2,3,4,2,2,3,2,1,1,2,2,2,3,3,2,2,2,3,2,3,5,6,6,5,4,4,2,1,0,1,0,1,1,3,1,1,2,1,1,3,2,4,4,2,1,0,2,3,4,3,3,2,1,1,1,1,2,2,1,1,1,1,2,1,1,3,3,2,1,1,1,3,3,3,2,1,2,3,3,2,2,2,2,1,1,1,2,2,1,0,0,1,1,3,3,3,3,4,3,3,3,3,3,3,3,3,3,3,3,3,3,3,3,2,1,2,2,2,2,2,2,2,2,1,1,0,0,0,0,3,2,2,2,2,3,2,2,3,3,3,3,3,2,2,2,1,1,2,2,2,3,3,3,3,3,3,3,3,3,3,2,1,1,1,2,2,3,2,1,4,4,3,3,2,2,2,1,1,1,2,2,2,3,3,2,3,3,3,3,3,3,3,4,4,5,4,4,3,3,2,1,1,1,1,1,2,2,2,3,2,2,2,3,3,3,4,3,2,2,3,3,3,2,2,3,0,1,1,2,2,1,2,3,4,3,3,3,3,3,3,2,3,3,2,2,3,4,4,3,2,3,2,2,2,2,3,3,2,2,2,2,2,2,2,1,2,3,2,2,2,2,1,1,2,2,2,2,2,2,2,2,3,3,3,3,3,3,3,3,1,1,1,2,2,2,2,2,4,4,3,3,3,2,3,3,2,2,3,2,3,3,3,2,0,2,3,3,3,2,2,1,1,2,2,2,3,3,3,3,1,2,2,2,2,2,2,3,1,1,2,1,1,2,1,1,1,1,1,1,1,2,2,2,2,2,2,2,3,4,5,4,2,2,2,2,3,2,2,2,2,2,2,1,1,2,2,2,3,3,4,4,4,4,3,3,2,2,2,2,2,2,2,2,3,3,4,3,1,2,2,3,1,1
335,2,3,3,3,2,3,3,1,2,2,2,2,3,3,3,4,4,5,5,3,4,4,3,3,2,2,1,1,1,1,3,1,1,1,2,1,1,2,2,4,5,6,4,1,1,3,2,0,2,1,2,2,4,4,5,3,2,1,0,2,0,2,1,2,1,1,2,1,1,0,0,2,2,2,2,2,2,2,3,3,3,2,2,1,1,1,2,1,1,1,2,3,3,3,2,2,4,5,5,4,4,2,2,4,3,2,1,2,1,2,3,1,3,2,2,3,2,1,0,1,1,5,3,3,3,5,5,3,3,2,3,1,1,2,3,4,3,3,3,3,3,2,1,1,1,1,1,2,2,2,1,2,3,4,4,2,2,4,4,3,2,2,2,4,2,1,3,2,2,3,2,1,1,2,2,2,2,2,2,3,2,3,4,3,4,3,3,3,2,3,2,4,3,2,3,2,3,2,1,4,4,4,3,3,3,4,5,3,2,2,2,3,3,3,3,4,3,3,3,2,2,3,3,5,3,2,2,2,2,3,5,5,3,3,4,4,3,4,4,3,2,3,1,2,3,4,3,1,1,2,2,2,3,4,5,3,3,3,2,3,3,3,4,3,3,3,3,1,2,3,3,1,1,1,1,1,1,1,1,2,2,3,3,1,1,1,1,3,1,3,4,4,4,2,1,2,2,2,2,2,1,2,2,3,2,2,2,2,4,4,4,2,2,2,2,2,2,2,2,4,4,4,3,3,3,3,5,6,4,4,2,2,2,2,3,1,1,2,1,2,3,2,2,2,1,1,1,1,1,2,2,2,2,2,2,3,2,2,1,2,3,1,1,1,1,5,3,2,4,4,4,4,4,3,3,2,2,2,2,2,2,2,2,1,1,1,1,1,1,1,1,1,1,3,3,3,3,4,3,1,2,3,4,4,3,3,4,3,3,3,3,3,3,1,1,1,1,1,1,1,1,1,1,2,2,2,0,1,2,2,3,0,2,2,2,3,2,0,1,0,1,2,2,3,4,3,3,4,3,2,2,0,1,0,1,3,1,0,2,2,2,3,2,2,2,2,2,1,2,2,1,5,4,4,4,4,3,2,2,5,5,3,2,2,3,4,3,1,1,1,3,3,3,4,3,2,1,3,3,3,3,4,4,3,2,2,3,3,2,2,2,1,0,1,1,1,2,2,1,2,2,1,1,1,1,1,3,2,2,2,2,2,2,2,2,2,1,2,3,2,2,2,1,3,3,2,2,1,3,4,3,3,3,3,3,3,3,3,3,2,2,2,2,2,2,1,1,1,1,3,3,4,4,3,3,0,2,5,2,2,2,4,5,5,6,5,5,4,4,4,5,4,2,1,2,2,2,2,2,3,3,3,3,3,3,3,3,2,4,5,4,3,2,2,2,1,2,2,2,3,3,3,2,3,3,3,3,3,2,2,2,3,3,2,3,5,4,2,1,1,2,4,5,4,3,2,3,3,3,3,3,3,3,3,3,2,2,2,2,2,2,2,1,4,3,3,5,4,6,6,4,3,2,1,1,2,3,3,2,1,1,1,1,3,2,3,2,2,3,5,5,3,4,5,5,3,3,3,2,3,3,2,3,2,2,2,2,2,2,2,2,1,1,2,2,2,2,2,2,1,1,2,3,3,3,2,2,0,0,1,2,2,3,4,2,1,2,3,4,4,3,1,3,3,3,3,3,3,3,3,4,4,4,4,4,3,3,3,4,2,2,2,3,4,5,7,4,1,1,2,3,3,3,3,2,1,1,2,2,2,1,1,2,3,3,3,3,3,3,3,4,1,1,1,1,1,1,1,1,2,1,2,3,4,4,2,2,2,2,2,2,2,2,2,3,3,3,4,3,3,3,3,3,2,3,3,2,3,2,3,2,2,1,2,2,3,3,2,2,5,5,4,4,3,3,2,2,3,2,2,2,2,2,2,3,1,1,1,1,1,1,1,1,1,1,1,1,2,2,1,2,2,1,1,1,1,1,1,1,2,1,1,1,1,1,2,2,2,2,1,1,1,1,3,4,3,1,2,3,4,4,4,4,3,4,4,3,3,5,3,1,2,1,2,4,3,3,3,1,2,3,2,2,3,3,3,3,2,2,2,2,2,2,0,2,3,2,2,2,2,3,1,2,2,3,3,3,3,3,2,3,3,2,1,2,1,1,2,1,3,3,3,3,3,3,3,3,2,2,3,3,2,1,2,2,1,0,1,1,1,1,2,2,2,2,2,2,2,2,2,2,1,1,3,3,2,3,3,3,3,3,2,3,3,3,3,4,4,3,3,3,3,5,5,3,4,4,4,3,3,3,3,2,1,1
336,2,5,6,4,4,5,4,4,4,2,1,2,2,1,2,6,5,3,2,2,4,5,6,3,4,3,2,1,1,3,2,1,2,3,3,2,3,2,1,1,2,5,8,5,2,3,2,4,3,3,2,1,1,1,2,3,2,3,3,1,1,2,1,1,2,2,2,2,2,2,2,2,2,1,2,2,3,2,1,4,4,3,3,2,1,2,2,3,2,2,2,2,2,2,2,3,6,6,4,4,3,3,5,4,3,2,2,2,4,3,1,3,3,4,3,3,3,3,3,3,3,3,3,3,3,3,3,4,4,3,3,4,3,3,2,0,2,2,4,4,5,3,2,1,1,3,3,3,1,2,3,3,3,3,4,4,3,3,3,2,3,3,3,4,3,3,2,1,1,1,2,3,3,2,1,1,4,3,3,3,2,3,2,0,2,2,3,4,4,5,5,3,3,3,3,2,1,2,3,4,2,2,3,4,3,3,6,2,1,3,3,2,1,3,1,2,2,2,2,2,2,2,4,5,4,4,4,4,3,3,3,3,4,4,3,3,5,5,3,2,3,3,2,2,2,3,0,2,3,2,2,2,2,1,2,2,2,2,2,2,2,2,2,2,2,1,1,0,1,1,1,2,1,2,2,3,2,3,3,3,3,2,2,2,2,1,1,2,1,2,4,4,4,2,1,1,1,2,3,3,3,3,3,3,3,3,1,2,3,2,2,3,3,3,3,4,4,4,3,2,1,1,1,1,1,3,3,3,2,1,2,2,4,3,1,3,3,3,3,2,2,2,2,1,1,2,1,0,0,1,3,1,1,1,1,1,1,2,2,2,2,3,2,2,3,3,5,4,3,2,3,2,2,3,4,3,3,3,3,3,4,3,2,1,1,1,3,2,2,3,4,2,2,2,2,2,2,3,2,2,1,1,2,3,3,3,1,2,2,2,2,3,3,2,3,3,3,3,3,2,3,3,3,2,3,3,3,3,3,3,3,1,3,3,3,3,3,2,2,1,1,1,1,2,1,2,2,2,1,1,2,2,2,1,2,3,3,3,3,3,3,3,3,3,2,2,1,2,3,4,4,4,3,3,3,3,4,4,3,3,3,3,3,3,3,3,2,2,3,2,2,3,3,3,3,2,1,1,1,1,1,2,2,3,3,2,3,2,3,3,3,1,1,1,1,1,1,1,1,2,1,1,2,1,1,1,2,3,3,3,3,3,3,3,3,4,4,3,3,3,2,2,2,2,2,2,2,2,2,1,1,3,3,3,3,3,3,4,4,2,2,3,3,2,2,2,2,3,3,3,3,3,4,4,3,0,4,5,2,2,3,3,2,3,3,5,4,3,4,4,4,2,1,2,4,2,2,2,3,2,3,3,2,2,2,3,3,3,4,3,3,2,2,3,1,1,2,1,1,2,3,2,2,2,2,2,2,3,2,1,3,1,1,1,1,2,2,1,1,4,4,3,3,3,3,3,3,3,3,3,3,3,3,3,2,2,2,2,3,3,4,3,2,4,4,5,5,5,5,6,6,2,2,1,1,3,4,4,4,3,3,3,3,3,3,3,1,1,0,1,1,2,2,3,4,1,2,3,3,2,2,2,3,1,1,2,1,0,1,1,0,1,2,2,1,1,1,1,1,1,1,1,2,2,3,3,3,4,4,3,3,3,4,4,4,2,2,3,3,3,3,3,3,3,3,3,3,3,3,3,3,2,1,3,2,2,3,3,2,1,0,1,1,3,2,4,4,2,1,2,2,2,2,2,1,1,1,1,1,1,1,1,1,2,1,2,2,2,3,3,3,3,3,3,3,4,4,4,4,5,5,4,4,3,2,2,2,1,2,2,3,2,3,2,3,2,2,2,3,4,3,4,4,4,4,1,3,3,2,1,2,4,3,4,4,4,3,4,4,1,1,3,3,2,2,3,4,2,2,2,2,2,2,2,3,2,1,2,2,4,4,3,2,2,3,2,2,2,2,1,1,3,1,2,3,3,1,1,2,3,2,2,2,2,3,3,3,3,2,2,2,2,2,2,2,1,1,1,1,1,2,3,3,3,3,3,3,3,3,3,3,2,2,2,2,2,2,2,2,2,3,2,2,3,4,3,4,1,3,3,2,3,2,2,0,1,3,3,4,4,3,3,3,5,4,3,1,1,0,0,1,2,1,1,1,2,2,1,1,2,2,2,2,3,3,3,4,4,3,1,1,1,1,3,4,2,1,1,2,0,1,2,2,3,3,3,3,3,3,4,4,4,3,3,3,3,2,2,2,2,3,3,3,3,2,2,3,0,0,1,1,1,1,1,2,2,1,2,2,3,3,3,5,1,0
337,4,3,3,3,3,3,2,3,3,3,3,2,2,3,5,2,2,2,2,2,2,2,2,2,2,2,2,3,3,3,2,1,3,3,3,3,3,2,2,4,7,6,5,5,5,4,5,5,4,2,1,1,1,1,1,3,1,1,3,3,4,4,2,2,1,1,2,2,1,1,2,4,4,2,3,3,3,3,1,4,4,3,1,1,3,4,5,3,1,1,1,0,0,0,1,3,2,2,1,1,2,2,3,2,2,2,2,3,3,3,3,0,3,3,3,3,2,2,1,1,1,1,1,2,1,0,1,1,2,3,1,1,2,2,2,3,3,3,2,3,5,2,1,2,3,3,3,3,3,3,3,3,1,1,1,2,3,3,3,2,3,3,3,3,3,2,2,3,4,3,2,2,3,3,2,2,3,3,3,2,1,3,5,5,5,3,1,3,4,3,2,6,5,3,2,2,4,6,6,2,2,2,2,2,2,3,3,3,2,2,2,2,2,1,1,1,1,1,2,2,2,3,4,3,2,4,2,3,3,2,2,2,2,3,3,3,3,3,3,1,0,2,3,3,2,2,1,3,3,3,3,3,3,2,2,0,1,2,3,2,4,3,1,2,2,3,3,3,3,4,2,3,3,2,1,3,4,3,3,3,2,1,1,1,1,1,1,2,2,2,2,2,2,2,2,3,3,3,3,3,3,3,3,2,3,2,2,1,2,2,2,3,2,1,0,1,1,1,1,4,4,2,3,3,2,3,3,4,4,4,3,2,4,4,3,1,1,2,2,2,2,2,1,3,4,4,3,3,3,3,2,2,3,2,0,1,4,5,5,1,0,1,1,2,1,0,1,1,1,1,1,2,1,1,1,2,1,2,3,4,3,2,3,5,4,3,2,2,2,2,2,3,3,4,4,4,4,5,5,4,4,3,3,3,3,2,2,5,3,3,3,4,5,4,2,2,1,1,2,3,3,3,1,2,3,3,3,2,4,4,3,0,1,2,3,4,4,3,2,4,4,3,3,3,4,2,2,3,3,3,2,1,1,2,3,3,2,2,2,3,3,2,3,2,2,2,2,1,2,3,3,2,2,2,2,2,2,2,2,3,3,3,3,3,3,4,4,3,4,2,2,3,3,3,3,1,1,2,1,0,2,2,1,2,2,2,2,2,3,3,4,2,2,2,2,2,2,0,0,2,2,2,2,3,2,2,3,2,3,2,3,3,3,2,1,2,3,3,3,3,2,5,4,1,3,3,2,1,1,1,1,1,2,2,2,2,2,2,1,1,1,3,3,1,1,1,1,1,1,1,3,4,4,3,4,3,3,3,3,4,5,3,1,3,4,4,5,3,2,3,2,4,4,4,4,3,3,4,4,2,2,3,2,2,2,3,4,1,1,3,4,3,2,2,4,3,2,2,2,2,2,2,2,2,1,1,3,3,5,4,3,2,1,1,2,2,2,4,2,3,1,2,2,2,2,2,2,1,1,2,3,4,3,3,2,2,3,4,4,4,4,2,2,2,4,5,3,3,3,4,4,2,2,2,3,2,2,3,3,3,2,3,3,3,3,3,5,3,2,2,1,1,1,2,1,1,1,1,1,2,2,2,3,1,1,1,1,1,1,1,0,2,3,3,2,2,2,2,3,3,3,3,3,4,4,3,2,1,1,1,2,2,2,1,2,1,1,1,1,1,1,1,1,1,1,1,1,1,1,3,3,4,4,2,2,2,2,4,3,2,2,2,2,2,2,2,2,1,1,2,2,2,1,1,1,1,1,1,1,2,2,3,2,3,2,2,2,2,2,2,2,1,1,0,1,2,2,1,1,3,2,2,2,2,1,1,1,1,2,2,1,2,1,1,1,1,1,1,2,2,3,3,2,2,2,1,1,1,3,5,6,4,4,3,3,3,2,4,4,2,2,2,2,2,2,3,3,3,4,3,3,3,3,3,5,4,2,0,0,2,3,3,2,1,2,2,0,0,0,1,1,3,5,4,3,3,3,2,3,3,4,3,3,4,2,3,5,1,1,3,3,2,1,1,2,1,2,1,1,2,1,2,1,1,2,3,3,2,2,4,3,1,2,3,3,3,1,1,3,2,2,3,2,4,4,3,3,2,2,3,5,4,3,4,4,0,1,2,2,4,3,1,0,1,1,2,2,2,3,3,4,3,3,3,3,3,3,3,3,1,2,1,1,1,1,1,1,1,1,1,1,1,1,1,1,1,2,2,1,1,2,1,1,1,1,1,1,1,1,1,1,2,3,3,2,3,3,3,4,1,2,2,2,1,2,1,1,2,2,2,2,2,2,2,2,3,3,2,2,2,2,2,3,3,2
338,2,2,2,2,2,2,2,3,3,3,3,3,3,3,3,3,3,3,2,3,3,3,2,3,3,3,3,2,2,2,2,2,2,2,2,2,2,2,2,1,4,6,4,2,2,3,3,2,2,2,1,2,2,1,1,1,1,2,3,3,2,1,2,4,4,4,4,3,3,3,3,2,3,3,3,3,2,1,1,4,2,2,3,1,1,1,1,1,2,2,2,2,3,3,4,3,3,4,4,3,2,3,4,2,3,1,1,2,3,5,4,2,2,1,1,2,1,2,3,2,1,2,2,1,1,2,1,0,1,2,1,2,1,1,2,2,2,2,2,2,2,2,2,2,3,2,3,3,3,4,4,1,1,2,3,2,3,3,3,2,2,1,1,2,3,2,1,3,3,2,3,3,3,3,2,4,3,3,3,3,3,4,4,3,3,3,3,3,3,3,2,5,4,3,4,4,2,3,5,2,3,2,3,2,2,3,2,4,4,3,2,1,2,2,2,4,3,3,3,3,3,3,1,2,2,2,2,1,1,2,2,2,3,3,3,3,2,2,2,4,3,2,3,3,3,3,4,4,3,1,2,2,3,3,1,1,1,2,2,2,3,3,2,1,1,1,1,2,3,4,3,3,3,3,3,3,3,4,3,1,2,2,2,2,1,2,2,4,5,5,5,5,4,3,2,1,1,2,2,2,3,3,3,2,2,2,2,2,2,2,2,2,2,3,3,3,4,3,3,3,2,2,2,2,2,2,2,3,2,3,3,2,2,2,3,2,3,3,3,3,4,5,3,2,3,2,2,2,1,1,1,1,3,3,3,3,2,3,4,3,2,2,2,2,2,2,2,1,1,2,2,2,2,2,3,2,2,4,3,2,3,3,3,0,1,1,1,0,2,4,1,1,1,1,1,1,1,2,1,2,2,4,4,4,4,5,7,6,5,5,5,5,5,5,5,4,3,0,1,1,1,2,1,1,0,1,1,3,4,4,3,5,5,5,3,3,2,2,1,2,2,2,2,3,3,3,2,3,3,3,2,2,2,2,2,2,2,2,2,3,3,3,3,1,1,1,1,1,1,1,2,2,3,4,4,3,2,1,1,6,6,2,1,2,3,2,2,3,2,1,2,4,4,4,4,4,4,3,3,5,5,4,3,3,4,3,3,3,3,2,2,2,3,2,3,3,3,2,3,4,4,4,4,4,3,2,2,2,1,1,2,3,5,5,3,1,1,3,3,3,3,1,3,3,2,1,0,0,1,1,2,4,4,4,3,3,3,2,2,2,1,4,4,4,3,3,5,5,3,3,3,3,3,3,3,4,4,5,6,5,3,2,3,1,1,1,2,2,3,2,2,1,1,1,1,1,1,1,0,0,2,4,4,4,3,1,2,1,1,2,2,2,2,3,2,1,2,1,1,2,2,1,1,3,4,4,4,4,4,4,4,2,3,3,3,3,3,3,3,1,1,3,4,4,3,1,0,1,1,1,2,1,2,2,2,2,2,2,2,2,2,2,2,2,3,3,3,2,1,2,5,3,1,3,3,3,3,2,2,2,2,2,2,2,2,2,2,3,3,2,2,3,4,4,3,3,3,3,3,3,3,3,3,2,2,2,1,2,2,1,1,3,2,2,3,2,3,2,1,3,2,3,3,3,3,3,3,3,2,2,3,3,3,3,3,3,3,3,3,3,3,3,3,3,3,3,3,3,2,3,4,1,3,3,2,2,2,3,4,4,3,4,4,4,4,4,3,2,3,2,2,3,2,2,2,3,3,3,3,3,3,3,3,2,2,2,2,2,2,2,2,3,4,4,3,3,3,2,2,1,1,1,1,2,2,2,5,2,2,2,2,2,2,2,2,1,1,2,4,2,2,2,2,1,1,2,3,3,4,4,4,5,5,5,3,2,2,3,2,4,3,2,3,4,5,4,3,0,1,1,1,1,1,1,1,2,2,2,2,2,2,2,2,2,2,2,2,2,2,2,2,2,2,1,2,2,2,1,1,2,2,2,2,2,2,2,2,0,1,1,1,2,3,3,3,4,2,1,1,1,2,2,1,1,4,6,5,4,3,2,3,4,3,3,2,2,2,2,2,3,3,4,3,4,5,4,5,2,3,4,3,3,4,4,4,2,2,2,2,2,2,2,2,2,3,2,4,4,3,3,3,3,3,3,4,4,3,4,3,2,1,1,1,1,2,2,2,2,2,3,2,2,3,2,0,2,2,2,2,2,2,2,2,2,2,2,2,2,2,2,2,2,2,2,2,2,1,1,2,3,4,4,3,3,3,2,2,2,1,2,3,3,2,1,3,4,3,3,3,2,3,3,2,2,0
339,3,2,3,4,4,4,3,3,2,2,2,2,2,3,3,3,3,2,4,5,5,5,4,4,5,4,2,3,4,4,4,2,3,3,3,3,2,2,1,3,4,4,3,3,2,3,4,1,2,2,1,2,2,2,3,1,2,3,3,2,2,1,1,1,4,2,3,3,3,4,5,2,2,4,4,4,4,3,3,3,3,4,4,4,4,4,5,3,4,3,3,3,3,4,4,2,2,3,2,2,3,3,3,3,3,3,3,2,4,4,2,0,0,3,3,3,4,4,2,1,1,2,2,2,2,3,3,2,2,2,1,1,3,2,5,3,2,2,2,2,2,2,2,2,3,2,2,3,3,3,3,2,2,2,3,2,2,3,4,4,3,2,3,2,3,3,2,3,3,4,4,3,2,1,0,1,2,3,3,1,1,2,3,2,2,2,2,2,2,2,3,2,2,2,2,2,2,2,3,3,2,2,3,3,3,3,2,1,2,2,1,3,4,5,4,4,3,3,3,2,2,2,3,1,3,3,3,3,3,3,3,4,3,3,3,2,2,2,2,0,1,1,0,1,2,3,3,1,3,3,3,3,2,2,3,4,4,5,4,4,3,3,2,2,3,4,3,4,4,4,3,2,2,2,3,3,4,3,1,0,1,3,3,3,5,5,5,4,3,3,3,2,2,1,1,1,3,2,2,2,2,1,1,3,4,5,4,3,3,4,3,2,2,2,2,2,3,2,2,0,3,5,2,0,1,2,3,4,2,2,2,2,2,2,3,3,4,4,4,4,5,5,3,2,2,3,3,3,5,4,2,3,2,3,3,3,3,3,2,1,2,2,3,3,2,2,1,1,2,1,1,1,1,1,1,2,1,2,3,2,1,1,2,4,4,3,3,3,3,3,4,1,0,1,3,3,4,3,3,4,3,2,3,1,2,1,1,4,4,2,2,2,2,1,2,1,2,2,3,3,2,2,4,3,3,3,3,3,3,3,3,3,3,5,5,3,3,3,4,5,4,4,4,3,2,3,3,4,3,4,4,4,3,4,4,1,2,3,4,4,3,2,1,3,2,3,3,3,3,3,3,3,3,1,1,1,2,2,4,2,1,0,1,1,1,2,1,2,1,2,3,4,4,6,6,3,3,3,3,3,3,3,3,3,3,3,3,3,3,3,3,2,3,2,2,2,3,2,1,2,2,1,1,2,1,1,2,0,1,1,1,2,2,2,2,3,2,2,3,4,4,4,3,2,3,3,2,1,2,3,4,5,4,4,2,2,2,4,4,3,3,3,3,3,3,3,4,3,3,3,3,3,3,3,3,7,6,6,4,3,3,3,3,2,3,4,4,5,3,3,1,0,0,0,2,3,2,1,2,3,3,3,4,3,4,3,4,2,2,4,2,0,0,1,2,2,2,3,3,3,3,4,4,3,2,3,3,2,3,2,3,2,2,2,2,2,2,1,1,2,1,3,3,3,4,3,3,2,3,3,3,2,2,2,2,3,3,3,3,3,2,2,3,1,1,1,1,2,1,4,5,2,2,1,2,1,2,3,2,2,3,3,4,3,3,4,4,4,2,2,2,3,3,3,4,3,3,3,3,2,2,4,2,1,2,2,2,2,2,1,2,1,1,2,2,2,1,2,3,4,2,1,1,2,2,1,2,1,1,2,2,3,4,5,5,3,3,3,3,4,4,5,6,3,3,2,2,2,3,2,2,1,2,1,1,1,2,2,2,4,4,3,3,3,3,2,2,2,2,3,3,4,4,4,4,2,1,3,4,2,1,1,2,3,1,1,1,3,4,3,2,1,2,3,3,1,1,2,3,3,3,3,2,2,2,1,1,5,4,4,4,3,4,4,4,3,4,3,3,3,3,2,3,5,5,5,4,2,0,0,2,2,2,3,3,3,3,3,2,2,2,2,2,2,2,2,2,1,1,2,2,2,2,3,3,3,3,3,2,2,2,1,1,2,1,2,2,3,2,2,2,4,4,4,4,4,2,2,3,4,4,3,3,3,2,3,4,3,2,1,1,1,1,1,1,1,2,1,2,2,2,2,1,2,2,1,1,1,1,0,0,1,2,1,1,1,1,1,1,2,0,0,0,0,1,3,2,4,5,3,2,2,3,2,2,0,0,2,2,2,2,2,2,3,3,3,3,3,3,3,3,2,2,3,4,4,4,3,3,3,3,2,2,3,4,3,3,4,3,3,3,3,3,2,2,3,3,2,2,1,1,1,2,2,1,1,1,1,2,2,5,3,1,2,2,3,2,1,1,2,1,2,2,2,3,2,1,0,1,1,2,2,3,2,3,2,2,3,3,3,3,4,3,1,1
340,1,5,5,4,3,2,1,1,2,3,4,4,2,2,5,3,3,2,2,2,3,5,4,5,4,3,4,3,2,0,0,1,2,3,3,2,1,1,1,1,3,2,1,1,2,2,1,2,1,1,2,3,2,3,3,2,3,3,3,3,3,3,2,3,4,5,4,3,6,5,3,1,2,2,3,2,2,3,3,3,2,3,3,2,2,2,2,2,1,2,1,3,4,4,3,4,4,3,2,1,1,1,1,1,1,2,3,2,1,1,2,1,0,3,2,3,3,2,3,2,3,2,3,3,2,3,2,4,4,2,2,2,2,2,2,1,3,2,3,2,2,3,3,3,2,2,2,2,3,3,3,2,3,6,5,2,1,2,4,2,2,3,3,3,2,4,4,2,4,5,3,3,1,1,2,4,4,4,4,3,5,4,3,2,2,1,2,2,2,0,2,3,2,0,1,4,4,2,2,2,3,2,3,3,4,4,0,0,1,1,2,4,4,3,5,5,3,3,3,2,2,3,3,1,1,1,1,1,1,1,1,1,1,1,1,1,1,1,1,2,1,1,1,1,1,2,2,5,5,4,4,3,2,1,1,5,5,4,4,4,3,2,2,4,2,1,5,5,2,1,2,2,3,4,3,4,4,4,3,3,4,5,4,2,4,4,3,3,3,3,1,1,3,4,5,3,3,2,2,2,2,1,1,3,2,2,2,2,2,2,2,2,3,4,3,2,2,2,2,3,3,3,4,4,4,5,4,1,1,1,1,2,2,2,2,2,2,4,4,3,3,3,3,2,2,3,3,3,3,2,2,2,2,2,2,3,2,1,1,2,2,2,2,4,5,5,5,2,1,1,1,1,1,1,1,2,2,2,2,2,2,2,2,2,2,2,2,2,2,1,1,4,4,2,2,2,3,1,1,2,4,4,4,4,4,4,4,4,4,2,1,1,3,4,2,1,2,2,1,2,2,2,1,2,1,1,2,1,1,1,1,2,2,2,2,2,1,1,1,1,1,1,1,1,1,1,1,3,4,3,3,4,3,3,2,3,3,3,3,2,2,3,3,1,2,2,1,0,0,0,1,2,2,2,1,1,1,1,3,3,1,2,2,2,2,2,1,1,1,1,1,1,1,1,1,4,4,4,4,4,4,4,4,3,2,2,2,2,3,3,2,3,2,2,1,2,3,3,3,4,4,3,3,3,2,4,2,4,3,3,3,3,2,2,2,4,1,1,0,1,1,2,2,3,3,4,4,4,4,4,4,2,3,3,2,2,2,1,1,1,1,2,3,3,2,2,1,2,2,2,3,3,3,3,3,3,2,2,3,2,2,3,3,2,2,2,2,1,1,2,2,3,3,3,3,1,1,1,1,3,3,3,3,3,3,4,4,3,3,4,4,2,1,1,0,0,3,4,4,2,3,4,2,1,2,2,2,2,2,1,1,1,1,2,1,1,1,2,1,1,1,3,3,2,3,1,1,1,1,1,1,1,1,3,3,3,3,3,2,2,2,3,3,2,2,2,2,3,3,2,2,2,2,2,2,2,2,3,3,1,1,2,2,3,4,2,2,3,3,3,3,3,3,2,2,1,1,2,2,2,2,3,2,2,2,2,2,2,2,2,2,2,2,2,2,2,2,2,2,0,2,1,1,2,2,2,2,1,1,2,2,2,3,3,3,2,2,2,2,2,2,2,3,5,6,4,3,2,2,4,4,1,0,0,1,1,2,2,2,1,1,1,1,1,1,1,1,3,2,3,3,3,3,3,2,2,2,3,3,3,3,3,3,4,5,5,5,3,1,2,2,2,1,2,2,2,2,1,2,5,5,4,2,4,5,4,4,1,1,2,2,2,3,3,3,1,1,1,1,2,2,2,2,1,2,3,4,3,2,3,2,3,3,3,3,3,3,3,3,5,5,4,4,4,3,3,3,3,4,4,4,3,3,3,3,1,1,1,1,1,1,1,1,2,3,3,3,3,2,2,2,2,5,4,2,2,1,1,1,3,2,4,4,3,3,2,3,3,3,3,2,3,3,3,2,2,1,3,5,4,3,3,0,3,3,3,4,4,4,4,5,5,5,2,2,3,3,3,3,3,3,3,2,2,1,1,2,4,4,4,3,3,2,2,2,0,1,2,4,4,4,2,1,1,1,2,1,2,3,2,2,0,1,1,1,2,2,1,1,1,1,2,3,1,2,2,3,1,1,2,2,2,2,2,2,1,2,2,2,1,1,1,2,3,3,2,1,1,2,3,3,2,2,2,2,2,2,1,1,2,2,2,2,1,1,1,1,2,2,2,2,2,2,1,1,3,3,3,2,2,2,2,2,1,1
341,1,2,2,2,2,3,3,1,1,1,1,1,2,2,2,2,2,2,2,2,2,2,2,2,3,3,2,2,3,3,2,1,1,3,2,1,1,1,0,0,3,4,1,1,5,5,2,1,2,1,1,0,0,1,4,4,1,1,1,2,3,2,2,1,1,1,1,1,1,1,1,1,1,2,2,2,4,2,2,2,3,4,3,2,2,3,4,4,4,3,3,2,2,1,1,2,1,1,1,1,1,0,0,3,5,4,3,2,2,3,4,1,1,1,2,3,2,2,2,2,2,2,2,1,1,1,1,3,2,2,1,2,3,3,2,0,3,3,2,2,1,1,1,2,2,4,2,1,3,2,3,3,3,2,2,3,2,2,2,3,4,4,3,3,2,2,2,4,3,2,2,2,2,3,3,3,3,3,3,3,3,3,3,2,2,3,4,4,3,3,2,3,2,1,3,3,2,3,5,4,3,3,3,3,2,4,2,2,2,1,2,4,4,4,3,4,3,2,2,1,3,3,3,5,5,4,4,4,4,4,5,2,1,1,2,4,2,2,3,4,3,1,1,2,3,3,2,1,1,1,3,3,3,4,3,0,1,1,1,2,2,2,3,4,4,3,3,3,3,2,2,2,3,5,5,4,3,3,3,1,1,3,2,3,3,2,2,3,3,4,4,2,4,5,3,3,4,3,3,2,2,0,2,4,5,3,2,2,2,3,4,3,3,2,2,2,3,3,2,2,2,2,3,3,1,2,3,2,2,3,3,3,3,4,4,2,2,2,3,4,3,3,3,2,4,4,4,4,4,4,4,2,2,2,1,1,2,3,3,2,2,2,2,3,3,3,4,2,3,2,2,2,3,2,1,2,3,2,3,4,4,4,4,3,3,3,3,2,3,3,2,2,2,3,3,4,5,3,2,3,1,1,1,1,2,1,1,3,3,2,2,3,3,3,3,4,4,3,2,3,3,2,0,3,4,4,4,4,3,2,2,2,1,2,5,6,3,2,1,2,3,3,3,3,3,3,3,3,2,2,2,2,2,2,2,2,2,2,2,2,2,2,2,2,1,2,3,3,2,2,2,2,2,2,2,2,2,2,2,3,3,3,3,3,3,3,2,4,4,4,5,4,5,4,4,1,1,1,2,2,1,2,1,1,1,1,2,3,3,3,3,2,1,1,1,2,2,3,6,5,4,3,3,3,3,2,1,2,3,3,2,1,1,2,2,1,2,2,3,3,4,4,5,4,6,1,1,1,3,4,4,2,1,2,2,2,2,3,2,4,3,2,2,3,3,3,4,1,0,1,3,4,3,1,1,4,4,4,4,3,3,2,3,5,4,3,3,3,4,3,2,2,2,2,2,2,2,2,2,2,3,4,3,2,2,2,2,4,4,3,3,3,3,5,3,2,3,1,1,1,0,1,3,2,3,2,2,3,2,2,3,3,3,3,3,3,3,3,3,2,2,2,2,2,2,2,2,3,2,2,2,2,1,2,1,4,3,3,3,3,4,3,2,3,2,2,3,3,3,2,2,2,2,2,2,2,2,2,2,1,3,4,2,2,2,1,2,1,1,1,1,1,1,0,1,2,2,2,2,2,2,2,2,2,1,1,2,2,2,1,2,2,2,2,1,1,1,1,1,2,2,2,2,4,5,5,3,0,1,1,1,1,1,1,1,2,3,3,3,2,1,2,2,1,3,3,4,3,1,1,1,2,2,2,2,2,2,3,2,1,1,1,1,1,1,1,1,2,2,3,3,3,2,2,2,3,2,1,2,2,2,2,2,3,3,2,2,2,2,2,2,1,1,1,1,1,2,4,3,3,4,4,2,3,5,6,3,3,3,3,4,4,4,3,3,2,2,1,1,1,1,1,1,2,2,3,3,3,3,2,3,1,0,2,2,3,3,1,2,2,1,1,1,2,2,2,1,3,3,2,2,3,3,4,4,1,2,2,2,1,1,2,2,1,5,4,3,4,3,1,3,3,3,3,2,3,2,3,2,2,2,2,2,2,1,3,3,1,1,2,1,2,2,1,0,2,2,1,2,2,2,1,2,2,0,2,3,3,2,1,2,1,1,1,1,1,1,1,1,2,3,2,2,1,1,2,3,6,5,5,4,2,3,2,3,3,2,2,2,2,2,2,2,1,1,1,1,1,1,1,1,1,1,1,1,2,2,2,2,1,1,2,2,2,3,3,3,3,3,3,2,2,2,2,1,1,2,2,2,3,2,3,2,2,1,2,2,2,2,2,1,4,3,3,3,3,2,2,3,3,2,2,2,2,2,2,2,1,2,3,2,3,4,4,3,0,1,2,3,2,2,4,5,4,2
342,1,1,2,2,1,1,1,1,1,1,1,2,2,2,2,3,2,2,2,1,2,1,1,3,2,2,2,3,3,1,3,1,1,2,2,2,2,1,2,5,5,3,3,3,2,1,1,3,3,2,3,2,3,3,2,2,2,2,2,2,2,2,2,1,1,2,2,2,1,1,1,1,3,4,4,4,5,4,3,3,3,3,3,3,3,2,1,3,2,2,3,2,2,3,3,2,3,2,3,2,2,2,2,3,3,3,2,2,3,3,3,2,3,5,4,3,3,3,4,3,3,3,3,3,3,4,3,2,2,3,4,4,3,2,2,3,3,3,3,3,3,4,2,2,2,2,2,2,3,3,3,2,2,2,2,2,2,2,2,3,3,3,3,4,4,3,4,4,3,1,1,2,4,5,5,2,3,3,3,3,2,3,3,0,1,1,2,2,3,2,1,0,1,3,3,3,2,1,2,2,2,2,2,2,1,1,1,1,2,2,2,2,2,2,3,3,3,2,2,3,3,3,4,4,3,4,4,2,2,2,3,2,2,3,3,2,2,2,2,0,0,0,1,0,0,0,1,1,2,2,3,3,3,2,2,4,4,4,4,4,4,4,4,1,1,2,2,2,2,1,1,1,2,3,3,3,2,2,2,2,3,4,4,3,3,3,4,4,5,4,3,3,3,3,4,4,2,2,2,1,1,2,2,1,0,1,2,1,1,1,2,2,2,2,2,2,2,3,4,3,2,2,3,3,3,3,3,2,2,2,2,2,2,2,1,3,3,2,3,3,2,2,3,4,4,3,4,4,3,3,2,2,2,2,2,3,3,3,3,4,4,3,2,3,3,4,4,3,2,3,4,4,2,2,3,3,2,2,2,2,2,2,3,3,3,3,3,2,2,2,2,3,3,3,3,4,3,2,5,3,4,3,2,1,2,3,2,1,2,2,2,2,3,3,2,1,2,4,4,4,4,4,3,3,2,2,3,3,3,3,2,3,3,3,3,2,3,2,1,3,5,4,4,4,4,5,5,2,3,2,2,2,2,2,3,2,2,2,2,2,1,2,2,5,3,3,2,3,2,3,1,0,0,1,1,2,2,2,3,2,2,1,1,2,2,2,2,1,1,2,2,2,2,1,1,3,3,2,2,2,2,1,1,2,1,3,3,3,2,3,3,2,2,2,2,2,2,2,3,1,1,1,1,2,2,2,1,2,2,2,2,2,2,2,2,1,1,1,1,3,4,5,5,5,4,3,3,2,2,1,1,1,2,4,3,3,2,2,2,3,2,1,1,1,1,2,2,3,2,2,3,3,3,3,3,2,3,3,3,4,4,3,4,5,3,2,2,2,3,3,2,2,2,2,1,2,3,2,2,2,3,3,4,5,4,4,3,2,3,3,3,5,4,5,5,2,1,1,3,2,1,2,1,1,1,1,1,1,1,1,2,3,2,1,1,1,1,1,1,2,2,3,3,3,3,2,2,1,1,1,1,1,1,1,1,2,2,3,3,3,3,3,3,3,3,3,2,2,3,3,3,2,1,1,3,4,3,2,1,4,2,1,1,3,5,5,5,3,1,2,2,2,2,3,3,1,2,2,2,2,2,2,2,4,2,2,3,3,3,3,3,2,2,2,2,2,2,2,2,4,4,2,4,5,5,5,4,2,2,2,2,2,2,2,2,2,1,3,3,3,3,2,2,3,2,1,1,2,1,1,3,4,2,2,3,3,3,1,2,3,3,2,3,2,2,1,1,2,2,1,1,2,3,3,2,2,2,3,2,2,2,3,2,2,2,2,2,2,2,2,2,1,2,2,2,2,2,3,1,5,4,2,2,2,2,2,2,3,3,4,2,1,2,2,2,3,3,4,4,4,5,5,6,5,4,1,3,4,3,3,2,3,3,3,4,4,5,5,4,1,2,2,2,2,1,2,3,3,4,4,4,2,2,3,3,2,2,3,3,3,3,2,2,4,3,2,1,2,2,2,3,3,3,3,4,4,4,4,4,3,4,4,4,4,2,2,2,1,1,2,2,3,3,4,4,2,2,2,2,2,2,2,2,2,2,3,3,4,4,3,3,1,1,2,2,2,2,2,1,4,3,3,3,3,3,3,4,3,2,2,2,2,4,4,2,1,2,2,3,3,3,4,2,2,2,2,1,1,2,4,4,3,4,3,3,3,3,2,2,2,3,3,4,4,5,6,3,3,4,4,3,1,2,2,0,1,1,1,1,2,2,2,2,2,2,2,2,2,3,3,3,3,3,3,3,3,3,3,3,1,1,1,1,1,1,1,1,2,2,1,2,3,3,3,2,1,1,1,2,2,2,3,3,3,3
343,2,2,2,2,2,2,2,3,2,3,3,2,2,3,3,4,5,5,3,3,5,5,3,5,4,4,3,4,3,3,0,2,2,2,2,2,2,2,2,1,6,4,1,2,4,2,1,2,2,2,2,2,2,2,2,3,2,2,2,3,3,3,3,2,3,3,3,3,2,2,3,3,2,3,2,3,4,5,3,6,5,6,6,6,5,5,3,2,2,4,4,3,2,3,3,2,3,2,1,1,3,3,2,3,3,3,3,3,3,3,3,2,2,2,2,4,3,3,4,5,5,3,3,2,3,3,2,2,3,2,3,2,2,3,2,2,2,3,3,3,3,3,4,4,4,2,3,3,3,2,4,4,2,2,4,3,3,1,2,4,4,3,3,3,3,3,3,3,4,4,3,4,4,3,4,2,4,5,5,6,5,5,3,2,2,1,3,3,4,3,3,2,2,2,2,2,2,2,2,2,3,3,2,3,3,3,3,4,4,3,4,4,3,4,3,3,3,2,2,2,2,2,2,4,4,3,3,2,2,2,2,2,3,2,2,2,2,1,1,1,1,1,2,2,2,3,3,2,2,3,2,3,4,4,3,4,4,4,4,4,4,4,4,2,1,2,2,3,3,3,3,2,2,2,2,3,3,3,2,1,1,1,2,2,3,2,2,2,2,2,2,3,2,2,2,3,3,3,3,3,3,3,3,3,3,3,3,3,1,1,1,3,3,2,1,3,3,2,2,3,4,3,3,2,2,4,3,3,4,3,1,2,2,2,2,2,1,3,4,5,4,4,5,4,3,4,3,4,5,9,9,3,3,3,4,4,4,3,2,1,1,1,2,2,3,3,3,2,2,2,2,3,3,3,1,1,2,2,3,2,2,2,2,2,2,2,2,1,1,1,1,3,3,2,2,2,2,2,3,3,2,4,4,4,4,4,4,2,2,4,4,4,4,5,5,4,3,2,1,1,1,1,1,1,2,3,2,3,3,3,3,4,3,3,3,3,3,3,3,5,5,4,4,4,3,3,2,1,2,3,3,3,3,3,4,3,2,1,1,1,1,1,1,2,3,4,3,1,2,2,2,2,1,2,3,3,3,4,3,3,2,2,2,2,2,2,2,3,3,3,4,4,3,3,3,2,2,3,3,3,3,4,3,3,3,2,2,2,2,2,2,2,2,2,2,2,1,2,2,2,3,2,3,3,2,2,2,3,3,3,3,3,3,3,3,3,3,3,3,3,3,3,4,4,4,3,3,3,2,1,0,3,5,2,2,3,4,3,3,2,2,4,3,1,1,2,2,1,0,0,1,2,3,3,2,2,2,3,3,3,3,2,3,1,0,0,2,4,6,5,3,3,3,3,3,3,3,3,3,3,3,3,4,3,3,2,2,0,3,5,5,3,2,0,1,3,3,3,3,3,4,4,4,2,2,1,1,1,1,1,2,3,2,3,3,2,3,2,1,4,2,2,3,4,3,1,0,2,3,2,2,2,2,2,1,2,2,3,4,4,3,3,3,2,1,2,2,2,3,3,3,3,2,2,2,2,2,2,3,2,2,2,1,1,1,1,2,3,3,3,3,2,2,1,2,3,4,1,1,0,2,3,2,1,1,2,2,1,2,2,2,3,3,3,3,3,3,3,3,2,1,2,2,3,4,4,4,3,3,3,4,4,4,5,5,3,3,3,3,3,4,4,4,3,2,2,2,2,2,2,1,3,3,3,1,2,2,2,2,2,2,1,1,2,2,3,3,2,2,2,1,1,1,2,2,2,2,2,2,2,2,2,2,2,4,5,3,3,4,3,3,3,4,3,3,4,4,2,1,2,2,2,2,3,3,3,3,2,2,3,2,3,2,3,2,4,4,5,5,5,5,5,5,3,3,4,5,5,6,5,3,3,3,3,3,3,2,2,4,4,4,4,4,3,3,3,3,2,2,3,4,4,3,3,3,3,4,4,3,3,2,3,4,3,3,2,2,1,1,1,2,3,3,3,3,2,2,2,2,2,2,1,1,1,1,1,1,3,2,2,2,2,2,3,2,2,2,2,2,2,2,2,2,3,3,3,2,2,1,1,1,2,2,3,3,3,3,4,4,0,0,3,3,3,3,1,2,4,4,4,5,4,4,3,3,2,2,3,2,2,2,2,2,3,3,2,2,2,2,3,3,1,1,1,1,1,1,1,1,2,2,2,3,3,3,3,3,3,2,2,2,2,2,3,2,3,3,3,3,2,2,2,2,1,1,1,1,1,1,1,1,1,2,1,1,1,1,1,1,1,1,2,2,2,2,3,3,2,3,3,1,1,1,0,2,4,4,3,2,2,3,3,3,2,1
344,2,2,2,2,2,2,2,2,2,2,1,1,1,1,0,0,0,2,3,4,2,1,2,3,4,4,4,3,3,3,2,2,2,2,3,3,2,2,2,3,3,4,3,3,2,3,3,2,2,2,2,2,2,2,2,4,3,3,4,4,4,4,5,3,2,2,2,2,2,3,4,3,4,4,4,4,4,3,4,3,2,3,3,4,4,2,3,3,2,2,2,2,2,2,2,2,2,3,5,3,2,3,3,2,3,2,1,2,2,3,2,2,3,3,3,3,2,2,2,3,3,3,3,3,3,3,3,3,1,1,2,1,2,2,1,2,3,3,3,3,3,3,3,3,2,2,2,2,2,2,2,2,2,2,2,2,2,2,2,3,2,2,3,3,1,1,2,3,3,2,2,2,2,3,4,1,3,3,4,4,3,2,3,2,2,3,3,3,3,2,2,4,3,1,3,3,3,0,2,4,2,3,3,1,1,1,1,4,5,3,4,4,5,5,3,2,2,2,1,1,3,4,4,4,4,3,3,3,3,5,5,4,3,3,3,3,3,2,3,2,2,1,1,1,1,1,1,1,1,1,1,1,2,5,4,1,2,4,4,2,2,3,4,3,3,3,3,3,3,3,3,2,2,2,2,2,2,2,1,2,2,2,2,2,2,2,2,2,3,4,2,2,3,3,2,3,3,3,3,3,3,3,1,1,3,2,0,1,4,3,3,3,2,2,2,2,2,2,2,3,3,3,2,1,1,1,2,3,3,3,3,3,3,3,2,2,2,3,3,3,4,4,4,3,3,3,3,3,3,3,3,2,3,3,3,2,4,4,3,2,3,3,3,3,2,1,2,2,4,4,3,3,2,2,1,0,1,4,4,5,4,3,6,3,2,2,2,2,2,2,2,1,2,2,2,2,3,2,2,6,5,4,3,3,3,5,4,1,2,3,4,5,5,3,1,2,2,2,2,1,1,1,0,1,2,2,2,1,1,3,3,3,3,4,5,4,3,2,3,2,3,3,1,2,1,3,4,3,2,2,2,3,3,3,4,4,4,3,2,2,2,1,1,3,3,3,3,3,3,3,4,3,2,2,2,2,2,3,3,2,2,2,2,2,2,2,2,2,2,2,2,2,2,2,2,2,2,2,2,2,2,2,3,1,1,1,1,1,2,2,2,1,2,1,1,2,2,2,2,2,1,1,1,2,2,1,3,2,2,2,2,2,2,2,2,3,4,4,3,3,3,4,4,3,3,3,2,1,1,2,2,3,3,3,3,3,1,3,3,3,4,4,3,2,3,3,3,2,3,3,3,3,3,2,3,6,5,4,4,3,3,2,2,1,2,2,2,2,2,1,1,1,1,3,3,3,3,3,3,4,4,3,4,4,4,4,4,4,4,3,3,3,3,4,5,2,2,4,4,3,3,3,3,1,1,1,1,1,1,1,1,3,2,3,4,4,3,2,3,3,3,3,4,4,3,3,3,3,2,2,2,3,3,4,3,2,2,2,2,2,2,2,2,2,2,1,1,2,2,2,2,2,2,2,1,1,0,1,1,1,2,2,3,2,2,2,2,3,2,2,3,2,2,2,3,3,3,3,2,2,1,2,3,2,3,3,3,3,3,3,3,4,3,3,2,3,3,3,3,4,3,3,2,2,3,3,3,3,4,4,3,3,3,3,2,3,2,2,3,2,2,3,2,2,2,2,2,2,1,2,2,2,4,4,3,3,3,4,3,3,4,3,3,3,3,3,4,2,2,2,2,2,1,1,3,3,3,3,3,2,2,2,3,2,4,3,3,3,3,3,2,2,4,3,3,3,3,4,4,3,2,1,1,2,2,1,1,1,1,1,2,2,2,2,2,1,1,3,3,3,3,3,3,1,1,1,1,2,2,2,1,2,1,2,2,2,3,2,1,1,2,2,2,2,2,2,2,2,3,3,4,3,3,3,2,3,3,3,4,4,4,4,4,4,4,3,3,3,3,3,3,1,2,2,2,2,2,1,2,3,2,3,3,3,3,3,3,3,3,3,3,3,3,3,3,3,3,3,3,3,3,3,3,1,2,3,3,2,1,2,3,3,2,2,2,2,3,3,3,4,4,4,3,3,3,3,3,1,1,4,5,2,1,1,2,3,2,3,3,2,2,4,4,3,2,2,2,2,2,3,2,1,2,2,2,2,3,4,3,4,4,3,2,2,3,3,3,3,4,5,3,2,4,2,2,2,2,2,2,2,2,2,3,3,4,4,3,0,0,0,3,3,1,2,2,2,2,2,2,1,2,2,2,2,2,2,2,1,2,4,2,3,2,1,1,2,3,2,2,2,2,2,2,2,2
345,1,1,3,4,3,3,3,2,2,1,1,1,1,1,1,3,3,1,1,1,2,4,4,2,2,3,2,2,2,1,2,3,2,2,3,4,4,5,5,2,3,5,3,4,4,3,3,3,0,0,1,2,2,3,3,3,3,2,1,2,3,3,2,3,2,2,2,2,3,2,3,4,5,5,4,3,3,3,3,1,3,3,4,4,4,3,1,2,4,4,3,3,3,3,2,3,4,4,4,4,4,3,5,4,3,3,3,3,4,3,3,4,4,3,3,3,2,2,2,3,3,5,5,3,3,4,4,1,2,3,3,5,5,4,1,2,2,3,3,3,4,4,5,4,3,3,3,3,3,2,1,2,1,1,2,3,3,5,4,3,4,5,4,3,3,3,3,3,5,4,4,4,4,4,3,1,1,1,2,1,2,2,2,3,3,3,3,3,4,4,2,4,3,3,3,3,4,3,0,1,3,3,2,3,2,1,1,2,2,2,2,3,3,2,2,2,2,2,1,1,2,2,2,2,2,3,3,3,3,3,2,2,2,2,2,2,2,2,2,1,1,1,1,1,1,1,1,1,1,1,2,3,3,5,5,1,3,3,3,4,3,4,4,2,1,1,1,0,1,0,0,1,1,2,2,2,2,2,2,1,2,2,2,3,3,3,3,3,3,3,1,1,1,3,3,2,2,1,1,1,2,1,1,2,3,3,3,3,4,4,4,2,2,1,3,3,3,4,4,2,2,2,2,2,3,4,2,1,1,3,3,3,4,6,3,1,2,2,2,2,2,3,2,1,1,2,2,2,2,2,2,2,2,1,1,1,3,5,5,4,2,2,4,4,3,2,3,2,3,3,3,2,2,4,3,2,3,4,3,4,4,3,2,2,3,2,1,1,1,1,2,2,2,2,3,3,2,3,4,4,3,2,2,2,2,2,2,3,2,2,2,2,3,3,3,2,3,3,1,1,1,1,2,4,3,3,2,2,4,4,4,2,0,1,2,2,2,3,2,1,2,1,1,1,1,1,1,3,3,2,2,2,1,1,1,1,2,1,2,3,4,4,4,2,2,3,3,2,3,5,4,1,0,2,2,2,2,2,4,2,1,2,2,1,2,2,2,4,3,3,2,3,2,1,2,2,3,3,2,2,3,4,3,2,2,2,3,4,3,5,4,2,2,2,2,3,3,2,2,2,1,2,2,2,2,2,1,2,3,3,2,2,2,1,1,0,2,3,2,0,1,3,4,3,4,4,4,4,4,3,4,4,2,2,2,3,4,2,1,3,2,2,3,3,2,3,4,3,3,3,3,4,3,3,4,3,1,2,2,2,3,3,3,3,2,2,2,2,2,2,2,1,2,2,2,2,2,2,3,2,1,1,1,2,2,2,2,2,2,2,2,2,2,2,2,2,2,2,2,2,3,2,2,1,1,1,1,1,1,2,3,3,2,2,2,2,3,3,3,2,3,5,7,7,7,5,3,1,3,3,2,2,3,3,3,1,3,5,5,4,2,2,4,4,4,4,5,5,5,4,3,3,3,3,3,3,3,3,2,4,4,4,4,3,3,3,3,3,3,3,2,2,1,1,0,1,2,2,3,3,2,2,2,3,3,3,4,4,4,4,4,4,4,4,3,3,4,4,2,1,3,2,2,2,2,3,1,2,5,3,2,1,0,2,1,1,2,2,3,3,2,3,3,2,3,3,2,1,1,2,2,1,1,1,1,0,0,1,4,4,4,5,4,1,1,3,3,3,2,2,2,2,2,2,2,2,2,2,2,2,2,2,2,3,2,1,3,5,5,3,1,3,5,5,4,3,3,3,2,3,3,3,3,3,3,3,3,2,2,2,2,2,2,2,2,2,1,1,1,1,1,1,1,2,2,2,1,2,2,1,1,1,1,1,2,2,1,1,2,2,3,2,2,2,2,3,2,2,3,3,3,3,2,2,3,3,3,3,3,2,2,1,1,1,3,4,3,3,3,3,3,3,2,2,2,1,1,2,3,5,3,2,3,3,3,2,2,2,3,3,3,4,2,1,2,3,3,2,2,2,2,3,3,1,2,2,2,3,3,3,4,5,4,4,2,3,4,2,1,2,1,1,1,2,1,3,3,2,2,2,2,2,2,2,2,3,3,3,2,1,1,2,2,3,2,2,2,2,2,2,2,3,3,3,3,3,3,3,4,3,4,3,2,4,4,3,1,0,1,1,2,2,3,4,4,2,1,1,1,1,1,2,2,2,3,3,2,1,1,3,4,1,1,2,2,2,2,2,2,2,2,1,2,2,2,2,2,2,3,2,3,3,3,2,3,4,4,2,2,1,1,1,1,2,2
346,1,1,1,1,1,1,1,2,2,2,2,2,2,2,2,4,2,1,1,1,2,2,2,3,2,2,2,2,2,1,2,3,3,2,2,3,3,3,3,5,6,5,5,5,5,4,2,2,3,3,3,3,3,3,3,3,3,2,3,2,2,2,2,1,3,3,3,3,3,3,3,2,2,3,3,3,3,3,3,4,4,2,0,1,1,2,3,6,3,2,3,4,5,4,1,2,3,2,3,3,3,2,3,2,1,2,2,3,2,3,3,2,1,2,2,3,4,5,5,5,3,4,5,4,4,3,2,2,4,5,5,5,4,3,3,1,1,2,3,4,3,3,4,4,3,3,1,2,3,4,3,3,4,3,4,4,3,4,3,3,3,3,3,3,3,3,3,3,3,1,1,2,3,2,3,5,3,3,4,4,4,4,4,2,2,2,3,3,3,2,1,1,4,3,4,4,4,4,5,4,3,3,3,2,2,1,1,3,3,4,4,4,4,4,5,5,4,3,3,2,2,2,1,2,3,4,5,5,4,3,1,3,3,4,4,4,3,2,2,2,2,2,2,2,2,2,2,1,1,3,4,4,3,1,2,1,0,1,1,1,2,2,3,2,1,1,1,2,2,3,2,2,2,2,2,2,3,3,3,2,2,2,2,2,2,1,1,2,1,2,1,1,1,1,1,3,2,3,3,2,3,3,4,6,3,2,2,3,1,1,0,0,0,2,2,1,0,2,3,3,3,2,2,2,2,2,2,3,3,3,4,4,3,3,2,0,1,2,2,2,3,3,3,4,3,1,2,3,3,3,1,3,2,2,1,1,2,2,1,2,4,4,3,2,3,4,2,2,2,3,3,3,3,3,4,3,2,3,3,3,3,3,3,2,3,2,2,2,2,3,3,1,2,2,2,2,2,2,3,4,4,4,4,4,5,5,4,3,4,2,1,3,6,6,3,3,3,2,4,3,3,2,2,4,4,3,4,4,4,2,2,1,1,1,2,2,2,1,2,5,3,2,4,4,3,3,3,4,3,2,2,3,3,3,3,4,5,5,5,5,5,5,5,3,2,3,2,3,3,4,4,3,3,2,2,2,3,3,1,2,2,3,3,3,3,4,4,3,2,2,2,2,2,3,2,3,2,2,2,2,3,3,1,1,1,2,2,2,3,3,2,1,3,3,3,3,4,5,4,2,2,2,1,1,1,1,2,2,1,2,3,1,1,2,5,4,1,2,3,3,2,1,2,2,2,1,1,1,1,3,4,1,1,2,4,4,2,1,2,4,4,5,5,4,3,4,4,4,4,3,3,3,4,3,3,5,5,5,3,2,2,3,3,4,3,3,4,4,3,4,3,1,2,0,1,3,4,3,2,1,2,3,3,4,3,4,4,1,1,1,1,1,1,1,1,1,1,1,1,1,1,1,1,2,2,2,2,3,4,1,1,3,3,2,2,1,0,1,2,2,3,2,4,4,4,3,2,2,2,3,3,2,3,3,3,3,3,4,3,3,3,2,2,3,3,2,2,2,2,2,2,1,1,1,1,1,1,1,3,4,4,4,4,5,4,3,4,1,1,1,2,2,2,2,1,1,1,1,1,1,1,1,1,4,3,4,4,4,4,4,4,2,2,3,3,3,3,3,1,2,1,3,3,2,3,3,3,3,2,2,3,3,2,3,2,2,3,3,3,3,3,3,3,3,3,3,3,2,2,2,1,2,1,3,4,4,4,2,3,5,4,2,3,2,2,2,1,1,2,4,4,3,2,1,1,1,1,1,1,1,1,2,2,2,2,3,3,3,2,1,2,3,3,4,4,4,4,4,2,2,1,1,1,1,2,3,4,2,2,2,2,2,2,2,2,1,1,1,1,1,1,1,1,2,2,2,3,3,3,3,3,2,2,2,2,2,3,3,3,3,3,3,3,3,3,3,3,2,2,2,3,3,4,5,4,3,2,3,2,2,2,2,2,4,4,4,4,2,2,2,3,3,2,1,1,1,1,1,1,1,1,2,2,2,2,2,2,1,1,1,2,1,1,1,2,2,2,1,1,1,1,1,1,2,3,3,1,2,4,2,0,2,2,2,3,4,3,3,2,2,2,1,1,2,3,3,2,3,2,2,2,2,1,1,4,4,3,3,3,3,3,2,3,3,3,3,3,2,2,3,3,1,1,2,1,2,2,2,2,1,1,3,2,2,3,4,4,3,2,2,2,3,2,2,2,2,2,1,1,2,4,3,2,3,4,3,2,2,1,1,1,2,1,1,1,1,2,1,2,1,2,2,2,2,1,2,3,3,3,3,3,3,3,3,2,1,2,3,2,2,3,2,3,3,4
347,2,2,2,2,2,2,2,2,1,1,2,1,2,2,2,1,2,2,2,2,2,3,4,4,3,2,3,3,3,2,1,3,3,1,3,3,2,2,3,3,4,3,3,3,3,3,3,3,2,1,2,2,2,2,2,3,1,2,2,3,3,4,4,3,3,3,3,3,3,3,3,3,4,4,5,5,4,3,3,5,4,2,2,1,2,2,2,3,3,0,0,0,1,2,0,3,5,3,3,4,3,3,3,4,4,5,4,5,5,5,3,1,1,3,4,4,4,4,2,3,4,5,5,4,3,3,2,2,2,2,2,2,2,2,2,3,3,2,2,2,2,3,3,3,2,2,1,2,2,2,2,2,0,2,3,3,3,4,3,3,3,3,3,2,2,2,3,3,2,1,1,2,2,3,1,1,1,2,2,2,3,3,1,3,3,3,2,3,3,3,3,3,2,2,2,3,3,4,5,4,3,2,3,5,5,3,3,2,2,1,1,2,3,2,2,3,3,2,2,3,3,2,2,3,3,3,3,3,3,3,3,3,3,3,3,3,3,2,2,1,1,2,2,3,3,3,4,5,5,4,4,4,3,4,3,4,1,1,1,3,4,5,4,3,3,3,3,3,3,2,2,3,3,2,2,2,2,2,3,4,4,4,4,4,3,3,2,2,2,1,1,1,1,3,3,3,2,2,2,3,6,5,3,2,1,1,1,2,1,1,1,2,2,2,3,3,3,3,3,3,1,2,3,3,2,2,2,1,1,2,3,3,3,2,3,2,2,2,2,2,2,3,3,2,1,3,4,2,3,2,1,2,2,1,3,3,4,3,2,1,3,3,4,4,3,4,3,2,1,2,2,2,1,1,3,3,3,2,1,2,3,3,2,4,4,3,3,4,3,3,2,2,2,2,1,1,1,2,2,2,4,5,4,2,2,3,3,2,3,1,0,3,4,3,3,4,3,2,2,2,3,4,3,3,3,3,3,3,3,3,3,2,3,2,2,1,2,3,4,1,1,2,2,3,5,3,2,2,3,3,3,3,3,3,2,2,2,2,2,2,2,2,2,3,4,3,3,3,2,3,2,3,4,4,4,4,4,4,5,2,2,2,3,2,3,3,3,2,1,1,2,2,3,4,3,4,4,3,3,4,3,4,2,3,2,1,2,2,3,3,2,4,2,0,1,1,2,2,2,2,2,1,1,1,1,1,1,1,2,1,3,4,4,3,1,2,2,1,3,4,2,1,3,4,4,4,3,3,3,4,3,2,2,2,2,2,2,3,3,4,5,4,4,4,4,4,4,3,2,2,2,2,2,2,3,4,4,3,4,3,3,2,2,1,2,4,4,4,4,5,5,2,1,1,1,1,1,1,2,3,3,3,3,2,2,2,2,2,3,3,3,3,3,3,4,4,3,3,3,4,4,4,3,3,4,3,1,3,6,3,0,1,2,1,1,1,1,1,4,2,5,6,5,3,2,1,1,1,3,2,2,2,1,1,0,0,3,2,1,2,1,3,3,3,3,2,3,3,3,4,2,1,1,2,2,2,6,5,3,1,1,1,4,3,1,2,2,2,1,2,3,3,3,4,4,2,1,3,3,3,2,3,4,2,4,3,2,2,2,1,1,2,1,1,3,3,2,1,1,3,3,2,2,2,2,2,2,2,3,1,1,1,1,1,2,4,4,3,2,2,2,2,2,2,1,3,3,2,2,2,2,3,2,2,3,3,3,4,5,3,2,3,4,5,5,3,2,1,1,1,2,2,3,3,1,1,2,1,2,2,1,2,3,2,2,2,2,2,2,3,4,3,3,3,3,3,3,3,2,3,2,1,0,0,1,2,3,2,2,2,2,2,2,2,3,2,2,2,2,2,3,3,3,3,3,2,2,2,2,3,3,4,4,4,3,3,3,3,4,3,2,2,2,2,2,2,2,2,2,2,2,2,2,2,2,2,2,1,2,2,2,1,2,3,3,3,3,3,3,3,3,3,4,4,3,2,2,4,5,2,2,2,2,2,2,3,4,5,5,3,2,3,3,4,5,3,3,2,2,2,2,2,1,0,1,1,1,1,1,1,1,1,0,0,1,1,1,1,2,2,1,2,2,2,3,3,2,3,2,2,2,2,2,2,2,2,2,2,2,2,2,2,2,3,3,3,3,3,3,3,3,2,3,3,3,3,3,2,2,2,2,3,3,3,3,4,4,2,3,4,4,3,3,5,2,1,3,3,3,3,3,1,1,3,4,4,4,4,3,3,2,2,2,3,3,3,3,3,2,2,2,2,3,4,3,3,2,2,2,1,1,2,2,2,1,2,2,2,2,3,3,3,2,2,1
348,4,3,3,4,4,5,4,4,3,2,1,1,1,0,0,1,1,1,2,1,3,4,4,3,2,2,2,1,1,3,3,3,2,2,2,2,2,4,4,4,4,5,4,4,3,3,4,3,3,1,1,1,1,2,1,1,2,2,2,2,2,2,1,3,3,2,2,3,4,3,2,2,3,3,4,5,5,4,3,2,2,4,4,3,1,1,2,2,1,1,0,1,2,2,1,1,2,2,3,2,3,3,3,5,5,3,3,2,1,2,4,5,5,3,3,4,5,4,2,3,3,4,3,1,2,7,8,4,3,3,3,3,3,3,3,2,2,3,3,3,2,2,2,4,4,3,3,3,3,3,3,3,3,2,3,3,2,2,3,1,3,4,3,5,3,1,3,5,5,5,5,5,5,4,3,0,0,2,3,3,2,3,4,5,4,2,3,4,4,4,2,3,4,5,5,5,4,2,3,4,4,4,4,4,4,4,3,0,1,2,2,3,3,4,5,3,3,3,3,2,2,4,3,4,5,4,2,1,2,3,3,2,2,2,2,2,2,3,2,1,1,1,1,1,1,1,3,3,3,3,3,3,3,3,3,4,4,2,1,4,4,3,2,1,1,1,1,1,1,1,1,2,2,2,1,1,2,3,3,3,3,3,3,3,3,3,2,3,3,4,4,4,4,4,2,1,1,2,2,3,3,2,5,4,3,3,2,2,2,2,3,3,3,3,3,3,3,3,3,3,1,1,3,3,3,2,3,6,4,2,4,5,3,2,2,2,2,1,1,1,1,1,1,2,2,2,3,4,4,4,5,3,2,1,3,3,3,2,2,3,2,3,2,2,2,2,4,3,4,4,4,2,2,4,3,2,3,3,3,2,1,1,4,1,1,1,1,1,1,1,1,3,3,3,3,3,3,3,3,3,4,4,4,4,3,3,4,4,3,3,3,3,3,3,3,4,4,4,4,2,3,3,2,2,4,3,3,4,3,3,3,2,2,2,3,5,6,5,4,1,1,1,1,3,3,3,4,4,2,1,1,1,1,2,2,3,3,3,2,1,3,3,4,1,1,2,3,3,3,3,1,1,2,2,2,2,3,2,2,3,3,3,3,3,3,3,3,3,2,2,3,3,3,3,3,3,2,1,1,2,2,3,4,3,2,2,2,3,2,1,2,3,3,3,3,3,3,3,3,2,2,3,3,3,3,4,3,2,3,3,3,4,3,2,2,1,1,1,2,2,2,2,3,5,4,3,3,4,4,3,2,2,3,3,4,4,3,3,2,1,2,3,3,3,3,3,3,2,2,2,1,1,1,2,3,2,3,4,4,3,3,1,2,1,1,1,1,3,3,3,2,2,2,2,2,2,2,2,1,1,2,2,4,4,4,5,5,4,5,5,2,1,1,3,2,1,1,2,4,4,3,1,2,3,3,2,2,2,3,3,3,3,2,1,2,3,3,3,2,3,3,2,2,3,2,2,4,3,3,3,3,3,3,2,3,3,3,3,3,3,3,2,1,1,3,3,4,4,3,2,2,2,2,2,2,3,3,2,2,2,2,2,3,3,3,3,4,4,2,2,2,1,2,3,2,2,3,3,3,3,3,3,3,2,3,3,3,2,3,2,1,0,1,3,2,2,1,1,1,1,2,3,2,2,3,4,3,1,2,2,2,2,2,2,2,3,3,3,3,3,3,3,3,4,5,4,2,1,2,3,4,2,3,2,1,2,2,2,1,2,2,2,2,1,1,2,2,2,2,3,2,2,2,2,2,2,3,3,3,3,2,2,4,4,2,2,2,2,2,2,2,1,1,2,2,2,2,2,3,2,2,3,2,2,1,1,2,2,2,2,2,3,3,3,3,2,2,2,2,2,2,2,2,3,3,3,3,4,4,4,4,2,3,3,3,3,4,5,4,3,3,3,3,3,1,3,3,4,4,4,4,4,3,2,1,1,2,3,3,4,2,1,1,3,3,2,4,5,5,3,3,3,1,2,2,2,2,2,3,2,2,2,2,2,2,1,1,1,1,2,2,2,2,2,1,1,1,2,2,2,2,2,2,2,3,3,3,3,3,2,3,2,1,1,1,1,1,1,2,2,1,1,1,2,3,4,4,2,3,2,2,1,2,2,1,1,1,1,1,1,1,1,1,2,2,2,2,2,2,2,3,3,3,3,3,2,4,4,4,2,1,2,1,1,1,1,1,3,2,1,1,1,3,4,4,4,4,4,3,3,3,4,4,2,3,5,5,5,4,4,2,2,2,2,1,1,1,1,1,1,1,1,1,1,1,1,1,2,2,2,2,2,2,2,2,2,3,2,1,1,1,2,3,5,2
349,3,3,2,2,3,3,3,3,6,3,2,2,1,0,1,2,3,2,3,3,2,1,3,3,3,3,2,1,1,2,1,1,1,2,3,3,1,1,1,3,6,4,1,2,3,1,1,2,3,3,3,3,3,3,3,5,5,3,1,1,1,2,4,3,3,3,3,3,2,2,3,3,3,3,2,2,2,1,2,2,3,1,0,1,2,2,2,3,4,3,2,1,1,2,2,3,2,3,4,4,4,4,3,2,2,1,2,2,1,2,2,5,6,4,3,3,3,4,5,2,2,3,1,2,3,3,3,3,3,4,4,4,5,5,5,4,3,3,3,3,3,3,3,3,2,1,1,1,4,3,1,2,4,4,4,4,4,4,3,4,3,2,3,3,3,1,2,5,4,3,4,4,4,3,3,2,1,1,1,1,3,4,2,5,5,3,1,1,2,3,4,2,1,2,3,3,3,2,2,2,1,1,1,2,1,1,2,4,4,3,4,4,4,4,4,2,2,4,2,1,3,3,2,2,3,3,3,3,3,3,3,4,4,4,4,4,4,3,3,3,3,3,3,3,3,3,3,3,3,3,3,3,3,3,3,4,3,3,3,3,3,3,3,3,3,2,3,4,4,4,3,1,1,1,1,3,3,1,1,2,1,2,2,1,1,1,1,4,4,4,3,3,2,2,2,2,3,3,4,4,4,4,3,4,4,4,3,3,3,3,3,3,3,4,3,3,3,4,4,3,1,1,2,1,2,3,2,1,1,3,4,4,4,2,2,1,1,1,2,2,2,2,1,2,2,3,3,3,3,3,3,2,2,2,2,2,2,2,4,1,1,1,1,2,5,4,2,2,2,2,2,3,3,3,4,4,4,3,3,3,3,2,2,1,1,1,1,1,1,1,1,1,2,1,1,2,2,3,3,3,4,4,3,2,4,4,3,2,2,3,2,3,3,3,3,3,2,2,3,3,3,3,1,2,4,2,2,2,1,1,1,1,2,2,1,2,2,1,1,2,2,1,1,1,1,1,2,2,4,3,1,2,2,3,4,4,3,2,4,5,4,3,4,3,3,3,3,2,1,2,2,1,2,1,1,2,3,2,3,4,3,3,2,1,1,1,1,4,4,3,2,3,3,3,2,3,2,2,2,3,3,3,4,4,3,3,2,4,4,4,4,2,2,2,1,1,1,1,2,3,2,3,3,3,3,3,3,4,4,3,2,3,3,2,2,2,3,5,5,4,2,3,3,3,2,2,2,3,3,3,2,0,1,2,2,2,2,2,1,2,3,3,2,3,5,4,3,3,1,2,2,2,1,1,0,0,2,4,3,3,3,3,4,3,3,5,3,4,4,2,3,1,1,2,2,2,3,3,3,3,3,3,3,3,3,3,4,1,1,1,2,3,3,3,3,2,1,1,2,2,3,3,3,3,1,1,1,1,1,1,1,1,1,2,2,2,2,2,2,2,3,2,3,5,5,5,4,2,1,1,1,1,1,2,2,1,2,3,5,4,3,3,3,1,2,3,4,4,3,3,3,3,2,3,3,3,3,3,2,2,3,2,3,3,3,3,2,3,3,2,2,2,2,2,2,1,1,1,1,2,2,2,3,3,2,1,1,2,1,1,2,2,2,2,2,2,2,2,2,2,2,1,3,2,2,2,1,3,3,1,3,4,3,2,1,1,2,2,3,3,3,4,3,4,3,4,3,2,1,2,3,1,2,1,1,2,2,3,3,3,2,3,3,2,2,3,3,2,2,2,2,2,2,2,2,2,3,3,3,3,1,1,1,4,4,2,0,1,1,2,3,1,1,1,1,1,1,2,2,1,1,1,1,1,2,2,3,3,2,2,2,2,2,2,3,3,4,4,2,2,2,2,1,1,2,1,1,1,2,2,2,2,1,1,2,3,4,3,2,1,2,1,1,1,1,1,1,3,3,2,2,2,3,4,5,2,1,2,2,2,3,3,3,2,1,1,2,3,4,4,2,2,4,4,4,4,3,1,4,5,2,1,2,3,3,3,2,2,2,2,2,1,1,1,1,2,1,1,1,2,2,1,2,2,1,3,3,2,3,3,1,3,2,2,3,3,3,3,3,3,2,2,2,2,2,2,2,3,5,4,3,2,2,2,3,2,2,2,3,3,3,2,3,1,1,3,3,3,2,2,2,2,2,2,1,1,1,1,1,4,2,1,3,3,4,3,4,2,1,1,1,1,1,2,1,0,0,2,2,2,3,3,2,2,2,2,3,3,3,3,3,3,2,2,2,4,4,3,2,3,4,4,3,4,4,3,4,3,3,3,2,3,2,1,1,1,1,1,1,1,1,1,1,3,3
350,4,4,2,1,2,5,3,0,2,2,2,2,2,3,2,2,1,1,3,3,3,3,2,2,4,4,3,3,2,2,2,2,2,3,3,3,2,2,3,7,7,5,4,3,5,4,4,3,1,1,1,3,3,3,1,1,3,1,2,3,4,3,1,4,2,4,4,4,4,3,3,2,1,2,2,3,3,3,3,1,1,1,0,0,1,2,1,2,2,2,2,2,2,3,3,2,2,3,2,3,2,2,2,2,4,3,3,4,4,2,2,5,4,2,4,4,4,5,4,3,5,6,5,4,4,4,3,2,2,2,2,2,2,2,2,2,2,2,3,3,3,3,3,3,2,2,3,4,3,2,2,4,4,3,3,3,3,3,3,4,3,3,2,3,2,3,1,2,3,3,4,4,4,4,3,4,2,3,2,2,3,3,4,5,4,2,4,3,4,5,4,0,2,3,4,4,3,3,3,1,3,4,3,4,5,3,3,2,3,3,3,3,5,4,2,1,2,3,4,2,2,2,1,1,1,1,2,3,3,4,3,3,3,4,4,3,2,1,0,2,2,3,3,2,3,4,3,4,4,1,1,2,3,4,2,3,3,3,3,3,3,3,3,3,3,3,3,3,3,3,3,2,3,3,3,3,2,2,2,2,4,4,4,4,3,2,2,4,3,2,2,2,2,2,3,4,4,3,3,3,3,3,3,2,3,3,1,1,2,3,2,1,2,2,3,3,3,3,3,3,2,2,2,2,2,1,1,3,3,3,3,3,3,3,3,3,3,5,5,5,5,3,3,2,2,2,2,2,2,2,3,3,4,4,3,2,2,3,3,3,3,3,3,3,2,2,4,4,3,3,3,3,2,2,2,3,3,3,3,3,3,3,3,3,3,3,2,3,2,2,3,3,4,5,5,3,3,4,4,3,3,3,3,3,3,2,3,3,3,3,3,3,3,3,2,3,3,3,3,3,3,3,2,1,1,1,1,2,2,1,1,3,2,3,2,2,3,4,2,1,2,1,2,2,3,1,1,1,1,2,2,1,1,3,3,2,2,2,2,2,2,2,2,3,4,4,2,2,3,3,2,1,1,2,2,2,2,4,3,2,2,3,2,2,2,4,1,1,1,1,1,1,3,3,3,2,1,2,2,2,2,2,1,0,1,1,1,1,2,2,1,2,2,1,2,2,2,2,3,2,2,2,2,1,1,0,1,3,3,3,3,3,3,3,3,3,3,3,3,3,3,3,3,1,1,2,2,1,2,2,3,6,5,4,4,3,3,2,1,2,3,3,3,4,4,4,4,4,2,1,3,5,3,1,1,4,3,4,3,3,1,1,2,3,3,3,3,3,3,3,4,2,4,5,4,3,1,0,1,2,2,2,3,3,3,2,2,1,1,1,1,1,1,1,1,2,1,1,1,1,1,1,2,1,2,2,2,1,2,2,1,2,1,1,1,2,2,3,3,3,2,2,4,4,4,3,3,2,2,1,1,1,3,3,2,0,1,2,2,3,4,4,2,4,4,4,4,4,4,4,4,4,3,3,3,3,3,3,3,4,5,3,1,1,2,2,3,1,2,2,2,2,2,2,2,2,1,2,2,2,2,2,3,1,1,1,1,1,1,1,1,1,1,1,1,1,1,3,1,1,1,1,1,1,2,2,2,3,2,2,2,2,3,3,2,2,2,2,2,2,2,3,3,2,2,2,2,3,2,1,1,1,3,4,3,3,2,3,2,2,2,2,1,1,1,1,1,3,4,4,4,4,4,3,5,4,3,4,3,1,1,2,3,1,1,1,1,1,3,3,2,2,2,2,2,2,2,2,1,2,1,1,1,1,2,1,2,3,3,3,2,3,4,3,3,2,1,2,3,3,3,3,3,1,3,3,3,3,3,3,4,2,2,2,2,2,2,2,2,2,2,2,1,1,1,1,1,3,3,2,2,3,3,4,4,3,2,3,3,2,2,3,3,2,2,2,2,2,3,3,3,3,3,3,3,4,4,4,3,1,1,2,2,2,2,2,3,2,3,3,2,3,2,1,2,2,2,2,2,2,2,2,2,3,3,2,3,3,3,1,1,2,2,2,2,2,2,2,2,2,2,3,3,2,3,2,2,2,2,2,2,2,1,2,1,1,1,2,2,1,1,1,1,2,2,2,2,2,2,2,2,3,3,2,2,2,2,3,3,1,1,1,2,3,3,1,1,3,3,2,2,2,2,4,4,3,2,3,3,3,3,4,5,4,3,2,3,3,2,2,2,3,3,3,3,3,3,3,3,2,2,2,2,2,2,2,2,2,2,2,2,2,2,1,2,3,3,2,3,3,2,1,1,3,2
351,2,2,2,1,1,1,1,3,2,1,1,1,1,2,2,2,3,3,2,2,1,2,4,4,3,2,3,3,2,1,2,2,3,5,6,6,5,2,3,4,4,5,6,6,5,5,3,3,2,1,1,2,3,3,1,3,5,3,2,3,4,3,0,2,1,1,3,3,3,2,1,2,2,3,4,4,4,4,4,5,5,4,4,3,3,3,3,1,0,2,3,2,3,3,4,4,3,4,4,4,4,3,2,3,3,4,4,4,4,4,4,3,2,2,2,2,3,3,3,3,3,3,3,3,3,4,6,3,2,2,2,2,2,2,2,1,2,3,4,4,3,1,2,1,1,1,1,1,2,3,1,0,1,3,3,3,3,4,5,3,3,3,2,2,3,2,2,3,4,4,4,4,4,4,4,2,1,2,1,1,1,2,2,2,3,2,2,2,3,2,3,2,2,3,3,3,3,3,4,3,2,2,2,2,3,4,2,3,3,2,2,2,2,3,4,4,4,3,3,3,3,2,2,4,4,4,4,4,4,4,4,3,3,3,3,3,3,3,3,2,3,4,5,6,4,3,2,2,2,2,4,4,5,6,3,2,3,3,4,4,3,3,2,3,3,3,3,3,2,2,2,0,1,1,2,2,2,2,3,2,3,3,4,4,3,4,2,2,2,2,3,3,3,3,3,3,2,3,3,3,3,2,3,3,2,1,2,4,4,1,1,4,3,1,3,4,5,3,2,1,1,1,1,1,1,1,2,3,2,2,2,3,4,3,2,3,4,2,2,4,4,3,4,5,3,3,3,3,3,3,4,4,3,2,2,2,2,2,3,3,4,4,4,4,4,5,5,3,3,4,3,3,3,4,5,3,3,3,3,2,3,5,3,2,3,2,2,3,3,2,1,2,2,2,2,2,2,2,2,2,2,2,3,2,3,4,2,2,2,2,2,2,2,3,3,4,3,3,3,2,1,1,2,2,2,3,3,2,2,3,2,3,3,3,3,4,4,4,3,3,5,5,4,2,2,2,2,1,2,0,0,1,3,3,3,1,1,2,2,1,1,1,1,4,4,5,5,4,4,3,3,2,1,2,2,2,2,2,2,2,2,2,2,2,2,2,1,2,3,4,4,3,3,2,2,2,3,3,3,4,3,2,4,3,2,1,2,2,2,2,2,3,4,4,2,1,1,1,3,3,2,3,4,3,2,2,2,2,2,2,2,2,2,2,2,1,2,4,4,4,4,2,1,2,2,2,2,2,2,2,2,1,1,2,2,2,2,3,3,2,2,2,2,2,2,2,2,4,4,4,3,3,3,3,3,2,2,2,3,3,3,3,4,2,1,2,1,1,2,2,1,2,3,2,2,2,2,3,3,3,4,6,6,5,4,3,2,2,2,2,4,3,2,2,2,4,4,2,1,1,3,3,2,1,1,2,2,2,3,3,3,2,1,1,1,1,1,1,1,1,2,2,2,3,4,2,2,3,2,2,3,3,4,4,2,2,2,2,3,3,3,4,3,3,3,3,3,3,2,2,3,1,1,3,2,1,1,2,2,3,2,1,1,1,2,4,4,2,2,2,2,3,4,4,4,3,3,3,3,3,3,3,2,2,3,3,4,5,4,1,2,2,3,3,3,3,2,2,2,3,2,1,2,2,3,3,2,2,2,2,3,3,3,2,2,2,1,2,2,2,2,1,1,1,1,3,4,2,1,2,2,2,3,4,3,3,4,4,3,2,3,4,3,4,3,2,3,4,3,2,2,4,5,4,2,3,5,3,3,3,2,2,2,1,1,1,2,3,3,3,4,2,1,3,3,2,1,2,2,5,4,3,2,2,2,3,3,2,2,2,2,2,2,2,2,3,3,3,3,3,3,3,3,2,1,1,2,2,1,2,2,3,2,1,1,2,2,1,1,3,3,3,2,2,2,2,3,3,4,3,3,2,2,1,1,1,2,2,3,2,3,4,3,4,5,2,2,3,4,3,1,1,3,2,2,2,2,3,2,1,2,3,3,2,2,4,4,3,3,3,3,3,3,2,1,4,4,3,3,3,2,2,1,2,3,3,4,5,5,5,5,3,2,2,2,2,2,2,1,2,2,1,2,2,2,2,3,2,2,2,3,3,4,4,5,4,3,3,3,3,3,3,3,2,1,2,2,3,3,3,3,0,0,1,2,3,3,3,4,3,3,2,3,3,2,2,2,2,2,1,1,2,2,2,1,3,3,3,3,3,3,3,3,1,1,2,2,3,3,3,4,1,1,1,1,1,1,1,1,4,4,4,4,4,4,4,4,3,3,3,2,2,2,3,3,3,5,4,1,0,2,3,2,3,3
352,3,2,3,3,3,3,1,2,2,2,2,2,2,4,3,4,3,2,2,3,3,3,4,2,2,2,2,2,2,2,2,2,3,3,3,4,3,3,3,1,2,2,2,1,1,1,3,3,1,1,2,2,3,4,3,2,3,3,3,3,4,4,4,3,2,1,3,3,3,5,5,0,0,3,3,3,2,3,4,2,2,2,1,1,1,2,2,0,1,0,1,2,3,3,3,5,4,2,3,4,4,3,2,2,4,4,3,4,4,1,0,4,5,5,4,3,3,2,3,0,1,2,4,4,3,3,2,1,1,1,1,1,1,1,1,1,1,1,2,2,2,2,2,2,2,0,0,1,1,2,2,1,1,2,4,3,3,2,1,2,2,2,2,2,2,2,1,3,3,1,1,2,2,1,2,2,2,3,3,3,3,1,2,1,1,2,3,2,3,2,1,2,2,2,3,2,1,2,2,2,4,3,1,2,2,3,3,2,2,1,2,1,1,1,1,2,4,2,1,1,1,2,3,4,3,3,3,3,3,3,3,3,3,3,3,3,3,3,4,3,2,1,2,2,2,3,2,1,2,2,2,3,2,3,4,4,3,4,3,3,3,3,3,3,2,3,4,2,1,2,2,2,3,3,3,3,2,2,3,3,2,3,3,3,2,3,2,2,2,2,2,2,2,2,2,3,6,4,4,4,3,3,2,3,6,5,4,3,2,2,2,3,3,2,3,3,2,2,1,3,5,4,1,1,2,1,0,2,4,2,3,2,1,3,3,1,2,4,4,2,1,2,2,1,1,2,2,2,1,1,2,2,3,3,2,2,2,3,3,3,2,2,3,3,4,4,2,3,2,3,3,3,2,2,3,4,3,3,3,2,2,3,3,1,1,1,1,1,1,1,2,3,3,3,3,2,3,4,4,6,5,5,4,2,3,4,4,3,4,4,3,5,6,4,1,2,2,3,3,3,3,3,3,2,2,3,4,3,3,4,4,5,4,4,3,3,4,4,5,4,1,1,1,1,1,1,1,1,0,1,3,3,3,3,1,1,2,3,3,3,2,2,2,3,2,2,2,2,2,2,2,2,2,3,3,3,3,3,2,3,3,3,3,3,3,3,3,2,1,1,1,1,1,1,2,1,3,4,4,3,3,4,5,6,3,1,1,1,1,2,3,2,0,2,3,1,2,2,2,1,2,2,2,2,2,1,1,2,2,3,3,3,3,3,3,3,3,3,3,3,4,4,4,3,3,2,3,3,4,5,3,2,3,4,3,1,0,2,3,2,2,3,3,3,3,4,4,1,1,3,3,2,1,0,0,1,3,3,3,3,2,1,2,1,1,1,3,3,1,1,1,3,3,3,3,3,3,3,3,3,2,3,3,3,3,3,2,3,2,3,3,3,3,2,3,3,3,4,4,2,3,4,3,2,2,3,3,3,3,2,2,4,3,3,3,3,4,5,5,4,4,3,4,3,3,3,1,0,1,2,2,3,1,1,2,4,3,2,2,2,3,3,3,1,1,2,2,2,3,3,3,3,2,1,2,2,1,1,1,1,4,3,1,1,1,2,4,3,2,3,3,2,3,4,4,3,3,3,3,3,4,4,2,3,3,2,1,2,1,1,2,2,2,2,2,2,4,5,1,1,2,3,3,3,3,3,5,5,3,3,4,4,4,2,1,2,2,1,1,2,2,2,2,2,2,2,2,2,2,2,2,2,2,4,4,4,5,2,1,2,1,1,1,2,2,2,1,3,3,3,3,3,3,3,2,1,2,2,2,2,2,1,1,3,3,2,2,2,2,2,2,2,3,4,4,2,3,5,5,4,3,2,0,0,1,2,2,2,1,1,2,2,3,3,2,3,4,4,4,4,4,4,5,4,3,4,4,4,4,2,1,2,2,3,3,4,4,4,2,1,2,2,2,2,2,3,3,3,2,3,3,2,2,2,2,2,2,2,2,2,2,2,2,2,2,2,2,2,2,2,1,1,1,1,1,1,1,1,2,2,2,1,1,1,3,2,1,1,1,1,1,1,2,2,2,1,2,3,3,2,2,2,2,2,2,3,3,3,3,3,2,0,0,1,1,2,2,2,2,1,1,1,1,1,1,1,2,4,2,2,3,3,3,4,3,2,3,4,5,4,2,1,2,2,1,2,4,3,3,1,1,1,2,2,2,1,2,1,2,2,2,2,2,2,2,3,3,2,3,3,3,3,3,3,3,2,1,2,3,4,4,4,3,3,3,3,3,2,2,1,1,2,2,2,2,1,1,0,1,2,1,1,2,3,3,2,3,3,2,2,2,2,2,2,3,3,2,2,3,3,3,4,5,2,1
353,3,3,3,3,3,3,3,3,3,3,3,3,3,3,3,3,3,3,2,2,2,3,3,3,3,2,1,2,4,4,3,2,3,3,3,3,3,3,3,4,5,5,5,4,3,3,3,3,3,3,3,3,3,3,3,2,3,2,3,4,4,2,4,5,5,4,3,3,2,2,3,4,4,5,5,5,5,4,4,2,2,2,2,2,3,3,2,3,4,4,4,2,1,2,2,1,2,2,2,2,3,5,4,3,3,3,3,4,5,5,4,2,3,2,2,2,1,1,2,1,2,3,2,3,3,4,3,1,3,4,4,2,2,2,3,2,2,2,2,2,2,2,3,4,3,3,2,2,3,3,4,4,3,3,3,2,2,2,1,2,4,5,4,5,5,2,3,2,3,3,2,3,3,2,3,2,2,2,2,2,2,2,1,3,3,3,3,3,3,2,2,0,2,4,2,1,1,4,5,3,3,3,2,3,3,3,4,3,3,3,2,4,6,4,2,2,2,2,1,1,1,1,2,3,2,1,3,4,4,4,2,1,1,3,4,3,1,2,2,3,3,3,3,3,3,3,2,1,3,4,4,4,2,2,3,3,3,3,3,3,3,3,2,3,3,2,2,2,3,2,1,2,2,3,2,2,2,2,3,3,3,3,3,3,3,3,2,2,3,3,3,3,2,2,1,1,2,2,2,1,1,1,3,3,2,2,1,1,1,1,1,1,1,1,1,1,1,0,2,5,5,4,3,3,2,2,4,4,4,4,4,5,5,4,3,2,2,3,1,2,2,2,3,2,1,1,1,2,2,3,1,2,2,1,1,2,2,2,3,3,3,3,2,2,3,5,2,1,3,3,3,3,4,4,5,3,3,3,3,3,3,3,3,1,3,1,0,2,2,2,1,3,3,4,4,5,4,6,5,3,2,1,1,1,1,2,3,3,3,3,2,3,3,3,3,3,3,3,3,3,3,3,3,3,3,3,3,3,3,3,2,1,1,2,2,2,2,2,1,3,3,1,1,1,1,1,2,4,3,3,4,3,2,2,2,2,1,1,2,2,2,3,2,3,1,1,2,1,0,1,2,2,2,2,2,2,2,2,1,1,1,1,1,1,1,1,2,2,1,1,1,1,2,2,2,4,2,3,4,5,4,4,3,1,2,3,4,3,4,4,3,2,3,2,2,1,1,2,2,3,2,2,3,3,3,3,3,2,2,2,3,2,2,3,3,3,3,2,2,2,2,1,1,2,1,1,1,1,1,1,1,1,1,2,2,2,1,3,3,3,3,4,4,5,4,4,4,2,3,3,3,2,2,3,3,3,3,3,3,3,5,3,4,5,2,0,2,3,3,3,3,2,4,4,2,3,4,4,4,3,3,4,4,4,4,4,4,4,3,4,5,5,3,2,3,3,3,1,1,1,2,2,2,3,4,3,2,3,4,4,2,1,1,1,1,1,2,2,1,1,2,2,3,3,4,5,3,3,4,3,1,2,2,2,2,3,4,3,2,3,3,2,2,4,4,3,3,2,3,3,3,2,3,4,3,2,4,4,4,4,3,4,4,3,4,4,3,1,1,1,1,1,1,1,1,3,3,3,3,2,3,2,1,3,2,2,2,2,2,2,2,4,4,3,3,4,4,4,4,3,2,2,2,2,2,2,1,3,3,2,2,1,1,0,1,2,2,2,2,2,2,3,3,1,1,1,1,1,1,1,2,3,3,4,3,2,1,1,3,3,2,2,2,2,2,2,2,1,1,4,3,2,1,1,4,5,4,4,4,4,4,4,4,4,3,2,3,3,3,4,2,1,4,3,4,4,3,4,3,4,3,2,3,2,3,2,2,2,2,2,2,2,2,3,2,3,3,3,3,2,2,2,2,1,1,1,1,2,2,2,2,2,2,2,1,0,1,1,3,4,4,2,2,1,1,1,1,1,3,3,2,2,2,4,4,3,3,2,2,2,2,2,2,2,1,1,1,1,2,1,1,2,3,3,1,1,1,1,1,1,1,2,2,3,3,3,3,3,3,2,3,2,3,3,3,3,2,3,3,3,4,4,4,2,1,1,1,2,2,2,3,2,2,2,2,2,2,2,2,2,1,1,1,1,2,2,2,3,3,3,3,3,3,3,4,2,2,4,4,3,3,3,3,2,2,2,2,2,2,3,3,4,2,2,2,2,2,2,2,4,6,4,4,4,3,3,3,2,1,2,2,1,3,3,3,3,3,2,1,1,3,3,2,3,3,2,2,4,4,3,3,2,2,2,2,2,2,2,2,2,1,2,2,2,2,1,1,1,2,2,2,2,2,2,2,3,3,3,2,1,0,1,1,5,4
354,2,2,3,2,1,1,2,2,2,1,0,1,2,2,3,3,3,3,3,3,3,3,3,2,1,2,1,2,2,2,3,3,4,3,2,3,4,5,3,2,5,5,5,4,5,5,6,2,2,2,2,1,1,2,3,5,6,5,2,2,2,2,1,1,1,1,1,1,1,1,1,1,1,2,2,2,2,2,1,1,1,2,2,2,1,1,1,2,4,5,4,2,2,3,4,3,3,3,3,3,2,1,2,3,3,2,0,1,2,3,3,4,3,4,3,4,5,5,5,3,3,3,3,3,3,3,3,3,3,3,3,3,3,3,3,1,2,3,3,2,1,2,3,2,2,2,2,2,2,2,2,2,2,2,2,2,2,2,2,5,3,3,2,2,2,3,4,1,1,3,4,4,4,2,2,3,2,3,3,3,2,2,2,3,3,4,4,4,3,3,2,0,2,4,3,3,4,3,2,3,4,4,3,2,3,2,3,3,3,2,2,2,3,3,3,3,3,2,2,1,2,2,3,5,5,4,3,3,3,3,2,2,2,2,2,2,2,2,2,3,3,2,2,2,3,3,3,2,1,0,1,2,2,1,2,3,3,2,4,5,5,3,3,4,3,2,2,2,2,2,2,1,2,2,3,2,2,1,3,5,4,4,3,3,2,2,2,6,4,3,2,2,3,5,2,0,2,2,3,4,6,5,3,4,5,5,4,3,2,3,3,2,2,2,2,2,2,2,2,3,3,3,3,3,3,3,3,3,3,3,3,3,3,3,2,5,5,4,4,4,3,4,4,2,3,4,2,3,2,2,4,3,4,2,2,2,2,1,2,2,1,1,3,5,5,5,2,2,2,2,1,2,2,1,1,2,2,2,1,1,3,3,1,1,1,2,1,1,1,1,2,3,3,3,3,3,3,3,3,1,2,2,2,3,4,4,3,4,4,3,4,5,3,3,3,3,2,2,3,3,3,1,2,4,3,2,2,2,3,2,1,3,2,3,3,2,2,2,1,2,3,2,1,1,2,2,2,2,1,1,1,1,2,3,3,2,2,2,2,1,1,1,1,3,2,2,3,3,2,1,2,3,3,3,3,4,4,4,3,2,1,2,2,2,4,4,3,2,1,2,2,2,2,2,2,3,3,2,2,3,3,4,5,3,2,3,2,3,3,3,3,1,2,3,3,2,2,4,4,4,3,3,3,3,3,2,3,4,4,2,2,3,4,4,2,2,3,3,2,2,1,2,2,3,3,2,2,2,2,2,2,3,3,2,2,2,2,2,2,1,2,2,2,2,2,2,1,2,2,1,1,1,2,3,2,3,5,7,8,4,2,3,5,4,3,3,3,3,3,3,3,3,3,3,3,3,3,2,2,1,1,3,2,3,4,3,2,3,2,2,3,3,3,3,2,2,2,2,2,2,2,2,2,1,1,3,1,1,1,1,1,3,4,3,2,1,1,2,2,2,3,3,3,3,3,3,2,2,2,2,2,1,1,1,1,2,3,4,4,4,4,4,3,1,1,2,3,3,4,4,3,3,3,3,3,3,4,4,4,2,3,2,2,3,4,4,3,2,3,2,3,3,3,3,3,2,2,3,3,3,4,4,4,2,1,2,3,3,3,2,1,1,1,3,2,1,0,1,2,3,2,2,2,2,2,2,3,2,2,2,2,2,1,2,1,2,2,1,1,3,4,4,3,2,3,4,4,3,3,4,5,4,3,3,3,3,3,3,1,1,2,2,1,1,1,1,2,3,2,2,3,3,4,4,2,1,2,2,2,2,3,4,2,2,1,1,1,2,3,2,1,2,2,2,2,2,2,2,2,4,3,2,1,1,1,2,2,3,3,3,3,3,3,3,3,4,4,3,4,4,3,3,3,2,2,2,2,2,2,2,2,2,2,2,2,2,2,2,2,2,2,2,2,2,2,2,2,5,5,5,4,4,4,3,3,2,1,1,1,1,1,1,1,3,2,4,5,3,2,3,4,4,3,2,2,2,2,2,2,1,1,1,1,1,2,2,2,2,1,1,2,2,2,3,2,2,2,1,1,1,1,1,1,2,3,3,3,2,1,2,4,3,1,2,2,2,2,2,1,1,2,2,3,2,1,2,1,2,3,2,2,2,3,3,2,1,2,1,1,2,2,2,2,2,1,1,2,2,2,3,3,1,1,2,2,2,2,2,1,1,2,2,2,4,3,2,2,2,2,2,3,2,1,1,2,3,3,2,2,2,2,1,1,1,2,1,2,3,3,2,2,4,4,3,3,3,4,4,3,4,4,3,2,2,1,2,2,1,1,2,3,3,3,1,0,2,2,1,1,1,1,3,3,3,2
355,2,3,4,3,2,2,4,4,4,3,2,2,2,2,3,4,3,3,3,2,2,1,2,3,3,3,3,2,3,3,4,5,5,5,5,4,4,4,4,3,3,4,2,1,2,5,4,2,2,2,2,2,3,3,3,2,2,2,2,2,2,2,2,2,2,2,3,5,5,4,4,3,2,2,2,2,2,2,2,4,4,3,3,2,0,1,2,3,3,2,2,2,3,3,2,3,1,2,3,3,3,3,4,2,1,2,2,3,3,3,3,3,2,2,2,2,3,3,2,3,4,3,2,2,3,4,5,0,1,3,3,3,3,3,4,3,2,3,3,2,3,3,2,4,4,3,3,3,3,3,3,3,3,4,2,2,4,4,3,3,3,2,2,2,3,4,3,3,3,2,2,1,3,3,3,5,2,1,2,1,1,3,2,0,0,4,6,4,2,3,3,3,4,3,1,0,0,2,3,3,3,4,4,3,3,4,4,2,2,2,2,2,1,3,4,4,3,2,2,1,1,3,4,3,2,2,2,3,3,2,1,3,3,3,3,3,3,3,2,3,3,3,3,3,2,3,3,3,2,2,2,4,5,5,4,2,2,2,2,3,3,3,3,3,2,2,2,2,3,5,5,4,3,3,3,2,2,1,2,2,3,3,2,1,0,2,2,3,3,3,3,3,3,3,3,3,3,3,3,2,2,2,2,5,4,3,2,0,1,1,0,2,3,3,4,4,5,5,6,6,5,2,1,2,4,6,6,3,2,2,3,3,2,3,3,3,2,3,2,2,2,2,2,2,2,3,3,2,3,3,2,3,3,3,3,3,4,3,4,3,3,4,5,5,5,4,4,3,3,3,3,3,3,3,3,3,3,3,3,3,3,3,3,2,3,4,3,4,5,5,5,3,1,1,2,3,2,2,3,3,3,4,2,2,2,4,5,3,2,1,1,2,1,1,2,2,2,1,1,2,3,3,3,3,2,2,2,2,1,2,1,1,1,1,1,1,1,1,2,4,4,4,4,4,4,5,3,1,2,2,2,2,1,0,3,2,1,3,4,5,5,3,2,3,2,2,2,2,2,2,2,3,4,3,2,2,3,2,1,3,2,1,2,2,2,2,1,2,2,2,3,3,2,2,1,2,3,3,3,2,2,3,2,1,1,1,1,2,2,3,3,2,2,3,3,3,4,4,3,3,3,3,3,2,2,4,4,4,3,3,4,5,5,6,5,3,4,4,3,3,3,2,2,5,5,7,7,5,4,4,4,3,3,3,2,2,3,5,6,4,2,3,3,4,4,3,3,1,1,1,2,2,3,3,2,2,2,3,3,3,2,1,0,1,2,3,4,5,5,4,4,3,3,3,3,3,3,3,3,3,2,2,3,3,3,3,3,4,4,4,4,4,4,4,4,2,2,2,2,2,2,2,2,2,2,3,3,4,3,4,4,3,4,3,3,4,5,5,6,4,0,2,3,3,3,3,2,2,2,2,2,2,2,2,2,3,3,1,2,1,1,2,3,2,1,1,3,3,2,2,2,2,2,1,1,2,2,2,2,3,3,3,3,3,3,4,4,3,3,2,1,0,0,1,4,2,1,1,1,1,1,1,1,2,2,2,2,2,2,2,3,2,1,1,1,1,1,1,1,1,3,3,2,4,4,4,3,2,3,3,3,4,4,4,4,1,1,1,1,1,1,1,1,1,1,1,1,1,1,1,1,2,2,2,2,2,2,2,2,2,3,3,1,1,2,2,2,3,3,4,3,3,4,3,3,3,3,3,3,3,3,3,3,3,2,3,3,3,3,2,3,4,3,3,2,3,3,2,3,2,1,1,1,2,2,2,2,1,1,3,4,4,4,3,2,2,2,2,2,2,2,2,2,2,2,2,2,3,3,3,3,3,2,3,3,2,1,2,3,3,3,3,3,3,3,3,3,3,4,3,3,2,3,4,3,2,2,3,2,4,4,2,1,1,3,3,3,2,2,3,3,3,3,3,3,3,3,3,3,2,2,2,4,4,4,4,4,3,2,2,2,2,2,2,3,4,4,4,3,3,2,2,1,1,3,3,2,3,3,3,2,1,1,1,2,2,2,2,2,2,2,2,2,2,2,1,1,3,4,3,4,4,3,4,3,2,2,2,2,3,3,3,4,4,4,2,3,3,3,3,2,2,2,3,3,3,3,3,3,2,1,2,2,2,3,4,3,2,3,3,3,3,4,4,2,4,3,2,2,1,1,2,3,2,1,2,3,4,3,3,3,2,2,2,2,3,3,3,3,2,2,2,2,2,2,2,2,3,3,1,1,1,1,2,1,2,3,3,2,2,4,4,4,5,4
356,1,2,2,2,4,3,2,2,4,4,3,3,3,3,3,3,3,3,3,3,2,2,2,3,2,1,3,4,4,3,2,2,1,3,3,5,3,3,2,4,5,5,4,4,6,3,1,2,2,2,3,3,3,3,3,3,3,3,2,3,3,2,2,2,2,3,3,3,3,3,3,3,3,3,3,3,3,3,3,4,6,4,4,4,3,3,3,3,4,4,3,3,3,2,2,4,2,2,3,2,4,4,1,0,1,1,2,3,3,4,5,4,1,1,2,3,5,4,2,2,2,2,3,3,3,3,3,3,3,2,3,3,3,2,1,1,2,4,5,3,2,1,1,3,3,3,3,3,3,4,4,1,1,2,2,3,3,3,3,3,2,2,2,3,3,3,3,4,4,3,5,5,4,6,7,3,3,4,4,4,5,6,5,1,0,2,2,2,2,1,1,3,3,4,4,3,3,2,1,3,4,4,5,4,4,3,3,3,3,3,3,3,3,3,3,3,3,3,3,3,3,3,3,3,2,2,1,1,2,2,3,5,5,4,4,3,3,2,2,0,0,0,1,3,3,3,2,2,2,2,2,2,2,2,3,4,4,4,4,4,3,2,2,1,2,3,3,4,4,4,4,3,2,3,3,1,1,1,1,2,2,2,3,3,3,2,2,2,3,3,3,3,3,4,3,1,0,2,3,1,1,1,3,2,2,2,2,2,2,1,2,3,3,3,3,3,3,3,3,3,1,2,3,3,3,3,3,3,3,3,3,3,2,3,3,3,3,4,4,3,3,5,5,2,2,2,2,2,3,4,4,4,4,4,4,3,3,2,2,2,2,2,2,1,2,3,4,4,2,2,2,2,2,2,2,3,3,3,3,3,3,3,3,3,2,4,3,3,3,2,2,3,3,3,3,3,3,3,3,2,2,2,2,2,2,2,3,4,3,4,5,5,3,3,2,1,3,4,3,2,4,4,3,2,3,3,3,4,4,3,3,2,3,3,3,3,2,2,2,4,3,3,4,3,3,4,3,2,2,2,2,2,2,2,2,1,2,2,2,2,3,3,3,1,3,2,2,3,3,2,1,2,3,4,4,4,2,2,3,3,3,4,2,2,2,2,1,2,3,3,3,2,1,2,3,2,2,3,3,3,4,3,3,4,4,2,2,1,1,1,2,4,4,3,3,3,3,3,3,2,3,3,2,2,2,2,2,3,2,3,3,3,2,3,4,3,3,4,5,5,3,3,1,2,4,4,4,5,5,5,3,3,4,4,3,2,0,1,4,4,5,5,4,5,5,5,3,3,3,2,1,1,0,0,1,2,3,3,2,1,1,3,5,5,3,3,3,3,4,3,2,1,1,2,3,2,2,3,3,2,3,3,3,4,3,4,4,4,4,3,4,4,4,4,3,2,2,4,3,2,3,3,4,2,2,3,2,2,1,1,1,1,2,3,3,4,4,4,4,2,2,2,2,3,3,3,3,3,3,3,4,4,3,3,3,3,3,3,3,3,3,3,3,2,1,2,3,2,1,2,2,2,2,0,1,1,1,1,1,2,5,5,2,0,1,2,2,3,3,2,1,1,2,1,2,3,3,3,3,3,3,3,3,4,3,3,3,3,3,3,2,1,1,1,1,2,2,2,2,2,2,1,2,2,2,3,4,3,3,3,3,3,3,2,2,2,2,2,2,3,3,3,2,3,2,2,1,4,5,2,2,2,3,3,3,3,3,3,3,2,1,1,1,1,1,1,1,1,1,1,1,1,2,2,2,2,2,3,2,2,4,4,4,4,3,3,3,3,3,3,2,2,3,3,3,3,3,3,2,1,1,1,1,1,1,1,1,3,3,2,2,2,2,2,3,2,2,2,2,2,2,2,2,3,3,3,2,2,3,3,4,2,2,1,2,2,3,2,2,2,2,2,2,1,1,1,1,2,2,2,2,2,2,2,2,3,3,3,3,3,3,3,3,1,2,3,3,3,2,2,2,2,2,2,2,2,2,2,2,2,2,3,3,3,4,4,3,2,2,2,2,2,2,2,2,1,0,1,1,1,0,2,2,2,2,2,2,2,2,2,2,3,2,3,5,3,3,3,2,4,5,5,5,5,5,5,5,3,1,1,1,1,1,0,0,3,3,3,3,3,1,1,1,1,1,2,2,3,3,2,2,1,0,2,2,2,3,2,1,1,1,3,2,1,2,3,3,3,2,1,1,1,1,1,1,2,2,1,1,1,1,1,1,1,2,2,2,3,3,3,3,2,2,1,0,1,1,1,1,3,4,2,2,2,2,2,2,3,3,4,4,4,4,3,2,1,1,2,3,3,3,2,1,2,2
357,1,2,2,2,1,2,4,3,2,5,4,3,1,2,2,3,2,2,2,2,2,2,2,4,3,3,3,3,3,2,2,0,1,4,5,3,1,2,3,7,7,6,5,4,4,3,5,5,5,5,5,4,4,4,4,3,2,3,3,3,3,3,3,2,3,3,3,2,2,2,1,3,3,3,3,3,3,2,2,3,3,3,5,5,4,3,2,2,2,3,3,3,3,4,4,2,2,2,2,2,2,1,2,3,3,3,3,3,3,3,4,4,3,1,1,2,2,3,2,2,2,2,2,2,3,3,2,1,3,4,4,4,2,4,4,2,3,5,3,2,4,6,5,5,3,4,3,3,4,3,3,3,3,4,4,5,5,5,4,3,3,3,4,4,2,2,2,3,4,3,2,2,3,2,3,3,1,1,3,4,4,3,3,2,2,3,5,4,3,3,3,1,1,1,1,1,1,1,1,3,3,3,3,2,2,2,4,3,5,4,3,4,4,3,3,4,4,3,3,3,3,3,3,4,4,3,3,3,2,1,2,2,2,3,3,1,1,2,2,3,3,3,4,4,4,4,3,2,2,1,1,1,1,1,1,2,3,4,3,2,2,3,3,3,3,3,2,3,2,3,3,5,5,3,2,2,2,3,2,1,3,4,4,4,4,4,3,3,2,1,1,1,2,2,1,1,2,3,3,3,3,1,1,3,3,2,2,2,2,2,2,2,3,3,3,3,3,3,4,2,0,1,2,3,4,2,1,0,1,2,2,1,1,3,3,4,3,3,4,4,4,4,3,2,2,4,4,3,2,3,4,3,2,2,2,1,2,2,3,3,3,3,3,2,2,3,3,1,2,1,1,1,1,1,1,1,2,4,4,2,2,3,3,3,2,2,2,2,2,2,2,2,1,1,1,1,1,2,2,3,2,2,2,1,2,1,1,2,3,2,2,3,3,3,4,2,2,3,3,3,3,4,3,1,2,3,4,3,2,2,2,2,3,4,4,3,3,3,2,2,2,3,3,3,2,2,3,3,1,1,2,3,4,3,2,2,3,3,4,4,5,6,6,2,3,2,2,2,2,2,2,1,1,1,1,1,2,2,3,3,2,2,1,1,1,2,2,2,2,3,3,3,3,4,4,3,3,2,3,4,4,3,2,4,3,3,3,2,3,4,4,1,1,2,3,3,3,2,3,5,3,1,2,2,2,2,2,2,2,2,2,2,2,2,2,2,1,2,2,3,3,4,4,3,3,3,2,2,3,3,4,5,6,5,4,3,3,4,4,4,2,0,2,2,1,2,2,3,2,1,1,1,2,4,4,5,4,5,4,3,4,2,1,1,1,1,1,1,1,2,2,2,1,0,0,0,2,3,4,3,3,5,5,5,5,3,3,2,2,3,3,3,3,3,3,3,3,3,2,3,4,4,3,3,3,3,3,3,3,3,3,1,1,2,2,1,1,1,0,3,4,3,4,4,3,3,4,4,2,2,2,2,2,2,3,2,3,4,4,3,1,1,3,3,2,2,2,2,2,3,2,3,3,3,2,2,2,2,2,2,2,1,2,2,3,3,2,3,2,2,1,2,2,3,3,3,3,3,3,3,3,3,3,1,1,1,1,1,2,1,1,1,2,3,2,1,2,1,2,1,1,2,2,2,2,1,2,3,2,2,2,3,3,3,3,2,2,1,1,2,2,3,3,3,3,3,2,3,3,2,2,1,1,1,2,3,3,4,2,1,2,2,2,3,2,1,1,2,2,3,3,3,3,4,3,3,4,5,4,4,4,4,4,4,2,3,3,2,4,3,3,1,2,4,4,4,4,2,2,2,1,2,2,2,3,3,3,4,3,3,3,3,3,3,3,1,1,1,2,2,4,5,5,4,4,3,4,4,2,2,3,2,2,2,2,3,3,3,3,3,3,2,2,2,2,3,3,2,2,2,2,3,3,3,3,1,0,1,2,2,3,3,2,3,2,4,3,2,2,2,3,2,1,2,4,5,4,2,2,3,6,4,2,2,4,3,3,1,1,2,2,4,4,3,3,2,2,2,2,3,3,3,3,2,2,2,2,2,2,1,1,2,2,2,2,3,3,3,3,3,3,4,4,4,4,3,1,3,5,3,2,3,2,2,2,2,3,3,3,3,3,2,1,2,2,3,2,1,2,3,1,1,2,2,2,1,2,2,2,2,2,2,2,3,3,2,2,1,0,0,0,0,0,0,1,4,4,3,3,2,2,2,2,3,2,3,3,3,3,3,2,2,2,1,1,3,3,3,3,2,2,2,2,2,1,2,1,3,2,2,2,2,2,2,3,2,3,3,1,1,2,2,4,3,3
358,2,3,3,3,3,2,3,5,3,2,2,2,4,6,4,4,4,3,3,3,3,2,3,2,2,2,2,2,2,2,2,2,4,4,3,3,2,3,3,3,3,4,3,3,3,3,1,1,2,2,2,1,2,2,2,3,3,2,1,2,2,3,2,1,2,3,3,3,2,3,4,4,2,3,4,4,4,3,3,3,3,4,3,4,3,2,2,3,3,4,3,3,3,3,4,1,2,2,2,2,2,3,3,1,1,1,1,1,1,1,2,3,2,2,2,3,3,3,1,1,2,2,2,2,3,2,3,4,2,2,2,2,2,2,2,3,3,3,3,3,3,3,3,3,2,2,3,3,3,3,3,4,4,2,1,3,4,4,3,2,3,4,4,3,4,5,5,3,3,3,3,3,3,2,3,3,3,3,2,2,1,1,2,1,1,1,1,1,1,1,0,2,2,3,3,3,5,4,3,4,2,2,3,4,4,4,3,3,3,3,2,4,5,5,2,2,3,1,2,2,2,4,3,3,2,3,3,3,3,3,2,3,2,1,2,2,3,3,3,4,3,3,1,1,1,0,1,3,3,3,3,4,4,2,3,1,2,3,4,4,3,2,1,2,2,2,2,3,3,3,4,3,2,2,3,3,3,3,3,1,1,2,3,3,4,4,4,4,2,4,4,3,4,3,3,3,3,3,3,3,3,3,3,4,4,2,2,2,2,2,2,1,1,3,4,4,3,3,5,3,3,2,1,2,1,2,2,2,2,2,2,3,2,3,3,2,2,2,2,2,3,3,3,3,2,3,3,3,2,3,3,3,3,3,3,3,3,2,2,4,3,2,2,2,3,4,4,3,3,3,3,3,3,3,4,4,3,3,3,3,3,3,4,3,2,2,3,2,4,3,4,2,1,2,2,2,2,1,0,2,2,1,2,4,4,4,3,2,2,2,2,2,2,1,2,3,3,4,3,3,3,3,3,2,1,1,2,2,3,4,4,1,0,2,3,4,5,5,3,2,3,3,3,2,3,3,2,3,3,3,3,3,3,3,3,2,4,4,4,3,2,3,5,4,3,4,3,2,2,2,1,1,2,2,1,2,3,3,4,3,3,3,3,3,3,4,3,3,2,2,3,3,4,4,2,2,2,1,1,2,3,3,3,3,2,1,1,1,1,2,3,4,4,4,3,4,4,5,4,2,2,2,2,2,2,2,2,2,3,3,2,3,3,2,3,3,3,2,2,2,2,2,3,3,4,3,3,4,3,4,4,2,2,3,3,4,4,2,2,3,3,3,3,3,2,3,4,2,1,1,1,1,1,1,2,3,3,3,4,4,3,4,3,2,2,2,2,2,3,3,3,2,2,2,1,1,1,1,1,2,3,4,4,4,4,2,3,4,2,2,2,2,2,3,2,2,2,1,1,2,2,1,1,1,1,1,2,1,2,2,2,2,2,1,1,1,1,1,2,3,1,1,4,4,4,4,5,3,2,2,2,1,1,3,4,1,1,2,3,2,1,1,1,2,4,4,3,1,1,3,4,2,3,2,2,2,2,2,2,2,2,2,2,1,3,3,3,1,2,3,2,2,2,1,1,1,2,2,1,1,2,2,1,1,1,2,2,2,2,3,2,2,2,2,1,2,3,3,3,2,2,2,3,4,4,4,3,2,2,2,2,2,2,2,2,1,1,3,3,2,3,4,4,1,2,2,2,2,2,1,1,3,2,2,2,2,2,2,2,4,4,4,4,3,3,3,3,1,1,2,2,2,2,2,2,1,1,1,1,1,1,1,1,1,2,2,2,3,5,6,5,2,3,3,3,3,2,2,2,3,2,2,1,1,2,2,3,2,2,2,2,2,1,1,1,3,3,3,4,4,4,3,3,2,3,3,3,4,5,5,3,2,2,2,3,3,3,4,4,4,4,4,3,3,2,2,2,3,3,3,3,3,3,3,3,2,3,3,5,4,3,2,0,2,2,2,1,2,2,2,1,2,3,2,1,2,3,2,3,3,2,2,2,3,3,4,3,2,3,3,2,2,2,4,4,5,5,3,1,2,2,1,2,1,3,4,2,2,3,3,2,3,3,3,3,3,3,3,3,3,4,4,3,2,2,2,3,3,2,2,3,4,4,3,3,3,3,2,2,2,2,3,4,2,2,2,2,2,2,2,3,2,1,1,1,3,3,4,4,1,1,2,2,1,1,2,2,3,3,3,2,2,3,4,4,1,1,1,1,1,1,1,0,2,2,2,2,2,1,1,1,2,3,3,3,2,2,2,2,3,2,1,2,2,2,1,2,3,4,4,4,4,3,2,2,3,3,3,2,2,2,2,2,1,2
359,2,2,2,2,2,2,2,2,2,2,2,2,2,2,2,2,2,1,1,1,1,3,3,1,1,1,1,1,1,1,1,1,2,3,4,4,4,3,1,2,3,4,4,2,1,1,2,3,2,2,2,2,2,2,2,2,2,2,2,1,1,2,4,2,1,1,1,1,1,1,1,3,4,5,5,6,6,5,5,7,6,2,3,4,4,2,1,2,2,2,2,2,2,2,2,4,4,4,4,4,4,4,4,2,2,3,1,4,3,0,1,3,3,3,4,4,3,3,1,3,3,3,3,3,3,2,2,0,0,2,3,3,1,1,3,3,2,3,3,3,3,1,1,3,3,3,3,4,4,4,4,2,2,4,3,3,3,2,3,3,2,2,2,2,2,1,2,3,1,1,3,4,5,6,3,2,2,3,4,4,3,3,3,2,2,2,2,2,2,2,2,1,1,2,2,3,4,4,3,2,3,3,3,2,3,3,3,2,2,2,3,3,3,3,4,4,4,4,3,3,3,2,2,1,1,2,2,1,1,2,1,3,2,1,1,1,1,1,1,4,2,2,1,1,2,2,1,1,2,3,2,3,3,4,4,0,1,1,1,3,3,3,5,4,3,2,1,2,2,2,3,2,2,2,2,2,2,2,2,3,3,4,3,2,2,3,2,1,2,2,4,4,4,3,2,1,2,2,3,3,3,4,4,3,2,2,2,2,2,1,2,3,3,3,3,3,3,3,3,2,3,3,2,1,1,0,1,1,1,2,1,1,1,2,2,2,3,3,3,2,2,2,3,1,1,3,3,3,3,1,1,1,1,1,2,2,3,3,3,3,1,3,3,1,2,3,2,2,2,2,2,2,2,2,2,3,4,3,3,4,4,3,3,1,2,2,3,3,2,2,1,1,1,1,1,1,1,1,1,3,4,5,5,5,5,4,2,2,2,2,2,2,2,1,1,2,1,1,2,1,2,2,1,1,1,1,1,1,1,1,2,2,1,1,2,3,3,1,1,1,2,3,4,3,3,3,4,4,4,4,4,3,3,2,2,3,2,2,3,4,4,3,2,2,2,3,2,1,1,1,1,1,1,1,1,1,2,2,3,0,1,2,2,2,2,2,4,5,4,3,3,4,3,2,4,2,2,2,2,3,3,3,3,1,1,2,2,2,3,2,3,3,3,3,3,3,3,3,2,2,2,2,2,2,2,3,2,1,1,3,3,3,4,3,3,3,2,2,3,3,3,2,1,4,4,3,3,4,2,5,5,3,1,2,2,3,4,3,3,2,2,2,2,3,3,3,3,2,2,3,4,4,3,3,3,1,3,4,4,5,4,3,2,2,2,2,2,2,2,2,2,2,2,2,2,2,2,2,2,1,1,2,2,3,3,4,4,5,1,2,4,4,3,2,1,1,1,1,1,2,3,4,3,2,1,1,3,4,2,1,2,5,3,1,1,1,2,4,5,3,1,1,2,4,5,2,1,1,1,1,1,1,1,2,2,3,3,1,1,3,4,3,2,4,3,3,3,2,3,3,3,1,1,1,1,1,1,2,2,2,2,4,4,4,3,2,3,2,2,2,2,2,2,2,2,1,1,1,1,1,1,1,1,2,2,2,2,2,3,3,3,3,3,3,3,2,2,2,2,2,2,2,2,3,3,3,4,3,3,0,0,0,0,2,1,1,2,1,1,0,0,2,1,0,1,1,1,1,2,2,3,2,2,2,2,2,2,3,1,0,1,2,2,2,1,1,1,2,2,2,2,2,2,2,3,2,1,1,1,1,1,2,2,3,3,3,3,3,3,3,3,4,4,4,4,4,4,4,4,3,2,2,1,1,2,2,3,2,2,2,2,3,3,3,3,3,4,3,3,3,3,2,2,0,1,2,2,2,4,4,6,2,2,2,2,3,3,3,3,0,0,1,2,3,2,2,2,3,2,2,3,3,4,5,5,3,2,2,1,2,2,3,5,2,1,3,3,3,4,3,2,4,3,4,5,3,2,1,1,3,2,2,1,2,3,3,2,1,1,1,1,1,1,1,1,2,2,0,1,2,2,2,2,2,3,3,3,3,3,2,0,1,1,1,1,2,2,2,2,3,2,2,1,1,2,2,3,3,3,3,2,2,3,3,3,1,1,3,3,4,4,1,2,3,2,2,2,1,2,2,1,3,3,3,3,3,3,3,3,4,1,2,2,2,1,1,0,1,1,1,1,1,1,1,1,1,1,1,3,3,3,3,2,2,3,3,3,3,3,3,3,2,2,2,2,1,1,1,0,0,1,1,1,1,1,1,1,3,2,2,2,2,2,2,2,5,3,1,1,2,4,4,3,1,2
