,0,1,2,3,4,5,6,7,8,9,10,11,12,13,14,15,16,17,18,19,20,21,22,23,24,25,26,27,28,29,30,31,32,33,34,35,36,37,38,39,40,41,42,43,44,45,46,47,48,49,50,51,52,53,54,55,56,57,58,59,60,61,62,63,64,65,66,67,68,69,70,71,72,73,74,75,76,77,78,79,80,81,82,83,84,85,86,87,88,89,90,91,92,93,94,95,96,97,98,99,100,101,102,103,104,105,106,107,108,109,110,111,112,113,114,115,116,117,118,119,120,121,122,123,124,125,126,127,128,129,130,131,132,133,134,135,136,137,138,139,140,141,142,143,144,145,146,147,148,149,150,151,152,153,154,155,156,157,158,159,160,161,162,163,164,165,166,167,168,169,170,171,172,173,174,175,176,177,178,179,180,181,182,183,184,185,186,187,188,189,190,191,192,193,194,195,196,197,198,199,200,201,202,203,204,205,206,207,208,209,210,211,212,213,214,215,216,217,218,219,220,221,222,223,224,225,226,227,228,229,230,231,232,233,234,235,236,237,238,239,240,241,242,243,244,245,246,247,248,249,250,251,252,253,254,255,256,257,258,259,260,261,262,263,264,265,266,267,268,269,270,271,272,273,274,275,276,277,278,279,280,281,282,283,284,285,286,287,288,289,290,291,292,293,294,295,296,297,298,299,300,301,302,303,304,305,306,307,308,309,310,311,312,313,314,315,316,317,318,319,320,321,322,323,324,325,326,327,328,329,330,331,332,333,334,335,336,337,338,339,340,341,342,343,344,345,346,347,348,349,350,351,352,353,354,355,356,357,358,359,360,361,362,363,364,365,366,367,368,369,370,371,372,373,374,375,376,377,378,379,380,381,382,383,384,385,386,387,388,389,390,391,392,393,394,395,396,397,398,399,400,401,402,403,404,405,406,407,408,409,410,411,412,413,414,415,416,417,418,419,420,421,422,423,424,425,426,427,428,429,430,431,432,433,434,435,436,437,438,439,440,441,442,443,444,445,446,447,448,449,450,451,452,453,454,455,456,457,458,459,460,461,462,463,464,465,466,467,468,469,470,471,472,473,474,475,476,477,478,479,480,481,482,483,484,485,486,487,488,489,490,491,492,493,494,495,496,497,498,499,500,501,502,503,504,505,506,507,508,509,510,511,512,513,514,515,516,517,518,519,520,521,522,523,524,525,526,527,528,529,530,531,532,533,534,535,536,537,538,539,540,541,542,543,544,545,546,547,548,549,550,551,552,553,554,555,556,557,558,559,560,561,562,563,564,565,566,567,568,569,570,571,572,573,574,575,576,577,578,579,580,581,582,583,584,585,586,587,588,589,590,591,592,593,594,595,596,597,598,599,600,601,602,603,604,605,606,607,608,609,610,611,612,613,614,615,616,617,618,619,620,621,622,623,624,625,626,627,628,629,630,631,632,633,634,635,636,637,638,639,640,641,642,643,644,645,646,647,648,649,650,651,652,653,654,655,656,657,658,659,660,661,662,663,664,665,666,667,668,669,670,671,672,673,674,675,676,677,678,679,680,681,682,683,684,685,686,687,688,689,690,691,692,693,694,695,696,697,698,699,700,701,702,703,704,705,706,707,708,709,710,711,712,713,714,715,716,717,718,719,720,721,722,723,724,725,726,727,728,729,730,731,732,733,734,735,736,737,738,739,740,741,742,743,744,745,746,747,748,749,750,751,752,753,754,755,756,757,758,759,760,761,762,763,764,765,766,767,768,769,770,771,772,773,774,775,776,777,778,779,780,781,782,783,784,785,786,787,788,789,790,791,792,793,794,795,796,797,798,799,800,801,802,803,804,805,806,807,808,809,810,811,812,813,814,815,816,817,818,819,820,821,822,823,824,825,826,827,828,829,830,831,832,833,834,835,836,837,838,839,840,841,842,843,844,845,846,847,848,849,850,851,852,853,854,855,856,857,858,859,860,861,862,863,864,865,866,867,868,869,870,871,872,873,874,875,876,877,878,879,880,881,882,883,884,885,886,887,888,889,890,891,892,893,894,895,896,897,898,899,900,901,902,903,904,905,906,907,908,909,910,911,912,913,914,915,916,917,918,919,920,921,922,923,924,925,926,927,928,929,930,931,932,933,934,935,936,937,938,939,940,941,942,943,944,945,946,947,948,949,950,951,952,953,954,955,956,957,958,959,960,961,962,963,964,965,966,967,968,969,970,971,972,973,974,975,976,977,978,979,980,981,982,983,984,985,986,987,988,989,990,991,992,993,994,995,996,997,998,999,1000,1001,1002,1003,1004,1005,1006,1007,1008,1009,1010,1011,1012,1013,1014,1015,1016,1017,1018,1019,1020,1021,1022,1023,1024,1025,1026,1027,1028,1029,1030
0,5,4,1,1,1,3,1,1,2,3,3,2,3,5,5,4,3,1,1,4,4,4,3,2,3,5,4,4,3,2,1,3,3,4,5,5,5,4,4,3,3,4,4,5,5,4,5,5,4,2,1,2,3,3,4,4,4,5,5,6,6,4,3,3,4,4,3,1,2,2,3,3,2,3,3,3,3,3,2,2,2,5,7,7,6,4,5,5,6,3,1,1,2,2,4,5,5,4,5,3,2,3,3,3,3,4,3,2,2,3,4,5,3,7,7,5,3,1,3,4,4,4,6,4,2,3,5,7,5,9,7,5,4,10,13,10,5,3,3,3,3,6,5,4,4,4,5,6,6,5,3,1,4,4,4,4,5,5,5,5,4,3,4,4,4,2,2,3,4,5,4,3,3,2,3,3,2,2,3,3,2,2,3,3,2,4,5,4,4,5,5,4,5,5,5,3,2,1,2,4,6,4,4,3,3,2,1,1,1,2,2,2,1,2,1,1,3,7,6,6,5,5,5,4,4,3,3,5,4,3,1,2,6,5,3,3,4,4,4,5,5,4,5,4,2,3,3,3,4,4,4,2,1,2,4,4,6,5,3,3,2,2,2,2,3,3,4,6,6,4,2,2,4,5,5,2,2,4,3,2,2,3,3,2,2,2,3,3,5,2,1,2,2,1,3,3,2,2,4,5,6,5,5,5,5,4,4,5,5,2,2,3,2,2,3,4,3,2,2,3,1,3,5,3,4,5,6,5,3,2,3,4,4,3,2,2,3,3,2,2,4,5,7,8,6,6,5,4,4,5,5,3,3,3,4,4,5,5,6,7,9,4,1,2,3,1,1,4,5,5,4,4,4,6,7,6,4,5,4,3,3,2,4,4,2,3,3,3,2,2,2,4,4,3,4,2,1,1,3,2,2,4,6,6,6,5,4,5,6,4,3,5,5,4,4,2,1,2,1,1,3,4,6,6,7,5,4,3,6,7,3,3,5,5,3,2,2,3,5,3,6,12,7,4,5,7,9,6,4,3,3,3,4,4,4,4,5,5,4,3,4,4,4,5,5,3,2,2,3,3,3,3,4,4,6,6,4,4,4,4,4,2,2,3,3,3,4,2,2,3,5,4,3,3,4,4,2,2,3,2,2,5,4,1,1,4,5,7,8,8,7,5,5,4,4,4,2,3,3,3,4,5,5,2,3,4,6,7,5,3,4,4,5,5,4,4,4,2,4,4,1,1,2,4,3,4,4,4,4,4,5,6,6,1,1,2,2,3,3,3,4,4,4,3,3,3,5,6,5,5,3,4,4,3,3,4,4,2,1,2,5,6,6,6,6,7,4,5,4,2,2,3,3,4,4,3,3,3,4,4,4,4,4,4,4,3,2,1,3,7,5,4,5,6,5,5,5,4,5,7,6,5,4,4,4,5,6,6,5,4,4,3,2,3,4,5,4,3,2,1,1,2,2,4,5,4,3,2,2,2,2,3,3,2,2,3,4,4,6,6,6,4,5,6,5,5,4,3,3,4,4,4,3,3,4,5,4,3,3,2,2,4,5,4,4,3,3,3,5,3,2,2,3,2,2,1,3,4,3,4,3,3,5,7,7,4,3,4,4,3,3,3,3,4,5,4,4,5,6,5,3,6,4,4,3,1,2,2,3,3,2,2,3,4,4,4,4,2,3,2,3,5,5,4,5,4,4,4,4,3,5,5,5,4,4,4,2,1,2,3,3,3,3,1,1,1,3,3,3,2,1,2,4,3,3,3,1,3,2,3,3,3,3,3,3,2,2,4,2,3,4,4,5,4,4,6,5,4,3,3,5,3,4,5,4,3,3,2,2,3,3,4,3,3,3,4,4,4,5,4,4,4,4,5,4,3,3,3,3,3,2,3,3,4,5,4,3,4,4,4,5,4,2,2,2,2,3,4,3,2,4,6,5,4,5,5,2,2,3,4,4,3,4,4,3,3,3,3,5,5,3,3,3,4,5,3,4,4,4,4,3,2,2,3,3,3,3,6,5,2,2,2,2,3,3,4,4,4,4,3,4,3,2,1,2,3,3,2,2,2,3,2,4,3,3,3,4,4,3,3,3,3,4,7,7,4,3,2,2,2,2,5,4,3,2,2,3,4,3,4,2,2,2,3,4,3,2,2,2,4,4,3,3,4,2,1,2,3,3,2,1,2,2,2,2,2,3,3,2,3,4,3,2,4,4,2,3,3,2,3,2,2,3,3,3,3,3,6,6,6,4,2,2,2,2,2,2,3,4,4,4,2,4,7,6,6,3,2,4,5,7,3,2,3,4,5,4,3,3,4,5,2,1,2,6,4,4,4,3,3,3
1,5,4,4,3,2,2,2,3,2,4,6,5,5,5,5,6,6,3,4,4,3,3,3,4,2,4,4,4,3,3,3,3,5,4,4,4,5,6,5,5,5,0,1,2,2,1,2,3,5,5,6,6,4,2,3,4,4,2,2,3,4,6,6,4,4,4,3,4,5,4,2,2,4,3,2,2,2,3,3,1,2,0,1,3,4,4,3,4,4,3,3,3,3,3,3,3,3,2,1,4,5,4,4,3,2,3,3,4,4,3,2,1,2,3,4,2,1,2,3,2,2,2,2,3,3,3,3,3,3,3,3,3,4,6,5,4,4,4,2,1,1,3,3,3,2,3,4,3,3,5,5,4,3,7,5,5,3,3,3,2,1,1,1,3,4,4,2,2,2,3,3,4,4,4,3,3,2,3,6,6,5,3,2,2,2,1,2,3,3,3,3,1,3,3,5,3,3,3,4,4,4,2,3,4,3,3,4,4,4,4,4,3,2,3,2,3,5,3,3,2,3,2,1,1,1,4,4,4,4,3,3,3,2,2,3,4,5,5,4,3,2,5,4,4,4,4,4,3,3,3,4,4,5,4,4,5,5,3,3,2,2,1,1,2,2,2,1,1,2,2,2,2,2,3,3,3,3,3,3,3,3,3,3,4,6,4,3,4,4,3,2,2,1,1,2,3,3,2,3,4,3,4,3,2,1,3,4,4,4,3,2,2,3,2,2,3,3,3,3,3,2,2,2,2,2,1,1,1,1,2,4,3,2,2,3,3,4,4,5,5,4,5,5,5,5,2,2,2,2,1,1,2,2,2,3,3,4,3,4,4,3,3,4,5,5,3,2,3,3,3,3,4,3,4,4,5,3,1,4,4,3,4,3,3,4,6,6,6,4,3,3,2,2,3,4,4,3,3,3,3,3,0,2,4,3,4,4,2,2,2,1,1,2,3,5,6,5,2,4,4,4,3,3,2,2,2,2,3,2,2,2,4,4,1,1,2,3,3,3,2,2,5,3,3,3,3,2,4,2,3,3,2,2,3,3,2,3,3,3,3,4,4,4,5,5,3,3,4,4,3,3,2,1,2,1,3,5,5,5,3,3,5,6,6,6,6,5,4,4,3,2,1,2,2,2,1,1,1,3,4,3,2,1,3,4,3,3,4,4,4,4,5,5,4,4,6,4,2,4,5,4,4,2,1,4,5,4,4,4,4,4,3,3,3,5,6,6,6,6,5,5,4,3,3,2,1,2,3,3,2,0,1,3,3,3,2,2,1,1,2,3,4,4,2,1,1,2,2,3,5,5,4,4,3,3,3,3,3,6,5,3,4,6,7,5,2,2,1,1,1,2,2,2,3,3,5,5,5,5,3,4,5,4,2,2,2,1,1,3,4,5,4,4,5,5,4,4,0,3,6,6,7,7,8,9,1,1,1,2,2,1,2,3,3,4,2,2,3,2,2,4,5,4,4,3,3,2,4,3,4,4,3,3,2,3,3,2,2,4,2,2,2,3,4,3,4,4,4,3,3,3,3,3,3,3,3,3,3,3,3,3,1,1,1,2,2,2,3,3,3,3,3,3,3,3,3,2,3,4,4,3,3,2,2,2,1,1,1,2,2,2,2,2,1,0,0,1,3,3,2,2,3,3,3,3,3,2,2,3,5,3,1,1,3,3,3,3,3,2,1,1,1,2,2,2,2,4,4,4,3,3,6,5,2,2,2,2,2,2,2,1,1,2,1,0,1,3,4,3,4,5,6,4,2,2,5,3,1,1,1,1,1,2,3,4,3,2,3,5,3,2,1,0,0,1,2,4,4,4,2,4,4,3,3,2,2,2,3,3,2,2,2,2,2,2,2,2,4,3,2,2,1,1,1,3,5,5,4,3,3,3,2,2,3,5,4,2,1,1,1,2,2,2,2,2,2,2,2,2,1,2,2,2,1,2,1,2,3,3,3,2,2,3,4,4,2,2,2,1,2,2,2,1,3,4,2,3,3,1,1,3,4,4,5,6,6,5,2,1,1,1,2,2,1,2,4,1,0,1,2,3,2,2,1,1,2,1,1,2,3,4,4,3,2,1,1,2,2,2,2,2,2,1,1,1,1,2,4,3,4,3,4,4,3,4,2,3,5,7,6,4,2,2,3,2,3,6,6,4,4,5,5,4,3,3,4,4,4,3,3,4,7,5,3,2,3,3,3,2,4,3,2,3,3,4,3,3,4,4,3,2,3,3,3,4,6,5,5,4,4,3,2,2,1,1,1,1,1,1,1,2,2,2,2,2,2,2,2,2,3,2,2,2,2,2,3,2,1,1,1,2,1,2,2,3,1,1,1,2,2,3
2,6,2,1,2,4,4,5,4,4,2,2,2,2,3,3,2,2,2,1,2,2,2,3,2,2,2,2,2,1,0,2,2,2,1,2,2,2,2,2,2,2,3,3,3,3,2,2,2,1,3,4,4,3,3,3,2,2,1,3,4,4,2,1,2,4,4,5,5,3,2,1,1,2,2,3,4,4,3,4,5,5,3,4,3,3,2,1,1,0,5,6,5,5,5,5,3,2,2,4,4,4,3,3,3,3,3,3,3,3,2,3,3,3,2,1,3,3,4,4,3,4,2,1,1,1,1,1,1,1,3,4,4,5,4,3,3,3,3,3,3,2,1,1,1,3,2,1,1,3,4,5,4,2,3,3,3,3,4,3,3,3,2,2,2,4,4,4,5,5,5,3,3,3,3,3,5,4,4,4,4,3,4,4,3,5,3,3,4,4,4,4,5,5,3,3,3,3,3,3,3,3,1,0,2,3,3,1,3,4,2,2,2,2,2,2,2,2,5,5,3,1,1,1,2,4,1,1,3,3,3,3,3,4,4,2,1,2,1,2,4,4,2,1,1,2,2,3,5,2,0,2,1,1,1,1,4,5,3,3,3,2,2,2,2,3,5,5,5,5,6,5,4,4,3,3,3,3,3,3,3,3,2,2,3,3,4,4,4,4,3,3,3,3,3,3,3,3,3,3,3,3,3,3,3,3,4,5,4,4,2,1,2,3,3,3,1,1,3,4,4,3,2,1,3,3,3,3,3,2,1,3,4,5,5,2,2,4,3,2,4,5,5,6,3,3,3,2,2,3,3,3,3,3,2,2,2,2,1,1,2,3,4,3,2,1,2,3,4,4,3,3,3,3,3,2,2,2,1,1,3,4,4,3,3,2,1,3,7,9,4,2,3,5,4,3,2,1,2,2,2,2,3,3,3,4,5,4,3,3,2,3,1,1,3,3,3,3,1,2,2,4,4,5,5,3,3,3,4,4,4,4,4,4,1,1,2,4,5,4,2,1,3,2,3,3,3,2,1,1,1,3,3,3,3,4,4,7,2,1,1,1,2,3,3,3,2,2,1,1,2,3,3,3,1,1,1,1,3,4,4,4,4,5,3,2,2,3,4,3,4,5,3,3,4,5,5,4,4,4,3,2,2,1,2,3,3,1,3,4,4,5,4,4,3,4,3,3,2,2,3,3,1,2,3,4,4,3,2,2,3,4,4,4,4,4,4,4,3,2,1,1,1,3,4,4,3,3,4,4,4,3,3,4,5,5,4,2,3,2,1,1,3,3,3,2,3,3,3,3,3,2,2,3,4,3,2,2,3,3,4,3,4,4,4,4,3,2,2,2,2,2,2,1,1,1,3,2,1,2,4,4,2,2,2,2,3,2,2,2,0,0,2,3,3,4,3,3,2,2,3,3,3,4,3,3,2,2,2,3,3,2,2,2,3,3,3,3,3,3,2,2,1,1,1,3,3,3,2,2,2,2,2,2,3,3,3,3,2,3,4,3,3,3,5,5,2,2,3,2,1,1,2,2,2,3,4,4,3,3,3,3,2,3,3,3,3,3,3,3,1,1,1,1,1,1,1,1,1,1,2,2,2,2,2,2,3,3,2,2,4,5,5,5,4,5,3,2,2,3,3,4,3,3,3,3,3,3,3,3,6,5,4,2,2,5,5,4,3,3,2,2,3,3,3,3,5,4,4,4,4,4,4,4,2,2,1,1,1,1,1,1,3,3,3,3,3,2,2,2,2,3,4,4,4,4,2,3,2,4,5,5,3,3,3,3,4,4,4,3,5,5,4,4,6,5,4,3,3,3,4,5,4,5,3,2,5,5,3,2,2,3,5,6,5,2,2,4,4,2,2,1,3,4,3,2,2,2,2,3,3,3,2,3,4,4,3,3,3,2,3,2,1,3,4,3,2,2,3,4,2,2,3,3,3,3,2,2,3,4,2,2,2,4,5,4,4,4,2,2,3,4,5,4,1,2,2,2,2,3,2,3,4,3,2,3,4,4,3,1,3,2,3,3,3,3,2,2,5,4,4,4,5,5,4,3,2,2,2,3,3,3,5,5,4,4,3,4,2,2,2,2,2,2,1,1,1,2,3,3,4,4,5,3,3,2,4,4,3,4,5,2,3,5,4,2,4,5,4,1,2,4,4,3,3,2,4,5,5,5,5,4,3,3,3,3,3,3,4,3,0,1,1,2,1,4,3,3,3,3,4,5,4,2,2,3,3,3,3,3,4,4,3,3,4,3,3,3,3,3,2,3,2,3,3,4,4,3,4,3,2,1,1,1,1,2,1,1,2,2,3,3,4,3,3,2,3,3,3,3,3,3
3,9,1,2,3,4,4,4,3,1,1,1,1,1,1,1,1,1,3,3,3,3,3,3,3,3,4,3,3,3,3,3,3,3,1,2,4,5,7,6,5,3,4,4,3,1,1,1,2,3,3,3,3,3,3,3,3,3,3,3,2,3,3,2,3,3,1,2,3,3,4,4,4,6,6,6,5,5,5,3,3,3,3,3,3,2,2,2,3,5,3,1,2,2,2,2,3,3,4,4,3,2,2,3,4,4,2,2,4,6,6,5,1,1,3,3,3,3,2,2,3,3,4,4,5,6,6,5,4,4,6,6,6,5,5,5,5,5,4,4,4,3,3,3,2,2,3,3,3,3,2,2,2,2,2,2,2,1,2,2,2,2,5,4,1,0,3,4,4,4,4,3,3,2,2,3,4,4,3,3,3,3,3,3,2,2,1,1,1,2,2,2,1,1,3,3,3,3,3,3,3,3,2,2,3,3,3,3,4,4,2,1,3,3,3,4,4,4,3,3,5,6,4,3,3,3,5,4,3,3,3,3,3,2,1,1,1,1,1,1,1,1,3,4,4,3,2,2,3,3,2,2,2,2,2,2,3,4,6,5,4,2,2,2,4,3,3,4,3,4,4,4,4,3,2,2,3,4,4,4,5,4,2,3,2,2,2,3,2,4,4,4,2,1,1,4,5,4,3,3,3,3,3,3,3,2,4,5,4,4,3,2,1,2,4,4,3,3,3,3,3,2,1,2,3,4,2,1,1,1,3,4,2,3,2,2,4,3,3,3,3,3,3,3,3,4,3,3,2,2,2,1,1,1,0,1,1,2,3,2,3,3,3,5,4,2,1,1,2,3,1,2,7,8,6,4,2,3,6,5,3,3,4,4,3,3,3,3,3,3,1,2,4,4,4,4,5,4,3,3,3,3,3,3,3,3,3,3,3,4,5,4,5,4,4,4,3,3,4,3,4,5,5,5,4,4,2,2,2,2,2,2,2,2,3,3,3,3,3,3,3,4,3,2,2,2,2,3,2,2,2,2,2,3,2,2,4,3,2,2,2,2,2,3,4,5,4,3,1,0,1,2,2,3,3,2,4,3,3,5,6,3,3,5,3,1,4,6,5,6,4,2,2,2,2,2,1,1,3,2,4,3,2,4,3,3,3,3,3,3,3,3,3,4,1,2,3,3,3,1,1,2,5,4,4,4,3,3,3,2,1,1,1,2,2,2,2,2,2,2,3,3,3,3,3,3,3,1,1,1,3,5,3,1,6,5,3,3,3,3,4,3,2,2,3,4,3,2,2,2,2,2,2,2,3,2,3,2,2,2,2,2,2,3,4,3,1,1,2,2,3,3,3,5,6,4,3,3,2,1,1,1,2,2,2,2,2,2,3,3,4,4,4,3,4,4,3,2,1,3,3,3,4,4,4,4,5,4,3,3,5,5,3,3,1,1,2,2,3,3,3,4,5,4,4,4,5,3,3,4,3,2,1,1,1,3,3,3,2,2,2,2,2,2,2,3,3,3,3,3,4,3,4,3,2,2,2,1,3,3,4,3,2,2,2,2,1,2,1,2,3,3,3,3,3,2,2,2,2,3,4,4,3,3,4,6,0,3,6,5,2,2,6,5,0,2,2,2,3,4,1,3,2,2,1,2,2,1,1,1,4,4,3,4,4,4,3,1,2,3,2,2,2,2,2,1,3,4,4,4,2,3,3,3,1,1,1,1,2,3,3,4,2,1,2,1,1,1,1,1,1,1,1,1,1,1,1,2,2,2,2,2,2,2,2,2,3,3,3,3,3,3,3,3,2,3,3,2,2,2,3,5,4,3,3,3,3,3,5,3,2,3,3,3,4,4,5,3,0,2,3,3,4,4,2,2,2,2,2,2,2,2,2,4,5,3,3,3,5,5,3,3,1,1,1,1,2,2,3,3,4,2,3,3,5,4,4,3,3,1,1,1,1,2,4,3,1,3,4,3,3,3,3,2,5,6,6,5,4,5,6,5,5,3,3,4,4,4,4,4,3,1,2,4,3,4,4,3,2,2,2,2,2,2,2,2,2,2,2,2,2,2,2,2,3,3,3,1,1,2,2,2,1,1,1,1,2,2,4,4,2,4,4,4,2,2,2,3,5,4,2,1,1,2,2,1,3,4,4,4,5,5,5,4,3,4,4,2,2,2,4,4,0,1,2,3,3,3,5,4,2,2,2,2,3,3,2,1,2,2,3,3,3,4,4,4,4,5,4,4,3,2,4,4,3,3,3,3,3,3,3,4,3,3,3,3,3,3,3,3,4,6,5,3,2,1,1,1,2,2,2,3,3,3,3,3,2,3,3,3,3,3
4,4,4,3,3,1,0,1,4,4,1,3,3,4,3,3,4,3,4,3,3,3,3,3,3,3,3,3,4,6,5,4,3,2,2,3,5,5,5,3,1,1,2,1,1,1,1,2,2,4,2,1,1,2,3,4,4,4,3,3,2,2,2,1,2,2,4,4,3,3,3,2,1,1,4,3,2,3,3,3,4,3,2,4,5,3,1,1,2,3,5,5,4,4,3,2,2,3,2,3,4,2,2,4,5,3,3,3,2,2,2,4,4,4,6,4,3,5,4,3,2,3,3,3,4,6,5,3,2,4,6,4,4,5,7,7,5,3,5,6,5,5,3,1,2,2,3,3,3,3,3,3,3,4,4,4,3,3,3,3,2,3,3,3,4,4,3,3,1,1,2,2,3,3,3,4,4,5,3,2,2,3,4,4,4,3,2,3,3,3,3,4,4,4,3,3,3,3,3,3,3,3,3,3,3,3,3,3,3,3,2,2,2,2,2,2,2,2,2,2,2,2,2,2,2,2,2,2,2,2,2,2,2,2,3,2,3,3,3,2,3,5,8,6,7,5,6,6,6,5,3,1,3,3,2,3,3,5,5,4,2,3,4,5,5,5,4,4,4,4,4,4,4,4,3,3,3,3,3,3,3,3,1,2,3,3,3,2,2,2,2,2,3,3,2,2,2,1,1,1,1,2,2,2,2,3,3,2,3,3,4,4,4,4,6,6,5,5,5,5,4,4,2,2,2,1,1,2,3,4,1,1,4,4,5,3,2,3,3,3,3,1,1,1,1,2,4,3,3,3,3,3,3,3,3,3,4,4,4,6,6,5,4,4,4,4,3,3,3,3,3,3,3,4,4,4,5,4,5,5,5,4,4,3,3,3,5,5,5,4,3,2,0,0,1,1,1,1,2,2,2,3,4,3,3,2,3,4,4,3,4,4,5,5,3,3,1,1,3,4,3,2,2,2,2,4,3,3,4,2,2,3,4,4,3,4,4,4,4,4,4,3,4,4,3,3,3,2,2,3,4,4,4,3,4,6,8,8,6,5,5,4,4,3,4,4,4,5,3,1,2,3,1,1,2,3,4,4,4,3,3,2,4,3,4,5,5,5,6,4,5,4,3,3,4,4,2,3,3,2,2,5,5,3,2,2,3,5,4,4,3,3,2,1,2,2,2,3,3,3,3,3,2,3,3,3,3,3,5,6,4,4,6,5,4,5,3,1,2,2,2,2,3,2,1,3,4,4,4,3,3,3,3,4,3,2,2,2,2,1,1,1,3,3,2,4,4,4,3,2,5,4,3,3,3,2,3,5,6,6,6,5,5,5,4,4,5,4,4,4,3,3,2,3,3,3,3,2,1,1,2,2,1,1,3,4,4,4,3,3,2,4,6,6,5,4,1,1,3,5,4,5,5,5,5,4,4,5,6,3,1,1,3,4,3,4,4,4,4,3,1,2,3,3,2,2,2,3,3,4,4,2,1,2,3,4,6,5,2,3,3,2,2,2,4,4,2,3,3,3,3,2,1,3,3,2,2,1,1,1,1,2,2,1,2,4,2,1,3,4,3,3,3,4,3,4,4,3,3,3,3,4,4,4,3,4,3,3,3,3,3,3,4,4,3,2,2,3,4,4,3,4,3,3,4,3,1,1,1,1,2,5,7,3,2,1,1,1,2,1,1,1,1,2,3,5,4,4,5,4,2,3,3,4,2,2,2,3,3,3,3,3,2,2,3,3,2,2,2,3,4,3,1,2,3,4,4,3,3,5,5,5,4,4,4,5,2,2,2,3,3,4,4,3,2,3,3,3,2,3,3,3,4,5,3,3,2,3,3,3,4,4,4,4,4,4,4,4,3,2,3,4,4,4,3,3,3,3,4,4,5,5,5,5,2,2,4,4,4,3,2,1,2,4,4,3,3,3,4,4,2,2,2,2,1,1,1,1,2,2,3,3,2,2,2,3,3,2,3,3,2,2,4,4,2,0,2,3,2,3,4,4,5,5,4,5,4,4,4,4,5,5,5,5,6,6,4,3,5,3,2,2,4,5,5,4,3,3,3,3,3,3,3,3,2,2,3,3,2,1,1,1,4,4,4,5,5,4,4,4,3,3,3,3,2,3,6,3,1,2,5,4,2,3,4,8,2,1,1,1,2,3,3,1,3,3,4,4,4,3,3,4,1,2,5,6,4,2,1,1,1,1,2,2,2,3,4,4,3,4,4,4,4,4,4,4,1,2,2,3,3,2,2,1,3,4,4,4,3,3,4,4,4,4,4,3,3,4,4,4,4,4,3,3,4,4,2,1,3,3,4,4,4,4,4,5,4,4,4,4,4,4
5,4,5,5,4,2,4,6,5,3,3,2,2,3,4,5,5,4,3,4,3,3,3,3,3,4,2,2,2,3,2,3,2,2,3,3,4,4,4,4,4,3,1,2,2,2,2,2,1,2,3,2,2,2,4,5,4,3,4,4,4,3,3,2,2,2,1,3,4,4,2,2,3,3,6,6,6,5,3,3,2,1,5,4,4,3,3,2,2,2,2,3,3,3,4,4,4,4,2,2,2,2,2,2,2,3,3,1,1,4,3,1,1,1,2,4,1,0,1,3,3,2,5,6,5,5,5,4,3,4,2,2,2,1,3,4,2,2,5,3,4,4,4,4,5,6,5,5,5,5,5,5,4,4,1,2,3,3,2,0,0,1,2,4,4,3,2,0,3,5,3,3,3,3,4,4,5,5,4,4,3,3,3,3,3,2,3,3,3,3,3,3,3,3,2,2,3,3,3,3,3,3,3,3,4,3,3,4,4,4,2,2,3,3,3,4,4,5,5,4,3,3,1,1,1,2,3,2,1,2,4,6,3,2,1,2,3,2,2,2,1,1,2,2,3,4,5,5,5,5,3,3,3,3,3,3,3,3,2,2,2,2,2,2,1,1,4,4,4,4,4,3,3,4,3,5,4,4,3,2,2,4,4,2,1,3,3,4,4,3,4,3,3,3,4,4,5,4,4,3,1,1,1,2,3,3,2,3,5,5,5,3,3,4,3,2,2,2,2,2,2,2,5,4,3,3,4,4,4,3,3,3,4,4,3,3,2,4,2,2,3,3,1,1,1,1,3,3,2,2,3,3,3,3,3,3,6,5,4,3,4,8,3,3,3,2,2,2,2,1,3,2,3,3,5,5,5,2,3,3,4,4,5,5,5,5,6,7,9,8,6,4,6,7,4,3,3,3,3,3,4,4,3,2,3,3,3,2,1,0,4,5,5,5,5,4,3,2,3,2,2,3,4,5,5,5,4,3,3,3,4,3,5,6,5,4,3,3,4,4,4,3,4,4,4,3,2,3,3,3,5,5,5,4,4,4,4,4,3,3,2,3,2,3,4,4,3,4,4,4,4,2,2,2,4,4,4,5,4,5,5,3,4,5,3,0,3,3,3,3,5,5,4,4,3,3,3,3,2,2,2,2,3,3,2,2,2,2,3,3,2,3,2,1,2,4,4,4,3,3,2,2,4,4,4,4,4,4,4,4,4,4,3,2,2,2,3,3,1,2,2,3,3,2,2,2,2,4,5,5,4,3,1,3,2,1,3,3,3,4,3,3,3,4,4,3,4,5,5,3,3,4,4,5,5,4,4,4,2,3,4,3,1,2,2,1,2,3,3,3,3,3,2,2,5,3,1,3,5,4,1,2,2,3,3,2,1,1,1,2,2,1,2,2,2,1,1,2,2,2,1,2,2,2,3,5,4,2,1,1,1,2,2,2,4,4,4,4,4,4,4,4,5,3,3,3,4,4,4,4,4,3,3,1,2,2,3,2,0,1,1,2,2,2,3,4,3,3,3,3,1,2,4,4,3,2,3,4,4,4,3,2,2,3,3,2,3,2,2,2,2,3,5,5,4,2,2,2,2,3,2,2,3,2,1,1,6,6,5,4,4,2,2,1,1,3,4,3,2,2,2,3,4,4,3,3,3,3,2,2,2,1,2,1,1,1,1,2,5,4,2,2,2,2,3,4,3,3,3,3,3,3,2,2,2,1,2,2,1,2,3,3,2,3,3,3,3,4,4,4,5,4,3,2,2,2,1,1,1,2,1,1,2,4,5,4,5,4,3,3,3,3,3,4,3,2,1,1,2,2,4,3,3,4,4,4,2,2,3,4,3,3,2,3,4,4,4,5,4,3,1,1,2,3,6,3,1,2,1,1,1,1,0,1,2,3,3,3,2,1,2,3,3,2,3,3,3,2,2,3,2,1,1,3,5,4,4,3,1,3,2,2,2,4,6,4,0,2,4,4,3,2,4,4,2,2,1,1,1,1,2,2,3,3,3,3,3,3,3,2,1,1,1,1,1,1,1,1,3,2,2,3,5,5,3,3,3,3,3,3,3,3,3,4,2,3,4,4,3,3,1,2,3,3,4,4,3,3,3,4,5,4,4,3,3,3,2,5,7,6,6,5,3,3,4,2,2,2,1,2,4,4,4,4,5,5,6,7,6,6,5,4,4,3,2,2,1,3,5,4,1,2,2,3,3,3,4,4,3,4,2,1,2,4,4,4,6,7,7,5,4,4,5,3,1,2,2,3,3,3,4,4,2,2,1,2,2,2,3,3,1,1,2,2,3,3,1,1,2,2,2,2,2,2,2,2,4,3,4,4,3,3
6,4,6,2,1,1,2,2,3,2,3,5,6,5,6,4,4,3,3,1,1,4,4,3,6,6,3,5,5,3,2,3,2,2,4,4,4,4,3,3,3,4,3,3,4,4,3,4,3,3,1,3,4,3,2,2,2,3,4,3,3,4,5,5,4,4,5,5,4,4,2,2,1,0,4,2,1,2,4,4,3,2,4,3,4,2,3,3,4,2,3,3,3,3,3,3,3,2,2,2,3,3,3,3,5,7,6,5,4,4,4,4,4,2,2,1,2,2,2,2,3,3,5,4,4,3,3,4,4,4,3,3,5,4,4,4,2,1,4,4,5,6,6,5,4,4,4,4,2,2,1,1,0,1,0,0,3,4,4,3,2,1,2,3,3,3,3,3,3,3,4,4,3,4,3,3,3,3,3,3,4,4,3,2,2,3,5,5,3,3,4,4,4,2,4,5,5,5,4,4,3,2,4,5,5,6,4,2,2,2,2,3,3,3,3,4,4,4,2,2,4,5,5,5,3,1,3,2,3,3,4,4,4,3,4,3,5,5,5,5,5,4,2,3,2,3,3,3,3,5,2,4,5,5,4,3,3,3,2,2,3,2,4,4,4,4,3,4,3,3,2,2,2,2,5,4,3,3,4,3,2,3,3,3,3,3,3,3,3,3,4,2,3,5,3,1,2,2,1,2,3,3,3,4,4,4,4,4,4,3,2,2,1,2,5,5,6,4,4,3,3,4,4,4,3,4,4,4,3,2,3,3,3,3,2,1,3,3,4,4,4,4,4,4,4,5,5,3,2,2,2,2,1,1,0,1,2,3,3,2,3,2,1,2,2,2,2,2,1,2,5,3,0,2,4,6,6,5,4,4,3,3,4,4,5,5,3,4,4,3,4,4,3,3,2,1,1,1,1,1,1,2,3,1,1,2,3,4,5,5,2,2,5,4,2,1,1,1,1,3,2,2,2,3,3,2,3,4,2,2,4,2,2,3,3,4,4,4,5,5,3,1,3,5,2,2,3,4,4,2,2,3,1,1,1,2,2,4,3,2,2,2,2,2,2,3,1,1,2,2,3,3,2,1,2,5,5,5,4,4,2,2,1,1,1,1,3,2,3,3,4,5,5,4,4,3,3,3,2,2,3,3,3,4,4,5,1,1,4,5,5,5,3,2,2,2,2,3,3,2,3,3,3,3,2,1,1,1,2,2,4,4,4,4,4,5,5,5,5,5,5,5,5,5,4,4,4,3,2,1,1,2,2,2,6,3,1,1,1,2,2,3,4,4,4,3,3,3,3,2,3,3,3,3,3,3,3,3,1,2,2,2,2,2,3,3,3,3,5,4,4,3,5,3,3,2,2,3,2,2,2,2,2,4,5,3,3,2,4,5,2,3,5,5,5,5,4,4,4,4,5,4,4,3,3,2,2,2,2,2,2,2,2,3,4,4,3,3,4,4,4,4,5,6,6,5,4,2,4,4,3,3,2,3,3,3,2,2,1,1,1,2,3,3,4,4,2,2,2,2,3,3,3,3,4,4,4,4,2,2,3,3,3,3,3,3,3,3,3,4,4,4,4,4,4,4,4,4,2,3,3,3,3,2,3,3,1,2,1,1,2,2,2,1,2,1,0,1,3,5,6,6,6,5,4,3,3,3,5,3,1,2,3,3,3,3,2,3,4,3,3,4,5,5,3,1,2,2,2,2,1,1,1,1,1,1,1,2,2,2,2,1,2,2,2,2,2,2,2,2,2,2,2,4,4,4,2,1,3,3,3,3,4,4,4,4,3,3,4,4,4,3,2,1,1,1,1,1,1,1,2,2,2,2,4,4,4,4,2,1,4,5,4,4,5,5,5,5,2,1,3,3,2,1,1,3,1,1,1,2,3,3,2,3,3,3,2,3,3,3,4,4,1,1,1,1,2,3,3,3,3,3,3,3,3,3,3,3,4,4,3,2,3,3,4,4,4,3,2,4,5,5,4,2,2,2,2,2,1,2,0,1,2,2,2,3,3,2,2,2,1,1,1,2,2,2,2,4,6,5,3,3,2,3,3,3,1,1,1,1,2,2,3,3,4,4,4,4,4,4,4,4,3,3,2,2,2,3,3,4,2,2,3,3,3,3,5,4,5,3,3,2,2,1,2,1,2,2,3,3,3,3,4,4,4,4,4,4,4,3,3,2,1,3,4,4,3,2,4,3,2,2,2,3,3,3,3,3,1,2,3,4,4,4,1,1,2,2,3,3,4,4,4,2,3,2,1,3,4,3,2,1,3,2,2,2,2,2,2,2,2,2,3,2,1,1,3,2,1,2,4,4,4,4,3,2,4,5,4,3,4,4
7,4,3,5,1,0,1,3,4,2,2,1,2,4,4,4,2,1,2,4,6,5,3,2,2,3,2,1,3,3,1,1,3,3,3,2,4,4,4,4,3,3,3,2,4,4,4,3,4,6,5,2,4,4,5,5,4,4,2,1,3,3,3,3,1,1,3,3,3,3,4,4,4,5,5,4,5,5,4,4,3,4,5,4,4,4,4,3,3,3,2,1,2,2,2,2,3,3,3,3,4,5,3,1,1,1,3,3,3,3,3,2,4,6,4,3,3,2,2,1,2,3,4,3,3,3,3,3,3,3,4,5,2,2,7,7,6,4,2,2,2,3,3,3,3,4,3,5,4,3,3,2,2,1,1,2,2,3,3,3,4,4,4,3,5,6,5,5,4,2,2,3,2,1,2,2,3,5,5,5,4,4,4,2,2,1,3,3,2,2,2,2,2,3,3,4,3,5,5,5,6,6,6,6,5,4,4,4,4,2,2,3,3,2,2,2,2,2,3,4,4,4,4,5,5,6,6,5,6,5,4,5,4,4,3,2,2,2,2,2,1,3,5,5,3,2,5,5,6,6,5,2,1,2,3,3,3,2,1,1,0,1,2,4,5,5,4,2,2,3,3,4,4,3,4,3,2,1,3,5,4,2,2,3,4,4,4,4,4,4,4,4,3,3,2,2,2,2,4,4,4,4,4,4,3,3,2,2,4,3,2,3,6,7,4,2,2,1,1,1,2,2,1,2,3,3,3,4,4,4,3,4,5,4,3,1,4,9,3,2,2,2,2,2,2,2,3,3,3,3,3,3,3,3,3,3,2,2,2,3,5,5,5,4,2,2,4,4,4,2,3,3,3,3,3,3,4,4,3,1,2,3,3,3,3,2,3,3,3,2,1,1,3,4,5,3,1,2,4,4,4,3,3,3,3,3,3,3,3,3,1,3,4,4,3,2,2,3,3,3,3,3,3,3,3,3,1,1,1,1,1,1,2,2,2,2,3,3,3,4,4,4,3,3,3,4,4,3,2,2,3,3,3,3,3,3,3,3,1,3,3,3,2,2,4,4,4,4,5,5,5,6,1,1,3,3,3,3,3,3,2,3,2,3,2,2,2,2,2,2,2,2,2,1,2,2,1,2,2,3,4,3,3,3,5,5,6,6,5,4,3,4,3,2,3,2,3,4,4,4,4,4,2,3,3,2,2,4,5,3,2,2,2,2,2,2,2,2,2,2,2,2,1,1,1,4,3,2,2,3,2,2,2,1,2,2,2,2,2,2,3,4,4,2,2,4,3,2,2,2,1,4,5,5,5,5,4,4,3,6,6,5,1,1,5,6,2,2,1,1,1,2,4,5,1,2,2,3,3,2,1,1,1,3,5,4,2,1,3,4,1,1,2,2,2,2,2,2,4,4,4,4,4,4,4,4,3,3,3,3,3,3,4,4,3,2,2,3,3,3,5,4,3,3,3,3,3,3,3,4,1,1,1,1,1,1,1,1,1,2,3,3,5,5,6,4,1,3,3,1,3,4,4,3,4,4,4,4,4,4,4,4,3,3,3,3,3,3,3,3,2,0,1,4,3,2,3,5,4,4,4,4,4,4,4,4,4,3,3,2,2,2,4,4,1,1,1,3,4,5,5,5,5,4,4,3,2,2,1,2,2,3,3,3,3,1,0,1,3,3,3,3,2,4,5,4,1,2,2,3,4,4,4,5,3,1,2,3,5,4,4,3,4,4,3,3,2,2,2,3,5,6,5,5,4,4,5,5,3,3,4,3,1,2,3,4,1,1,2,3,3,2,2,3,3,2,2,4,4,4,2,2,2,2,2,2,2,2,2,2,3,3,1,1,2,2,3,4,4,3,3,3,3,3,2,3,2,2,2,2,2,2,2,2,4,3,4,4,3,4,3,4,4,3,1,1,5,6,6,5,3,4,3,3,4,4,4,5,3,3,4,4,2,3,4,5,4,3,2,2,2,3,3,2,1,1,1,1,1,1,1,1,3,2,3,3,3,3,3,3,4,4,4,4,4,3,4,3,4,4,4,4,4,4,4,4,2,3,4,1,1,3,6,8,5,3,3,3,3,2,2,1,1,3,4,5,4,4,3,4,2,1,1,1,2,2,4,3,3,4,3,2,1,1,5,6,5,3,2,1,3,4,4,3,2,3,4,5,5,5,5,4,3,4,2,1,1,1,1,2,3,3,3,3,3,3,3,3,3,2,3,3,3,4,4,3,3,6,9,8,5,2,1,4,2,0,1,2,2,3,3,2,3,5,3,2,2,2,2,3,3,3,1,1,2,4,4,2,2,4,4,4,6,6,6,6,2,2,2,2,2,2
8,3,3,5,7,6,2,2,2,3,0,2,3,1,2,4,6,3,6,5,3,2,2,2,3,4,2,2,3,3,4,4,2,1,1,2,4,3,4,6,7,4,2,2,3,5,5,4,2,1,2,5,4,2,1,2,2,2,4,4,4,4,4,4,4,4,3,3,4,5,5,6,7,5,6,6,5,4,3,3,3,3,3,3,4,4,5,2,2,1,1,1,2,2,1,3,3,2,2,3,1,0,1,3,3,2,2,1,1,2,3,3,3,3,4,4,4,3,3,3,5,4,4,4,4,2,2,3,4,4,4,2,1,1,5,8,8,7,4,2,3,4,4,3,2,3,2,4,4,4,4,6,5,2,1,2,2,1,3,4,4,4,1,2,3,3,3,3,2,3,4,2,1,1,1,1,0,1,3,2,2,2,2,3,3,1,1,1,1,1,1,1,1,1,3,3,2,2,2,2,2,2,3,3,3,1,3,5,5,4,3,4,2,1,1,1,1,1,3,4,4,4,2,2,4,4,4,3,4,4,4,4,4,3,2,3,2,2,3,4,2,2,2,2,2,3,3,3,3,3,2,2,1,2,2,5,6,6,2,2,2,2,1,1,2,2,2,3,5,5,6,7,6,4,4,4,4,3,3,3,3,4,5,3,2,2,3,4,4,4,3,3,4,4,4,4,3,4,3,3,4,4,4,4,3,1,0,3,1,0,0,2,1,3,7,5,2,1,3,3,3,0,1,3,3,3,1,1,1,2,4,4,1,1,3,1,2,2,2,2,2,3,3,3,4,4,3,3,3,3,3,3,3,3,3,3,4,4,2,2,4,3,2,2,3,2,2,3,3,3,4,4,2,1,1,0,1,1,3,3,3,3,3,3,3,3,4,6,6,4,3,5,4,2,5,6,3,2,2,2,4,4,3,4,4,4,3,3,3,3,6,5,5,5,5,4,5,4,4,4,3,3,3,2,1,3,2,4,6,7,4,4,5,7,3,3,3,3,2,3,3,3,3,2,2,1,2,1,2,3,2,0,1,3,2,2,5,3,2,3,4,4,3,2,1,1,1,4,5,3,2,4,4,5,4,5,4,3,2,3,3,3,3,3,4,4,5,5,5,7,6,4,3,2,3,3,2,2,1,1,3,3,2,5,6,3,3,4,4,5,4,4,3,3,1,4,2,2,3,6,4,4,2,4,4,4,4,2,1,1,2,2,2,2,2,2,3,2,1,2,2,2,2,2,2,1,2,2,2,2,2,2,3,3,1,2,6,6,3,3,2,2,2,3,3,4,2,2,2,3,3,2,3,3,3,3,3,3,3,3,2,3,3,3,4,6,7,4,2,2,1,1,1,1,4,4,4,3,2,2,3,4,5,5,3,3,3,2,4,3,2,2,2,2,4,4,3,4,3,3,3,3,4,4,5,4,1,2,2,3,3,2,2,2,2,2,2,1,1,1,1,2,6,4,3,2,2,3,2,3,3,2,4,5,4,3,2,2,4,4,4,3,2,2,2,4,3,3,4,3,0,1,3,3,3,3,3,3,3,3,3,3,2,2,3,3,3,2,3,3,3,2,3,4,4,3,3,3,2,2,3,3,3,3,3,3,3,2,2,2,3,3,3,2,4,3,2,1,2,2,2,1,2,3,3,3,4,4,3,4,4,3,3,3,3,3,3,3,2,2,2,2,2,2,2,1,3,4,4,3,4,5,6,6,3,3,5,6,4,3,4,4,2,2,2,1,2,2,2,2,3,3,3,4,4,3,3,2,1,2,3,3,3,5,6,6,7,4,5,6,6,4,3,4,6,5,4,4,3,3,3,3,3,3,3,3,3,3,3,4,3,1,1,3,4,4,2,1,2,2,3,4,3,3,5,4,2,3,4,3,3,2,2,2,5,4,3,3,2,2,1,2,4,4,4,4,4,4,4,3,3,3,3,2,2,3,3,4,4,4,2,1,2,3,3,2,1,2,4,4,2,1,1,1,3,3,3,2,2,2,1,2,3,2,1,1,1,1,3,4,5,4,3,2,2,2,3,2,2,3,3,3,2,3,6,3,1,2,2,2,3,3,2,3,3,3,3,3,3,3,2,0,0,2,3,3,1,0,2,2,3,4,2,2,2,3,2,1,4,3,3,1,3,3,1,0,1,2,2,2,3,4,4,6,6,7,8,5,2,2,1,2,3,2,2,2,2,2,4,3,3,5,4,4,4,4,5,5,4,4,4,4,4,4,4,3,3,5,7,6,7,5,2,2,4,4,4,3,2,2,2,3,3,3,1,1,2,3,4,4,2,2,2,3,3,2,2,2,1,3,3,2,2,2,2,4,5,5,5,5,5,5
9,4,5,2,2,3,1,2,1,2,4,2,4,6,6,3,3,6,1,1,2,3,2,1,1,1,3,1,4,2,1,3,4,3,4,6,5,6,6,4,3,3,3,3,5,5,6,5,3,3,2,2,2,3,2,2,4,4,4,3,2,2,2,4,5,4,1,4,5,5,4,2,4,6,5,3,1,1,1,3,5,4,5,2,3,4,5,4,3,3,1,1,2,2,1,2,3,3,5,1,1,3,2,1,2,6,8,6,4,3,3,4,2,1,3,3,3,3,3,3,3,3,4,4,4,4,4,4,4,4,2,3,3,5,7,8,6,4,6,5,2,1,1,2,3,2,3,3,2,1,1,1,1,1,2,3,1,1,2,3,3,2,2,3,4,2,2,5,4,2,0,4,5,4,3,4,4,2,4,3,3,3,4,3,2,3,1,1,2,3,3,4,5,4,3,4,4,2,2,2,0,2,2,2,4,4,3,2,5,4,1,4,4,3,3,3,3,6,4,4,4,4,3,4,3,4,1,0,0,0,1,3,3,3,4,3,4,5,6,6,4,2,4,2,1,2,4,5,3,3,6,6,6,5,4,3,3,2,0,2,4,4,3,2,1,1,2,3,3,3,4,5,5,4,6,5,5,4,5,4,2,1,1,1,1,2,3,2,3,3,2,2,2,2,2,3,3,3,4,3,3,3,3,3,3,3,4,4,3,3,3,2,2,2,3,3,1,1,1,2,4,4,5,5,5,3,3,3,4,5,4,3,2,3,3,3,3,2,0,3,4,4,4,3,1,0,2,2,3,3,3,4,2,4,3,1,3,4,5,3,6,7,5,4,1,2,3,3,4,2,3,2,2,4,2,2,4,3,1,1,3,2,1,1,3,6,6,5,4,4,5,6,6,2,2,4,5,4,5,5,3,2,3,5,5,4,2,5,4,4,2,1,1,2,1,1,0,1,2,4,3,4,5,5,2,3,2,1,1,2,3,2,1,0,1,1,2,3,3,4,4,4,5,5,5,6,5,5,5,4,3,3,3,4,4,4,3,4,3,4,5,6,4,5,4,5,8,6,5,4,3,3,3,0,2,4,4,5,6,6,5,6,3,4,3,2,2,4,2,2,2,3,1,1,3,3,2,2,1,1,1,1,2,2,2,3,2,3,4,4,4,3,3,4,1,2,3,3,5,5,6,3,4,2,2,4,4,4,3,1,2,2,2,2,3,3,3,6,9,3,1,3,4,4,4,4,3,5,4,5,5,5,5,3,1,2,3,3,3,3,2,4,3,2,3,3,3,3,2,2,3,3,2,1,2,1,1,1,5,5,6,4,3,4,4,5,4,4,4,6,6,4,3,4,3,2,3,4,5,4,3,1,3,4,2,2,3,4,4,4,4,2,2,2,1,1,1,1,2,4,4,5,2,2,3,4,4,4,2,1,1,1,2,2,2,3,1,1,1,1,1,3,2,5,7,4,2,2,2,1,2,1,1,2,1,3,3,3,1,1,0,0,0,1,3,3,1,1,1,1,1,2,2,3,1,2,2,2,2,2,2,2,3,3,2,2,2,2,2,1,3,4,4,4,3,2,2,3,3,4,3,3,3,3,3,3,1,1,2,1,3,4,4,4,1,1,1,1,1,1,1,1,3,2,3,2,2,2,2,1,2,5,5,3,2,3,2,2,2,2,2,3,2,1,1,2,3,3,2,2,2,2,2,2,3,4,3,1,1,2,3,4,2,2,3,3,3,3,3,1,3,3,2,2,2,0,0,0,3,3,3,3,3,3,3,4,4,4,4,4,4,3,2,2,2,1,2,2,2,2,1,2,3,3,3,3,3,3,3,3,5,5,4,4,3,3,2,2,3,1,3,2,4,3,4,5,5,3,1,1,2,3,5,4,2,3,1,0,2,3,5,4,2,2,1,2,3,3,4,4,1,1,1,2,2,3,3,4,4,3,2,2,4,4,5,5,5,7,7,6,5,3,4,3,1,6,7,5,3,2,1,4,2,1,1,1,1,3,5,4,1,2,2,1,3,4,5,2,2,2,4,4,3,4,2,1,0,2,4,3,4,3,4,7,4,1,0,0,0,2,4,4,3,2,3,2,3,4,1,2,5,3,4,3,2,3,5,6,6,3,2,4,3,3,3,3,1,1,2,2,2,2,2,4,5,4,2,4,3,1,1,1,1,2,1,2,3,4,4,2,1,1,3,3,3,3,2,1,2,2,3,4,3,3,4,3,1,2,3,2,1,2,3,3,2,1,2,3,2,2,2,3,4,3,2,2,2,3,3,3,4,5,5,4,4,5,4,2,2,3,2,4,4,4,4,5,3,3,3,3,3,3
10,5,3,2,2,1,3,3,1,0,1,1,2,2,2,2,2,2,2,2,2,1,1,2,3,3,1,1,2,3,2,2,2,2,3,2,3,4,4,2,1,3,4,4,5,5,5,8,5,6,5,5,4,3,2,3,3,2,5,6,7,8,7,5,5,7,2,4,4,4,3,3,4,2,3,4,3,2,2,2,1,2,4,2,2,2,1,2,2,1,5,5,5,4,4,5,6,4,2,4,4,4,4,4,4,4,0,2,4,4,3,3,3,5,5,4,4,4,4,3,1,1,2,1,5,6,4,3,2,3,0,5,5,4,5,8,8,6,6,6,5,4,5,6,4,4,2,4,6,6,4,4,5,5,3,3,3,3,2,3,2,2,1,1,2,2,3,2,3,1,4,3,3,4,3,3,4,4,1,0,0,1,3,6,5,4,2,1,2,3,2,3,4,3,1,2,2,3,4,4,3,5,7,5,3,1,2,3,4,4,2,3,3,3,3,4,4,5,2,2,2,2,1,2,1,3,4,3,1,2,2,1,2,2,2,2,2,2,1,1,2,2,5,6,5,5,3,3,2,2,4,3,3,3,2,2,2,1,3,3,3,3,5,5,4,3,5,5,5,5,6,6,4,4,3,2,3,3,2,3,3,1,3,3,3,4,3,3,2,4,1,3,2,2,2,4,3,2,2,2,2,3,4,5,5,2,1,2,1,2,1,1,2,1,3,4,3,3,3,2,2,3,1,1,1,2,2,3,4,4,3,3,2,1,2,4,5,5,4,4,5,4,4,3,4,7,3,2,2,2,3,3,3,3,5,5,6,6,3,1,3,3,3,2,1,2,3,2,1,1,4,3,2,1,1,2,3,2,1,2,3,3,3,3,1,3,5,3,4,6,7,5,2,1,4,3,3,4,5,4,3,1,1,4,3,1,1,3,4,4,3,3,2,3,5,4,2,1,2,1,1,2,2,3,3,2,1,1,2,1,1,1,1,5,7,4,6,5,4,4,3,2,3,1,3,3,3,3,4,4,3,3,3,2,2,2,3,3,1,1,1,2,2,2,2,3,3,3,2,2,2,2,2,4,4,1,2,3,4,5,3,2,5,5,2,1,2,3,3,6,2,4,6,5,4,4,4,4,2,1,1,1,1,2,2,2,4,4,3,2,2,3,4,5,2,1,2,4,5,5,4,2,5,3,1,1,1,3,3,3,4,4,4,5,5,5,6,4,2,4,3,2,5,7,5,4,1,1,3,3,2,1,1,1,2,4,6,5,3,3,4,3,2,2,1,2,3,3,2,3,2,1,1,2,1,2,1,1,2,4,5,4,4,4,4,5,3,1,1,2,3,3,4,2,3,3,1,1,1,1,1,3,3,3,4,3,2,2,1,3,5,3,5,5,5,4,2,4,3,3,4,3,2,1,1,2,3,3,3,2,3,4,2,2,2,2,2,1,1,2,2,2,4,4,3,2,3,4,4,3,2,2,2,2,5,4,2,2,3,4,6,5,4,4,3,2,1,2,2,2,2,1,0,3,1,3,3,3,2,1,1,2,1,1,1,1,1,1,1,1,2,3,2,3,3,3,2,2,2,3,3,4,4,3,4,5,5,6,7,6,5,5,3,1,0,1,2,4,5,5,7,5,2,2,2,2,3,3,3,3,2,2,3,3,3,3,3,4,3,3,3,2,2,4,2,2,1,4,3,3,4,4,3,2,2,3,4,3,5,5,5,6,3,3,2,1,2,2,2,4,3,4,2,2,2,2,0,0,1,1,1,1,3,4,5,7,4,3,2,2,3,4,3,3,5,5,5,3,2,2,1,4,7,6,9,8,3,1,2,5,3,3,3,3,3,3,3,3,4,2,2,3,4,4,2,2,5,4,2,2,4,3,1,1,3,2,2,2,0,0,2,2,3,4,5,4,4,4,2,3,4,3,2,3,3,2,3,4,3,3,4,3,3,4,6,4,1,1,1,2,1,1,1,0,1,4,4,2,1,1,2,3,1,1,1,1,1,1,1,1,2,2,2,3,4,5,6,5,4,3,2,4,6,5,3,3,5,3,2,2,3,3,3,4,2,1,2,4,3,2,1,2,3,6,7,4,2,1,3,3,1,2,2,2,2,3,3,5,2,0,2,5,2,3,5,2,5,3,3,3,5,4,3,2,3,3,4,3,2,1,2,3,3,3,3,3,3,4,3,2,0,0,1,1,3,3,3,5,3,2,3,4,4,3,1,1,3,5,6,6,6,5,4,5,3,3,4,3,4,4,3,2,2,3,4,4,6,7,4,3,1,3,3,5,6,7,7,6,1,2,3,4,2,1,1,1,2,2,2,2,2,2
11,4,3,5,3,1,0,0,1,3,4,3,3,3,4,5,6,6,3,3,2,3,4,3,2,2,1,1,2,3,2,1,2,3,2,3,4,4,4,3,3,5,5,4,6,6,5,3,0,3,6,5,3,3,2,4,5,3,5,7,8,7,4,3,4,2,6,5,3,2,2,4,3,3,1,2,2,2,3,3,3,3,3,3,3,1,1,2,1,1,0,2,2,0,2,0,0,3,5,3,1,1,1,1,4,5,3,3,5,4,3,3,5,6,4,2,3,3,4,3,1,4,5,1,2,4,4,4,2,5,4,6,4,1,3,4,1,2,5,3,2,3,2,1,1,1,1,2,2,1,3,2,3,4,1,4,4,4,4,3,2,3,5,5,5,6,4,4,3,2,5,4,3,2,3,5,3,3,5,4,3,2,2,2,2,4,5,4,4,3,4,4,5,4,5,5,4,4,2,2,2,3,2,3,3,3,3,3,3,1,5,5,3,3,3,3,4,5,3,1,2,4,5,5,4,3,4,4,5,5,5,6,5,3,2,2,4,4,3,4,3,3,2,4,4,2,2,4,4,3,2,0,0,0,1,3,1,1,3,3,3,3,3,3,3,3,4,2,2,2,4,5,6,7,2,3,3,4,3,2,3,4,3,3,3,3,4,4,4,5,4,3,2,3,2,2,4,5,8,6,5,5,4,5,5,6,5,4,3,3,4,3,3,4,2,2,2,2,2,2,2,2,2,4,4,4,4,3,3,3,4,5,5,3,3,5,6,4,3,5,5,4,3,2,4,4,1,1,1,1,1,1,1,2,5,4,4,5,6,7,8,4,1,2,2,1,1,4,3,0,3,2,2,3,3,1,2,1,2,3,4,4,3,2,1,5,4,4,4,4,4,4,4,4,0,1,2,3,4,3,2,2,4,3,2,2,3,4,4,3,2,2,3,4,5,5,2,1,5,4,1,1,1,3,3,1,5,3,1,2,2,2,4,3,4,3,3,4,5,6,5,5,2,1,4,5,4,2,2,3,1,1,1,1,3,3,4,4,3,4,4,3,1,1,3,4,4,3,3,3,2,2,2,2,5,4,3,3,3,3,3,3,2,3,5,6,6,6,4,5,5,4,2,1,1,1,1,1,3,2,3,3,3,1,1,0,0,4,5,3,3,3,4,4,3,6,6,1,1,3,6,5,6,4,3,6,6,6,5,4,5,4,5,5,5,6,6,7,3,2,2,3,2,3,3,3,4,3,3,3,3,4,3,3,6,5,1,1,2,3,3,3,4,4,4,4,3,3,3,5,2,2,2,2,2,3,2,2,3,1,2,4,3,2,4,6,4,2,3,4,3,4,4,4,2,3,4,3,2,2,3,4,5,3,3,2,1,1,2,3,1,2,2,3,5,6,4,2,1,4,4,2,2,3,2,3,1,1,3,2,1,1,2,1,1,2,4,4,4,4,3,4,3,3,4,4,4,3,3,3,3,3,5,3,3,4,4,2,1,3,2,1,1,2,4,4,3,2,2,3,4,4,3,4,3,3,4,3,3,3,4,5,2,2,1,2,2,1,3,3,0,2,3,3,4,4,3,2,4,4,4,4,4,4,5,4,5,3,2,2,2,3,2,3,2,1,1,2,2,2,2,1,3,5,6,5,4,2,1,4,7,5,2,2,2,2,2,2,4,4,3,4,4,3,3,3,4,2,2,2,3,4,3,2,1,2,2,1,2,4,4,3,3,1,3,3,3,4,4,4,2,2,2,2,2,2,2,2,4,4,3,4,4,4,3,3,2,2,2,2,2,2,2,2,3,4,3,3,3,4,3,3,3,3,3,2,2,2,1,4,2,3,5,6,6,4,2,1,2,1,3,3,5,5,5,3,4,3,3,2,1,2,2,3,2,4,3,2,3,4,3,2,5,2,1,4,5,4,2,1,5,5,3,2,3,4,3,2,3,2,4,5,6,6,5,3,0,4,7,5,3,1,0,2,3,1,0,0,1,3,3,2,1,3,4,4,4,2,2,2,1,1,1,2,2,1,1,1,1,4,5,5,3,3,2,3,4,3,3,3,3,3,3,3,3,2,2,2,3,3,3,4,4,2,0,3,5,4,2,2,4,4,3,1,1,0,0,1,1,2,4,5,5,4,4,4,0,1,2,3,2,4,4,4,1,1,1,1,2,1,3,3,3,3,3,3,3,3,3,3,4,3,3,3,2,2,4,2,1,3,3,2,2,2,1,2,4,3,4,6,5,2,1,3,3,3,3,3,3,3,3,3,5,3,3,3,2,2,2,3,2,2,2,1,1,2,3,3,2,2,1,1,1,1,3,3,3,3,3,3,3,3
12,4,2,5,5,3,2,1,3,3,1,2,1,2,3,3,4,3,2,2,2,2,3,2,2,2,3,2,1,1,2,2,1,2,3,5,5,2,1,2,1,2,3,2,3,2,0,2,3,2,0,1,2,1,2,4,3,3,3,4,4,4,4,4,4,4,4,3,4,3,3,4,4,3,1,2,2,1,2,3,5,4,4,5,6,5,2,4,3,0,2,2,3,4,4,2,2,1,3,3,4,3,4,4,4,4,3,2,2,2,3,3,1,1,4,3,3,4,3,4,4,3,3,4,4,3,3,3,2,3,0,2,2,2,4,4,5,5,2,1,2,4,3,3,1,4,5,3,4,4,4,3,3,1,1,5,6,5,3,2,5,3,0,3,5,3,1,2,4,5,3,2,2,3,3,3,2,2,2,1,2,3,4,4,3,0,3,3,3,3,3,3,3,4,3,4,3,2,2,3,3,4,3,2,2,2,1,0,1,2,6,6,6,6,5,4,4,4,4,2,4,4,5,4,5,4,1,1,1,3,4,3,3,2,2,2,2,3,3,2,2,3,1,2,3,2,2,2,3,1,1,2,3,3,3,3,1,5,6,6,4,2,0,0,1,4,4,4,1,2,3,3,2,1,1,1,1,1,2,2,2,2,1,1,2,2,1,0,0,1,4,3,3,4,5,5,4,3,5,2,3,5,2,4,4,0,4,4,3,4,3,3,3,3,3,3,3,3,3,3,3,3,4,3,3,3,3,3,4,3,1,2,3,3,3,3,2,1,1,2,3,4,2,3,3,4,4,3,1,1,2,2,2,2,2,2,3,2,2,2,6,8,5,3,3,3,3,3,3,4,5,3,2,4,3,3,4,3,0,0,3,4,5,5,6,5,3,5,3,3,3,2,3,3,2,3,3,4,4,4,3,3,3,2,3,2,2,3,5,6,4,4,4,5,5,3,2,3,2,1,2,2,3,4,4,5,2,1,1,0,1,3,3,2,4,3,4,6,8,8,7,7,7,5,3,2,1,2,4,4,3,3,3,3,3,3,3,5,5,4,3,3,3,4,5,3,2,4,3,4,5,2,2,2,5,3,1,2,2,4,4,3,3,3,3,4,3,3,2,2,5,4,4,5,4,3,4,3,3,3,4,3,3,5,4,4,3,3,4,4,4,5,4,4,4,5,4,4,4,4,6,4,2,3,4,4,4,4,2,2,3,5,6,5,3,3,4,4,4,3,4,6,5,4,4,4,2,0,0,1,3,4,3,1,1,2,3,2,2,3,6,5,5,2,4,4,4,2,3,5,4,3,2,2,1,3,3,4,4,5,3,2,4,5,6,4,4,6,5,4,4,3,3,2,3,3,3,4,3,3,3,3,0,1,4,4,3,3,3,4,0,0,1,2,2,2,1,1,3,3,2,2,2,3,4,5,3,3,3,3,2,2,3,4,4,3,4,4,3,3,2,3,3,3,2,5,6,5,4,5,2,2,3,4,4,4,3,4,3,7,6,3,0,0,0,2,4,4,2,2,3,3,2,2,2,2,2,2,3,3,3,3,3,2,3,3,2,2,2,2,5,4,3,3,4,3,2,3,3,4,3,3,1,1,1,1,4,4,5,5,4,5,5,5,3,5,3,1,2,5,6,5,5,3,3,4,2,3,2,1,1,3,3,1,1,1,0,1,3,4,1,0,1,2,1,0,1,1,0,1,1,2,3,3,3,1,1,2,2,2,2,4,4,1,1,2,2,2,2,2,4,3,3,4,3,3,3,3,3,4,4,4,4,4,4,4,5,3,4,4,3,2,2,1,3,4,5,4,5,5,5,8,7,6,4,4,4,4,3,3,3,3,3,3,3,3,3,3,2,2,3,3,3,3,2,2,3,3,3,3,4,4,4,3,1,2,2,1,1,3,2,2,1,2,2,2,3,2,2,2,2,3,3,3,3,3,3,3,3,3,2,2,2,3,3,3,3,4,3,1,4,4,1,2,4,2,2,4,4,4,4,4,1,1,2,2,2,3,2,0,3,3,3,2,1,3,4,7,0,1,4,6,6,5,2,1,2,3,3,3,3,4,6,5,2,4,4,3,3,3,3,2,4,6,7,6,4,3,4,4,3,5,4,1,1,5,4,0,1,3,3,3,2,4,5,5,3,2,2,3,4,4,3,1,1,2,2,1,1,1,1,1,1,2,3,3,2,2,4,5,2,2,2,2,3,3,2,2,4,1,3,5,6,5,2,1,4,2,4,4,3,4,3,3,4,5,4,2,2,3,5,4,3,3,3,2,3,3,3,2,3,4,4,4,4,4,2,3,3,3,2,2,2,4,6,5,2,2,2,3,3,4
13,0,3,4,4,4,4,4,4,3,5,4,4,4,3,3,2,2,4,2,2,4,2,1,3,3,3,4,4,4,5,5,4,3,2,2,2,2,2,1,2,1,0,2,3,6,5,4,2,1,2,1,2,4,5,6,7,7,3,4,5,5,5,5,5,6,2,1,1,4,5,2,1,1,3,4,5,5,4,3,4,2,5,3,3,3,4,3,3,3,4,4,2,2,1,1,2,2,1,3,3,1,1,2,1,5,4,3,3,3,5,5,1,2,3,4,4,4,3,3,5,5,4,3,4,3,4,4,3,3,1,3,3,4,5,5,4,6,6,7,7,6,5,6,3,3,3,4,3,3,4,4,4,4,4,3,3,3,4,3,3,4,3,4,6,8,7,4,4,6,5,5,5,5,4,5,2,0,5,4,5,4,3,4,1,1,4,3,6,4,3,5,2,0,3,4,4,3,4,4,3,1,1,4,6,5,2,2,3,3,2,1,2,2,2,2,1,1,1,3,3,2,2,1,2,3,4,4,3,4,4,5,7,8,4,2,3,3,3,4,4,4,3,4,2,2,0,0,4,7,4,2,2,2,1,1,1,1,3,3,3,2,3,4,5,6,4,3,2,1,2,4,5,4,3,3,3,2,2,3,3,3,5,7,4,3,4,4,3,3,2,3,3,4,4,3,3,3,3,3,1,1,1,3,4,4,5,5,4,5,7,6,4,3,2,2,2,2,3,3,4,5,1,1,3,3,2,1,2,1,3,4,1,2,5,5,3,1,3,6,7,7,6,5,4,5,2,1,3,3,2,2,3,3,5,5,3,2,1,4,3,2,1,2,3,2,2,1,2,3,2,3,3,4,5,5,5,4,0,1,3,3,2,4,4,3,5,3,2,4,5,2,4,3,1,4,4,4,3,2,1,2,1,4,3,2,2,2,2,3,4,4,7,7,6,5,1,5,5,3,2,1,2,3,2,1,3,3,2,2,3,2,3,2,2,4,4,3,5,6,6,3,1,3,4,2,1,2,1,1,1,0,1,3,3,3,3,2,2,2,2,2,2,2,3,2,3,4,3,1,1,1,1,1,2,1,2,3,3,3,3,2,2,4,4,4,3,4,3,4,4,2,2,0,1,0,1,2,1,1,3,2,2,2,3,2,2,3,3,3,4,4,4,3,0,1,1,1,2,3,2,2,3,2,1,1,1,2,2,2,1,1,1,2,3,4,4,3,2,2,2,2,2,2,2,1,3,3,1,2,2,2,4,3,1,4,4,4,2,2,1,1,0,1,2,4,4,3,3,5,3,2,2,2,3,4,3,3,6,3,2,2,2,3,5,5,3,4,3,2,1,2,2,1,4,2,1,1,1,2,4,4,5,4,4,3,3,1,2,1,1,1,2,2,2,1,2,4,4,2,3,3,3,3,3,5,3,3,3,3,4,5,4,6,4,3,1,1,4,5,5,4,5,4,4,4,4,6,4,2,2,4,2,0,0,3,5,1,5,5,1,1,2,1,2,3,3,3,3,4,1,2,3,1,2,3,3,2,2,1,2,1,2,2,2,2,3,2,2,2,3,2,1,1,0,2,3,3,3,4,2,2,3,3,3,4,3,3,2,2,2,2,2,1,1,1,1,1,1,3,3,3,2,2,2,1,2,2,2,3,1,1,1,1,1,1,1,2,3,2,1,2,1,2,3,1,2,2,2,2,4,3,1,2,2,3,4,3,3,3,2,1,2,3,4,5,4,3,2,2,1,2,3,2,3,4,3,2,4,5,2,1,1,3,4,4,1,1,1,1,2,2,1,2,3,2,3,4,4,3,3,2,2,3,3,3,3,4,3,2,1,4,4,2,2,3,3,2,3,2,3,4,4,5,4,3,3,4,4,3,1,1,3,2,2,3,4,4,5,5,4,4,2,2,2,2,3,2,2,3,3,2,3,3,3,3,2,2,3,2,3,3,4,5,4,2,0,2,4,4,2,1,2,4,4,4,4,3,3,4,2,2,4,3,3,3,3,3,3,4,4,3,2,1,1,1,1,0,1,4,4,3,4,6,5,2,2,5,4,4,4,5,4,4,4,2,1,3,3,3,2,1,2,5,4,4,2,1,1,3,2,0,1,1,3,2,4,4,1,2,5,3,1,1,3,2,1,1,2,3,3,3,4,4,1,2,2,1,1,1,2,3,3,2,3,2,3,4,2,1,0,1,2,2,2,3,4,5,2,4,5,6,4,4,4,5,4,5,4,3,3,2,3,3,0,1,2,2,2,2,5,6,4,3,3,3,2,2,2,2,1,2,0,1,2,3,3,3,2,4,5,5,5,5,4,3,6,4,3,3,3,3
14,4,3,4,3,4,4,3,3,5,4,3,3,4,4,2,2,2,3,2,2,2,3,4,5,5,4,3,3,4,4,2,4,7,4,4,3,2,2,4,3,1,1,2,4,4,2,2,1,1,0,1,2,3,3,3,4,3,4,4,3,3,3,4,4,2,5,4,3,3,2,1,2,3,4,5,3,1,1,0,1,3,3,4,3,1,1,2,2,2,2,2,3,2,3,3,2,2,0,2,3,3,5,5,3,3,7,8,6,6,7,6,4,1,2,1,2,3,2,3,3,2,5,6,5,4,4,4,3,2,6,4,1,2,3,4,5,5,4,3,3,3,3,3,3,3,3,3,3,3,3,3,3,2,2,2,3,3,3,3,4,4,6,4,4,4,4,4,3,3,5,5,4,4,4,4,3,3,4,5,4,4,3,3,1,1,3,3,3,4,4,1,2,2,1,1,3,4,3,2,2,2,3,2,1,1,1,1,1,1,1,1,3,4,4,5,6,6,2,3,4,3,4,4,4,3,2,3,3,4,2,6,6,5,2,3,4,4,4,3,3,3,3,3,3,3,4,6,6,6,4,4,3,2,2,1,2,2,3,4,2,1,1,1,2,1,1,2,4,3,3,4,2,1,1,1,3,2,2,4,2,1,1,5,4,2,2,1,1,0,1,2,5,7,7,5,3,2,2,2,2,2,2,2,2,2,4,5,4,3,2,3,4,4,4,2,1,1,1,2,3,3,4,2,4,6,5,5,4,4,3,3,4,3,1,0,2,4,3,2,4,4,3,1,1,3,4,3,2,3,3,3,3,1,0,0,0,1,2,3,3,1,2,3,1,1,1,3,3,1,1,1,1,3,3,2,3,3,1,2,3,3,2,2,2,4,6,6,6,4,3,4,3,2,1,3,4,3,2,1,1,1,2,2,2,4,5,4,4,3,3,2,3,4,2,2,2,2,1,2,3,3,3,2,1,2,4,4,4,4,3,2,4,4,2,4,5,5,5,4,3,3,4,4,4,3,3,3,2,1,2,2,1,3,3,3,4,4,4,5,4,4,4,3,1,3,3,1,1,1,2,1,1,4,4,3,3,3,3,3,4,4,4,4,4,4,4,4,5,7,2,2,3,3,4,7,7,4,4,3,3,2,1,1,2,3,3,4,3,1,1,3,4,4,4,3,2,3,3,3,3,2,4,2,3,4,4,4,5,4,3,3,4,5,5,7,8,4,4,5,4,4,4,3,4,6,3,4,3,3,3,5,5,6,3,2,1,0,0,1,3,4,3,3,3,3,3,3,2,4,3,3,3,3,3,2,3,4,4,4,1,2,3,3,5,4,2,1,1,3,5,6,5,5,5,3,2,2,1,1,5,3,2,1,1,3,2,2,2,4,2,2,2,2,2,2,2,2,2,1,1,1,2,2,3,3,1,2,3,3,2,4,4,3,4,4,2,2,3,3,3,1,4,2,3,4,4,4,4,4,2,1,1,2,2,3,3,4,3,3,3,2,2,2,2,3,1,0,3,5,5,7,4,3,1,1,1,0,2,2,2,2,2,3,2,1,2,1,1,3,2,2,1,3,4,3,1,3,4,3,1,2,2,4,4,3,6,5,5,3,3,3,3,2,2,2,3,4,2,3,2,1,0,2,3,3,3,3,4,5,3,3,3,3,3,4,4,3,1,1,1,5,6,2,2,3,2,2,1,2,3,3,2,4,3,3,2,2,2,3,2,3,2,2,3,2,2,3,5,5,3,3,3,3,2,2,2,2,1,1,1,1,1,1,1,1,1,1,1,1,1,1,1,1,4,4,5,5,3,3,1,0,2,2,3,3,4,4,2,2,4,3,3,3,3,3,2,2,3,3,2,2,2,4,5,3,2,2,2,2,2,2,1,1,2,1,1,2,2,3,3,2,1,2,2,1,2,3,2,2,3,3,3,3,4,4,4,4,1,2,2,2,1,4,5,4,3,4,4,5,4,3,1,0,4,3,2,4,4,4,4,2,2,3,5,6,6,6,5,3,1,2,4,1,0,2,4,0,5,5,5,4,4,4,4,4,1,2,1,1,1,1,1,1,2,4,3,3,3,2,1,1,2,1,2,1,2,2,3,4,2,3,3,4,4,5,4,3,4,4,3,3,4,4,3,3,3,4,4,4,5,4,2,3,4,3,3,3,3,3,2,1,1,2,4,2,1,1,2,5,2,2,1,1,1,2,3,4,0,3,4,2,4,5,5,8,4,3,4,3,3,2,3,4,2,2,1,3,5,2,1,1,1,2,2,1,2,3,2,2,2,3,2,2,2,2,3,3,2,3,1,1,2,4,5,4,3,3,3,3,3,3
15,3,7,2,3,3,4,4,4,5,4,3,2,2,2,2,3,4,2,3,3,3,2,2,3,3,1,2,2,2,2,2,2,2,0,2,4,3,4,3,3,2,2,3,3,2,3,3,3,1,0,2,3,3,3,2,3,5,2,2,3,2,5,4,4,4,6,5,4,4,4,4,5,5,5,4,3,3,3,2,2,3,3,2,2,4,3,1,1,1,5,4,6,8,7,6,3,1,2,3,3,3,3,4,4,5,5,4,3,2,3,2,2,3,4,4,4,4,4,4,4,4,3,2,2,2,3,3,3,2,2,2,1,2,4,5,3,3,4,4,4,4,4,4,3,3,4,5,4,3,4,4,6,6,2,3,4,6,6,5,4,4,3,3,1,2,2,2,2,1,3,5,2,3,3,4,6,8,4,2,4,4,3,2,4,4,1,1,1,1,1,2,2,1,2,2,2,2,2,2,2,2,4,4,3,3,2,2,1,1,2,1,1,2,2,2,3,5,4,4,3,2,3,3,5,6,3,2,2,3,4,4,5,5,3,3,3,3,3,3,3,2,1,2,2,4,6,4,3,3,2,2,2,2,2,2,3,2,3,3,2,2,2,2,3,3,1,2,2,1,2,2,3,3,3,4,2,3,2,2,3,3,2,2,3,3,3,3,3,3,4,4,4,4,4,4,4,5,3,2,1,1,1,4,6,5,4,4,3,2,1,1,1,2,4,4,3,3,3,4,3,1,2,1,3,4,2,2,3,2,1,4,6,6,4,2,2,3,1,3,4,2,2,3,4,4,3,3,4,3,3,4,2,3,2,3,3,4,2,1,2,4,2,7,7,3,1,1,2,3,3,3,3,3,3,3,3,3,3,4,4,5,5,5,4,5,3,4,6,6,3,2,3,4,2,2,4,4,3,3,3,4,4,4,3,4,4,3,4,4,2,3,4,4,4,2,2,2,3,3,5,6,7,6,3,3,2,2,2,2,3,4,4,3,4,4,4,4,4,3,2,2,3,3,3,3,3,3,3,3,2,5,5,2,2,3,4,4,3,2,3,4,3,2,3,3,3,1,2,4,4,4,2,2,5,4,5,5,7,8,8,6,4,3,2,1,4,6,5,3,4,3,1,1,3,3,2,2,4,4,4,4,4,5,4,3,2,5,4,2,3,4,3,1,5,3,3,3,4,3,4,3,0,3,6,7,5,3,6,6,5,4,4,3,3,2,3,2,4,5,5,4,5,2,2,2,4,4,5,3,3,3,2,5,2,1,0,0,1,3,4,4,3,3,3,3,2,3,5,3,1,2,2,2,2,2,1,1,3,4,4,2,1,2,2,3,3,3,3,3,3,4,3,3,2,2,3,2,2,5,7,5,4,3,3,3,3,3,4,4,2,3,2,2,2,1,1,2,4,6,5,5,5,5,6,8,0,1,4,5,5,5,3,3,5,4,4,3,3,3,2,5,2,1,3,4,4,4,3,0,0,1,2,3,4,4,3,4,4,4,2,2,1,2,2,3,3,2,3,4,4,5,6,6,1,3,4,3,1,0,3,4,3,4,3,3,2,2,1,2,3,3,2,3,3,2,2,3,4,3,1,1,1,3,2,3,2,3,3,3,3,2,2,4,2,1,2,1,1,2,2,1,4,4,3,0,1,1,1,2,4,1,2,4,4,4,4,5,3,4,4,4,4,4,4,4,3,3,3,4,5,4,5,5,4,3,2,2,2,2,2,3,2,0,1,1,1,2,2,1,2,2,2,2,3,3,3,3,3,3,3,3,3,3,3,3,3,2,2,3,2,2,3,2,5,5,6,5,6,4,4,3,5,7,5,4,2,2,5,4,1,2,1,1,1,2,3,1,4,4,3,3,3,3,4,6,5,3,3,2,1,1,1,3,3,6,3,2,3,2,3,4,2,2,2,2,2,2,2,1,2,6,5,4,3,4,5,7,5,5,2,1,1,1,3,3,4,2,2,3,5,6,8,8,1,2,6,3,3,5,4,2,1,1,2,2,2,1,2,4,4,1,1,4,3,4,4,4,4,1,1,4,6,7,4,2,3,2,2,1,1,2,4,4,1,1,1,2,1,1,0,2,5,4,5,4,2,2,3,2,2,4,6,5,6,6,6,3,3,3,2,1,2,4,6,4,5,2,1,3,4,4,3,3,1,0,1,4,4,6,5,3,5,5,4,1,2,2,2,4,4,3,3,3,4,4,4,6,2,3,4,4,4,5,2,3,5,8,8,5,4,4,2,2,4,4,3,2,4,4,2,2,3,1,1,1,1,1,2,2,3,4,3,2,3,4,2,1,3,3,3,3,3,3,3,3,1,1,1,2,2,2
16,1,2,3,3,4,3,3,4,3,2,3,4,4,3,2,4,3,2,2,1,1,2,2,2,3,3,3,1,1,2,3,4,2,3,4,3,3,4,7,6,5,1,1,3,4,6,8,7,4,1,1,3,4,2,1,1,1,2,3,4,5,6,6,4,2,4,2,2,3,3,3,3,2,3,2,3,3,2,3,3,2,4,4,3,3,3,3,3,3,4,4,5,4,3,2,3,4,4,4,6,5,4,4,5,4,1,1,0,2,2,4,3,2,4,5,5,5,5,6,6,4,2,4,3,1,1,1,3,2,5,8,6,3,4,4,2,1,2,1,1,2,2,2,2,3,4,3,4,4,4,4,4,2,0,1,2,3,3,3,3,1,2,3,2,3,5,5,4,1,3,3,4,5,5,5,4,1,1,2,1,3,4,2,2,2,6,5,6,6,4,4,2,2,3,2,3,4,3,5,4,2,0,1,2,2,1,1,1,1,3,3,3,3,4,4,4,4,1,2,4,5,5,4,2,1,5,2,2,2,3,3,4,4,2,2,2,3,5,4,4,3,3,3,3,2,2,1,1,1,1,1,1,1,1,1,2,2,2,1,2,2,4,4,4,5,2,0,2,2,1,2,4,4,2,4,5,2,1,2,6,5,1,2,3,3,4,4,4,4,4,4,4,5,5,4,3,3,5,4,2,3,4,4,3,3,1,1,1,1,3,3,3,4,2,2,2,2,2,4,4,4,4,5,4,3,3,3,3,3,2,2,3,3,4,2,1,4,4,3,3,1,2,2,3,6,5,2,2,3,3,3,3,3,1,1,0,2,4,5,5,5,6,5,4,4,3,4,2,2,4,2,3,3,4,4,2,2,1,4,4,5,3,3,3,4,5,4,5,4,3,3,4,2,3,3,4,3,4,4,2,2,3,3,4,3,1,2,4,3,1,3,4,4,3,2,3,4,3,2,1,1,2,2,1,1,3,6,5,2,2,3,3,1,2,3,2,3,3,3,4,4,5,7,5,3,4,5,4,2,1,1,2,4,5,5,3,0,5,6,3,2,3,4,5,6,4,4,6,3,2,2,3,5,7,4,2,4,4,4,2,2,1,1,4,2,3,3,4,4,7,4,4,3,3,5,5,2,4,4,3,1,2,4,3,3,6,5,6,5,6,5,3,5,2,2,2,2,1,2,3,4,2,1,1,3,2,1,2,3,3,1,2,4,3,4,2,2,5,3,4,4,5,3,4,6,1,2,4,3,4,5,4,4,3,1,1,2,3,3,3,2,2,4,4,3,5,4,3,2,1,1,1,2,2,2,1,3,2,1,1,2,2,4,4,2,3,3,2,1,1,0,1,1,1,2,2,2,2,1,2,3,4,3,2,4,4,3,3,2,0,4,4,4,3,4,4,4,3,4,4,4,3,2,2,4,5,4,4,4,4,4,4,4,4,2,2,3,2,2,2,3,4,3,2,1,2,2,4,4,2,2,2,3,3,2,2,3,2,0,0,1,1,3,2,0,4,5,3,3,3,3,3,3,3,3,2,3,3,2,3,3,0,1,1,1,2,3,5,5,1,3,4,3,4,4,3,1,4,2,0,3,6,5,5,6,3,1,3,4,4,3,2,1,3,2,1,3,5,6,5,2,2,4,3,3,3,2,3,2,3,2,2,4,3,4,4,2,4,4,5,4,2,1,4,4,2,3,4,3,2,1,1,1,4,2,1,1,1,1,3,3,3,1,0,1,1,1,3,3,4,2,2,2,2,2,2,3,1,1,0,1,1,1,3,3,1,3,4,4,3,2,2,3,2,3,2,4,4,4,4,6,2,1,3,3,3,4,1,1,2,4,2,3,4,3,5,5,0,1,1,1,2,3,4,4,1,2,4,4,3,3,3,1,3,3,5,4,3,2,2,2,1,1,1,1,1,1,1,1,2,3,4,4,3,2,4,4,1,1,2,2,2,2,2,2,3,3,2,2,3,1,1,1,3,5,5,4,4,3,3,2,3,3,3,4,5,4,4,4,1,2,2,3,3,5,5,4,3,3,3,3,3,2,3,4,4,4,3,3,3,1,2,3,2,3,4,3,3,4,4,5,2,2,2,3,4,3,4,4,3,3,3,2,2,2,2,2,2,3,3,3,3,3,3,2,2,3,2,2,2,2,3,2,3,3,4,2,2,4,5,7,2,2,2,2,2,3,2,2,3,1,5,6,4,4,3,3,3,3,5,4,2,2,1,2,4,3,1,1,2,3,3,4,2,1,1,1,2,3,3,3,3,1,1,1,2,3,2,2,1,1,2,5,6,5,2,2,2,3,5,6,5,1,0,0,1,1,2,2,2,2
17,1,2,2,3,3,1,1,2,3,3,4,1,0,3,5,4,2,4,4,2,1,2,2,4,5,5,6,6,3,2,1,1,1,0,0,2,3,6,6,4,2,1,2,3,5,8,7,3,3,6,7,4,3,2,1,3,7,4,0,1,3,4,4,3,4,5,2,1,2,2,2,4,5,3,3,3,3,3,5,4,3,4,6,7,5,4,2,3,5,2,2,2,1,2,3,1,2,2,3,3,4,4,4,4,5,5,2,1,2,3,3,3,3,3,3,2,2,3,2,4,5,4,5,4,3,3,4,5,4,6,5,5,8,6,5,3,3,6,3,2,3,4,3,2,2,2,3,4,2,1,1,3,3,2,3,4,3,3,2,2,4,5,6,6,5,4,5,5,4,4,4,4,4,5,5,4,4,3,3,3,4,4,3,2,1,2,2,2,2,2,2,2,2,3,3,3,3,3,3,4,4,4,5,4,4,4,4,3,2,3,5,4,3,3,4,4,5,5,5,4,3,3,3,3,3,3,2,2,2,2,2,2,3,3,3,3,4,3,3,4,1,2,4,4,3,3,4,3,4,6,5,5,5,4,4,2,3,3,2,3,3,2,4,4,2,3,5,4,4,3,2,2,1,1,2,2,2,2,3,3,2,3,4,4,3,4,3,3,2,3,3,3,2,1,2,2,2,2,2,2,2,2,2,3,3,4,5,5,6,7,6,4,3,3,4,3,3,3,4,4,4,4,3,2,1,1,3,5,4,2,2,1,2,2,3,5,3,3,2,2,3,3,3,2,2,1,2,4,3,3,4,3,2,3,2,4,7,6,5,7,6,3,3,5,5,4,4,4,2,2,4,5,4,4,3,3,3,2,3,5,5,6,6,7,5,4,4,3,4,4,5,7,6,5,4,4,4,4,3,2,1,4,3,2,2,2,1,1,1,3,4,5,5,4,3,3,7,5,1,1,2,3,3,3,2,2,2,2,1,1,3,4,2,4,3,3,3,3,4,4,3,3,3,4,4,3,2,2,3,6,6,5,5,4,4,4,3,1,2,2,2,3,2,2,5,5,3,2,3,5,6,5,2,3,3,3,3,3,4,4,1,1,0,4,4,3,2,3,4,3,3,5,3,2,3,3,2,2,4,4,4,5,4,3,1,1,1,3,3,2,3,2,2,7,7,4,5,4,3,2,3,1,1,2,2,2,1,3,5,3,4,5,3,3,4,4,4,3,1,1,2,2,2,2,2,4,3,1,1,2,2,2,1,3,3,4,4,4,4,4,5,5,3,3,3,2,4,2,1,2,2,2,2,3,3,4,3,5,4,2,2,3,5,6,4,4,4,4,5,3,3,4,3,3,1,3,5,3,1,4,4,3,4,4,6,5,2,2,2,1,3,3,1,3,3,2,2,1,2,4,4,3,3,3,2,2,2,1,2,3,2,3,3,2,1,3,4,4,4,5,5,3,4,4,4,3,3,4,3,4,4,3,2,1,1,2,4,1,1,4,4,3,4,2,3,5,3,1,1,1,1,1,1,2,3,3,3,3,3,3,4,3,3,2,2,2,3,3,2,3,2,2,2,1,1,2,2,3,4,4,4,4,5,5,4,4,4,4,3,3,3,3,4,5,4,5,4,4,4,4,7,3,1,2,2,1,1,1,1,1,3,3,3,2,2,2,1,2,2,3,3,2,2,2,3,2,2,2,2,2,2,2,2,3,3,3,2,2,2,2,2,3,3,3,3,2,4,3,3,3,4,5,5,3,3,4,4,2,2,2,2,2,2,1,5,5,3,3,2,2,3,3,2,5,5,3,3,5,4,3,5,3,2,3,2,3,4,3,1,1,2,3,3,3,2,5,7,7,5,4,3,4,4,4,3,3,2,2,2,2,1,1,2,2,3,3,3,3,2,2,1,2,3,2,3,3,3,4,2,2,4,3,3,2,1,2,3,2,0,2,2,2,1,2,2,2,3,3,3,4,6,6,1,2,4,2,2,3,2,2,2,5,3,2,2,1,1,0,1,3,2,2,2,2,2,3,2,2,3,5,4,2,3,5,3,4,4,4,3,4,4,3,3,2,2,3,4,3,3,1,0,1,1,2,2,4,5,5,6,3,2,4,5,3,2,4,5,3,1,1,2,3,3,2,3,3,3,3,4,4,2,2,1,1,4,4,4,2,2,3,2,1,0,1,1,3,6,8,4,2,5,5,5,5,4,5,3,3,3,3,3,3,3,3,3,2,2,2,2,2,2,2,2,4,5,4,3,3,2,4,3,3,2,5,5,5,5,3,4,3,2,4,4,3,3,2,1,5,5,5,5,3,3,4,5,3,3,3,3,3,3
18,4,0,3,2,1,1,1,3,4,4,4,3,4,4,5,4,3,4,4,3,3,4,5,5,4,3,3,3,4,5,5,3,4,2,2,2,2,2,2,2,2,3,3,3,3,3,3,3,3,2,1,2,2,2,2,2,2,2,3,2,3,3,2,2,3,3,5,6,5,3,3,4,1,1,5,4,3,3,3,3,3,3,3,5,5,5,3,3,2,3,3,3,5,5,4,4,3,1,0,2,3,2,1,1,4,4,2,1,1,5,5,3,1,4,4,2,2,3,3,4,4,4,3,2,2,2,1,2,3,3,4,3,2,5,7,8,5,2,3,2,3,3,2,2,3,4,3,4,3,1,3,3,2,0,2,2,1,1,4,3,3,4,4,3,3,4,4,4,3,3,2,2,2,3,5,5,6,3,1,1,2,4,4,3,2,4,5,2,2,3,3,3,3,4,5,5,5,5,4,4,4,1,2,3,3,4,3,4,5,3,5,3,1,1,1,2,4,3,3,4,3,4,6,4,3,7,5,5,4,4,5,5,4,5,5,4,4,4,3,4,4,4,2,1,1,1,2,4,4,2,4,4,3,3,5,5,3,1,2,2,3,4,4,3,1,0,1,6,5,2,0,2,3,6,4,4,4,4,3,3,3,4,2,1,3,3,2,2,2,2,2,2,3,4,3,1,2,3,4,4,4,4,5,4,3,3,4,4,5,4,4,4,3,3,3,4,4,4,4,3,2,2,1,2,3,4,4,4,3,3,3,1,1,1,2,5,3,4,5,5,5,5,4,4,2,0,1,1,1,1,2,3,3,2,2,2,2,2,2,2,4,4,2,3,4,4,3,3,4,2,2,3,3,4,5,5,3,1,4,5,5,3,1,1,1,2,5,6,4,5,3,4,5,3,3,3,3,2,2,3,3,3,3,2,2,2,3,3,4,5,3,3,3,4,4,4,3,4,4,4,5,4,4,3,3,6,6,5,4,3,3,2,2,5,5,4,4,5,5,3,1,4,4,3,4,5,4,4,3,1,1,1,2,3,3,4,5,3,2,3,4,2,2,3,2,2,5,6,4,3,3,3,5,5,4,3,5,5,2,1,3,3,3,4,4,5,6,6,8,6,4,4,4,4,4,4,2,2,3,4,4,4,4,3,4,4,4,4,4,5,4,5,6,3,4,6,6,5,4,5,4,3,3,3,3,3,3,3,3,4,3,4,4,3,4,5,5,5,3,4,4,5,5,5,4,3,2,3,2,1,2,4,4,4,4,4,4,4,1,1,6,3,1,3,4,4,2,2,2,3,2,3,3,4,4,4,3,3,3,3,3,3,5,5,4,3,1,1,3,3,3,4,5,1,2,2,4,6,5,2,3,3,3,3,2,2,2,3,3,4,4,4,4,2,1,1,2,6,5,3,2,3,3,6,5,1,2,3,3,2,2,2,1,2,2,2,3,2,2,3,4,3,4,3,2,5,5,3,3,2,2,1,1,1,1,3,4,2,4,3,3,4,3,4,5,4,1,1,2,1,2,1,2,3,2,1,2,3,3,5,5,2,2,2,3,3,2,3,3,4,3,1,3,5,5,5,4,2,0,2,3,3,5,5,5,4,4,4,5,4,4,5,6,6,5,3,4,5,4,2,1,3,4,7,6,4,2,3,3,4,4,4,3,3,2,3,3,1,1,1,2,1,1,1,1,2,3,4,4,3,3,2,2,5,6,4,3,5,5,5,6,4,3,4,3,2,1,1,3,4,4,3,2,3,2,2,1,2,3,3,3,3,4,5,5,3,2,2,3,3,3,3,2,1,3,4,4,4,3,3,3,4,2,2,3,3,3,1,1,2,3,4,1,1,2,3,5,7,6,4,3,3,3,3,3,2,2,2,3,3,2,2,3,1,2,1,1,1,4,6,6,2,1,1,1,2,1,1,2,4,2,2,1,1,2,3,3,4,5,5,4,3,3,4,4,2,1,1,2,2,1,1,2,3,3,3,4,1,1,2,1,0,0,1,2,2,2,0,3,6,4,4,5,5,4,6,5,1,1,3,3,3,3,3,5,6,4,3,4,4,4,4,3,1,1,2,2,2,3,4,4,4,4,5,6,5,5,5,5,5,5,5,5,5,4,5,4,2,3,3,2,2,1,1,2,2,2,3,2,1,2,1,2,3,2,4,3,2,3,4,4,1,1,2,1,2,3,2,1,2,4,3,3,4,4,4,4,2,1,2,2,2,2,2,3,4,3,2,5,5,4,5,3,3,2,2,2,2,2,2,2,1,1,2,2,2,2,1,2,4,4,2,2,3,3,2,2,2,2,2,3,3,3,4,4,4,4,4,3,2,2
19,1,3,5,4,4,4,3,1,1,2,1,2,3,2,2,4,4,2,1,1,1,3,4,3,3,1,1,3,4,2,1,3,4,1,1,1,1,1,3,4,2,1,1,2,2,1,3,4,4,4,5,3,1,0,1,2,4,3,2,2,1,1,3,5,4,2,3,4,4,3,4,4,4,3,1,5,5,2,1,2,3,2,4,5,5,3,4,4,4,3,3,2,2,4,4,4,4,3,3,2,2,2,2,3,2,3,2,2,3,5,6,4,3,2,3,5,4,2,2,3,3,2,2,2,3,4,4,3,1,2,2,3,4,4,5,5,4,5,5,4,4,3,3,4,4,1,1,0,2,3,2,4,3,2,3,3,3,4,4,2,4,4,5,7,5,3,3,4,5,4,4,3,3,3,1,1,4,4,3,6,5,4,3,1,0,1,1,2,3,3,2,3,3,1,1,4,4,2,2,3,4,3,4,3,4,4,4,5,5,4,4,3,4,4,4,3,4,4,4,4,4,3,3,3,2,0,0,1,3,3,3,4,3,2,3,4,2,4,5,6,7,2,2,1,2,3,3,4,5,3,2,4,6,5,4,2,4,7,6,6,5,4,4,1,0,0,1,1,1,2,2,2,2,4,4,4,3,4,2,3,3,2,3,2,2,1,3,3,3,1,1,2,2,2,1,2,2,2,2,2,3,3,2,2,3,4,2,0,0,0,1,3,3,1,1,2,1,1,3,3,2,3,4,5,4,3,2,2,3,4,3,3,2,2,4,5,3,3,4,4,4,3,3,2,2,2,1,1,3,3,3,3,3,5,3,2,1,2,5,3,4,4,3,2,2,1,1,2,3,3,3,3,3,3,2,2,2,3,3,2,2,3,4,5,2,5,9,6,4,4,4,3,3,2,3,3,3,5,5,3,3,3,3,4,4,3,4,4,5,6,6,5,5,5,3,2,1,2,3,2,1,3,3,4,5,4,4,5,4,4,2,2,6,5,4,2,2,3,3,4,4,5,4,2,0,0,2,4,5,5,5,3,2,2,3,5,6,4,3,3,4,4,4,2,3,2,3,4,3,3,3,3,3,3,4,5,4,4,6,6,4,3,0,1,3,5,4,3,4,6,7,4,2,3,3,2,2,4,4,1,1,2,3,4,5,3,2,3,2,5,6,5,3,1,3,3,5,7,7,4,2,3,3,2,4,3,3,2,1,3,2,3,3,4,4,4,4,2,2,4,4,4,5,2,2,2,2,2,2,3,3,4,5,3,4,3,2,1,0,0,2,5,3,3,3,3,2,3,3,2,1,1,1,1,2,1,1,1,1,1,1,2,2,3,4,4,3,4,3,3,3,3,2,4,4,2,1,3,2,3,3,7,8,6,5,5,3,4,7,5,2,1,2,4,5,5,3,3,3,5,5,5,5,4,4,2,3,3,3,2,2,3,4,6,4,3,3,2,2,4,4,4,3,4,5,4,4,5,3,1,1,3,3,1,1,3,5,4,3,3,4,3,3,5,4,2,3,3,3,3,3,3,3,1,1,1,1,1,1,2,4,2,1,1,1,1,2,1,1,1,2,1,3,3,4,4,5,3,4,4,4,5,4,4,5,1,1,2,3,3,3,2,3,3,3,3,3,3,1,1,3,5,3,3,2,3,3,2,2,2,2,3,4,3,1,2,1,2,3,2,2,3,3,3,3,3,3,3,3,3,4,5,2,4,4,4,3,2,2,1,1,3,3,3,3,4,4,3,3,2,3,4,4,4,2,2,3,2,3,2,4,5,5,5,4,3,4,4,3,2,3,4,3,2,2,3,4,4,4,3,1,1,2,2,4,4,4,5,5,4,4,4,3,2,2,3,3,3,3,3,5,6,6,4,2,3,4,4,2,2,1,1,2,4,4,3,4,3,3,4,3,1,1,2,4,3,0,3,4,4,4,5,5,5,5,6,5,3,4,4,5,6,7,6,6,5,5,6,6,6,6,7,7,4,5,5,5,5,4,5,5,6,5,5,5,3,2,2,2,3,3,3,3,3,3,3,3,3,4,4,3,5,6,5,4,5,5,4,6,7,7,6,5,2,1,2,2,3,4,3,1,3,4,3,2,3,3,3,3,3,2,3,6,5,4,5,7,4,2,3,3,4,4,2,2,3,3,5,4,2,1,2,2,4,4,2,2,2,2,2,3,1,2,1,2,2,2,1,1,2,2,3,2,1,1,1,3,2,3,2,3,3,3,2,2,2,2,3,3,3,3,3,3,2,1,0,1,3,3,2,3,1,2,2,1,1,2,4,4,2,1,1,3,3,2,2,4,4,5,6,5,4,3,2,2,3,3,4,5,5,3
20,3,2,2,4,6,5,2,2,2,3,2,3,4,2,3,5,5,3,3,3,2,3,3,4,4,2,1,1,2,3,3,2,1,3,1,4,6,2,1,4,4,4,2,1,2,1,2,3,2,3,3,2,3,5,4,4,5,4,2,1,3,3,2,2,3,4,4,7,7,6,5,3,5,4,3,5,1,1,5,2,1,3,3,3,4,5,4,3,3,3,1,1,2,3,4,2,0,3,3,4,4,4,3,3,3,4,3,3,3,3,3,3,1,2,3,3,4,2,2,4,4,6,7,5,3,2,3,3,1,1,3,3,1,4,5,3,3,4,2,1,1,3,3,3,2,1,1,1,2,3,2,2,5,6,4,3,2,3,3,3,4,2,1,2,3,4,5,3,3,3,3,1,1,1,1,4,4,4,3,1,2,3,2,2,3,3,2,1,1,2,3,2,1,5,4,5,5,5,3,4,5,4,2,1,1,3,3,3,4,4,3,3,3,2,3,3,4,4,2,1,3,3,3,4,4,5,4,3,3,2,2,2,1,2,5,4,3,3,4,3,1,3,2,2,3,4,4,4,5,4,3,2,2,2,2,4,5,5,4,2,1,2,4,4,3,3,3,1,2,3,2,2,3,3,3,3,4,5,4,4,5,3,3,2,1,1,1,1,2,3,4,4,5,5,3,1,1,2,2,1,2,3,4,3,3,5,6,5,5,5,5,4,4,4,3,3,2,3,2,3,3,3,4,4,4,2,1,3,5,4,4,4,3,3,3,3,3,3,5,4,4,4,4,4,5,3,3,4,4,2,3,4,4,1,3,2,2,5,5,5,7,3,3,2,3,3,4,5,4,1,3,3,2,2,3,1,1,2,3,3,2,2,2,2,1,6,7,7,5,5,5,2,2,4,3,4,4,4,4,3,2,2,4,3,4,4,3,3,2,4,5,5,3,2,2,3,5,4,2,2,2,1,2,3,3,3,4,2,1,2,4,4,5,5,4,3,4,3,3,3,2,1,1,1,1,1,3,4,3,3,2,2,2,2,1,2,5,5,3,3,3,3,3,1,1,2,2,3,3,3,3,3,2,4,5,7,8,7,6,4,4,4,0,1,3,3,4,4,4,3,4,4,5,4,5,4,4,2,3,4,4,4,3,3,3,1,1,4,4,3,1,1,2,2,1,3,2,4,4,5,4,4,5,4,4,6,6,5,4,3,1,2,4,5,5,4,2,3,7,6,5,4,2,2,3,2,2,2,2,2,2,4,6,4,5,4,2,1,1,1,2,5,5,4,4,5,5,6,5,3,3,5,4,3,3,1,1,1,1,2,2,3,3,3,5,5,3,3,3,3,4,4,3,2,2,2,2,1,2,1,1,1,3,4,4,4,3,3,2,2,2,2,1,0,2,4,3,1,1,4,6,5,3,2,3,3,2,3,3,3,3,4,3,3,4,4,4,3,2,2,3,2,3,2,2,2,2,2,2,2,2,1,1,1,2,2,3,2,2,4,4,3,4,4,3,3,4,3,2,2,3,2,3,6,5,4,4,4,4,5,5,4,4,4,5,4,5,7,7,1,1,1,1,1,1,2,2,3,3,2,3,3,2,3,2,3,3,1,2,2,1,1,1,1,1,2,2,3,3,3,2,3,5,5,5,4,4,3,5,3,3,4,3,2,2,4,5,4,4,2,3,3,3,3,3,1,2,4,5,5,3,2,2,5,4,5,5,5,4,4,3,2,2,2,1,1,1,3,2,3,4,4,3,2,3,3,3,4,1,1,2,3,4,4,2,3,3,4,2,2,2,2,1,2,2,2,4,4,3,4,4,4,4,2,2,3,4,4,2,3,3,3,3,3,3,3,4,4,3,2,2,2,2,2,2,3,3,3,4,3,2,2,2,3,2,3,3,3,4,4,4,2,2,2,1,1,2,2,3,3,3,3,2,2,2,1,1,2,2,2,2,2,4,8,6,4,1,2,5,4,5,6,5,5,3,2,3,3,3,2,3,1,3,3,3,4,3,3,3,0,1,1,1,2,4,3,1,2,3,3,3,3,4,4,5,5,4,3,3,5,5,5,3,1,2,4,4,2,2,1,1,1,2,4,3,2,2,5,5,2,2,2,2,2,2,4,5,3,3,5,6,6,5,1,1,4,5,4,3,3,3,3,3,3,2,3,4,4,5,4,4,4,2,1,1,2,2,0,1,3,1,2,3,2,1,1,3,1,1,1,2,2,2,2,2,4,4,3,4,4,4,4,4,4,4,3,4,4,3,4,3,1,1,2,3,3,3,3,3,2,2,2,2,3,3,3,3,4,4,4,4,2,1,1,0,3,3,3,3,4,4
21,3,2,0,0,1,3,4,3,3,3,4,4,4,4,3,3,3,2,3,3,3,2,3,2,1,2,1,1,2,2,2,3,3,3,2,1,3,3,2,2,2,1,1,2,3,3,4,6,5,2,5,4,4,6,7,5,3,3,4,4,3,4,4,1,2,5,3,4,5,5,4,3,3,4,6,6,5,5,5,5,6,3,2,3,4,3,3,5,5,1,3,3,1,0,0,3,5,1,3,3,2,3,2,2,3,4,4,4,2,2,3,3,3,3,4,5,3,3,4,4,4,4,3,3,3,3,3,3,4,4,4,5,5,7,3,2,2,2,3,3,3,4,4,3,2,2,2,2,2,2,2,3,1,3,5,5,4,4,3,3,4,3,3,6,7,4,4,6,7,5,3,2,1,1,1,2,4,2,1,2,2,1,1,3,3,4,4,4,2,1,3,5,3,2,1,2,2,0,1,2,2,1,3,3,3,4,5,3,1,2,2,3,4,3,2,1,4,5,4,4,6,6,6,5,4,6,5,5,5,3,4,3,1,1,4,5,4,3,1,1,1,1,2,2,3,4,5,4,3,2,2,2,2,1,2,3,3,3,3,2,3,4,4,4,2,1,3,3,3,4,5,4,2,1,1,1,3,4,4,3,2,5,3,2,4,4,5,5,4,3,4,3,2,3,3,3,2,1,2,3,2,2,2,3,3,2,4,4,4,4,3,3,3,2,2,5,4,3,4,4,2,1,2,2,2,2,2,0,1,5,6,5,5,4,4,6,4,4,4,3,3,2,2,3,3,2,1,3,3,5,5,5,4,5,3,2,4,5,4,3,2,3,4,3,4,4,3,3,2,1,3,4,3,2,1,2,4,5,4,3,3,3,3,2,3,4,5,4,3,2,1,0,2,4,4,4,4,3,2,1,2,4,1,3,3,3,4,3,5,5,3,3,2,2,3,2,3,3,3,3,4,4,3,4,6,6,5,2,1,1,2,4,3,1,2,1,1,4,3,1,1,3,3,3,3,4,4,3,5,5,3,1,1,2,2,3,4,4,3,1,2,4,5,4,3,4,4,3,2,3,2,2,3,2,2,3,6,6,4,4,4,3,4,3,3,3,3,3,3,3,4,3,1,3,3,3,3,4,1,3,5,5,5,4,1,1,2,3,3,4,4,2,4,5,4,5,4,5,4,4,4,4,5,5,3,4,5,5,4,4,3,6,6,6,5,5,5,3,2,3,5,4,4,5,5,2,2,2,2,2,2,2,2,3,3,3,3,3,3,3,3,6,3,4,4,3,3,3,3,4,3,1,1,1,2,4,2,2,2,2,2,2,4,5,4,3,4,3,2,3,3,2,3,5,5,3,3,3,3,5,6,5,4,3,2,3,2,3,3,2,3,3,3,3,4,4,4,4,4,4,3,4,4,5,6,2,3,5,4,3,3,2,1,2,3,2,1,3,3,3,3,4,4,3,2,2,2,3,4,4,2,1,3,4,3,3,2,0,2,3,3,3,4,2,2,1,1,1,0,1,1,1,1,1,3,3,1,1,3,5,5,2,2,2,1,1,3,4,3,4,3,3,2,3,1,2,3,3,2,2,1,2,2,2,1,5,3,3,2,1,1,2,3,7,5,2,2,4,3,4,1,1,2,3,4,4,3,2,2,3,5,5,3,2,4,3,2,4,3,2,2,2,3,4,1,1,3,2,2,2,1,1,2,3,2,3,3,3,4,4,3,3,3,3,3,4,4,3,3,1,1,1,1,1,2,4,6,4,2,1,1,3,3,3,3,1,1,2,2,1,1,1,2,2,2,2,2,2,2,3,3,1,4,5,3,3,4,5,2,2,4,5,6,5,5,2,2,5,3,2,4,5,3,3,4,2,2,3,4,4,5,6,5,2,2,2,0,0,1,4,5,5,3,2,4,4,4,5,5,5,3,3,3,4,7,5,1,4,4,3,4,5,3,2,4,4,3,2,3,2,2,3,1,1,2,2,4,3,2,3,4,3,3,4,4,2,2,4,4,4,3,3,3,2,2,2,3,3,3,3,3,2,4,4,2,2,3,5,5,5,4,4,4,3,4,4,4,2,1,1,3,2,1,2,3,2,1,1,4,3,1,4,4,4,4,2,4,1,0,2,3,3,5,4,1,3,2,3,4,4,4,4,4,1,2,2,1,3,3,3,3,2,3,4,4,4,4,4,2,2,2,2,1,1,2,1,1,2,2,1,1,1,0,1,2,5,5,3,3,3,2,4,3,2,4,3,3,3,3,4,3,2,3,2,1,3,4,3,3,3,2,1,2,3,2,2,5,3,1,1,2,3,3,1,1,4,4,4,3,3,4
22,8,3,3,4,3,2,1,2,3,0,0,2,4,4,3,3,1,1,1,4,4,4,3,4,6,4,7,5,2,1,1,0,1,2,2,1,2,2,3,3,3,4,2,1,1,1,1,1,1,5,4,4,3,5,7,5,5,4,4,5,3,2,2,2,3,4,5,3,3,2,2,3,3,4,5,5,4,5,5,4,3,3,3,5,5,4,4,4,4,2,2,4,5,4,4,3,3,3,3,3,3,4,6,7,5,4,3,3,4,5,5,3,1,1,2,1,2,2,1,1,1,3,3,4,5,3,3,3,3,4,5,2,1,3,5,6,6,5,2,3,3,4,5,7,5,3,3,3,2,0,2,4,6,5,4,4,4,4,4,2,3,3,4,5,5,5,4,4,4,1,2,2,2,2,3,3,4,1,3,3,3,4,3,2,3,3,3,4,4,4,5,5,5,2,2,3,4,4,3,1,1,2,2,1,3,4,4,4,4,1,1,0,0,0,0,1,3,3,5,3,1,1,1,1,3,4,4,4,4,3,4,5,4,3,3,4,4,5,5,4,5,4,3,4,4,4,3,3,3,2,3,3,3,3,3,5,6,4,3,2,1,3,3,2,1,0,1,1,0,0,1,1,1,2,3,2,2,3,5,4,3,2,1,2,4,4,4,5,3,4,3,3,3,4,4,6,6,3,2,4,4,4,5,3,1,4,2,2,4,5,4,2,1,1,2,1,2,3,2,2,2,3,3,2,0,0,2,3,4,4,3,5,5,5,5,5,6,5,5,5,4,5,6,4,5,4,3,4,4,4,4,4,3,4,3,4,4,4,5,7,6,4,3,3,2,1,2,3,3,3,5,5,4,3,3,2,3,5,4,4,5,5,5,5,6,4,1,1,2,4,6,6,7,5,4,4,3,4,5,4,4,5,4,1,2,2,3,4,5,5,7,6,2,2,4,4,3,6,5,4,3,3,4,3,2,3,3,1,2,3,3,3,3,6,5,4,6,6,6,7,9,7,5,4,5,4,4,5,5,3,2,3,3,1,3,4,6,6,3,2,2,3,3,3,3,3,2,1,2,2,2,3,3,2,1,1,4,4,4,3,2,5,7,6,5,5,7,8,5,3,4,4,3,1,2,4,4,2,2,2,2,1,1,2,2,3,3,3,3,3,2,1,2,1,2,3,3,5,4,2,2,3,3,3,3,2,2,2,3,2,3,4,2,2,2,2,5,6,4,5,6,4,4,4,4,5,4,3,3,3,3,3,4,4,2,2,3,4,3,3,3,2,2,2,2,2,3,2,2,1,0,2,4,5,5,5,3,1,1,1,1,1,3,2,4,3,3,4,4,3,3,3,3,3,2,2,2,2,2,3,3,1,2,2,2,2,2,4,4,1,1,2,3,3,1,2,3,2,1,1,1,3,2,2,1,3,3,3,4,5,5,3,2,2,3,3,3,4,4,2,2,1,1,1,1,1,1,1,0,1,1,2,2,3,4,6,5,3,4,3,1,1,2,2,3,3,2,3,3,2,3,3,2,1,2,4,3,2,2,4,4,3,2,2,2,2,1,1,2,3,3,3,2,4,3,3,3,2,2,3,1,0,0,2,2,3,3,3,3,3,3,3,5,4,2,1,1,1,3,3,4,3,2,1,3,4,3,4,4,3,3,3,4,3,3,1,1,2,2,3,3,2,3,3,3,4,4,3,2,5,7,6,4,2,2,2,2,4,2,2,2,1,3,4,3,2,4,5,3,4,3,3,2,3,3,2,1,1,1,1,2,2,3,3,1,1,2,1,0,0,2,4,4,3,1,1,3,4,3,4,6,5,5,5,4,3,3,5,7,5,3,3,4,4,6,5,3,2,1,0,1,2,1,2,5,4,4,5,4,3,2,2,3,2,2,3,4,3,5,5,4,4,4,4,4,5,5,5,5,3,2,4,4,4,4,4,4,2,2,2,3,2,2,4,5,1,2,6,5,5,4,4,2,1,1,2,4,6,5,5,6,2,3,5,4,2,1,2,4,3,3,3,3,4,4,2,3,2,3,3,1,1,2,4,4,1,1,1,1,1,1,2,1,4,2,3,4,4,4,4,4,4,4,4,4,4,3,3,4,3,5,1,1,5,6,5,6,3,0,1,3,3,2,4,6,4,5,6,6,5,5,3,3,1,1,1,1,3,3,2,2,4,3,3,3,3,4,3,3,2,3,2,2,2,3,3,3,1,0,1,2,4,4,1,1,2,2,3,2,2,1,2,2,1,2,2,2,2,1,1,1,2,2,3,3,3,3,2,2,3,3,3,3,4,5,4,2,1,1,1,1,1,1,1,1,3,3,3,3,3,3
23,3,3,3,2,3,4,4,3,3,1,0,0,1,3,3,6,4,5,3,1,1,2,2,2,2,2,2,2,1,0,1,1,2,2,3,3,4,2,3,4,5,1,0,0,2,2,5,4,4,2,2,4,3,2,2,2,3,2,1,2,2,2,3,3,2,3,3,4,4,4,5,5,4,3,2,4,5,4,4,5,4,4,4,2,3,2,1,3,3,1,1,1,1,1,1,1,2,5,4,4,5,3,4,3,3,2,3,3,2,3,4,2,3,5,3,3,3,4,4,3,4,4,4,4,4,2,2,1,1,1,3,3,3,3,4,4,2,2,1,2,3,4,4,4,3,4,5,3,2,3,4,6,4,2,3,3,4,4,3,4,3,3,3,4,4,4,3,1,1,2,3,3,3,4,6,5,3,4,2,3,4,4,4,4,3,4,5,5,4,3,4,3,2,5,3,2,2,1,2,3,3,3,3,3,3,4,4,2,3,4,2,2,3,3,3,3,3,3,3,5,6,3,3,4,3,3,3,4,3,3,5,4,4,5,5,3,3,2,3,4,1,1,1,1,3,3,5,4,4,3,1,1,2,2,3,3,3,5,5,3,2,2,4,5,5,5,5,5,5,4,4,4,6,3,2,2,3,4,7,7,7,4,2,4,4,4,4,4,3,3,1,1,1,2,2,2,2,2,3,3,3,3,4,5,5,1,2,4,4,4,3,3,2,1,2,3,3,3,3,3,2,4,5,3,4,5,3,3,3,1,2,4,4,3,2,2,4,3,3,3,3,4,4,4,3,2,3,3,3,4,5,4,3,4,4,3,4,4,3,5,4,3,5,5,3,3,4,5,2,3,2,2,2,2,4,6,5,1,3,5,5,3,2,3,4,5,4,4,3,4,4,4,3,2,2,2,2,4,4,3,3,4,3,1,1,2,3,4,4,3,3,3,2,4,5,5,6,5,3,4,6,6,5,4,5,4,3,2,3,5,5,5,5,9,5,3,4,5,5,5,3,3,1,0,0,0,1,2,3,2,2,2,3,3,3,5,5,1,1,1,1,1,3,2,3,3,5,3,3,3,4,4,4,3,2,2,5,6,6,4,2,3,3,3,2,3,5,6,4,4,5,3,3,4,4,5,4,3,2,3,4,5,4,4,6,4,3,2,3,4,4,4,6,3,3,4,4,4,3,3,2,0,2,4,4,3,4,5,4,3,3,3,3,2,4,4,4,2,3,4,3,1,0,2,5,2,1,2,3,3,2,1,4,4,2,2,3,4,5,4,3,3,2,3,3,2,3,5,3,4,4,2,3,6,5,2,2,3,4,4,4,3,3,2,4,3,2,2,6,6,6,6,4,3,3,3,4,4,4,5,5,4,3,3,3,3,3,3,3,1,1,1,2,2,2,2,3,7,5,3,3,3,3,4,4,5,4,3,4,6,5,3,2,3,2,2,3,4,4,4,3,2,3,3,3,4,4,6,5,4,5,6,6,5,3,2,3,3,3,1,1,2,1,1,4,4,2,3,4,3,3,1,0,1,2,1,2,4,2,2,3,4,3,3,3,1,2,4,4,4,4,1,1,2,2,2,2,1,1,3,4,3,3,4,4,8,7,5,4,4,3,3,3,5,4,1,0,1,3,4,2,5,4,4,3,3,4,4,2,2,3,4,4,4,5,5,3,2,3,4,4,4,2,3,3,4,4,2,1,1,2,3,4,4,5,4,3,3,2,4,2,2,3,3,4,4,2,4,4,3,5,6,6,4,3,2,3,2,2,2,3,3,3,3,3,5,4,2,3,4,2,1,1,2,3,1,2,3,4,4,3,4,3,3,4,4,5,5,4,2,2,5,4,5,5,4,4,4,3,2,2,3,3,3,2,2,2,1,2,2,1,1,1,3,3,2,2,3,3,3,3,3,2,1,1,1,1,2,2,1,1,1,1,1,1,1,3,4,3,4,2,0,4,2,1,6,5,5,3,2,5,6,6,5,3,3,3,2,3,3,3,1,2,3,2,2,3,3,3,3,3,3,5,5,4,6,6,3,2,3,3,3,4,4,3,3,2,2,3,4,5,5,3,3,3,3,1,1,3,4,3,0,0,1,2,4,1,1,4,4,3,3,3,3,2,2,2,3,3,3,2,3,3,4,1,2,3,3,2,4,4,4,4,6,5,3,3,2,2,4,7,3,1,2,3,3,3,3,5,3,1,2,3,3,2,2,1,2,1,0,0,2,2,3,4,3,3,5,3,3,4,2,2,2,2,2,2,2,2,2,3,1,1,3,3,3,3,3,6,3,4,4,3,3,3,4,4,3,3,4,4,2,1,2,3,1,1,1,1,1,1
24,5,3,4,5,3,2,2,2,1,1,2,3,3,3,2,4,5,2,2,2,2,3,3,3,1,2,2,2,2,2,2,2,2,1,1,1,1,1,1,3,2,2,3,3,4,4,5,5,3,3,3,4,2,2,3,3,3,2,3,3,3,3,3,2,4,4,3,3,3,3,4,4,1,3,3,1,2,1,3,4,3,4,4,3,2,2,3,5,3,1,4,4,2,1,1,4,5,3,3,1,1,3,3,3,3,4,4,4,5,4,3,4,4,3,3,3,3,3,2,3,3,5,6,3,2,3,3,4,4,4,6,6,6,5,2,4,5,4,5,4,3,3,4,4,3,3,2,2,3,3,4,4,4,4,4,5,5,5,6,5,3,3,4,3,2,3,5,7,6,4,2,2,4,4,4,4,4,5,5,3,1,3,4,6,7,5,5,3,2,4,6,6,6,3,4,5,5,3,3,2,2,2,2,2,2,2,3,3,4,5,4,4,4,2,3,6,4,3,2,1,2,1,1,2,1,3,4,2,3,4,4,3,3,5,5,6,5,5,5,4,3,3,1,1,1,1,2,2,1,1,1,3,2,1,1,2,3,2,3,2,2,3,3,3,3,2,2,2,2,2,3,3,2,4,4,3,3,5,5,3,1,1,2,4,3,1,1,3,3,3,4,4,4,4,3,2,3,6,5,4,4,4,4,4,4,3,4,4,5,4,6,6,4,4,2,2,3,3,3,2,3,2,1,1,3,3,2,2,1,2,3,2,3,3,3,4,3,2,5,5,4,3,4,7,5,1,1,2,2,2,2,2,3,5,6,2,2,3,3,3,3,5,5,3,3,2,1,1,5,1,1,3,4,4,3,1,1,2,2,3,4,3,3,2,2,2,3,2,2,2,2,5,6,6,5,5,5,5,5,4,3,1,0,1,2,3,3,2,2,3,1,3,3,3,4,6,4,5,5,4,3,4,3,1,3,4,3,3,4,3,3,4,3,2,2,2,1,1,3,2,1,3,3,2,2,3,3,2,2,2,2,2,2,2,2,2,2,3,2,2,1,1,2,2,3,2,1,1,1,1,1,1,2,2,2,2,2,3,2,2,3,2,1,3,4,4,4,4,4,4,4,3,3,3,1,2,3,4,4,4,4,4,4,4,4,3,3,4,3,3,2,4,6,6,5,5,5,5,5,6,6,2,2,3,3,2,3,3,3,2,2,3,3,3,3,3,3,5,5,4,3,3,4,4,3,3,3,5,4,4,3,3,4,4,1,2,4,3,3,2,1,3,3,3,4,4,4,4,4,5,5,4,4,4,4,3,2,1,2,4,4,4,3,3,3,4,2,1,1,1,1,2,3,3,2,3,3,3,3,2,2,4,4,3,2,1,1,3,4,3,1,0,3,4,4,3,2,3,4,4,4,4,3,3,3,3,4,4,5,5,5,6,5,4,3,3,4,4,4,3,3,2,6,5,3,2,2,2,3,4,1,1,2,5,4,4,3,3,5,3,1,2,2,5,6,7,6,6,3,2,2,3,3,2,3,4,4,2,2,2,4,2,1,1,1,1,1,1,1,3,2,2,3,3,2,3,3,4,3,1,1,2,2,1,1,5,2,3,3,2,1,2,1,2,3,3,4,5,5,5,3,3,5,6,6,5,4,3,2,1,2,1,0,0,0,1,3,2,1,1,1,1,1,1,1,2,2,2,3,3,4,4,3,3,3,3,4,3,3,3,2,1,2,2,2,2,2,2,2,1,3,2,3,5,3,2,1,2,3,3,3,3,3,4,4,3,3,3,3,2,2,2,2,2,2,2,2,3,3,2,3,5,4,4,2,2,3,3,1,3,4,4,4,5,4,4,4,5,4,5,5,3,2,3,3,2,3,3,3,3,2,3,3,3,3,3,3,3,4,4,4,2,2,2,2,2,2,2,2,4,3,2,3,3,4,4,4,3,1,4,4,5,4,3,6,2,2,4,4,2,2,2,1,2,3,3,3,3,3,3,2,0,3,4,3,4,3,3,4,3,2,4,5,4,3,3,3,1,2,3,3,3,4,4,3,2,1,2,2,2,3,3,3,3,3,1,2,2,1,1,3,3,1,2,2,3,4,4,3,1,3,5,4,3,3,3,2,1,3,3,1,1,2,3,3,3,4,3,1,1,2,3,2,1,1,2,2,1,1,1,1,3,3,1,3,5,4,3,4,3,2,2,2,2,1,1,1,6,7,2,3,4,1,4,5,3,3,2,2,2,1,1,2,3,3,3,3,3,3,3,4,3,3,3,3,2,2,3,3,2,2,2,2,2,3,1,1,1,1,2,2,3,4,4,4,5,4,4,4,4,4
25,1,2,1,0,2,3,4,4,2,1,3,4,4,5,4,3,3,4,2,2,1,1,1,2,6,7,6,5,4,3,4,5,2,1,3,3,2,2,3,3,3,2,3,4,3,4,4,4,3,2,4,2,2,3,3,4,4,4,5,5,5,2,2,3,2,4,5,1,1,2,4,4,4,3,2,4,5,6,5,3,4,6,5,3,3,3,3,3,3,3,3,2,2,3,3,3,2,3,4,3,4,5,5,5,4,4,5,5,3,3,2,5,6,4,2,3,3,2,3,3,3,5,5,4,3,3,4,6,6,4,3,3,2,5,8,6,3,4,5,4,5,5,4,5,5,5,5,3,2,2,2,4,4,3,2,1,2,4,5,3,2,1,1,3,3,3,3,2,1,3,3,2,1,1,3,5,6,1,4,6,4,1,0,1,2,1,1,4,2,3,5,4,3,2,2,2,3,3,3,3,4,3,3,2,2,3,3,3,3,2,2,2,2,3,3,3,4,2,3,4,2,3,4,4,1,6,5,3,1,1,1,3,3,1,2,2,3,3,4,4,3,5,5,5,4,6,6,4,6,3,0,2,2,3,3,3,3,1,1,1,1,1,1,2,2,1,3,5,3,2,4,4,4,2,1,3,3,3,4,5,5,3,1,3,2,1,2,2,2,1,1,1,1,0,1,1,2,3,3,3,3,3,4,4,5,4,5,5,3,2,4,2,1,4,6,4,2,3,2,2,2,1,4,5,5,5,4,5,5,4,1,2,2,2,2,1,1,3,2,1,3,4,3,1,1,2,3,4,3,1,1,3,3,2,2,2,2,2,3,2,2,3,4,4,5,5,5,5,3,2,2,3,2,2,1,0,2,3,4,5,5,5,4,4,4,3,3,2,2,3,2,2,3,2,2,3,4,3,3,2,1,3,2,1,2,2,5,4,2,3,5,4,3,3,3,2,1,2,3,3,5,4,4,4,2,1,1,3,2,1,2,1,3,3,3,4,4,5,4,4,4,2,3,2,2,4,4,1,2,3,4,5,5,4,5,5,4,4,4,4,2,2,3,3,3,3,1,2,1,1,2,6,6,2,1,2,3,3,4,5,5,2,3,3,3,3,3,3,3,3,3,2,1,3,4,3,2,4,4,4,4,2,2,2,2,3,4,4,3,2,3,3,2,2,4,4,2,3,4,4,4,2,4,4,3,5,4,2,2,5,3,3,3,2,2,2,3,5,4,2,1,2,1,3,4,4,4,3,2,3,4,2,2,1,1,3,4,3,4,5,4,2,3,5,5,5,5,4,5,4,3,2,3,3,3,3,3,5,5,5,5,4,4,5,6,2,2,3,2,3,3,3,2,5,7,6,6,4,1,4,5,3,2,2,2,3,2,3,3,1,3,4,4,3,4,5,4,2,2,4,3,2,1,2,4,6,4,4,5,5,4,5,5,1,2,2,2,2,1,1,1,1,0,2,3,3,4,3,1,1,2,2,2,1,1,2,2,1,3,2,1,1,2,4,6,5,4,4,2,2,3,2,2,4,4,3,3,2,3,3,2,3,3,3,2,2,2,1,1,4,2,1,2,1,1,2,3,1,1,3,5,4,2,4,6,7,5,2,2,2,3,2,2,1,1,2,1,2,2,3,2,4,5,3,4,3,2,4,4,3,2,1,3,5,4,3,3,4,4,4,3,3,3,3,3,1,1,2,4,3,3,3,2,1,1,2,3,4,3,2,2,3,4,3,3,4,3,3,3,2,1,2,3,3,3,2,1,2,2,3,3,3,3,3,3,2,1,1,1,2,3,4,2,2,3,4,5,4,3,2,5,5,4,3,3,4,3,4,4,2,1,1,2,3,5,5,3,5,5,4,2,1,2,4,4,5,3,2,4,5,4,1,2,3,1,2,2,2,3,5,4,0,1,2,2,1,2,1,1,1,1,1,3,2,2,3,4,4,3,3,2,1,2,2,3,1,2,3,3,4,6,5,3,3,4,2,1,1,3,4,3,4,4,4,4,5,5,4,3,4,5,5,5,3,1,1,2,2,2,2,3,2,3,4,3,5,5,4,4,4,4,4,2,2,2,2,2,2,2,2,1,2,3,4,3,2,2,2,0,0,2,5,8,6,4,4,4,3,3,7,6,1,1,4,4,0,2,2,3,3,2,3,6,4,3,2,1,1,2,2,4,1,4,3,2,2,2,2,2,2,1,1,1,2,3,3,3,3,4,5,5,5,5,3,4,5,5,5,5,5,4,4,3,3,4,4,4,4,4,3,4,3,2,1,2,3,3,1,2,2,4,4,2,3,3,2,2,3,3,3,4,5,4,1,1,3,3,3,3,3,3
26,3,3,5,6,3,4,7,6,2,3,3,1,1,1,3,6,4,2,3,3,3,3,3,3,2,0,0,0,2,6,5,2,1,1,3,3,1,1,2,1,1,3,3,3,3,1,1,3,4,3,3,4,4,4,4,5,5,4,4,3,3,3,4,4,2,1,1,2,2,2,3,3,2,1,1,0,1,3,5,7,5,2,3,3,2,2,4,3,2,3,3,3,3,4,3,3,3,2,1,2,1,1,2,1,1,1,2,0,0,1,1,1,2,5,4,2,4,3,3,4,5,7,7,6,3,3,3,5,5,3,2,1,2,4,3,2,1,2,2,2,2,4,3,2,1,2,3,2,3,3,4,5,6,3,1,1,3,4,5,5,6,4,2,2,2,2,2,2,2,3,2,1,1,1,2,3,4,3,3,4,3,4,5,4,4,3,3,4,4,2,1,1,2,4,3,3,3,3,2,2,1,2,4,4,4,5,6,5,4,2,1,2,2,1,1,1,2,3,3,3,3,3,3,3,3,2,3,7,6,4,4,5,1,1,3,2,2,3,3,3,3,0,0,2,2,2,3,3,5,4,2,4,5,4,3,3,2,4,4,5,5,4,4,3,3,4,4,4,3,3,4,4,4,3,3,4,5,4,4,4,3,4,4,4,4,4,5,6,5,2,1,2,3,3,4,2,1,1,1,1,2,3,5,5,3,6,6,2,1,2,3,4,4,5,6,5,4,1,1,4,3,1,2,3,3,2,3,3,2,2,2,3,5,5,5,5,4,3,3,3,3,3,3,2,2,3,3,3,3,3,3,3,2,1,3,5,4,4,3,2,3,2,1,2,3,2,1,1,1,2,4,5,5,5,5,3,2,3,3,3,3,4,6,5,4,5,5,3,2,4,5,5,4,3,3,3,3,3,2,3,2,2,2,2,4,4,2,2,2,2,4,4,4,4,3,2,2,3,4,3,2,2,1,1,1,1,3,5,5,4,4,4,4,2,2,3,3,3,3,1,3,6,4,1,1,1,1,0,3,4,3,4,6,5,5,4,4,3,2,2,4,5,4,3,2,5,5,3,2,1,2,2,1,2,2,3,4,6,7,6,4,4,4,3,4,4,4,4,6,4,4,4,4,3,4,4,4,1,2,4,4,4,3,2,1,3,2,3,4,5,5,4,4,3,0,2,5,6,6,3,2,4,3,3,2,3,1,1,1,4,5,3,2,1,2,2,2,2,2,1,1,1,1,3,4,3,2,3,4,5,4,3,3,1,2,4,3,3,2,2,2,5,4,5,5,3,3,4,4,3,2,1,2,4,4,4,3,3,3,2,3,4,4,3,3,6,5,4,2,2,1,1,1,2,2,2,3,3,3,3,4,3,2,3,3,4,5,4,3,3,3,3,3,3,3,3,3,4,6,6,4,4,6,6,4,3,3,2,3,4,5,4,2,3,5,5,4,4,4,3,3,3,2,0,0,1,2,3,3,3,4,3,4,5,3,1,4,2,2,2,2,2,2,2,4,4,2,2,4,4,3,4,5,5,4,3,4,3,1,2,3,4,3,3,2,2,1,1,3,3,3,2,1,1,2,2,3,3,1,2,2,3,3,3,3,3,3,2,2,3,3,3,2,2,2,2,4,4,3,3,4,5,4,3,2,2,2,2,3,3,1,1,2,2,1,1,1,1,3,2,2,3,3,1,1,1,2,2,1,1,3,2,2,6,5,1,2,2,1,1,1,2,1,1,2,4,4,4,3,1,1,3,3,3,3,3,4,4,3,4,5,5,4,4,6,2,1,3,3,4,4,5,4,4,3,4,6,6,5,3,2,5,2,2,3,3,3,2,4,5,4,4,3,4,5,2,2,2,2,5,7,6,5,4,3,3,3,3,3,3,3,3,4,6,6,5,4,4,4,3,3,2,2,2,3,3,3,3,3,2,2,3,3,3,3,3,1,1,3,5,6,6,5,3,2,3,3,3,4,4,5,6,6,4,4,4,2,2,2,2,2,2,1,1,2,2,2,3,3,4,3,3,3,3,3,1,1,4,2,3,4,4,5,3,2,3,3,3,3,3,4,5,6,1,1,1,1,2,1,1,0,0,1,2,1,1,3,3,2,3,5,6,4,2,2,2,4,4,2,3,4,4,4,4,3,3,3,4,4,4,4,3,2,2,2,2,2,2,2,2,2,2,1,3,4,2,3,3,2,4,4,5,5,4,5,5,3,1,0,3,5,5,4,2,2,1,1,3,3,2,3,4,1,2,3,4,3,3,3,4,4,3,3,3,2,3,3,3,2,3,3,5,4,4,7,4,2,3,4,3,3,4,4,4,2,2,2,2,2,2,2
27,5,5,5,4,5,3,4,7,4,2,3,3,3,3,3,4,1,0,0,1,1,2,1,1,1,2,2,3,2,3,2,2,3,4,4,5,5,4,3,2,2,3,2,2,4,6,5,2,2,3,4,5,4,4,4,4,4,1,1,1,2,2,3,3,2,3,4,4,4,2,3,4,4,5,4,3,4,3,3,3,2,2,4,5,1,0,2,3,5,3,4,3,2,1,1,2,2,3,4,3,4,3,2,2,2,2,2,3,4,2,1,2,2,2,2,6,6,4,4,4,5,6,5,4,4,3,3,3,3,4,5,4,3,6,6,5,5,5,4,4,4,4,4,4,3,5,4,2,3,2,2,3,2,3,7,6,6,5,3,3,3,3,3,3,3,3,4,4,2,1,3,3,1,1,2,2,3,2,3,4,3,5,5,4,4,2,2,3,5,5,4,4,3,2,2,4,4,4,3,3,3,2,2,2,1,1,1,1,2,0,2,2,1,3,5,5,5,4,3,3,2,2,4,4,2,3,3,3,3,1,2,4,5,4,3,4,4,3,1,2,4,4,4,4,3,3,3,1,0,3,4,4,2,2,3,3,2,4,5,1,1,1,2,3,3,4,3,3,3,3,2,3,3,2,2,2,2,2,2,2,2,0,5,8,6,6,3,2,4,4,1,2,5,4,3,4,4,3,3,3,3,4,5,4,3,4,3,3,4,3,3,4,2,1,1,1,1,1,1,1,3,3,3,3,4,5,5,5,2,1,1,1,3,3,4,3,2,3,4,2,1,2,2,1,3,3,1,3,2,1,2,3,2,0,2,5,5,6,4,4,5,1,1,1,2,1,2,4,3,3,4,4,2,3,4,5,4,2,1,1,3,3,3,2,2,4,6,5,4,3,2,3,3,2,3,3,3,3,3,4,2,2,2,1,3,3,3,3,3,4,3,4,5,6,4,1,2,4,2,1,2,2,2,3,3,3,2,2,3,4,5,4,3,3,3,2,2,2,2,2,2,2,2,2,0,1,2,3,4,3,3,4,3,3,4,4,3,1,2,1,1,2,1,1,3,5,4,4,3,5,3,3,5,4,2,2,4,5,3,1,4,3,2,3,2,2,3,3,3,6,5,7,9,7,5,5,5,4,5,3,3,4,3,2,2,2,5,6,5,4,3,2,2,3,4,2,2,4,5,2,2,5,3,2,3,4,5,3,3,4,6,4,2,2,3,4,4,5,5,2,3,4,3,1,1,1,2,2,1,1,1,1,0,1,2,1,3,2,1,1,2,1,2,5,4,2,2,4,3,2,4,2,1,2,2,1,1,0,2,4,6,6,4,3,2,2,1,1,1,2,3,3,2,3,4,5,5,4,5,6,4,2,2,2,2,3,3,3,3,3,3,3,2,4,4,1,1,2,1,3,5,6,4,2,2,5,2,3,3,3,3,2,1,2,3,3,3,2,2,3,5,2,2,1,1,1,1,1,2,3,3,2,1,2,2,2,2,1,1,3,4,3,2,2,4,5,5,2,2,3,3,4,4,3,2,2,1,1,2,1,2,3,3,3,3,4,5,5,4,3,4,5,4,4,3,1,0,1,3,3,3,3,2,2,4,3,3,3,3,3,3,3,4,4,3,3,3,4,5,5,6,5,4,2,1,1,2,1,2,5,5,5,4,3,2,0,2,4,4,3,3,3,2,1,1,3,3,1,2,3,3,5,4,1,2,3,3,3,3,3,3,3,3,3,4,4,4,4,4,4,2,4,6,6,4,2,1,1,4,5,4,4,4,4,4,3,2,4,4,4,4,3,2,1,3,4,4,3,3,3,4,4,6,6,6,4,1,1,2,2,2,2,3,3,3,4,3,2,2,3,3,3,3,2,2,2,2,1,3,4,2,2,3,3,2,3,3,2,3,3,3,4,3,4,4,3,5,3,1,1,1,1,1,1,1,2,1,1,2,3,3,2,3,4,3,4,4,4,4,4,3,4,5,3,1,3,3,2,2,4,6,3,2,2,3,3,3,2,3,5,4,1,1,1,2,4,2,2,2,1,1,1,1,1,3,5,3,2,3,4,4,2,1,2,3,3,2,3,3,3,4,4,2,1,4,4,3,5,3,6,9,7,4,4,3,5,5,3,3,4,4,3,3,2,1,2,2,2,2,2,2,3,3,2,1,1,1,1,2,5,4,3,3,3,3,3,3,3,3,2,1,1,2,2,3,3,3,3,5,3,4,5,4,4,5,4,3,3,4,4,4,2,2,1,1,1,1,1,2,3,1,1,2,3,4,4,3,4,6,7,5,1,2,3,3,2,2,2,1,3,3,3,3,2,3,3,3,3,3,3,3
28,6,4,2,2,3,3,2,2,2,3,3,4,3,3,4,3,2,1,1,2,2,1,1,2,4,4,2,2,2,1,2,4,3,1,2,2,4,5,5,1,3,4,4,4,3,3,4,4,6,4,2,2,2,2,2,3,3,4,3,2,4,3,2,1,1,3,3,3,3,3,3,3,4,6,4,3,3,2,2,1,2,3,3,3,2,2,3,5,4,2,3,4,3,2,3,4,5,3,2,3,4,4,4,4,3,1,1,1,2,5,4,2,3,6,5,3,2,1,3,3,1,1,3,4,2,1,2,4,5,5,4,3,6,7,7,5,4,3,2,1,0,1,3,3,2,5,3,2,4,6,6,5,3,2,2,2,3,3,3,3,3,2,3,2,1,1,1,3,5,5,3,4,4,5,5,4,3,2,1,1,1,1,1,2,4,3,2,4,4,3,5,6,2,0,2,5,5,4,3,2,2,3,1,1,1,3,5,5,4,2,1,1,1,1,2,2,2,3,2,1,1,2,3,4,2,3,3,2,3,3,3,3,3,0,1,2,2,2,3,2,1,2,2,2,2,3,2,2,4,2,2,3,4,4,6,7,4,3,2,2,3,3,3,2,4,3,1,3,5,4,3,2,4,5,1,3,4,3,3,4,5,4,4,4,4,3,3,5,5,2,2,1,2,2,2,1,1,1,1,1,2,2,1,0,1,6,5,4,4,4,3,4,2,2,2,3,3,3,3,2,3,3,3,3,2,2,1,2,3,2,3,3,4,5,5,5,6,5,4,4,4,3,5,4,1,2,4,2,3,3,2,3,3,2,2,3,3,2,3,2,3,2,2,2,2,3,3,4,3,3,3,3,3,3,2,3,4,4,6,6,4,4,2,1,3,3,3,4,4,3,4,2,2,2,2,3,3,4,4,3,3,3,4,4,4,4,4,4,4,2,3,4,4,3,3,5,3,3,5,4,4,3,3,4,5,4,4,2,1,1,2,2,2,2,1,2,4,4,4,5,5,2,2,2,1,1,1,3,4,1,1,1,1,2,3,3,3,2,2,1,1,1,2,2,4,3,4,4,4,3,2,2,3,5,4,6,6,5,5,4,3,1,2,3,4,4,3,2,4,5,3,3,3,3,3,1,2,4,3,4,4,4,4,4,4,4,4,4,4,4,4,4,4,3,1,2,4,4,3,3,4,1,0,1,1,2,3,3,2,3,3,2,2,2,3,2,2,6,6,3,3,3,4,3,4,2,4,4,4,4,2,1,1,1,2,3,4,5,4,4,2,2,1,1,3,3,3,1,1,4,2,2,3,3,4,7,4,1,3,3,3,3,4,4,3,4,4,3,4,4,3,3,2,1,1,2,1,2,2,1,4,4,1,1,2,1,1,3,4,2,2,5,5,5,5,2,1,2,2,3,3,3,3,3,3,3,2,4,4,3,5,7,6,4,5,6,5,2,2,3,3,3,4,2,2,2,2,2,2,1,1,2,2,1,2,2,2,4,2,2,4,5,5,5,3,3,3,3,3,4,5,4,4,2,2,4,4,3,3,3,3,3,3,3,3,3,3,3,2,1,3,3,3,3,2,2,3,3,2,1,2,3,3,4,4,3,3,3,2,3,4,3,2,4,3,2,3,3,3,2,3,3,2,2,2,2,2,3,2,2,1,2,4,5,3,1,2,2,2,2,2,3,4,3,4,2,1,1,1,1,2,2,0,1,1,1,2,2,2,3,3,2,3,4,2,3,4,2,1,1,3,5,4,3,3,4,4,3,3,1,1,3,4,5,4,3,3,3,3,2,2,4,4,4,3,3,2,3,5,3,1,2,2,3,3,3,3,4,3,1,3,3,3,3,2,2,2,3,1,1,3,3,2,4,4,3,1,2,2,2,1,1,1,4,3,4,4,4,2,1,2,3,3,3,3,3,3,3,1,1,2,2,3,3,2,3,4,3,2,2,2,3,3,3,4,4,2,4,4,3,3,3,3,3,2,2,3,3,3,3,3,4,2,2,4,3,4,3,2,2,1,0,1,2,2,1,1,1,1,5,6,5,6,2,1,2,2,2,2,2,3,2,2,3,2,3,3,3,3,3,3,3,2,3,3,3,2,2,2,3,3,3,4,3,3,4,2,1,3,3,3,2,3,6,6,2,1,2,2,3,3,3,4,3,2,3,3,3,3,3,2,3,2,1,2,1,0,1,3,2,4,1,0,0,0,0,0,2,3,4,3,3,3,1,1,1,2,2,2,3,2,3,1,4,5,4,4,3,4,4,2,1,1,2,3,3,2,1,1,3,5,5,3,2,2,2,0,3,6,3,2,4,4,4,6,5,4,5,4,4,4
29,4,1,2,3,3,3,3,4,3,3,4,5,5,5,4,4,3,5,3,3,3,2,2,3,4,4,2,1,1,2,3,2,1,2,4,5,5,5,5,7,6,2,2,2,2,4,3,2,1,1,2,4,4,6,7,6,6,5,2,0,1,1,1,2,2,1,1,5,5,1,2,3,5,7,5,4,6,5,2,3,5,4,3,3,3,1,3,4,3,3,4,5,5,4,4,4,4,0,2,2,2,3,3,4,3,0,2,3,3,3,5,4,4,4,4,2,2,1,3,5,5,4,5,4,5,5,4,4,5,6,7,5,4,7,7,3,2,3,3,5,4,2,3,5,5,2,4,5,5,6,8,7,5,3,2,1,2,4,3,5,3,0,3,2,2,3,4,6,6,3,5,3,2,1,1,5,6,2,3,3,1,1,2,3,3,1,3,6,5,1,1,2,2,4,4,3,5,5,3,3,2,2,3,4,6,5,1,1,2,3,3,3,3,3,4,4,3,4,6,5,5,5,5,5,5,4,4,3,2,2,2,1,1,2,2,1,1,1,1,1,1,5,5,5,7,4,3,2,1,2,3,2,2,2,2,2,2,2,2,2,2,2,4,4,5,4,3,3,3,2,3,5,3,3,1,3,3,2,3,4,2,1,2,3,3,3,2,2,2,3,2,2,3,1,1,3,2,2,3,3,4,4,3,2,2,2,2,3,5,5,3,2,4,4,3,1,2,3,2,2,2,1,3,1,1,2,2,2,3,3,2,2,1,1,1,2,3,5,4,1,1,1,1,2,3,2,2,2,3,3,3,3,3,1,1,1,1,1,2,2,2,3,2,5,5,5,5,5,5,3,1,1,2,3,3,2,3,6,5,5,6,4,5,3,2,5,5,5,4,3,2,5,5,1,1,4,4,4,3,2,1,0,1,3,3,4,4,2,3,3,3,3,4,6,5,3,3,4,3,3,1,2,2,3,3,3,5,4,2,3,4,4,4,2,1,2,2,3,5,4,2,3,3,3,2,2,2,3,5,5,4,2,2,4,5,5,3,4,3,1,2,2,3,5,6,3,5,5,6,5,2,0,0,2,2,4,8,9,5,3,6,7,4,3,3,2,2,2,4,7,7,5,2,3,5,3,2,0,2,2,3,2,3,5,3,4,4,3,3,3,3,3,2,3,3,2,2,3,2,3,2,2,2,1,1,2,3,4,5,5,6,4,3,3,3,4,4,3,2,2,0,2,3,2,5,3,2,2,1,1,1,1,1,2,3,1,3,3,3,3,5,3,1,3,3,0,1,3,2,3,3,1,2,3,3,2,2,2,2,3,3,3,3,2,3,1,1,0,1,1,1,1,1,0,1,3,2,1,6,6,3,3,2,1,1,2,2,4,3,3,3,4,4,3,4,4,3,4,6,4,3,2,3,4,5,5,5,5,4,4,4,2,3,5,5,4,5,4,2,2,4,6,5,5,4,4,4,4,3,2,2,2,2,3,2,3,3,2,2,2,3,3,3,2,4,4,3,2,3,3,3,3,3,3,4,4,2,2,1,1,2,4,3,3,3,3,2,4,4,7,7,5,4,2,1,2,2,2,2,3,3,3,2,2,3,2,2,2,2,2,2,2,2,2,2,2,2,1,2,3,3,3,3,3,3,3,3,3,3,2,2,3,3,3,3,3,4,3,3,3,3,2,1,2,2,1,2,2,3,3,2,1,1,3,4,2,2,1,2,2,0,2,4,5,5,3,3,3,5,3,3,3,2,1,2,3,3,2,2,3,4,6,7,5,4,4,4,5,6,5,3,3,2,1,2,2,1,1,1,2,2,3,3,2,2,2,2,1,2,1,1,0,0,2,5,5,3,2,2,2,3,4,4,5,4,2,3,3,3,2,2,2,3,3,3,3,4,3,4,3,3,2,2,2,2,2,3,3,4,4,2,2,3,4,3,2,1,3,3,2,3,4,3,4,4,2,2,5,6,5,4,2,2,2,2,3,2,3,3,2,3,4,3,3,3,3,3,2,2,2,1,2,4,3,2,3,3,2,2,2,2,3,3,3,3,3,5,5,3,2,2,2,4,4,2,2,1,1,2,1,1,5,4,2,2,3,5,2,2,2,2,2,2,2,3,4,3,3,2,1,1,1,1,2,4,2,5,6,4,1,2,3,4,2,3,3,1,1,2,1,2,6,5,5,4,3,2,2,1,2,3,4,2,2,2,4,5,3,3,3,2,1,1,1,1,1,3,3,4,4,3,1,0,4,4,3,2,1,2,3,2,1,3,3,2,1,1,2,2,1,1,1,1,1,1,2,3,3,2,5,6,5,4,4,4,1,1,2,2,3,3
30,0,3,3,2,2,2,2,3,2,1,1,1,2,3,2,1,3,4,2,2,4,4,4,3,3,3,3,5,5,5,3,3,2,3,3,3,1,1,2,2,1,3,2,2,2,2,2,3,3,5,5,5,6,5,5,4,3,4,4,4,3,4,4,3,4,4,3,3,3,3,4,4,4,4,4,3,3,2,2,4,5,5,5,5,5,5,4,2,1,2,3,5,5,4,4,3,4,3,4,5,4,4,5,5,5,6,6,6,5,5,4,3,3,3,2,2,3,3,3,5,6,5,4,5,4,3,3,2,1,2,4,3,3,3,4,5,3,1,1,1,1,1,1,3,5,6,4,4,4,3,3,3,2,2,2,3,3,3,3,3,3,3,3,3,3,4,3,3,3,2,1,0,0,1,2,3,4,3,3,3,3,4,3,2,3,4,3,3,3,2,2,3,3,3,3,4,4,2,2,2,2,5,7,4,3,3,3,2,0,3,4,2,3,3,4,4,5,4,4,5,6,5,4,4,3,2,3,3,3,3,3,5,6,3,3,4,5,5,4,4,3,1,3,4,3,3,6,5,2,2,2,2,2,2,1,1,1,3,3,2,3,3,2,2,2,2,3,3,3,3,3,3,4,2,2,2,3,3,3,3,3,2,3,3,2,3,2,2,4,4,3,3,4,3,2,2,0,1,3,4,5,5,4,3,2,3,4,4,4,4,2,3,4,2,4,5,4,3,3,2,2,2,1,1,2,3,3,1,0,2,3,2,1,1,3,5,2,2,4,5,5,4,4,3,3,3,3,3,3,3,3,5,4,6,6,6,4,3,5,7,8,4,3,3,2,3,4,4,3,2,5,7,6,4,3,4,5,4,4,4,2,2,3,2,2,5,5,2,3,5,6,3,2,2,1,2,3,5,5,4,2,3,4,3,3,3,3,5,4,2,6,7,4,1,4,5,3,4,2,3,4,6,5,3,3,2,6,5,3,4,5,3,2,3,1,1,1,3,3,4,4,4,4,4,2,2,4,5,4,2,2,3,4,5,4,5,4,6,5,3,3,3,3,1,4,3,5,5,5,4,3,3,3,4,4,3,2,3,3,1,2,4,5,6,5,5,5,5,4,3,3,3,3,3,2,4,4,2,2,2,2,2,3,2,3,4,5,6,6,6,5,5,3,2,2,4,5,4,1,1,3,2,1,2,3,3,3,2,2,4,3,3,3,3,3,2,3,6,6,5,4,4,3,2,2,3,2,1,2,2,2,3,3,3,3,3,3,3,3,3,2,2,3,3,2,2,2,2,1,3,4,3,2,2,2,4,4,3,4,4,3,2,1,3,5,1,1,2,2,2,3,3,4,2,2,3,2,3,4,3,2,6,4,3,4,6,6,6,6,3,3,1,1,2,2,1,1,2,2,3,4,3,3,4,2,0,1,1,1,1,1,2,2,4,3,3,3,1,2,3,3,4,3,1,6,6,4,4,3,4,4,3,2,3,4,3,4,5,1,2,3,4,3,1,2,2,1,2,3,2,1,0,1,1,1,1,1,1,2,2,3,2,1,1,1,1,2,2,2,3,4,4,3,3,4,2,1,2,2,1,1,3,4,3,2,3,3,2,4,3,2,2,3,3,3,4,6,5,3,3,4,4,2,2,3,1,1,2,2,4,5,5,3,3,3,2,2,1,1,2,3,1,1,2,3,1,2,3,2,3,3,3,1,1,2,1,1,1,1,1,1,2,2,2,2,3,4,3,1,4,3,1,1,4,5,3,3,4,3,1,3,4,4,5,5,5,4,3,1,1,1,1,1,1,2,3,3,5,5,3,3,3,6,6,3,3,4,3,2,1,1,3,3,3,3,2,2,4,5,2,0,3,3,4,4,4,4,2,2,3,4,4,5,3,2,3,2,2,2,2,2,2,3,3,4,4,5,6,7,3,2,2,2,2,2,2,2,3,2,2,3,3,4,3,1,2,4,4,3,3,3,3,1,1,4,5,4,3,3,3,5,5,2,1,1,2,5,7,5,3,3,3,4,4,4,4,4,3,4,2,3,3,3,3,4,4,3,3,4,3,1,3,6,3,2,2,2,2,2,2,1,4,7,5,5,4,3,2,3,2,2,3,3,3,2,2,3,4,5,3,3,1,1,1,0,3,3,3,5,5,4,4,1,2,3,2,2,2,0,0,2,2,4,3,4,3,2,3,3,2,2,1,1,2,4,4,3,4,4,2,1,1,3,5,4,3,5,5,6,5,3,1,1,2,4,4,3,3,4,3,4,4,4,3,2,3,2,2,2,3,2,3,3,5,5,5,3,2,2,5,4,4,6,5,4,4,4,4,4,4,4
31,1,1,1,1,1,2,2,1,1,2,2,3,3,3,5,5,4,4,3,3,3,3,3,3,3,2,1,1,1,1,1,1,1,5,5,5,4,4,3,2,1,3,4,3,3,3,3,3,4,5,3,3,3,3,3,4,4,3,1,1,3,2,1,2,4,1,0,1,2,2,2,5,6,4,2,2,3,3,4,4,4,2,2,4,4,2,2,3,3,2,2,3,4,4,3,1,4,1,1,1,2,2,1,2,3,2,3,6,6,6,4,3,2,5,5,1,0,1,2,3,4,4,4,4,3,3,3,3,5,4,4,2,3,3,4,4,3,2,4,4,4,3,3,4,3,2,3,4,4,4,4,5,4,2,2,2,2,2,2,3,3,2,3,3,2,3,4,3,4,2,1,2,2,2,2,3,5,2,1,1,1,1,1,1,1,2,2,1,1,1,2,1,1,1,1,3,3,3,3,3,3,4,3,3,3,4,4,3,3,4,4,3,3,3,3,3,3,2,2,2,4,5,6,6,6,2,2,3,5,6,6,4,1,2,3,2,2,2,3,2,1,1,1,2,2,3,4,3,4,7,6,4,2,2,1,1,1,2,2,2,2,2,3,3,3,2,4,3,3,4,3,4,2,2,1,1,2,2,2,3,4,5,4,4,3,3,2,3,3,3,3,3,3,4,4,5,6,6,2,2,5,7,6,3,4,5,4,4,4,4,4,3,1,1,3,3,2,1,2,3,4,3,5,6,4,4,3,1,1,2,4,5,3,5,5,4,5,2,2,3,3,2,4,5,6,5,3,2,2,3,4,4,4,8,8,4,3,3,5,6,5,3,2,3,3,4,4,3,2,4,3,2,1,2,3,4,3,4,5,4,4,3,3,2,3,3,3,3,3,3,4,4,5,4,3,4,5,3,2,3,4,4,2,3,4,4,4,4,4,3,4,4,3,3,2,4,4,5,4,2,1,1,1,1,2,4,3,3,3,2,2,2,3,3,2,2,3,4,2,1,1,3,4,4,2,2,3,2,3,1,1,3,3,3,3,1,2,1,2,3,2,1,3,3,2,5,4,2,3,3,5,6,3,2,3,1,1,4,3,1,1,1,1,1,3,3,3,2,2,4,5,4,2,2,3,4,3,4,4,3,4,5,4,4,4,3,4,4,4,4,4,4,4,4,3,4,5,6,6,5,5,3,1,3,4,6,5,4,4,4,3,3,4,4,3,2,4,3,2,1,1,1,1,1,1,2,1,2,3,4,3,2,5,4,1,2,2,1,1,1,1,4,1,1,3,3,3,3,3,2,3,3,3,3,4,4,2,4,4,4,3,3,3,3,3,2,2,2,2,2,2,2,2,1,2,4,4,3,2,4,7,4,2,1,1,2,2,4,3,3,4,3,3,3,3,3,2,3,4,4,3,4,4,4,4,7,3,1,3,2,2,1,2,4,4,3,3,1,1,2,3,1,1,2,2,1,3,2,2,1,1,2,3,3,2,1,1,3,3,4,4,3,3,3,4,2,2,3,2,3,3,3,2,4,3,2,1,0,1,1,2,3,4,3,1,2,2,1,2,1,2,2,2,3,3,3,2,4,4,4,4,4,4,4,4,3,5,5,2,0,3,6,3,5,7,7,4,3,3,1,3,4,3,3,4,3,2,2,3,4,4,4,3,2,2,2,3,4,3,4,2,2,4,4,5,5,3,3,3,3,3,2,2,5,4,4,4,4,4,4,3,1,1,1,1,1,1,1,1,3,3,2,2,2,2,3,3,1,1,4,4,3,3,4,4,4,1,1,2,2,2,2,2,4,3,3,2,2,3,3,3,2,1,3,3,4,4,3,2,3,4,3,2,3,2,2,3,4,4,5,4,3,3,3,3,4,5,4,3,4,4,4,4,4,4,4,3,3,3,2,3,2,1,1,2,1,2,3,1,1,1,2,3,2,4,3,0,2,5,2,1,1,1,3,3,2,0,1,3,4,4,2,1,2,3,3,3,3,3,3,3,1,3,4,5,5,6,5,6,3,2,3,3,1,0,4,5,4,1,2,2,2,3,4,3,2,4,3,1,1,1,1,1,2,2,3,3,3,5,6,5,1,3,1,1,2,4,6,6,3,3,2,2,3,4,4,3,3,5,5,2,2,4,5,6,3,2,2,2,3,4,3,3,3,3,4,4,5,4,3,3,3,2,4,3,4,3,5,7,6,3,2,2,5,6,3,3,1,2,2,2,1,1,0,0,2,5,5,5,5,4,5,4,0,0,1,2,3,3,4,4,3,3,3,3,4,3,2,3,3,3,3,4,4,4,3,3,3,2,2,3,4,3,2,3,3,3,3,3,3,3
32,5,2,1,2,4,6,5,2,2,1,1,1,2,2,1,2,5,5,6,5,4,5,5,3,3,4,2,1,2,3,5,4,2,2,4,4,4,3,3,3,4,4,3,1,3,5,4,4,4,4,4,5,5,4,3,3,4,3,2,0,1,2,3,3,2,1,3,5,4,3,1,1,2,2,1,2,2,1,1,3,5,3,3,3,2,1,1,2,3,2,1,2,2,3,4,4,3,2,2,2,3,2,2,2,2,3,3,2,3,3,4,5,4,3,2,3,2,1,3,4,5,4,3,3,3,3,3,3,3,2,3,4,4,5,6,6,4,4,4,3,3,2,3,3,4,5,7,6,6,4,4,4,3,2,1,3,3,3,3,3,2,3,4,3,3,3,3,1,2,5,4,3,3,3,3,4,4,2,1,2,3,3,2,1,1,1,1,1,2,1,1,3,4,3,3,3,3,2,4,5,5,3,2,2,3,2,2,4,4,3,4,3,1,1,2,4,4,3,2,3,3,1,1,2,4,4,3,3,3,3,3,4,4,3,3,3,2,2,4,4,4,5,3,2,2,2,3,2,2,2,1,2,2,2,3,3,3,2,2,1,2,3,4,3,3,3,3,4,6,6,7,8,5,3,3,3,3,3,3,3,3,3,4,4,4,4,4,4,4,4,4,3,2,2,3,3,3,2,2,2,2,3,3,2,3,4,6,4,4,5,5,3,4,3,1,1,1,2,2,1,1,3,3,3,2,2,2,5,6,3,2,2,2,3,3,4,4,4,5,6,5,5,4,6,6,4,4,3,3,4,4,3,3,1,3,3,2,2,0,1,3,2,3,4,4,4,4,2,2,1,1,3,3,2,3,3,4,3,3,3,3,3,3,3,4,5,6,6,5,5,5,3,3,5,4,3,3,3,4,3,2,4,5,3,3,3,5,5,5,5,5,5,5,5,5,4,2,2,3,3,2,3,3,2,1,0,1,1,1,3,3,5,5,4,6,4,2,2,4,3,1,2,4,5,3,3,3,4,3,2,4,4,4,4,5,3,4,7,5,3,3,4,4,3,3,2,3,1,1,2,2,3,5,5,5,5,5,5,4,2,3,1,2,1,1,2,2,2,2,2,2,2,2,2,2,3,3,3,2,0,3,4,4,3,3,2,3,3,3,4,4,2,4,5,3,4,3,2,1,1,3,4,3,1,1,3,3,4,3,3,4,6,6,6,4,4,5,1,0,2,3,3,4,7,6,4,3,2,3,3,5,5,3,2,2,2,3,4,5,6,8,3,3,3,3,2,3,3,4,1,3,3,3,4,4,3,1,2,3,4,5,4,4,4,4,3,3,3,3,3,3,3,4,3,2,2,2,2,3,2,1,2,4,3,3,3,2,2,3,4,4,4,4,4,4,3,2,1,2,3,3,3,2,1,2,4,4,4,4,4,4,4,2,1,3,2,2,2,2,4,3,1,0,1,2,1,1,3,3,2,2,2,3,6,5,3,2,4,5,3,2,2,3,6,5,4,2,2,3,3,5,3,2,3,3,3,3,3,2,2,3,3,3,3,3,3,3,3,3,3,3,3,3,2,2,2,4,4,3,2,4,4,4,3,3,3,3,4,4,1,1,4,2,4,4,3,4,4,5,5,3,5,4,2,0,1,2,4,2,3,4,4,5,5,3,4,4,2,2,4,4,3,3,4,5,5,3,3,4,6,5,3,2,3,3,3,3,4,4,5,5,3,3,2,3,5,6,6,4,3,2,3,4,4,5,5,3,2,2,4,5,3,1,1,3,3,1,1,1,2,2,1,2,3,2,3,5,4,4,4,3,2,3,3,3,4,1,0,2,2,2,3,3,4,4,3,3,0,2,3,3,4,5,6,6,3,3,3,2,3,3,4,4,2,2,1,2,2,2,3,3,1,1,2,2,2,1,1,2,3,2,3,6,6,5,4,3,3,2,3,2,1,2,2,4,5,4,4,4,4,4,4,4,5,4,2,2,3,4,3,3,3,3,3,3,3,3,5,4,1,2,3,4,3,2,2,2,2,4,3,1,2,3,3,4,3,3,5,4,5,5,5,5,4,4,1,1,1,0,1,2,2,2,1,2,3,3,5,5,4,5,4,3,4,3,2,3,3,3,3,2,2,3,4,3,1,2,4,3,4,4,4,3,0,2,3,4,4,3,3,3,2,1,1,2,1,1,1,1,3,2,2,2,3,4,4,5,2,1,1,1,2,1,1,2,4,3,3,3,3,4,3,2,1,1,1,1,1,1,1,2,5,3,3,3,3,3,3,2,1,1,2,2,2,2,2,2,3,3,3,3,3,3,2,2,3,4,4,4,4,3
33,3,2,4,4,4,4,3,2,2,3,2,1,1,1,2,2,2,2,2,2,2,2,3,5,5,2,1,1,3,3,3,1,1,1,3,2,1,1,2,1,1,2,1,2,2,3,4,4,5,2,3,3,4,6,5,5,4,5,4,3,1,1,2,3,3,2,2,4,5,4,2,2,5,3,2,4,5,3,2,0,0,2,3,4,2,2,2,3,3,2,1,3,3,3,5,7,5,3,2,2,4,5,5,5,6,4,5,6,4,5,4,4,4,2,3,4,4,5,5,5,5,4,4,3,2,2,2,2,3,4,5,3,2,5,7,5,3,1,1,1,1,1,1,2,2,1,1,1,1,1,1,1,1,3,3,3,3,3,3,3,3,3,2,3,3,2,3,3,3,3,3,2,1,1,3,6,6,6,7,5,5,5,4,4,3,2,2,3,2,2,3,4,4,2,3,3,3,3,3,3,2,2,2,3,3,2,3,4,3,4,2,1,2,2,2,3,4,4,3,2,4,4,4,3,1,2,3,3,4,4,4,6,6,3,2,3,4,4,4,3,2,1,2,3,3,4,6,6,1,0,1,3,3,4,3,1,3,3,1,1,2,3,3,3,4,4,3,3,3,3,4,4,5,4,3,2,2,4,5,5,3,3,3,3,4,4,4,3,2,3,3,3,3,3,4,3,3,4,3,2,1,4,6,4,2,4,6,5,4,3,3,2,4,5,2,2,4,5,4,3,3,2,4,6,4,2,1,2,3,3,2,2,2,1,1,2,1,2,2,2,2,2,2,2,2,3,5,5,4,5,4,3,3,0,1,1,1,4,5,6,6,2,1,1,1,2,3,6,2,1,1,3,3,3,3,4,6,3,4,4,3,3,3,3,3,5,5,3,4,3,3,3,3,3,3,4,4,4,3,1,3,2,2,5,4,3,3,3,4,3,2,3,3,4,4,4,3,5,6,5,4,3,3,3,5,2,1,0,1,3,4,6,6,4,4,5,7,7,5,3,2,4,4,2,4,4,3,2,1,3,1,1,1,2,2,3,3,2,2,1,2,5,5,5,4,4,5,5,5,4,4,3,2,3,5,5,5,5,4,4,4,2,3,3,3,2,2,2,3,3,2,3,2,1,1,1,1,4,3,3,3,4,4,3,3,3,3,3,3,3,3,3,5,4,4,3,3,4,4,2,2,1,1,2,4,4,4,2,2,3,4,3,3,3,4,4,1,3,5,4,4,5,5,5,4,2,3,2,1,2,2,1,5,8,7,6,5,4,3,1,1,1,1,1,1,2,2,3,2,3,4,4,3,2,2,1,2,2,2,3,3,5,5,5,4,2,3,4,4,3,4,4,4,3,3,5,5,4,4,3,1,1,2,2,2,3,3,1,1,2,2,2,3,5,4,3,1,1,3,3,3,2,1,1,3,6,5,4,3,2,2,2,3,3,4,4,3,4,4,3,3,2,1,0,2,3,3,2,3,4,3,2,3,6,3,1,4,3,2,4,5,5,2,2,5,4,1,2,2,3,5,6,4,2,3,3,3,4,4,3,4,3,4,4,4,3,1,2,1,2,2,2,1,2,2,3,4,3,2,2,4,6,7,7,6,5,3,3,4,3,2,1,3,3,3,4,4,4,5,7,5,7,7,4,4,5,5,4,3,3,2,2,2,1,1,3,3,1,1,2,2,2,3,2,1,2,3,3,4,4,4,2,2,2,1,2,2,3,3,3,4,4,2,2,3,4,4,3,4,5,4,5,6,4,2,1,3,3,3,3,3,4,5,4,3,4,4,3,2,3,3,5,5,2,3,3,3,3,4,4,4,4,4,3,4,5,4,4,5,2,1,1,1,2,3,3,4,4,3,4,5,5,4,3,3,3,4,4,4,4,2,1,1,4,4,3,3,5,6,5,5,4,3,2,2,3,5,6,5,3,3,2,3,3,2,4,3,1,1,2,2,2,3,3,1,3,5,2,3,3,1,1,4,3,0,1,2,3,5,7,6,2,1,2,3,3,3,4,4,3,3,4,4,4,7,7,4,2,1,1,3,3,1,2,2,3,4,6,5,5,5,4,4,3,4,4,3,2,1,0,1,6,6,4,4,5,4,5,5,3,3,1,1,1,1,2,2,3,3,3,3,3,3,4,2,2,2,3,2,3,5,2,1,2,2,2,3,4,4,5,3,1,1,1,3,3,3,1,1,3,2,2,2,2,3,3,3,4,5,4,4,4,2,2,3,2,2,3,3,3,2,1,1,2,1,1,2,2,1,2,3,2,2,3,3,3,3,1,1,2,2,2,4,6,6,4,2,2,5,5,3,2,2,3,2,3,3,3,3,3,3
34,6,1,1,1,2,5,4,5,5,5,5,5,5,5,5,3,3,2,1,3,4,4,5,4,4,2,3,3,3,3,3,4,5,1,1,2,1,2,1,1,1,1,2,2,2,2,1,1,2,2,2,2,2,4,5,4,5,2,3,4,3,4,3,2,1,4,3,3,3,3,4,3,5,4,3,2,1,3,3,4,4,5,5,3,3,1,0,2,4,2,2,3,4,3,2,2,2,3,3,3,3,2,2,1,2,4,4,4,3,2,2,2,1,2,4,4,4,3,2,4,3,4,4,3,4,4,5,5,3,5,2,3,5,9,7,7,8,7,6,5,3,3,2,2,2,3,4,4,4,3,3,2,2,1,2,3,2,3,3,3,1,3,3,3,2,2,3,4,2,1,2,3,3,2,2,4,5,4,1,3,4,4,4,4,4,2,3,3,2,3,3,3,5,2,3,4,4,4,3,1,3,1,2,3,2,3,2,3,3,3,3,3,3,3,3,3,2,2,3,4,3,3,3,5,5,1,2,3,3,4,4,3,2,3,2,0,1,1,2,2,1,4,3,3,4,4,4,4,4,2,2,3,4,2,2,2,4,4,4,3,3,3,3,4,3,3,3,4,4,3,3,4,3,2,3,3,3,3,2,3,3,2,1,2,2,3,3,3,2,2,5,6,5,4,2,3,4,4,3,5,5,5,3,2,3,4,3,2,3,2,3,4,3,3,2,3,3,3,3,3,3,4,3,3,3,4,4,4,4,3,3,4,4,2,3,3,4,0,2,2,2,2,1,3,3,2,2,2,2,3,3,3,3,4,3,3,3,3,3,4,4,5,5,5,5,4,4,5,4,2,2,4,5,4,1,2,4,7,6,3,2,2,2,1,1,5,6,8,4,4,4,4,3,3,1,3,4,4,2,1,2,3,4,3,3,3,3,3,4,2,2,3,2,4,4,5,6,5,3,2,3,4,5,4,4,2,1,0,1,2,3,4,5,2,3,3,3,3,4,4,4,5,6,4,3,2,1,3,5,5,5,4,3,4,4,2,1,3,3,2,2,3,3,4,2,4,3,3,3,2,1,1,1,4,4,3,3,3,3,3,3,5,5,5,3,3,4,6,5,3,2,1,1,3,3,3,3,4,4,4,4,4,4,4,4,4,4,3,4,3,4,2,1,2,1,1,1,2,3,3,3,1,1,2,2,3,2,3,2,4,4,2,2,3,3,2,3,3,4,3,2,3,4,4,5,4,3,2,1,1,2,3,3,4,2,0,0,1,3,2,2,2,3,3,3,3,3,3,4,4,3,1,0,2,4,4,4,3,3,3,3,2,3,3,3,2,2,5,6,4,2,1,1,2,2,2,2,2,1,3,6,5,3,4,3,3,4,5,2,2,2,2,2,1,3,4,1,4,4,4,4,4,4,4,3,5,4,4,4,3,3,3,3,4,4,5,5,4,3,4,3,1,1,1,2,5,4,4,2,1,3,5,5,5,3,4,6,6,7,5,2,1,1,1,2,3,3,1,1,2,1,4,4,5,5,4,3,2,2,3,4,3,3,2,2,2,2,2,2,3,3,3,3,3,3,3,3,3,2,2,3,3,3,4,4,2,2,2,2,1,1,2,5,7,4,5,4,7,9,6,2,5,5,4,4,3,2,1,2,6,3,2,3,2,1,2,2,1,3,3,2,3,3,3,3,2,3,3,2,3,2,2,2,2,1,3,3,4,4,2,3,3,2,1,2,3,4,4,3,3,1,0,1,2,2,3,1,2,2,3,4,3,3,4,2,3,1,3,3,3,2,2,1,3,2,3,2,1,1,3,7,4,1,2,2,3,4,2,1,2,4,3,3,3,3,3,4,2,4,3,1,2,4,4,2,2,4,5,3,1,2,3,2,4,1,2,2,2,3,4,4,2,4,2,2,3,2,2,4,4,3,1,1,3,3,2,1,2,2,4,3,3,2,2,4,4,3,3,3,3,3,2,0,1,2,2,4,4,4,3,2,0,0,1,2,1,1,1,2,3,2,4,3,4,5,4,3,1,2,2,3,3,3,2,3,2,1,3,3,3,3,1,1,1,2,5,6,5,2,1,1,4,5,3,2,3,3,3,2,2,3,5,5,6,4,3,2,3,3,5,5,4,4,4,7,2,3,4,4,4,4,4,5,6,6,4,4,4,2,4,4,3,4,4,4,3,2,2,2,5,4,1,2,2,2,5,5,1,3,4,3,3,1,1,3,5,5,4,4,3,3,2,3,2,1,2,4,4,2,2,3,4,3,3,3,4,3,3,3,1,2,1,1,2,4,5,3,2,3,3,2,1,1,3,4,2,2,2,2,2,2
35,3,3,1,2,3,2,3,3,3,4,4,3,4,2,1,2,3,3,2,2,2,2,2,2,2,1,2,2,3,2,3,3,2,1,3,3,1,2,4,4,3,5,4,3,4,7,7,6,4,5,3,1,0,3,4,3,2,2,1,3,4,5,5,6,6,3,3,3,3,3,3,3,3,1,1,2,2,2,3,3,3,0,2,3,2,4,5,5,5,4,4,2,1,1,2,5,6,3,4,4,3,2,2,3,3,3,3,4,4,4,4,2,4,6,5,5,3,2,2,3,3,3,5,5,4,3,4,4,3,2,3,6,9,9,8,6,6,4,3,3,2,2,3,4,3,5,4,3,2,2,4,4,1,2,4,4,3,1,1,1,2,1,0,1,1,2,3,4,4,2,2,2,3,3,3,3,3,4,3,3,2,2,3,2,3,4,4,3,2,3,4,2,3,4,4,3,4,4,2,2,2,3,4,4,3,1,1,1,2,1,1,2,2,2,2,2,3,5,3,5,4,1,2,5,2,1,3,3,3,3,3,3,1,3,3,3,4,4,4,4,4,2,3,3,1,1,1,2,3,3,2,2,3,3,3,3,2,2,3,1,2,3,4,3,2,2,3,2,2,2,2,1,1,2,2,2,3,3,3,1,0,3,3,4,4,4,4,3,4,4,6,5,5,6,5,4,6,4,0,0,2,5,6,2,2,1,2,2,2,1,2,4,5,0,0,1,2,2,3,3,1,3,4,4,4,4,3,4,6,5,4,4,3,3,4,6,5,4,5,3,3,4,4,2,3,4,4,2,0,0,0,1,1,4,1,2,2,3,3,3,2,2,3,3,3,3,3,3,3,3,3,5,5,4,4,3,3,1,1,3,4,5,5,3,4,6,5,3,4,3,3,3,2,3,1,1,1,3,5,5,4,2,1,1,2,3,3,1,1,5,7,5,3,2,3,2,1,4,3,1,3,3,4,3,2,0,2,3,2,3,5,5,6,4,4,5,6,5,5,5,2,3,3,2,2,2,3,3,3,3,3,3,3,3,3,3,3,3,3,2,2,4,4,4,4,2,3,3,3,3,3,3,3,4,3,5,3,2,4,3,3,2,3,3,4,5,3,3,5,8,8,6,4,2,1,3,3,1,3,5,4,3,3,5,5,2,3,3,2,2,2,4,5,4,2,2,3,3,5,4,2,2,2,3,4,4,3,2,1,3,3,3,3,3,3,3,3,4,4,2,2,2,2,4,3,6,5,5,3,3,2,2,2,3,2,1,2,4,3,4,6,4,3,1,3,5,4,2,2,3,3,1,0,1,1,4,5,2,2,1,3,3,3,4,6,6,4,4,4,3,4,4,4,2,3,3,3,2,2,3,2,2,3,4,2,2,2,2,4,2,2,4,4,3,3,4,4,3,4,4,4,5,4,4,4,3,3,2,2,1,2,2,1,1,1,1,1,1,1,3,3,2,3,5,5,4,3,3,2,1,2,3,3,4,4,4,4,3,3,4,3,4,5,5,5,5,5,3,2,2,4,3,4,3,2,1,2,2,1,2,2,4,4,3,3,2,2,2,3,1,2,2,2,2,2,2,2,2,1,1,1,1,2,2,3,2,3,2,1,1,3,3,2,1,2,2,1,2,3,4,3,2,2,1,2,4,4,4,1,0,3,3,2,2,1,4,3,2,1,2,2,3,3,5,4,1,2,2,4,4,5,4,4,2,2,2,2,3,3,2,1,2,2,2,2,2,2,1,1,5,5,5,4,3,3,1,1,1,1,1,1,2,2,4,3,2,2,3,4,4,4,3,2,0,2,3,4,4,3,3,4,5,4,4,4,3,3,2,2,6,6,6,5,3,3,2,1,2,2,2,2,3,3,2,2,3,5,5,3,2,2,2,2,2,2,2,2,1,1,2,2,2,1,1,3,2,2,3,1,4,3,3,3,2,4,4,3,4,3,2,2,2,3,3,4,6,5,3,4,3,1,1,3,1,1,1,1,1,2,2,1,3,2,4,5,5,5,2,2,3,4,5,5,3,3,3,2,3,4,4,4,5,4,4,5,3,2,3,3,4,3,2,2,1,1,3,4,4,3,3,3,1,4,6,5,4,4,3,0,1,3,4,5,4,4,3,2,1,4,3,1,1,1,2,3,3,4,3,3,2,4,4,3,4,3,3,3,2,1,3,3,2,4,2,3,4,4,4,4,3,3,1,1,1,1,2,3,2,2,2,2,2,2,1,1,1,1,1,3,3,2,2,4,3,3,4,3,2,2,2,1,3,5,3,4,4,3,1,1,1,2,2,2,2,3,2,1,1,1,2,3,3,2,1,2,3,3,3,3,3,3
36,3,2,4,4,5,5,5,3,3,1,1,1,2,2,4,5,7,3,3,4,3,3,3,4,4,3,3,3,3,3,2,2,3,4,3,3,2,3,3,4,4,4,4,5,4,4,3,4,6,1,1,2,3,3,3,2,2,4,2,3,3,3,3,3,4,2,3,3,3,3,3,3,2,3,3,3,3,3,3,3,3,6,5,4,4,5,5,4,5,2,2,2,2,2,2,2,2,1,3,4,3,1,2,3,3,1,2,1,3,4,5,4,2,2,2,3,4,3,4,2,2,7,5,3,3,4,4,4,4,3,3,4,3,2,3,3,2,1,1,2,2,2,2,2,2,7,6,5,5,5,6,7,6,2,0,1,1,3,5,6,3,1,4,4,3,3,2,3,2,3,4,4,5,5,6,6,6,1,1,2,2,2,1,1,1,2,1,1,1,1,2,2,2,3,1,1,4,4,2,1,2,3,2,4,3,3,3,1,0,1,3,4,4,4,5,5,4,4,4,4,2,2,3,5,4,1,3,1,1,2,1,1,2,2,2,2,2,2,3,3,4,2,2,2,3,3,3,4,5,2,2,2,1,0,0,2,3,4,5,4,4,4,4,3,4,4,3,4,4,3,3,2,2,2,2,3,3,3,3,3,4,4,2,2,2,3,3,3,4,3,3,5,4,2,1,2,2,3,3,3,5,5,4,3,3,4,4,4,2,2,1,1,1,4,4,2,1,1,2,2,1,3,4,3,3,4,3,3,3,4,4,4,4,3,3,3,3,4,3,3,3,3,3,4,3,3,3,3,3,3,2,3,1,2,1,3,5,4,2,2,3,1,3,3,1,1,4,5,2,2,3,4,4,5,5,5,3,2,3,3,3,3,3,3,3,1,3,6,5,4,3,2,3,3,3,5,5,6,3,2,2,6,5,0,1,2,5,4,4,3,3,4,4,4,5,4,4,5,5,4,3,4,5,5,3,1,1,1,2,3,2,2,4,4,5,5,5,6,6,6,2,0,0,0,0,0,2,2,2,2,4,3,2,2,2,4,4,2,3,3,2,3,3,3,4,5,4,4,5,4,4,3,1,2,2,6,8,5,6,5,4,1,1,2,2,3,4,4,4,2,4,5,5,5,4,3,3,5,3,3,2,2,2,3,3,4,4,5,6,5,3,2,1,1,1,3,5,4,3,1,1,1,2,5,5,4,2,2,2,3,1,2,3,2,3,4,4,4,4,3,3,4,4,4,4,3,1,2,3,3,3,4,3,0,1,1,1,2,3,3,3,5,5,6,5,5,4,3,1,1,2,5,5,5,4,1,0,1,2,4,3,1,3,4,4,1,0,0,0,2,4,6,5,6,3,2,2,2,2,3,1,2,3,4,3,1,1,2,4,4,2,2,2,2,2,2,2,2,2,1,4,3,3,5,5,1,3,5,3,3,4,4,2,3,2,1,1,2,1,1,1,3,3,2,1,2,3,3,4,4,4,3,2,2,2,1,1,2,3,3,2,2,4,4,3,4,4,4,4,4,4,4,4,2,3,3,3,3,2,2,1,3,4,2,2,2,1,3,3,5,5,4,4,4,3,4,5,1,2,4,3,5,6,6,7,3,2,3,3,3,3,2,3,1,1,1,1,1,2,3,2,5,4,4,5,5,4,4,3,3,3,4,4,2,3,2,2,5,4,4,3,3,2,3,2,2,1,1,2,1,1,1,1,3,3,4,4,4,5,5,7,4,3,3,3,3,2,3,4,3,4,3,2,2,3,3,3,2,2,3,4,4,3,4,7,2,2,5,5,4,4,2,3,4,3,3,3,4,4,3,2,1,1,3,3,3,3,1,1,5,3,3,3,5,4,4,2,4,3,3,3,3,4,4,3,2,2,2,3,2,2,1,2,5,4,4,4,3,5,3,2,2,2,1,2,3,3,3,3,3,5,3,2,2,1,4,4,3,3,4,3,3,3,3,3,4,2,4,3,1,1,1,1,3,2,1,1,1,2,2,2,3,3,3,3,3,4,4,2,1,3,2,2,5,7,6,3,2,3,4,5,3,3,2,1,2,3,3,3,3,3,1,2,1,2,3,4,4,4,4,4,3,2,2,2,3,4,3,2,3,4,3,4,3,4,3,4,3,3,3,3,4,5,5,3,4,3,3,3,3,3,3,3,3,3,2,2,2,2,3,4,4,4,3,3,3,2,2,4,3,2,5,5,5,3,1,1,4,3,4,4,4,5,4,4,3,2,3,4,2,2,5,5,2,3,4,3,2,2,2,2,2,2,1,1,2,1,1,1,3,2,4,4,4,3,3,1,0,1,2,3,3,2,1,0,3,3,3,3,3,3
37,2,2,3,4,4,5,5,3,0,1,2,1,2,2,2,2,1,6,2,1,2,4,2,2,2,3,2,2,2,2,2,2,3,2,4,2,2,2,2,3,4,2,2,3,3,3,4,4,4,2,2,2,2,2,1,1,3,3,1,1,1,1,2,3,2,2,2,3,3,2,2,3,3,2,2,2,1,2,2,2,3,2,3,3,3,3,3,2,2,1,1,1,1,1,1,4,4,2,1,1,0,1,2,4,4,3,4,1,1,2,2,3,3,2,3,4,3,2,2,4,6,7,6,7,5,4,4,5,5,2,2,1,0,3,7,5,2,3,3,3,3,4,4,4,5,3,3,4,3,4,4,2,4,2,3,2,2,4,6,5,5,1,1,1,1,1,1,1,2,2,3,3,3,3,2,1,2,2,2,3,2,2,1,2,5,3,3,3,3,3,3,1,1,2,4,4,4,3,3,4,5,5,5,4,2,1,2,2,1,1,2,3,3,3,3,3,3,2,2,2,2,1,1,3,2,2,3,4,4,4,4,5,3,1,2,3,4,3,1,1,3,2,1,3,3,4,5,5,5,2,0,1,3,5,5,3,3,5,3,3,3,3,4,3,2,3,2,0,1,2,3,3,2,2,3,2,2,2,2,2,3,4,2,2,2,2,2,2,2,2,3,3,4,3,3,3,2,2,2,2,3,3,3,3,2,1,3,4,4,3,2,1,1,2,2,2,1,1,1,1,0,1,3,3,3,3,2,2,3,3,4,3,4,4,3,3,4,5,5,5,6,6,5,3,3,1,2,4,4,4,4,2,2,3,4,5,3,2,1,3,4,2,4,3,1,1,0,4,5,4,1,2,4,4,5,5,4,2,3,3,5,5,4,3,3,4,5,5,4,2,4,5,4,3,2,3,3,2,2,1,3,3,3,3,3,3,3,3,3,4,5,5,4,4,4,4,4,1,2,2,5,4,2,1,0,1,1,0,1,1,3,2,2,7,4,3,2,4,5,7,3,2,4,4,3,3,3,2,3,2,2,2,1,1,2,2,2,2,1,3,3,3,3,1,1,3,3,4,4,3,3,2,1,0,1,3,4,3,3,2,3,1,2,3,3,3,3,2,1,1,1,2,3,3,4,4,5,3,3,3,3,3,2,2,3,5,5,6,6,5,4,4,5,1,2,4,3,3,3,2,2,2,3,3,4,4,3,3,2,2,3,4,4,2,1,2,2,4,4,5,4,4,3,3,3,1,2,3,4,3,3,4,3,2,2,1,1,1,1,2,2,0,2,3,3,3,4,3,4,1,1,1,2,2,2,3,3,1,1,3,3,2,2,3,3,3,3,3,3,3,3,3,3,2,1,1,3,3,2,2,2,3,3,3,5,5,5,3,1,1,1,2,3,3,2,1,1,4,4,6,6,5,4,4,6,4,5,5,4,1,2,3,4,3,3,1,1,3,3,4,5,6,1,2,3,4,4,3,2,1,2,3,4,3,2,3,1,4,5,4,3,2,2,2,2,5,4,2,1,1,3,4,3,2,2,2,2,2,4,5,6,5,3,4,4,4,3,3,3,3,3,2,2,1,1,1,0,2,2,4,4,4,5,5,5,6,4,2,2,2,2,4,4,3,3,2,1,1,2,3,1,2,5,5,2,1,1,4,4,2,2,2,2,3,3,3,3,3,3,2,2,2,3,3,2,3,1,3,6,5,3,3,4,3,5,4,4,4,4,4,3,6,4,3,3,3,4,4,4,2,2,2,3,3,4,4,4,4,3,2,2,3,3,3,3,4,3,3,3,3,3,3,3,4,4,5,5,5,4,5,5,5,4,4,2,3,2,0,4,4,4,4,3,3,3,3,4,4,3,3,4,3,4,5,2,1,2,2,3,4,5,6,4,4,3,3,4,2,0,1,4,3,1,1,2,3,2,2,2,2,1,1,1,1,2,4,3,2,3,3,3,2,1,5,8,4,4,4,3,3,4,4,5,2,2,2,2,2,2,2,1,2,2,3,3,3,4,4,3,2,3,3,2,3,2,2,2,0,1,1,1,2,3,2,2,2,3,2,2,4,4,3,3,3,3,3,2,3,3,3,3,4,3,3,3,4,5,4,2,3,3,3,3,3,4,3,4,3,3,3,3,3,2,3,4,2,4,4,3,3,3,4,4,1,2,3,3,3,3,3,4,3,6,6,3,1,1,3,5,4,4,3,3,3,3,3,3,1,1,3,6,6,6,4,2,4,5,4,5,4,3,3,4,3,4,3,3,3,3,3,2,1,1,2,2,2,2,3,3,2,2,2,3,4,3,3,4,3,3,3,3,3,3,1,2,1,1,1,2,2,3
38,4,5,4,3,3,5,6,5,4,2,3,3,4,4,3,2,2,5,5,3,2,2,3,3,3,2,2,2,2,2,2,3,4,5,6,4,3,3,3,5,6,4,5,4,4,4,4,3,3,3,4,4,2,0,2,3,1,3,3,2,2,1,1,1,2,7,7,3,3,3,3,4,6,2,2,1,1,1,2,2,1,4,3,2,2,2,2,2,3,3,1,2,4,4,4,4,4,3,3,3,3,3,3,3,3,2,2,2,3,3,3,3,3,1,1,1,1,1,2,1,2,3,2,3,3,2,3,4,4,1,2,4,5,5,4,2,0,3,3,3,4,4,4,3,3,2,2,1,2,2,2,2,2,2,2,2,2,2,2,2,2,1,2,2,2,2,1,1,2,2,3,3,0,1,5,5,2,0,1,3,3,5,4,3,2,1,2,2,3,3,3,3,3,3,3,3,4,4,4,4,4,1,2,4,4,5,5,4,5,3,3,2,3,2,4,4,3,4,4,4,4,4,4,4,4,4,5,4,5,5,5,6,7,2,3,3,5,5,3,1,1,2,2,2,2,2,2,2,2,1,2,2,2,2,2,2,3,2,3,4,4,4,3,3,1,4,5,6,6,5,4,5,6,4,3,4,5,4,5,3,0,1,2,4,3,4,4,3,3,6,4,3,4,4,4,4,3,3,3,4,4,4,5,5,5,5,4,2,1,2,2,3,3,3,2,2,2,1,1,1,2,0,1,2,2,1,1,3,2,1,3,3,4,5,5,3,2,4,4,4,4,3,3,2,2,0,1,2,4,4,5,3,5,2,1,1,3,4,5,5,4,3,4,2,1,1,2,3,4,6,1,1,1,1,2,5,4,3,3,4,4,4,2,3,3,8,7,11,11,7,3,3,4,2,3,5,4,4,1,0,1,4,4,3,3,3,3,3,3,3,4,3,3,4,3,2,3,3,4,3,3,3,3,3,1,2,3,4,4,4,3,2,2,5,8,8,8,7,5,6,7,4,4,4,4,4,4,3,3,2,2,2,2,2,2,2,2,3,1,1,1,1,2,3,1,3,3,3,3,3,3,3,3,3,3,4,4,3,3,3,3,3,3,3,3,1,4,5,2,1,1,1,2,3,5,6,5,7,5,6,5,4,4,4,3,1,2,2,2,1,1,3,1,4,5,4,3,3,3,4,3,4,2,3,5,6,5,5,4,2,4,4,2,2,2,3,4,4,4,3,2,3,3,1,0,3,3,3,3,3,3,3,3,2,2,2,2,2,2,2,2,2,2,3,4,2,1,2,4,3,3,3,3,2,3,3,3,3,2,3,3,3,4,5,5,5,4,2,3,2,2,2,2,5,4,5,5,4,4,4,4,2,2,1,1,2,3,4,5,4,5,4,5,5,4,4,5,4,4,4,3,3,4,4,6,4,5,5,5,5,3,2,2,3,3,2,1,0,2,5,3,3,0,0,1,1,2,3,2,7,3,2,4,3,2,2,3,2,1,2,2,2,2,2,3,4,3,4,4,3,3,3,3,4,2,2,3,1,3,3,4,6,4,3,2,0,1,2,3,5,3,2,2,3,2,2,1,1,1,2,2,2,3,3,3,2,3,3,3,2,2,2,3,4,2,1,3,4,4,5,1,3,1,0,2,3,4,2,0,1,2,2,1,1,2,4,4,4,2,3,3,2,2,2,2,3,3,2,3,3,2,3,3,6,6,4,3,4,4,3,3,3,3,3,3,3,3,4,5,1,2,3,2,2,1,1,1,3,2,2,2,2,3,4,2,4,3,4,4,3,3,2,1,3,4,5,5,3,3,4,5,4,3,2,1,1,1,1,2,2,1,3,3,3,3,1,1,2,1,1,1,1,1,1,2,3,3,3,3,3,3,3,3,1,1,1,2,2,4,5,2,1,1,2,1,1,1,1,2,2,3,5,5,1,1,2,4,3,3,3,2,3,3,2,3,1,3,4,4,4,3,2,3,3,4,3,3,4,4,6,3,1,2,2,2,2,1,0,0,1,2,1,1,4,5,4,1,1,2,2,2,2,2,4,4,1,2,2,2,3,2,3,3,5,4,4,3,2,2,2,2,3,4,4,3,1,1,3,4,2,3,5,5,5,4,2,3,2,4,3,3,1,1,2,3,4,3,3,2,1,2,2,2,1,2,5,4,2,2,2,3,2,1,2,2,1,1,1,2,2,1,1,1,2,3,2,1,1,1,2,2,3,3,2,2,3,3,5,4,1,1,3,4,0,1,1,1,1,1,1,1,0,0,3,3,4,5,2,1,2,1,3,3,3,5,5,4,3,2,1,1,3,3,1,2,4,4,4,3,3,2
39,7,4,4,6,5,3,3,3,3,3,4,4,4,3,4,5,4,5,4,4,4,2,2,3,3,2,3,3,1,1,2,3,3,3,4,5,6,5,5,5,3,0,0,2,3,3,2,1,4,5,3,4,4,4,4,5,5,3,5,7,7,6,6,5,6,3,0,1,2,1,2,2,2,1,0,2,3,3,4,2,1,0,3,7,8,5,6,5,3,1,2,2,2,2,2,3,2,3,4,5,4,4,3,3,5,6,3,2,4,3,3,2,2,3,5,5,1,2,4,4,1,4,2,1,3,5,3,3,5,4,3,1,1,6,10,8,5,3,2,2,3,3,3,3,3,4,3,3,2,2,3,3,4,2,3,4,5,5,4,3,2,2,3,3,3,4,5,4,1,2,4,3,5,6,5,5,4,4,4,4,3,4,4,3,2,4,3,2,3,3,3,3,3,2,2,1,2,4,3,1,1,2,2,2,2,2,2,2,1,3,4,3,3,4,3,5,6,2,1,1,1,1,1,1,2,5,4,3,4,3,3,3,4,1,3,4,2,3,3,3,3,3,3,2,1,2,2,3,4,6,5,4,3,2,0,1,2,1,1,2,2,2,3,3,1,3,3,3,3,2,1,1,3,4,6,5,3,2,2,1,1,1,3,4,4,4,3,2,2,1,1,1,1,1,3,3,5,5,4,3,1,1,2,3,4,4,5,3,3,3,2,2,2,2,3,2,2,2,2,1,2,2,3,3,2,2,2,2,2,1,1,2,2,2,2,2,2,1,2,3,3,3,1,2,2,2,2,2,1,1,1,2,4,2,4,2,3,4,3,5,8,5,5,5,5,3,4,6,4,1,1,0,1,2,1,1,1,2,3,3,3,2,3,3,2,3,2,3,4,4,3,2,3,1,1,1,1,3,3,3,2,1,3,1,1,1,1,2,2,5,6,5,5,5,4,3,4,5,4,2,1,1,1,4,6,3,4,5,4,3,2,3,4,4,4,4,3,4,4,6,6,0,1,3,3,4,3,3,5,4,4,3,2,3,4,3,2,3,3,3,2,2,2,1,1,2,2,3,1,1,1,3,4,5,3,2,4,5,3,4,3,5,4,2,4,3,3,4,4,4,3,3,3,2,2,2,1,2,3,4,4,3,2,2,3,2,4,5,5,6,5,4,3,5,4,6,6,5,5,3,2,1,1,2,2,3,4,2,3,3,3,4,3,3,4,4,5,5,5,4,5,4,3,3,3,5,3,1,3,6,7,3,2,7,7,5,3,2,3,4,4,4,2,1,2,2,3,3,2,4,3,3,3,3,3,3,3,1,1,1,1,1,3,3,2,2,2,2,2,1,2,3,3,1,1,2,3,3,4,4,5,3,2,2,1,1,2,3,3,3,5,6,7,6,5,4,3,2,2,2,2,1,2,3,5,4,4,4,4,4,4,4,4,1,1,3,4,4,4,4,3,2,2,2,2,2,2,3,2,3,4,2,2,1,1,1,1,3,3,1,0,1,1,3,4,3,3,3,4,2,2,3,3,1,1,1,2,2,2,4,5,5,5,3,1,0,1,3,4,1,1,3,4,4,4,4,2,0,2,2,2,3,4,2,1,3,5,4,1,2,5,4,4,3,2,3,3,3,3,3,3,5,4,4,4,3,4,3,2,2,3,2,2,2,4,3,2,4,2,3,3,3,3,2,1,4,5,3,2,1,1,1,0,3,4,5,4,3,3,2,1,2,2,3,5,6,4,4,2,4,3,2,4,4,2,2,1,1,2,3,3,2,2,1,2,2,2,2,2,2,2,3,3,1,2,1,3,3,1,2,3,2,2,2,2,2,2,2,2,2,2,1,2,3,3,5,4,2,2,2,2,2,2,3,3,2,2,2,2,2,2,2,2,4,4,2,3,2,3,4,4,3,1,1,1,1,2,1,1,1,1,2,2,2,2,2,3,1,3,3,3,2,1,2,2,2,1,1,1,1,1,1,3,1,2,2,4,4,3,1,1,3,2,4,4,3,2,2,3,1,3,3,3,3,4,2,3,2,1,2,4,4,4,4,2,3,3,3,2,3,3,2,4,3,2,2,2,2,2,3,2,3,2,2,2,1,1,1,1,2,2,1,1,4,4,6,6,3,3,2,1,1,1,4,5,2,2,4,3,4,3,3,4,3,3,3,3,3,2,1,1,1,2,3,2,3,4,3,3,3,2,4,3,2,3,3,3,3,3,3,3,4,4,4,5,3,4,3,3,3,3,3,2,1,1,1,3,4,4,4,2,0,2,2,1,1,1,1,1,1,5,4,3,3,3,2,2,2,2,1,1,2,2,2,4,3,3,3,3,3,3
40,4,3,3,3,2,2,3,1,2,2,3,3,4,3,1,2,2,3,1,1,1,2,3,2,2,3,4,3,2,2,4,3,2,1,1,2,2,1,3,4,3,7,7,6,6,5,6,4,4,3,4,5,4,3,3,3,3,2,3,3,3,3,4,5,3,3,4,3,3,4,4,6,6,5,6,5,6,4,5,3,2,1,1,2,1,1,3,2,2,3,4,3,1,0,0,2,2,3,3,3,4,4,3,4,6,5,1,1,3,6,7,5,4,2,2,2,2,2,2,2,2,2,2,3,3,3,4,3,2,3,4,3,2,3,4,3,2,2,2,2,2,3,3,3,2,0,1,1,2,3,5,6,6,6,5,5,4,4,4,3,4,4,3,3,4,5,4,4,4,4,4,3,3,3,4,5,6,4,3,2,2,2,1,1,1,1,2,1,1,1,1,1,1,3,3,2,3,5,5,4,4,2,3,3,3,3,3,4,3,1,2,2,2,2,3,2,3,4,3,2,3,4,4,4,5,3,2,3,4,4,3,1,1,2,4,6,5,3,1,1,2,0,1,3,3,4,3,3,4,3,3,2,2,3,5,6,2,3,3,2,2,2,3,3,5,5,4,3,3,3,2,3,2,2,2,2,1,1,1,1,1,3,3,1,1,2,3,3,3,3,4,3,2,3,3,4,2,2,3,3,3,4,4,3,1,5,6,3,0,2,3,3,2,4,5,5,3,2,4,5,5,3,2,2,2,2,2,2,3,1,2,2,2,4,2,1,2,1,1,2,1,2,3,1,2,2,2,2,2,2,3,4,3,2,3,2,1,1,2,2,1,1,1,1,1,1,2,2,2,4,3,2,3,5,5,5,3,2,3,2,2,3,4,2,5,4,4,4,5,4,4,5,4,4,2,2,3,4,4,3,1,2,4,2,1,5,6,3,1,2,1,1,1,2,3,5,4,3,3,3,4,3,3,4,1,2,3,3,3,3,3,4,5,3,4,6,7,7,6,5,4,1,1,4,5,4,2,2,1,2,2,3,3,2,3,5,6,5,3,2,2,2,2,1,1,2,3,3,3,2,2,2,1,3,4,5,7,7,7,5,3,6,4,4,5,4,4,5,4,4,4,5,4,2,1,1,4,5,2,1,1,1,3,2,2,3,4,5,5,4,2,2,4,2,2,2,2,2,2,2,3,1,2,3,3,4,4,4,4,4,3,3,3,4,5,5,4,3,3,2,3,3,3,4,4,4,2,2,3,3,3,3,3,3,3,1,1,2,3,3,2,4,3,2,3,4,4,3,4,4,2,1,1,3,4,4,4,5,4,4,4,5,5,4,3,3,3,2,2,2,2,2,2,3,2,2,1,1,2,2,1,2,5,5,4,3,3,1,2,4,2,1,4,5,7,5,3,4,5,4,4,3,4,5,5,6,6,4,3,2,2,2,3,4,3,2,1,2,2,3,3,3,3,3,3,3,3,3,3,4,3,3,2,3,3,3,4,7,5,4,3,2,1,2,0,1,4,5,5,5,4,2,3,3,2,1,3,3,3,3,1,1,3,1,1,2,2,3,1,3,3,1,2,3,4,5,5,2,2,2,3,3,3,3,3,6,4,3,3,3,3,2,2,4,3,4,5,4,3,1,4,5,4,5,3,1,2,3,4,5,7,4,1,3,5,5,1,3,3,3,2,4,3,3,3,2,2,4,3,1,1,1,2,5,5,3,3,1,2,3,3,5,4,2,2,3,3,2,3,2,2,1,1,1,2,2,2,1,1,1,2,3,4,4,3,5,5,4,4,3,3,3,1,2,3,3,3,2,1,4,6,4,4,3,3,3,2,3,2,2,2,2,2,3,3,1,1,2,2,2,2,3,3,2,3,5,3,2,3,3,3,3,3,1,1,1,2,1,1,2,2,3,3,4,3,3,2,2,2,1,2,3,3,3,3,5,2,3,1,1,2,5,6,8,2,2,1,5,4,4,2,1,2,2,2,3,4,4,4,2,1,2,2,3,4,2,3,4,4,3,4,5,3,2,4,7,5,4,3,4,6,5,4,3,2,2,3,5,5,4,3,4,2,1,1,1,1,1,3,4,4,4,5,5,3,3,3,4,3,1,1,1,1,2,2,2,3,1,1,1,1,1,1,1,1,2,2,4,4,4,3,3,3,2,1,2,2,2,3,3,1,3,2,3,3,3,3,2,2,4,4,3,3,2,2,3,3,4,4,3,3,3,3,1,1,1,1,1,1,1,1,1,1,1,1,2,3,3,2,2,2,2,3,2,2,2,2,2,3,3,2,1,0,0,2,4,5,4,3,3,2,2,3,3,3,5,4,4,4,4,4
41,3,1,2,3,3,2,2,3,4,2,3,3,2,2,2,3,4,4,3,3,3,3,2,3,3,3,3,2,2,1,2,2,4,2,3,3,4,4,4,4,4,3,3,4,4,5,5,4,3,4,4,5,5,5,6,5,4,3,3,3,4,2,2,2,1,3,4,4,3,4,4,5,5,5,5,6,6,5,5,3,2,4,5,6,6,6,6,3,4,3,4,4,3,2,2,3,3,3,3,4,5,4,3,2,1,0,4,5,2,3,4,6,6,3,3,5,4,3,3,2,2,3,4,4,4,3,4,3,5,5,3,0,3,7,8,6,5,3,3,3,3,3,2,1,1,3,2,3,3,3,3,3,3,5,3,4,5,6,4,4,3,2,2,3,3,3,2,3,4,4,4,3,3,2,2,2,4,4,3,4,4,5,4,2,2,3,2,2,2,2,1,1,1,0,1,0,1,2,2,1,1,3,3,3,2,4,4,3,2,3,3,2,3,3,3,2,3,4,4,4,5,5,4,3,3,3,3,2,3,5,4,2,2,4,4,3,3,3,5,5,4,1,2,3,3,4,4,6,6,2,2,2,2,2,2,2,3,3,3,4,3,2,2,3,2,4,4,1,1,1,1,2,1,4,4,4,3,2,4,6,4,2,2,2,2,2,3,3,3,5,3,4,5,5,5,5,5,3,4,1,1,1,1,3,4,2,2,2,2,2,2,2,2,4,3,2,3,2,3,2,1,4,3,4,4,5,5,4,4,3,5,6,5,4,4,1,3,5,3,2,2,2,3,4,6,1,3,3,1,1,2,3,4,1,3,4,4,3,3,4,2,1,1,2,3,3,4,3,1,0,0,2,3,4,3,1,0,5,4,4,3,2,1,1,2,3,2,4,1,0,2,3,3,6,4,3,3,3,4,4,4,1,1,1,1,1,3,7,8,3,4,3,1,1,1,0,1,5,4,4,4,4,4,4,3,3,3,3,3,3,3,3,3,4,6,6,4,4,4,1,1,0,0,1,1,3,4,6,4,1,1,1,1,2,1,2,2,3,3,4,4,5,4,4,7,2,3,2,2,2,2,3,2,2,1,2,2,2,3,2,1,2,3,3,3,3,5,4,3,2,3,3,3,3,2,3,3,1,2,2,2,2,2,2,2,5,4,2,4,5,3,3,5,4,3,3,3,3,3,3,3,1,2,1,1,1,2,2,1,3,2,3,3,3,2,2,4,3,1,4,4,4,3,3,5,3,3,4,3,5,8,6,4,1,1,1,1,2,2,2,3,2,4,4,4,4,2,2,4,6,5,3,2,0,1,1,3,4,3,1,2,3,3,4,5,3,4,4,3,1,1,2,2,2,3,3,2,1,0,0,0,2,3,3,2,3,2,2,3,0,3,4,6,5,4,3,2,1,2,0,2,3,3,5,5,4,4,5,3,3,3,2,0,3,5,3,2,1,2,3,3,1,3,2,4,5,5,3,3,3,3,4,4,4,3,3,3,3,2,2,1,1,2,3,3,1,2,4,3,3,3,3,2,3,2,3,1,1,1,1,2,3,1,1,1,1,1,2,2,3,3,3,3,4,4,3,1,0,1,2,3,4,4,4,2,5,3,3,1,1,1,2,2,4,4,2,1,1,1,2,2,3,2,2,2,2,2,2,2,3,3,2,2,3,3,4,2,3,4,3,5,3,3,2,1,5,4,4,3,3,2,3,2,4,4,3,2,1,2,2,1,1,2,2,2,2,1,2,2,1,2,3,3,3,3,2,1,2,0,3,5,7,7,7,7,2,2,2,2,2,1,1,1,2,4,4,4,3,2,4,4,3,4,4,4,4,3,3,1,1,2,2,2,2,3,3,3,3,2,1,2,4,5,6,6,4,4,4,4,4,4,4,4,4,3,1,1,2,3,2,1,2,3,3,3,2,1,1,1,3,2,1,3,2,2,1,1,1,1,2,2,2,1,1,2,3,2,1,1,2,2,2,4,4,4,4,4,3,3,4,3,2,2,2,3,3,3,4,4,4,3,3,3,4,6,6,6,3,3,2,2,3,4,3,2,5,4,4,4,4,4,5,4,3,3,3,3,3,3,3,4,2,3,2,3,4,3,4,4,3,1,3,5,5,4,3,3,4,4,3,2,1,3,2,1,0,1,1,1,1,1,1,1,3,3,2,2,3,5,6,5,2,4,4,3,2,4,4,3,4,3,3,3,3,3,3,4,3,3,5,4,2,5,5,3,3,3,4,4,4,5,5,5,4,4,3,3,3,3,2,2,4,5,5,5,2,3,3,2,3,3,4,4,4,5,5,5,2,0,1,1,1,1,2,2,2,3,3,2,1,1
42,5,1,1,1,2,2,2,1,1,4,4,3,4,5,4,4,2,2,3,2,2,2,1,2,3,5,4,5,6,6,5,5,4,2,4,5,4,5,3,2,5,5,4,4,2,2,3,4,3,1,1,1,1,1,2,1,1,2,2,2,1,1,1,2,2,2,2,2,1,1,2,2,2,2,1,1,1,3,4,3,3,5,4,3,4,3,3,2,3,2,1,2,2,1,2,2,1,1,1,2,2,3,3,4,6,5,4,1,2,5,4,3,4,5,3,3,3,3,3,3,3,4,4,4,4,3,3,3,3,2,3,3,2,3,5,3,1,1,2,1,2,3,4,4,4,2,2,2,3,4,3,4,4,2,3,4,2,1,1,1,1,3,2,2,3,3,3,4,4,4,4,2,2,1,3,3,2,3,3,3,4,3,2,3,4,5,2,1,1,1,2,2,2,4,4,3,4,4,4,2,2,3,3,3,3,4,4,4,4,4,5,5,5,5,3,3,3,4,4,6,6,5,3,1,4,1,2,2,3,3,3,5,3,0,0,3,4,5,3,3,3,2,3,3,3,3,3,1,2,5,5,5,4,5,4,2,2,4,3,3,3,3,3,3,3,1,1,1,1,1,1,2,2,2,4,4,5,5,3,3,4,3,1,3,3,3,2,1,3,5,3,2,2,4,2,2,4,3,1,2,1,2,3,3,2,3,3,3,3,3,3,3,3,2,2,2,2,2,2,2,2,0,3,4,3,2,3,3,1,1,3,2,1,3,3,3,3,4,3,4,4,4,4,4,7,6,3,1,2,2,4,5,4,5,5,4,4,3,4,6,6,2,1,1,1,1,2,4,4,4,2,2,2,2,2,2,3,3,3,3,2,1,1,1,3,7,6,6,5,3,5,5,5,4,2,3,3,2,2,2,1,3,3,2,2,3,3,2,3,4,4,4,4,5,4,5,6,4,3,3,3,3,2,1,1,2,3,3,3,3,2,4,5,3,5,5,4,3,3,5,5,2,3,4,4,4,2,2,2,2,3,3,1,1,1,1,1,2,3,3,2,2,5,5,4,0,2,5,4,2,1,1,1,3,2,3,4,4,3,4,6,5,4,3,4,4,3,1,4,6,3,2,4,2,2,5,5,5,4,3,3,3,3,3,2,2,3,3,3,3,3,3,3,3,3,3,2,2,4,6,5,2,3,2,2,2,3,5,4,5,5,5,3,3,4,4,2,2,3,3,1,1,2,2,3,1,1,2,2,3,3,4,5,5,4,3,2,3,5,5,3,2,2,2,4,4,4,4,5,3,3,3,3,4,4,4,4,3,2,2,3,3,3,4,4,6,6,4,3,2,2,3,3,3,1,3,3,4,5,4,2,2,3,3,3,3,3,3,3,1,2,3,2,2,4,5,4,1,3,3,2,2,0,0,3,5,4,2,3,3,3,3,1,2,2,1,2,2,3,4,4,2,3,3,3,3,3,3,2,2,5,7,6,3,2,3,3,4,4,3,3,1,3,3,2,3,3,1,0,1,2,2,1,4,4,3,3,4,4,3,3,2,2,2,3,3,3,3,3,0,1,3,3,2,1,1,3,4,5,5,5,5,4,3,4,2,1,3,3,3,4,4,4,4,4,4,4,5,5,4,3,3,3,4,4,3,2,4,4,3,2,3,3,2,2,3,3,2,3,5,6,5,3,3,4,3,0,1,4,5,3,1,1,2,1,2,3,1,1,1,1,2,2,2,2,2,2,2,2,3,3,3,4,3,2,3,4,2,3,4,3,3,3,4,4,3,2,2,1,3,4,2,1,3,4,4,3,4,4,3,5,8,8,6,5,4,4,3,1,1,2,3,3,4,4,4,4,1,1,3,3,3,3,3,2,3,4,3,3,3,3,2,1,1,2,2,2,3,3,1,1,1,3,3,3,3,2,2,2,2,2,4,4,3,2,2,2,2,3,3,2,2,3,4,3,3,3,3,3,4,3,3,3,4,3,3,3,2,2,3,2,2,2,3,3,3,3,3,3,2,2,2,2,3,3,2,4,6,4,3,4,6,5,4,4,4,4,5,4,5,6,6,5,2,2,3,3,3,2,2,1,0,3,4,5,4,4,4,3,1,1,1,1,3,5,3,1,1,2,3,3,4,3,1,4,3,4,4,2,2,5,5,4,4,4,3,3,3,3,3,2,2,0,1,2,2,3,5,4,2,3,4,3,2,2,3,3,4,5,5,5,4,4,4,2,2,2,4,4,4,5,3,0,4,4,4,4,4,4,4,4,1,2,2,2,3,3,3,4,7,6,3,3,2,2,3,3,2,2,2,4,4,3,2,3,3,3,3,3,3,4
43,6,6,4,4,4,3,3,3,3,2,2,3,4,5,5,5,5,5,3,1,1,3,4,5,4,2,3,1,0,1,2,3,2,3,3,3,3,3,5,5,4,4,4,3,4,4,3,2,2,2,4,4,3,3,4,4,2,3,5,5,5,6,5,3,2,4,4,4,3,2,2,1,3,5,4,5,4,1,1,2,3,3,4,4,3,2,1,3,3,2,3,3,4,4,5,6,4,3,3,2,2,2,4,5,5,2,1,1,1,3,5,5,6,4,5,4,4,4,4,3,4,6,7,5,4,5,4,3,2,2,3,4,4,4,3,4,3,2,1,1,3,2,1,3,3,1,1,2,2,3,4,3,2,2,2,2,2,4,3,1,2,3,3,4,4,4,5,5,3,3,3,3,3,3,4,3,2,1,1,1,1,1,1,2,2,3,3,3,3,3,3,3,4,5,3,3,3,5,5,4,3,2,3,4,5,5,4,5,5,2,3,4,4,3,4,3,5,4,3,4,3,4,6,5,4,3,2,4,6,6,4,2,3,2,3,5,5,3,1,2,4,3,2,2,2,2,2,2,2,3,4,4,4,4,5,4,2,5,5,2,1,3,3,2,2,2,2,2,3,3,3,3,2,6,5,4,3,3,2,2,2,2,2,3,3,3,3,3,3,2,1,1,1,2,2,1,1,3,3,3,3,3,3,3,3,4,4,5,5,3,2,3,5,2,1,2,3,3,2,2,2,1,2,2,2,3,3,2,3,3,3,3,3,3,3,3,4,1,2,3,3,4,4,5,4,3,4,3,3,4,3,2,2,2,2,2,4,6,7,8,6,4,7,5,0,2,6,5,3,1,2,4,4,4,4,3,3,1,1,1,1,2,2,2,2,3,5,4,4,3,3,3,1,2,5,6,6,5,4,2,2,2,1,2,4,4,3,2,3,1,1,3,3,2,1,1,4,5,5,3,3,3,2,3,2,3,3,3,3,1,4,4,1,4,6,6,8,8,6,5,5,5,6,5,4,4,3,3,3,1,0,1,3,2,3,6,3,1,2,2,2,2,4,5,5,4,4,5,4,3,3,3,3,2,2,3,4,6,4,6,7,4,3,5,4,3,3,1,2,5,3,3,2,1,3,3,1,2,1,1,3,3,3,1,1,2,2,4,4,4,6,6,5,5,3,4,5,5,3,3,5,5,4,3,4,5,4,5,5,4,4,3,2,2,5,2,1,3,3,2,3,4,2,3,3,3,2,1,1,4,4,4,2,3,2,1,2,3,3,5,6,4,2,3,3,3,1,1,4,4,3,4,4,4,4,4,5,5,4,4,3,3,2,2,1,3,4,4,3,3,4,3,3,3,1,2,2,2,2,1,4,8,6,5,3,3,1,1,1,4,4,3,2,1,3,3,2,4,4,2,2,3,2,4,5,2,2,1,1,2,2,3,3,3,1,1,2,2,3,2,1,3,3,3,3,3,3,4,3,1,1,2,1,2,3,4,4,1,1,2,1,0,1,2,1,0,1,1,1,1,1,2,2,1,1,1,2,2,2,2,3,3,3,3,3,3,3,3,3,3,6,6,4,4,5,4,2,1,1,2,4,4,6,7,4,5,5,5,4,3,4,3,2,2,3,3,4,3,3,2,2,2,1,1,1,1,2,3,3,3,3,2,2,2,2,3,3,4,5,5,5,4,3,3,4,4,5,4,4,4,4,4,3,3,5,5,4,1,2,2,2,1,1,1,1,2,2,1,0,1,2,3,3,3,4,4,2,3,2,4,4,4,3,3,3,1,1,3,3,3,2,1,1,2,1,3,4,5,5,4,4,6,4,2,2,4,4,4,3,4,5,5,4,3,3,3,1,3,3,1,1,3,5,4,4,4,2,2,2,3,4,2,4,3,1,2,4,4,2,1,4,7,4,4,6,9,9,8,6,4,3,3,3,3,2,2,1,1,3,3,3,3,2,4,5,2,1,1,2,2,2,3,4,3,3,4,5,6,7,7,5,4,3,3,3,4,4,4,4,2,2,3,3,2,2,1,2,2,2,4,4,4,5,2,1,2,3,3,3,3,3,3,3,2,3,4,4,4,3,2,4,4,4,4,3,1,2,4,3,1,2,3,4,2,1,4,6,4,3,5,5,3,0,3,5,2,0,1,1,1,4,3,3,5,4,4,4,5,3,2,2,1,3,1,1,1,2,3,3,4,3,3,3,2,2,4,5,3,3,3,3,3,3,3,3,5,5,5,5,3,3,4,4,2,3,2,2,3,2,4,5,2,3,3,3,3,3,4,3,2,0,1,1,3,3,2,2,2,1,2,2,2,2,2,1,2,2,2,2,2,2
44,3,2,2,2,2,1,3,4,4,2,3,3,2,2,2,2,2,4,4,5,5,2,1,1,0,1,2,2,2,2,2,2,2,3,2,2,2,1,1,1,2,3,1,2,5,5,4,4,5,4,3,4,4,3,2,3,4,3,3,3,2,4,4,3,3,4,4,3,4,3,3,5,3,3,5,5,4,3,3,5,4,4,4,2,2,3,4,3,2,2,2,3,3,3,3,3,3,3,3,4,4,4,4,3,1,1,4,4,3,2,4,4,3,3,2,2,3,3,4,5,5,4,3,2,4,5,5,4,2,8,6,5,5,4,6,6,3,2,3,3,3,4,4,4,3,4,4,4,4,4,4,3,3,3,2,2,3,4,3,3,3,2,1,1,1,2,2,2,2,2,1,3,2,2,3,2,3,3,2,3,5,4,3,4,4,3,5,7,6,3,3,5,3,2,2,2,1,1,2,2,2,3,3,2,3,3,2,1,1,4,3,2,3,3,3,3,4,4,3,4,4,3,2,2,2,3,3,2,3,3,3,4,4,3,2,2,1,1,2,2,3,3,4,3,2,5,7,6,4,2,2,2,4,4,4,4,2,6,4,3,2,2,2,3,3,3,3,3,4,4,3,3,3,2,2,2,2,2,2,3,3,3,2,2,2,3,3,2,3,3,3,3,3,3,3,3,3,3,4,4,5,4,4,3,3,1,2,5,5,6,5,4,3,4,3,2,2,2,2,1,2,3,2,1,2,1,2,3,2,1,1,1,1,1,3,3,3,5,6,6,6,4,3,4,4,4,4,3,2,3,2,2,4,3,4,5,5,3,3,4,4,3,2,3,3,4,4,4,4,1,1,2,3,3,4,3,3,2,3,3,3,3,3,3,3,3,2,3,4,4,3,3,4,4,3,4,4,5,5,4,3,3,3,2,2,3,3,4,3,3,3,2,3,3,3,3,4,3,3,3,4,5,2,1,1,2,2,2,2,2,2,2,5,3,3,3,2,1,1,2,4,5,6,4,3,3,4,5,3,2,2,2,3,2,2,3,5,3,0,2,4,2,3,3,1,3,3,0,4,3,3,5,2,1,3,3,3,4,2,1,3,5,5,5,3,3,4,4,4,4,2,2,2,2,3,4,3,4,3,3,2,2,2,1,1,2,2,2,2,2,2,3,4,3,3,4,4,4,5,5,3,2,1,2,3,5,5,3,1,3,3,3,3,4,4,5,5,3,4,5,5,5,3,3,5,2,3,3,1,2,2,2,3,4,2,2,2,2,2,2,3,0,1,3,4,5,4,2,2,3,4,3,4,3,2,4,5,5,5,6,6,5,5,5,6,5,5,5,3,3,1,1,1,1,1,2,3,3,3,4,5,5,4,3,1,1,2,3,4,3,2,2,2,2,2,2,2,2,3,4,4,3,1,1,2,3,3,3,3,3,3,3,3,3,2,3,3,3,4,4,3,1,1,1,1,2,2,2,2,2,2,2,2,1,2,3,2,5,6,4,3,3,4,5,5,3,3,3,3,2,3,2,4,1,1,3,3,4,5,5,3,3,3,3,3,3,3,2,2,2,3,3,3,3,2,3,3,1,1,2,1,1,2,2,1,2,2,2,3,3,2,3,2,2,4,5,5,4,2,2,2,5,7,5,4,2,2,2,3,2,4,4,3,4,4,2,2,1,2,2,2,3,4,4,3,5,6,4,4,5,3,3,4,2,3,2,3,3,4,4,2,2,3,2,1,2,2,2,3,4,3,2,3,2,2,3,3,3,2,1,1,3,3,3,3,1,1,3,3,3,4,3,3,4,4,3,4,4,4,4,4,5,5,2,2,3,3,3,3,2,2,2,2,2,2,2,1,2,1,1,1,1,3,2,1,1,1,1,1,1,1,1,2,2,3,3,3,3,2,0,1,2,3,3,4,3,4,4,3,3,3,2,1,1,2,3,4,3,2,2,2,2,3,4,3,3,5,5,4,2,2,4,3,3,3,4,3,3,4,4,3,2,3,4,5,4,2,4,4,3,2,2,2,4,3,4,4,3,1,2,2,3,4,2,1,1,3,4,3,2,3,2,2,3,2,3,3,4,5,6,5,3,3,2,2,2,2,2,2,3,3,4,4,2,1,1,3,5,4,6,5,4,3,3,4,3,4,1,3,4,2,3,4,3,2,3,3,4,4,4,4,1,1,2,1,0,1,1,1,1,2,2,1,1,3,3,2,3,3,3,4,4,4,4,3,2,3,3,4,4,6,4,4,4,4,2,2,2,2,3,3,2,3,3,3,3,4,5,3,1,3,3,2,1,1,2,2,0,1,2,2,2,2,2,3,2,2,2,1,2,2
45,2,2,5,5,3,2,3,4,4,2,2,2,1,2,3,3,3,5,6,3,2,3,3,5,4,3,1,2,2,3,3,3,2,4,4,5,5,4,4,4,3,3,4,4,3,4,4,2,2,4,3,2,3,4,4,2,1,2,3,3,2,2,4,6,4,2,1,2,4,5,5,4,5,7,6,5,5,5,4,4,3,3,2,3,4,4,4,4,3,3,5,4,3,2,1,3,3,4,6,6,4,3,3,2,4,4,4,3,2,2,2,2,3,2,3,3,2,1,1,1,1,3,3,1,1,3,4,4,4,4,4,2,2,4,3,3,3,1,2,1,1,3,3,4,6,3,4,3,2,2,3,4,3,2,3,3,3,4,4,5,3,1,3,3,3,4,5,6,6,4,4,2,3,4,4,5,6,4,2,1,2,4,3,2,2,3,3,4,5,6,6,5,4,1,1,3,4,4,4,2,3,2,2,2,2,2,3,3,4,3,3,3,1,1,2,3,5,5,5,4,5,5,5,5,4,4,3,2,3,4,4,4,4,2,2,3,5,4,3,2,2,3,3,4,5,6,6,3,2,2,4,4,3,3,3,3,2,2,2,3,4,4,5,4,2,2,3,2,2,2,2,1,3,4,2,2,2,2,3,5,5,2,1,1,1,1,1,1,2,1,1,1,2,3,4,4,5,5,3,2,2,2,3,4,4,5,3,4,3,2,2,3,3,2,1,2,1,2,2,2,2,2,2,2,3,2,3,4,5,2,2,3,2,2,2,3,2,3,3,2,3,5,6,5,2,3,3,1,1,3,3,2,3,2,4,6,7,7,5,4,4,4,2,2,1,1,1,3,4,4,4,4,4,3,4,4,5,2,0,2,2,3,3,3,3,5,5,6,6,6,6,4,2,4,3,4,4,5,5,5,5,2,2,1,2,2,3,4,4,2,2,1,2,3,4,3,4,5,5,4,3,2,2,4,4,3,3,2,2,3,3,2,2,3,4,6,5,2,4,5,3,4,4,3,4,4,4,4,4,3,5,6,4,2,1,1,4,5,5,4,4,4,3,2,1,1,2,1,2,1,2,4,3,2,4,4,4,4,5,5,3,4,3,3,2,2,3,4,3,1,1,2,2,2,3,3,2,2,3,3,4,4,3,3,3,5,5,4,4,4,4,3,4,1,3,1,1,2,1,1,2,3,2,3,3,3,2,1,0,2,3,3,3,2,3,2,3,6,7,5,4,6,4,1,2,3,3,3,4,4,4,4,4,2,2,3,3,3,3,2,2,3,2,2,2,1,0,0,1,2,2,2,2,2,2,2,1,2,4,2,0,0,1,1,2,3,4,4,4,4,2,3,4,2,2,4,4,3,2,3,3,4,3,2,2,1,2,1,1,3,5,4,5,5,5,4,5,5,3,3,3,3,2,3,3,4,4,5,4,2,1,2,2,1,1,3,5,4,3,1,1,2,2,2,1,4,6,5,3,3,3,3,5,5,3,3,3,2,3,4,4,4,4,3,2,2,2,2,2,2,2,3,3,2,2,2,2,2,2,2,3,3,3,3,3,3,3,3,3,3,1,2,1,1,2,4,4,3,3,1,2,5,5,6,6,4,2,2,3,2,2,2,2,1,4,3,1,1,1,1,3,2,2,2,2,3,4,4,3,2,3,3,3,3,3,4,3,2,5,4,3,1,1,1,2,1,0,1,2,2,1,1,2,1,1,2,1,1,3,4,4,3,3,2,3,3,3,3,2,4,4,4,2,2,2,3,4,3,3,5,4,2,3,5,4,1,2,2,2,2,3,3,1,2,3,3,4,4,5,5,4,3,4,2,3,6,5,3,1,1,3,2,1,3,3,3,3,5,4,4,5,4,4,3,2,5,6,5,4,4,4,2,2,1,0,1,1,3,2,2,1,2,4,3,3,3,3,2,3,2,3,2,4,4,4,2,2,2,2,1,1,1,2,3,3,4,3,3,4,4,4,4,4,3,2,2,2,2,1,2,2,2,3,3,3,3,3,2,3,2,1,3,2,2,3,5,4,1,1,2,3,3,4,4,3,1,1,4,4,3,1,2,6,3,1,1,2,2,3,3,1,1,1,2,4,3,1,0,1,1,3,3,4,3,4,6,5,5,5,3,2,2,2,3,4,3,3,2,3,5,5,3,3,4,3,3,3,3,3,3,4,3,5,4,2,1,2,2,2,3,3,3,3,4,4,3,3,1,1,3,4,4,4,3,2,2,4,5,5,5,4,5,4,5,4,3,2,1,2,3,4,4,3,3,4,4,4,4,4,3,1,3,3,4,5,6,4,1,3,5,5,3,3,3,3,3,3,4,4,3,3
46,5,1,4,4,3,3,1,1,1,2,2,2,3,3,4,5,4,3,2,1,2,3,2,2,2,1,2,2,2,2,2,2,3,2,4,5,6,5,4,2,2,1,0,1,2,3,4,4,2,4,3,3,3,3,2,2,3,2,4,3,2,2,1,1,1,3,1,1,3,5,4,2,3,4,4,3,4,4,4,5,4,4,3,1,1,1,1,2,2,3,4,3,2,1,2,2,3,4,1,1,1,1,2,1,2,5,4,4,4,4,5,5,4,4,4,3,3,3,3,2,3,4,4,4,4,5,5,2,4,5,3,3,3,3,4,3,2,2,4,3,1,2,3,3,3,3,3,3,3,2,3,3,3,3,3,5,5,4,2,3,3,0,3,4,3,2,3,3,4,5,3,3,6,7,5,2,2,6,6,4,3,3,2,3,3,2,1,3,4,3,2,1,1,2,3,3,1,1,1,2,3,1,1,1,2,2,4,3,2,4,5,5,3,4,4,4,4,3,3,2,1,2,4,3,2,3,4,3,1,1,2,5,5,2,3,4,4,4,2,2,2,3,3,3,3,4,5,5,3,4,4,5,5,5,4,3,2,4,2,1,1,3,4,4,3,3,3,3,3,2,4,3,3,1,0,1,2,5,4,3,1,1,3,2,3,4,5,5,5,5,5,4,2,2,2,2,3,4,3,2,3,3,2,3,4,2,3,2,1,0,1,4,2,2,3,4,4,3,3,2,3,2,2,4,3,3,4,5,4,5,4,4,6,3,2,2,2,3,2,2,3,3,2,1,1,3,2,2,3,5,5,4,6,3,4,3,2,2,3,2,2,2,1,1,2,2,3,3,3,3,4,5,4,2,1,2,2,3,3,3,3,3,3,4,1,2,2,4,4,4,2,2,4,4,3,3,3,3,4,4,4,1,2,4,4,3,3,3,1,2,2,3,3,4,3,4,4,4,4,3,3,3,3,3,4,4,3,3,3,3,3,4,5,3,4,5,5,4,5,5,5,2,2,1,2,2,3,4,3,3,3,3,3,3,3,4,4,3,2,3,4,4,4,4,3,3,4,5,5,4,5,5,3,1,3,4,5,5,3,3,3,3,4,4,3,2,2,2,2,3,4,3,1,1,1,1,1,2,4,5,5,5,6,5,6,5,3,4,6,4,6,7,5,3,3,3,3,3,3,3,3,2,3,3,4,4,5,5,4,4,3,3,2,2,3,4,6,5,4,5,3,2,1,3,2,4,3,2,2,3,2,1,2,2,3,4,4,3,2,2,3,3,2,3,3,3,1,1,4,1,1,4,2,3,5,6,4,1,2,2,2,3,3,3,3,3,3,3,3,2,2,2,2,4,3,3,3,3,5,5,4,2,2,3,3,4,6,5,4,3,3,4,4,3,3,3,4,4,3,3,3,3,3,4,5,3,2,2,4,4,4,3,3,5,5,4,4,4,4,5,5,2,2,3,3,2,1,1,1,2,2,2,3,4,6,6,6,4,3,3,2,3,2,2,2,4,3,2,2,2,2,2,2,2,2,2,2,2,2,2,3,1,1,2,3,3,2,2,1,1,2,2,1,2,2,2,2,2,1,1,2,2,2,3,2,4,4,4,2,1,0,0,2,3,3,2,1,1,1,5,5,4,3,2,3,5,4,3,2,2,4,5,3,3,5,3,2,4,3,4,3,3,3,3,4,4,3,3,4,4,4,5,4,5,5,2,2,2,2,2,3,3,3,2,2,2,2,2,3,2,2,3,3,2,1,1,2,2,2,1,1,1,1,2,1,1,1,2,2,3,3,3,4,1,2,4,4,4,4,2,1,1,1,2,2,3,3,3,4,4,3,2,3,2,2,3,4,3,2,3,2,2,1,2,3,2,1,1,2,3,3,3,2,1,1,2,4,3,4,2,1,1,1,1,1,2,2,1,1,3,3,2,2,3,3,2,2,3,2,4,6,5,3,2,1,3,3,2,3,3,3,2,2,2,2,1,1,1,1,3,3,3,2,3,4,3,4,5,5,4,2,2,2,1,1,1,1,2,0,1,2,4,4,3,4,6,5,2,1,2,4,5,4,3,2,2,2,2,2,2,2,3,3,3,3,3,3,3,3,5,4,3,4,4,4,2,3,5,2,1,2,4,3,1,1,3,2,2,3,2,2,2,3,5,5,2,3,4,3,3,2,1,1,2,3,3,2,1,1,3,3,4,4,5,5,5,4,3,3,3,3,3,3,3,3,3,3,3,3,4,4,4,4,5,4,3,3,3,3,3,2,2,3,4,4,3,3,4,5,4,5,5,4,4,4,4,2,3,4,4,4,3,3,2,2,1,1,1,2,2,2
47,3,4,5,4,2,2,1,0,2,2,4,5,5,5,4,2,3,2,2,1,1,0,0,0,0,1,2,4,4,4,3,5,3,0,0,2,3,3,2,1,0,1,1,1,2,3,3,4,3,1,2,4,4,4,5,3,2,3,5,5,4,6,5,4,2,2,1,2,2,2,2,2,3,3,3,3,5,5,5,4,3,1,2,4,4,3,3,3,5,5,5,5,3,2,1,3,3,2,4,4,1,1,3,5,5,2,2,3,5,5,3,3,4,2,1,1,4,4,3,2,5,7,5,4,4,3,2,3,6,3,2,1,3,4,3,3,4,4,3,4,5,5,3,5,3,3,3,3,3,3,4,3,1,2,2,2,2,2,2,2,1,3,5,5,5,5,5,3,2,3,3,3,4,4,4,4,4,5,3,3,2,3,4,2,1,1,2,3,2,1,2,4,2,2,4,4,4,5,5,3,4,4,3,3,3,3,3,2,2,2,2,4,6,5,4,3,2,1,3,4,4,2,1,3,3,2,0,0,1,5,6,5,3,2,3,5,4,3,3,3,4,2,4,5,5,5,4,5,5,5,3,2,1,1,1,3,3,4,4,3,1,1,2,2,3,2,1,4,5,4,5,4,4,3,2,4,5,3,1,1,2,1,1,3,3,2,2,2,1,2,1,3,4,4,4,4,4,4,5,5,4,4,4,4,4,3,4,4,3,5,5,4,3,3,3,3,3,1,1,2,3,4,3,2,3,3,3,4,2,2,3,4,5,5,5,3,1,2,3,3,3,3,3,2,3,2,3,3,3,3,2,3,2,1,2,2,4,4,4,5,5,4,4,3,3,3,4,5,4,1,1,4,5,3,3,2,2,3,2,2,1,1,3,3,4,5,5,5,4,3,3,5,6,4,4,4,2,3,3,3,4,3,4,4,2,1,2,4,4,1,0,3,4,3,3,3,4,3,3,4,2,1,1,2,4,5,5,4,3,5,5,4,5,5,4,3,3,4,4,3,2,4,4,2,2,2,2,3,3,2,2,3,4,5,5,4,3,4,5,4,4,4,3,4,4,2,4,4,4,4,2,2,3,2,4,5,4,6,6,3,4,4,6,5,4,4,5,6,6,2,1,2,2,3,3,5,4,2,3,3,3,2,2,3,3,3,3,2,5,6,5,6,7,6,5,5,5,5,5,4,2,3,4,5,5,3,4,4,4,3,4,4,4,4,5,6,4,3,2,2,3,3,4,5,3,2,2,1,1,1,2,4,2,1,3,3,1,2,4,5,4,4,4,4,4,4,3,4,2,1,1,1,1,1,0,1,2,1,3,5,4,4,5,4,3,4,3,2,2,2,2,3,3,2,3,5,5,5,4,2,3,3,3,3,3,3,3,3,2,1,2,3,5,5,4,3,3,3,5,5,4,5,6,6,7,3,2,2,2,2,2,2,3,2,1,1,1,1,1,1,1,3,2,3,3,4,4,4,4,2,2,2,3,3,3,3,2,3,3,5,5,4,2,2,0,2,2,2,2,1,2,2,1,2,3,3,3,4,3,2,1,4,5,3,2,2,3,2,3,2,2,2,2,2,1,1,1,2,2,3,3,4,4,7,6,2,1,2,2,2,2,1,2,5,4,4,3,3,4,4,3,4,3,3,2,2,2,2,2,2,3,5,6,5,4,2,4,4,3,3,3,3,3,3,3,2,2,2,2,1,1,1,2,2,1,2,3,3,3,2,2,3,2,1,1,1,2,2,3,4,3,3,3,3,3,3,4,3,2,3,3,2,2,4,4,1,3,4,5,5,3,3,3,2,3,3,3,3,4,3,2,2,4,2,1,2,3,3,3,5,3,3,4,3,3,3,1,3,3,3,3,4,5,5,4,5,4,3,2,3,5,5,5,2,1,3,3,4,4,3,1,2,3,2,3,3,3,3,3,4,3,3,2,3,4,4,3,3,3,1,1,2,3,3,4,4,5,3,3,4,4,2,2,1,1,3,3,2,4,5,3,2,1,4,4,4,4,2,1,1,2,2,2,1,0,1,2,3,2,1,3,4,2,0,1,5,4,3,3,3,6,5,3,1,2,1,1,1,1,2,1,3,3,3,3,4,4,5,4,1,2,5,5,3,1,2,2,5,3,2,4,4,3,4,4,4,3,3,3,3,3,3,3,3,3,2,2,2,2,2,3,2,1,1,1,2,2,2,1,1,4,2,1,1,3,3,3,1,1,1,3,5,6,6,7,4,2,4,6,5,5,3,0,4,3,3,3,3,3,3,3,2,3,2,3,3,3,4,5,3,1,1,1,2,3,2,1,0,2,4,4,4,5,5,4,5,4,4,4,4,4
48,8,6,5,5,5,4,1,2,5,3,2,1,3,6,6,3,1,3,2,2,2,2,3,2,3,4,3,1,1,1,1,2,2,4,4,3,3,4,4,4,4,0,1,3,2,2,4,6,4,5,4,4,3,1,2,4,6,3,2,2,2,2,1,1,3,3,1,1,4,6,6,6,4,1,2,3,4,3,2,1,1,3,4,4,2,2,2,3,2,2,3,4,4,5,4,3,2,3,3,2,3,4,4,4,4,4,5,4,4,3,2,3,5,1,1,1,1,2,2,1,1,3,3,3,3,3,2,2,4,7,3,2,3,3,4,5,3,2,4,3,2,3,1,1,2,3,5,6,4,4,3,2,3,3,4,4,3,4,3,4,3,2,3,3,3,4,3,3,4,3,3,2,2,3,3,3,3,3,2,2,2,2,2,2,2,3,3,3,3,3,2,2,2,2,2,2,2,2,2,2,2,2,2,2,2,2,2,2,2,4,3,3,3,4,3,3,4,2,3,3,3,3,3,4,3,2,2,2,2,2,2,2,2,2,2,3,3,2,1,0,0,2,2,2,2,3,3,3,2,3,2,2,1,1,2,2,4,3,3,3,3,4,4,3,3,4,4,4,4,4,3,2,2,4,4,3,4,5,6,5,3,3,3,3,4,4,5,5,3,2,3,4,4,5,5,5,3,3,3,3,3,4,4,4,7,6,4,3,3,3,2,3,1,1,1,1,1,1,1,2,2,2,2,3,3,3,3,3,4,3,3,4,4,4,4,3,2,4,3,3,3,3,3,2,2,2,2,2,2,2,4,5,3,2,2,3,3,2,3,5,4,2,5,6,5,3,3,3,4,4,3,3,3,3,3,3,3,2,2,3,4,5,4,3,1,2,2,2,2,2,2,2,2,4,4,3,3,3,3,2,3,2,4,3,2,2,2,2,2,3,2,2,2,3,2,2,2,4,3,3,4,4,3,2,1,1,2,3,3,2,4,6,6,6,5,6,6,5,5,4,3,3,4,5,4,4,2,1,2,3,1,1,3,3,3,3,2,3,5,3,3,4,4,5,5,4,4,4,3,2,2,3,2,4,4,4,4,4,6,5,4,1,2,3,2,2,2,4,5,6,5,5,5,3,2,3,3,1,2,3,2,2,3,2,1,3,5,5,5,5,3,3,3,4,5,3,2,2,2,4,5,4,3,3,3,3,3,3,3,4,4,3,3,2,2,2,2,3,3,3,3,3,3,3,4,4,3,1,2,2,3,3,3,2,1,3,4,4,2,2,2,3,3,3,3,3,3,3,2,4,4,4,5,4,3,2,0,5,4,2,2,2,1,3,3,5,5,7,7,6,4,4,4,2,2,1,1,2,2,1,3,1,0,1,2,3,3,3,2,2,3,4,3,2,2,4,4,5,4,4,3,3,4,2,3,3,5,3,1,1,2,2,2,3,4,1,1,2,4,2,2,6,7,4,2,3,3,3,3,2,1,1,2,2,2,3,2,3,3,3,3,4,5,4,4,4,4,3,5,5,3,1,3,3,3,1,1,1,1,2,2,1,1,1,1,2,3,3,2,3,3,4,3,4,5,4,4,6,4,2,2,2,1,2,3,6,3,4,6,5,4,2,3,3,2,2,4,4,4,4,4,3,3,3,2,1,2,1,2,3,2,3,4,4,4,1,1,1,1,1,1,1,1,1,1,3,3,3,3,2,2,2,2,4,1,1,2,2,3,4,4,3,2,2,2,2,2,3,2,2,2,3,2,2,2,1,2,2,1,1,2,2,2,2,4,2,2,3,4,2,1,2,3,4,2,1,1,2,2,3,4,2,3,4,4,3,3,4,4,2,2,2,2,4,4,3,3,5,3,3,3,4,5,2,3,4,3,3,3,3,4,4,4,2,2,3,3,5,4,3,2,1,1,1,1,2,3,2,2,5,5,2,1,2,3,1,1,4,4,2,2,3,3,4,8,4,4,5,4,4,4,3,3,1,1,4,4,3,2,1,3,1,2,1,2,2,1,1,1,2,2,2,3,3,3,3,4,3,4,4,3,3,5,6,5,3,1,4,5,3,2,2,3,4,4,1,1,2,4,4,3,3,3,3,4,3,1,1,3,4,3,2,4,4,4,3,3,2,4,5,3,3,4,5,5,1,1,1,1,1,2,2,3,1,1,1,2,3,3,3,2,2,2,2,2,2,3,4,3,2,3,3,3,3,3,3,3,2,2,2,2,2,2,3,3,3,3,4,5,5,5,3,3,3,3,2,2,2,2,2,2,3,2,4,4,3,3,2,3,4,3,1,1,2,2,3,3,3,1,1,2,4,4,5,5,2,1,1,1,2,2
49,3,4,4,3,5,6,6,4,2,3,4,2,2,4,5,4,1,4,4,5,4,3,2,1,1,1,1,2,3,2,2,4,4,2,2,2,3,4,3,2,3,3,3,3,4,3,2,1,0,4,4,4,3,3,4,4,3,4,4,4,4,4,4,4,4,4,5,5,5,3,4,5,5,4,4,4,4,4,4,4,3,3,5,6,5,5,4,3,3,3,2,3,3,2,3,3,3,3,3,2,2,2,2,2,3,5,3,2,3,3,4,2,3,2,1,2,2,1,2,2,2,4,4,4,4,3,3,1,1,5,4,5,6,5,4,5,3,1,4,3,2,3,3,3,2,4,4,3,3,3,4,4,6,5,4,2,1,0,1,1,1,3,3,3,3,3,3,4,4,2,2,4,5,6,6,6,7,6,4,4,6,6,2,4,4,2,3,2,1,3,4,3,3,5,5,5,6,7,5,4,4,3,4,4,3,3,5,5,3,3,4,4,3,3,4,3,2,1,1,3,3,1,2,2,2,2,4,3,2,3,5,4,4,6,6,4,4,3,2,5,6,6,4,3,4,5,5,3,3,3,3,3,3,3,3,3,4,4,3,3,3,3,3,2,2,2,2,2,3,3,2,3,1,2,3,3,3,3,4,4,2,1,2,2,2,2,2,3,2,1,2,4,3,3,3,3,4,3,2,3,3,2,3,3,6,3,4,5,4,4,4,3,2,1,2,3,4,3,5,5,4,3,5,5,4,5,5,3,3,3,2,1,2,2,2,5,5,4,5,5,5,3,3,4,6,4,3,2,2,1,1,1,3,3,3,6,7,4,4,6,6,4,3,3,3,3,4,2,2,1,1,2,2,2,2,2,2,2,2,3,3,3,4,5,4,4,5,6,6,6,4,3,3,2,2,4,4,3,1,0,1,2,3,2,2,2,2,2,4,3,4,5,4,3,2,3,6,3,5,5,5,5,4,2,2,3,4,3,2,2,1,1,4,5,5,4,3,2,2,3,2,3,5,4,1,0,2,4,5,4,3,3,3,3,3,3,3,3,3,3,3,3,3,4,1,4,5,5,3,2,4,6,6,4,4,5,5,4,5,7,5,4,4,4,3,5,4,3,4,5,4,4,5,4,4,2,1,3,4,6,5,2,3,4,2,3,3,3,2,2,1,1,2,4,5,4,4,4,5,4,4,2,4,4,4,4,4,3,2,3,2,2,2,2,2,2,2,2,2,3,3,3,2,3,3,2,3,2,1,2,3,4,5,3,1,1,2,1,0,2,3,2,3,4,4,4,5,5,3,3,3,3,3,3,3,3,3,3,3,3,3,3,3,3,3,2,2,2,2,2,2,2,2,2,2,5,6,6,6,6,4,4,4,4,4,3,3,3,3,1,3,3,3,3,1,1,1,1,3,3,4,4,4,6,6,5,5,3,3,3,3,3,3,1,2,3,3,2,1,2,2,3,3,3,2,2,2,2,4,4,4,4,2,2,2,2,5,4,3,2,2,4,4,4,4,2,1,1,1,2,2,2,3,4,4,4,4,4,4,4,4,6,6,6,6,4,3,3,2,2,1,1,2,1,1,3,3,4,4,4,4,4,4,4,5,4,4,4,4,4,4,4,5,4,1,3,4,4,5,5,4,3,2,3,3,4,4,3,3,1,1,1,2,4,4,2,2,3,3,3,3,3,3,3,3,2,2,2,2,2,2,3,4,1,0,0,0,0,1,3,2,5,5,4,2,4,6,4,4,3,3,3,3,3,3,2,2,1,1,2,2,3,3,4,4,1,1,2,4,4,3,1,1,3,3,2,2,1,2,3,2,4,3,2,3,3,2,2,3,3,3,4,4,4,5,4,2,2,2,4,4,4,5,3,4,4,3,3,3,2,2,3,3,2,1,2,4,2,2,4,4,3,2,2,2,3,3,4,4,4,4,4,3,3,2,2,3,3,2,3,3,3,3,4,5,3,4,4,3,3,2,1,4,2,1,2,2,3,3,3,3,2,2,3,3,4,3,3,2,3,4,4,4,4,3,1,2,2,2,2,2,2,2,3,3,3,3,3,3,4,4,4,3,2,3,3,3,2,2,1,2,3,3,3,4,5,3,1,2,1,1,1,3,2,1,3,5,5,2,1,1,1,1,2,2,2,2,3,3,3,3,4,7,5,1,2,2,3,3,3,3,3,2,3,3,2,2,2,3,3,2,2,3,3,2,4,4,4,4,1,1,2,3,3,2,3,3,3,2,3,3,3,3,3,2,2,3,3,5,4,5,3,3,3,3,3,2,2,2,4,3,3,3,3,2,2,2,1,2,2,1,3,3,4,3,3,3,3,3,3,3
50,2,3,2,2,2,4,4,4,5,1,1,3,4,6,5,4,4,3,5,5,4,2,2,1,2,3,2,3,2,3,4,3,2,3,3,1,1,3,3,2,1,2,3,3,3,3,2,2,2,1,2,3,3,2,3,3,3,3,3,3,5,5,4,1,1,4,4,4,4,4,3,3,3,2,2,1,2,2,2,3,2,2,2,2,2,4,4,2,2,2,3,3,3,3,4,4,3,4,3,3,3,1,1,3,5,6,4,4,2,1,1,3,3,4,3,2,2,4,4,6,6,4,1,2,3,4,4,3,3,4,5,3,1,1,4,4,4,4,4,3,4,3,4,4,2,2,2,2,3,3,3,3,3,3,3,2,2,3,3,2,2,3,4,4,6,6,6,4,3,4,3,3,4,4,6,6,6,4,1,3,4,3,3,2,1,2,3,4,4,3,3,2,3,3,2,3,3,4,4,4,3,4,5,4,3,4,4,3,3,3,2,2,3,3,2,2,4,3,2,4,3,3,4,3,2,2,2,3,3,4,5,4,2,4,3,4,5,5,3,3,4,2,3,4,4,4,3,3,3,3,2,3,4,3,3,4,4,3,4,4,4,3,3,2,3,3,2,3,4,4,3,2,3,3,3,3,4,4,4,3,3,3,3,4,3,2,2,3,4,2,1,1,1,1,2,2,1,2,4,4,3,2,2,4,4,2,3,3,3,4,3,3,3,3,4,4,2,3,2,2,3,4,2,2,3,3,2,2,2,2,1,1,2,3,3,2,3,2,3,5,6,4,3,3,4,4,2,3,2,0,1,2,2,3,4,2,1,0,0,1,3,5,5,4,3,4,4,4,4,3,4,3,4,4,4,4,2,2,4,4,4,4,3,2,2,0,3,3,2,3,3,4,4,2,3,3,3,3,4,4,5,5,5,4,5,5,5,5,4,5,3,2,4,3,2,2,0,1,3,3,3,2,2,2,3,1,1,3,3,4,4,5,4,3,5,4,5,5,5,4,3,3,3,3,3,3,3,2,2,1,1,1,1,3,4,5,3,2,1,1,4,5,4,4,4,5,5,5,5,5,5,5,6,6,6,5,4,5,4,4,3,5,5,3,3,3,4,4,4,7,6,4,3,3,3,3,3,2,2,2,2,2,2,2,3,3,3,3,4,4,3,4,3,2,2,2,2,1,1,1,1,1,3,4,3,3,4,3,4,3,2,2,0,0,0,0,2,3,3,5,4,4,3,3,5,3,4,4,4,3,4,4,6,5,3,2,2,4,5,5,3,1,1,2,2,2,2,2,2,2,3,4,6,6,6,5,4,3,3,4,4,4,4,6,6,4,3,3,3,3,3,4,4,2,3,3,3,3,3,3,3,4,4,4,3,4,4,5,6,2,3,3,3,3,5,5,4,3,3,3,3,3,3,4,4,1,2,2,2,2,2,2,1,1,3,4,4,3,1,1,2,2,1,1,2,2,2,2,2,2,2,1,1,1,1,1,1,3,4,4,3,3,3,2,3,2,2,3,3,2,3,3,2,1,1,2,2,2,3,3,2,4,3,3,3,3,3,2,3,2,2,2,2,2,2,2,2,1,1,1,1,1,1,1,1,3,3,2,2,3,4,4,5,5,3,4,6,6,4,3,4,5,5,4,3,2,2,1,2,2,1,2,3,3,1,1,3,3,3,3,3,3,3,3,2,1,2,3,3,4,3,3,2,2,3,3,3,2,3,4,5,2,2,2,2,3,3,3,3,2,2,3,4,3,3,3,4,3,3,2,3,4,4,2,2,3,2,1,1,1,1,1,1,2,2,2,2,3,3,1,2,1,1,1,2,5,5,5,3,1,1,1,1,1,2,6,5,3,3,3,3,4,3,3,3,2,3,3,4,3,3,2,3,2,3,2,1,2,1,2,2,1,3,3,3,4,4,4,4,2,3,4,3,3,4,3,3,3,3,1,2,3,3,4,3,2,4,5,4,3,4,3,3,1,1,1,2,3,2,1,1,1,2,3,3,2,2,2,1,3,3,3,3,3,4,5,4,2,1,1,2,2,1,4,3,3,3,2,2,3,3,3,4,4,4,3,2,3,3,3,3,2,4,4,4,4,5,5,5,3,3,4,2,2,3,3,4,3,4,3,4,5,5,2,1,1,2,2,3,4,4,3,3,1,1,3,3,2,1,1,1,3,1,2,2,1,0,2,3,3,3,4,3,4,4,4,3,4,2,1,3,3,1,1,1,2,3,3,3,4,4,3,2,2,1,2,2,1,2,2,1,3,4,4,3,4,4,3,3,2,2,2,2,2,2,2,2,2,2,2,2,2,2,3,3,3,3,3,3,3,3
51,2,2,3,5,5,4,3,2,3,1,2,3,4,4,2,2,3,2,1,2,2,2,2,2,3,3,3,3,3,3,3,4,5,2,1,1,2,4,3,2,3,1,1,3,4,3,4,5,2,5,6,4,4,5,7,7,5,4,4,5,3,3,4,4,4,2,2,4,4,3,3,2,3,3,1,2,1,1,1,3,4,2,3,3,2,1,1,2,3,3,3,3,2,1,1,3,3,5,5,4,4,3,3,2,3,3,2,2,2,2,1,2,4,4,6,5,4,4,4,4,6,6,6,6,6,6,5,4,5,5,3,7,7,5,5,7,7,3,3,4,5,4,3,3,2,0,2,4,4,4,5,4,2,2,2,3,5,4,4,5,2,3,3,3,3,3,3,3,3,3,3,3,3,4,4,5,4,2,2,1,2,3,3,4,4,3,3,3,2,4,4,3,3,5,4,3,3,5,6,6,5,5,5,5,5,6,6,4,4,3,1,1,3,2,2,2,3,6,6,4,3,3,3,2,3,3,3,6,4,2,1,1,4,2,0,2,1,0,2,2,1,3,2,3,3,4,5,4,2,3,2,3,3,3,3,3,2,1,2,3,3,3,3,3,1,1,2,2,2,3,3,3,2,1,2,4,4,4,4,2,1,1,1,1,1,3,3,3,1,1,2,3,3,2,2,3,2,1,2,2,2,4,4,3,3,5,5,4,3,2,2,2,2,2,2,3,4,3,4,4,3,3,2,2,2,3,3,2,2,3,2,3,5,4,4,4,3,4,4,3,3,4,3,3,3,4,4,5,5,5,4,4,3,1,2,3,2,3,2,2,2,2,2,2,2,2,2,3,4,3,3,3,3,4,5,6,4,2,3,3,4,6,5,2,4,5,4,2,1,3,3,2,2,3,3,3,4,4,4,4,3,5,6,4,2,2,5,6,5,6,5,4,5,4,4,3,2,3,4,4,3,3,5,4,5,4,4,4,4,3,2,3,4,4,2,1,2,3,3,3,5,7,5,4,1,2,3,1,1,3,2,2,3,4,4,4,2,2,2,2,2,3,3,2,2,4,5,5,5,3,3,3,4,4,3,3,4,4,3,3,3,4,3,3,4,5,4,4,2,4,5,5,4,1,2,1,1,4,3,3,3,3,4,4,3,2,2,2,2,1,1,1,2,2,3,3,2,3,2,2,2,3,3,3,3,4,5,5,4,1,2,3,2,2,3,5,5,1,1,1,1,1,1,1,1,1,1,0,1,1,2,2,1,1,1,2,3,3,4,5,3,2,3,3,3,3,3,2,3,4,4,4,3,2,2,3,4,1,1,2,2,2,2,3,3,3,4,4,4,3,2,2,4,1,1,3,3,3,4,4,2,2,3,2,2,2,2,1,1,4,2,3,3,4,4,2,1,4,5,4,3,1,1,1,1,1,1,2,1,3,4,3,4,2,2,1,1,1,1,3,3,1,3,4,3,4,5,1,1,2,4,4,2,2,2,2,3,1,3,3,2,3,5,8,7,3,3,2,2,3,3,3,3,4,3,3,2,3,3,3,2,1,1,1,1,2,2,3,2,3,1,0,1,2,2,2,0,1,3,3,2,3,4,5,5,2,3,4,3,3,3,3,3,4,4,5,3,2,4,4,4,6,6,4,4,4,4,3,2,1,2,3,3,2,3,4,4,5,5,4,4,5,4,4,2,3,3,3,4,3,3,2,1,1,1,1,1,2,2,2,2,3,2,4,4,4,4,2,2,1,1,2,2,3,3,3,3,3,3,3,3,3,3,3,3,2,3,4,4,2,1,3,3,2,2,2,2,2,2,2,2,3,4,5,4,2,3,6,4,5,7,6,4,2,3,4,4,4,3,4,4,4,3,2,4,3,4,4,5,6,4,4,6,4,4,3,2,2,3,4,4,4,3,1,2,2,3,2,1,4,4,4,4,5,5,5,6,3,1,1,2,2,2,1,1,2,3,3,4,3,3,4,4,4,4,3,1,1,1,2,3,4,3,4,3,3,3,2,3,1,2,3,4,4,4,4,3,3,2,2,2,1,2,4,2,2,3,4,3,2,3,4,3,3,3,1,2,2,1,2,3,4,3,2,3,5,5,4,2,2,2,2,2,3,3,3,3,4,3,2,4,5,4,4,5,4,4,3,3,4,3,3,4,2,2,2,2,2,1,2,2,2,2,2,2,3,4,4,5,5,4,3,2,2,2,2,4,3,2,3,3,1,1,2,2,1,1,2,4,2,1,2,3,3,3,2,2,2,2,2,2,3,4,3,4,5,6,6,7,4,3,3,2,2,3,3,3,3,3,2,2,1,3,3,1,3,3,3,3,3,3
52,7,3,5,5,2,3,5,5,4,1,1,4,4,4,4,4,4,6,6,4,4,4,3,3,4,3,3,4,3,2,2,2,2,5,4,5,6,4,4,3,2,2,2,2,1,3,4,5,4,6,5,3,4,4,5,4,7,4,4,7,7,5,4,5,7,4,4,4,2,1,2,4,5,4,2,0,1,3,3,2,2,5,4,4,4,4,5,4,3,2,2,3,3,3,3,3,4,5,5,4,4,4,4,4,4,4,4,3,3,4,5,4,3,1,1,3,3,3,3,3,5,5,4,5,6,4,4,6,3,3,2,3,4,2,1,2,4,3,3,2,1,3,3,4,3,2,3,4,3,3,3,3,2,3,4,4,4,4,4,3,4,4,2,4,5,5,4,3,3,3,1,0,1,1,1,4,5,2,1,2,2,2,2,2,2,3,3,3,3,4,4,3,3,2,2,3,3,3,3,3,4,4,4,5,5,4,3,2,2,3,3,3,4,3,4,4,3,1,2,4,4,1,1,3,3,5,2,2,4,4,4,2,1,1,2,2,4,4,6,8,8,4,1,2,2,2,2,1,0,2,4,2,3,5,4,2,2,5,3,2,6,8,5,5,6,4,2,2,4,4,3,4,4,1,1,2,3,4,1,2,4,4,3,3,3,2,2,2,1,2,3,4,5,3,3,3,2,2,3,5,5,6,5,3,3,6,5,5,4,4,4,3,3,3,2,3,3,4,4,4,4,2,1,2,2,3,2,3,3,3,5,4,3,2,1,1,2,4,4,4,2,4,7,3,3,5,4,1,2,3,4,5,5,2,2,1,0,1,2,4,4,4,4,3,4,2,3,4,3,2,2,2,2,2,2,2,2,2,2,2,3,3,3,3,4,4,5,6,5,4,3,3,3,3,5,5,4,3,2,1,2,4,3,3,2,1,1,3,3,2,3,4,5,5,4,3,2,4,4,4,4,4,4,4,4,4,3,2,2,3,3,2,2,4,4,5,5,5,4,2,3,4,2,4,5,4,3,4,3,3,4,3,3,2,3,5,4,3,2,4,7,8,7,5,5,4,4,4,3,3,3,3,2,3,2,2,4,4,4,4,5,5,5,5,4,4,6,8,7,5,4,3,3,4,4,2,2,2,2,2,2,2,2,2,2,3,3,3,3,3,3,3,4,4,4,3,3,3,3,2,2,0,0,1,2,3,2,1,1,5,3,2,3,4,4,2,3,4,3,3,3,4,4,3,2,1,3,5,5,5,5,6,4,5,4,4,4,4,5,5,3,4,2,1,3,1,1,3,3,2,3,3,3,3,3,3,4,4,4,5,4,4,4,3,4,4,4,4,3,3,4,5,4,3,3,3,3,2,2,3,2,3,3,3,3,5,4,3,1,2,3,3,3,5,5,4,3,3,3,3,4,4,4,4,7,3,4,4,3,2,3,3,4,3,3,4,3,3,3,3,2,1,1,1,2,2,3,4,2,2,3,3,2,1,1,3,3,5,4,4,3,3,2,1,1,2,3,4,5,6,5,4,3,3,3,2,4,5,4,3,4,3,1,2,3,3,2,2,3,3,2,0,2,4,4,2,1,0,0,1,1,1,1,2,5,3,2,2,2,2,2,2,2,2,3,3,2,1,1,3,2,2,2,2,2,3,3,1,2,4,4,4,2,1,2,2,2,3,3,3,3,3,4,4,4,4,3,2,2,2,3,2,1,2,1,4,4,2,1,2,1,1,2,3,4,4,2,2,1,3,3,3,3,3,3,3,3,2,2,2,2,2,2,3,3,2,2,1,2,2,2,2,2,2,3,3,2,1,2,3,4,4,3,4,3,4,4,3,2,1,3,3,2,2,1,1,1,3,3,3,4,4,4,4,3,3,3,3,3,3,5,5,4,3,3,3,4,5,5,3,3,3,2,3,5,6,6,4,3,5,6,5,5,4,4,5,5,1,0,1,1,2,2,4,4,5,5,3,4,5,4,2,3,4,3,1,1,2,2,4,4,5,3,2,3,4,4,3,1,1,3,3,3,4,4,4,4,2,2,4,5,6,5,4,2,2,2,3,4,4,4,2,3,5,4,3,3,3,3,3,3,4,6,7,5,4,3,3,2,2,2,1,1,2,2,3,3,3,5,5,4,4,4,4,4,4,3,4,5,5,5,5,5,5,3,2,2,3,4,3,2,1,2,4,3,1,1,0,0,2,4,3,3,2,2,2,1,3,3,2,3,3,2,1,3,3,3,3,3,2,4,2,1,3,1,2,0,1,2,2,2,3,3,2,3,4,4,3,3,3,3,3,3,4,4,5,3,1,3,4,3,3,3,2,1,2,2,2,2,2,2
53,1,7,4,2,2,2,2,1,3,3,3,3,3,3,3,3,1,1,2,2,3,2,3,2,2,3,3,3,3,3,3,3,3,4,3,1,1,2,3,4,4,5,2,1,4,5,4,3,4,1,0,4,6,3,4,3,1,1,3,4,3,2,1,2,3,4,4,4,4,3,3,2,2,4,4,4,5,5,4,3,2,3,3,4,4,5,5,4,4,3,4,3,2,3,2,2,1,4,4,4,3,2,2,3,6,6,4,2,3,4,4,4,5,1,2,2,2,4,3,6,5,3,4,4,3,2,2,1,1,4,4,3,5,6,4,2,2,1,2,1,2,2,2,3,3,2,2,2,2,2,2,2,2,2,1,1,2,2,2,3,4,5,4,5,5,6,7,7,6,4,5,4,3,4,5,3,3,6,6,4,1,1,3,3,3,4,3,3,3,3,3,3,3,5,4,4,4,4,4,4,5,6,5,3,2,3,4,3,2,3,4,4,3,3,2,4,3,3,3,3,3,3,3,4,4,4,4,4,4,4,4,4,4,3,3,4,4,4,3,3,2,0,1,1,1,3,3,3,3,2,2,3,3,3,2,1,1,4,4,5,6,7,5,4,4,3,5,4,3,2,2,3,2,4,2,2,2,2,2,2,2,3,2,1,0,0,0,1,3,3,4,3,3,3,2,2,4,2,0,1,2,3,3,3,3,4,3,3,3,4,3,4,3,4,4,4,4,3,2,1,3,0,1,0,2,3,3,4,5,4,2,3,4,3,3,3,3,3,4,6,6,6,5,4,4,2,3,4,3,1,1,1,2,3,4,4,3,2,2,4,5,2,1,3,3,3,4,4,4,5,5,4,3,3,4,5,6,6,4,2,2,1,3,3,3,4,4,3,3,3,3,3,3,4,4,3,3,3,3,3,4,2,0,1,3,5,5,5,2,2,5,5,4,4,3,3,1,3,6,3,3,3,3,2,2,2,2,1,2,2,2,2,3,5,5,5,5,4,3,3,4,6,2,0,1,1,3,3,3,3,2,2,3,3,4,3,4,3,2,2,3,4,4,5,6,4,1,4,4,2,2,3,4,3,3,2,4,5,3,4,4,3,3,3,3,3,3,3,3,2,1,1,1,2,3,4,6,4,4,4,3,3,2,1,3,2,1,5,5,3,2,3,4,4,4,4,4,3,2,2,2,3,4,3,2,2,1,1,2,2,2,2,2,2,2,1,2,1,0,1,2,3,2,4,3,5,3,3,3,3,3,3,3,3,3,3,4,4,4,4,4,4,4,4,5,5,4,3,4,5,5,4,4,3,2,3,3,2,2,2,2,1,2,2,1,3,2,2,1,1,1,1,1,5,3,3,3,1,1,3,2,3,5,4,2,3,4,3,4,3,2,3,3,5,5,3,2,2,2,3,3,2,2,2,3,1,2,2,3,3,2,1,2,1,1,1,2,2,1,1,1,2,2,2,3,3,3,2,3,5,3,1,1,1,2,5,5,1,2,3,3,3,2,2,3,4,4,3,3,4,4,3,3,4,4,3,3,3,3,3,3,3,2,2,3,3,4,3,4,4,3,2,1,2,2,3,3,2,2,1,1,1,2,2,4,4,6,4,3,4,4,4,5,4,2,3,4,4,5,4,4,2,2,2,2,1,2,3,1,1,2,4,5,5,5,4,3,1,1,2,2,1,2,2,1,1,3,3,3,2,2,2,2,3,2,1,2,3,3,3,4,3,2,1,3,3,3,2,1,4,4,3,2,3,3,3,2,1,2,1,2,2,2,1,2,3,3,3,3,2,1,1,1,1,4,5,5,2,1,4,4,4,4,3,2,3,2,5,6,3,0,1,2,4,4,4,5,3,3,4,4,4,4,4,4,1,0,1,2,2,1,2,2,2,2,2,2,2,2,3,3,1,1,2,3,4,3,2,2,2,1,2,1,0,1,3,2,1,1,4,3,1,1,1,2,6,5,4,3,4,4,5,4,3,5,4,3,2,3,2,2,4,4,4,4,4,4,4,4,4,3,3,3,3,3,4,4,3,3,3,3,3,3,3,3,3,3,3,4,2,2,2,4,2,2,1,1,0,2,3,4,2,3,3,3,2,1,2,3,3,1,1,0,0,2,2,4,3,1,3,4,2,1,2,0,2,2,3,3,3,3,2,3,4,4,4,3,3,2,2,1,1,1,2,1,1,1,1,1,3,2,2,3,3,3,4,4,3,3,3,3,1,1,1,1,3,3,2,2,2,2,2,1,1,2,2,2,2,1,1,1,3,3,2,2,3,3,3,3,3,4,5,3,2,4,4,3,1,1,1,3,4,3,2,3,5,4,4,3,3,3
54,3,4,5,1,1,4,5,4,4,5,3,2,4,3,3,3,3,3,3,2,3,6,5,4,4,2,4,5,5,3,1,1,2,3,3,3,3,2,2,2,2,4,5,5,5,5,5,5,5,3,3,3,3,3,3,5,4,3,3,3,2,3,3,4,4,4,3,3,3,3,3,3,4,3,3,3,3,3,3,3,4,3,3,2,2,3,3,3,3,2,2,2,2,2,2,2,2,2,2,1,3,2,3,2,3,1,1,2,2,2,2,1,2,3,2,2,2,3,3,3,4,4,4,4,4,3,5,6,5,4,2,1,2,6,8,5,2,3,4,4,3,3,5,5,4,3,3,5,6,6,6,4,1,1,4,4,5,6,5,5,5,3,5,5,7,5,4,6,5,4,3,4,3,2,2,3,4,2,3,5,4,4,4,2,3,1,2,2,1,1,1,2,3,2,3,2,3,3,3,3,5,6,5,4,3,3,3,2,3,2,1,1,2,4,4,4,3,1,2,3,3,4,4,3,2,6,3,3,3,4,4,4,3,3,2,3,3,3,5,4,5,3,3,4,4,3,3,3,4,4,4,2,2,3,3,2,1,3,2,3,3,3,3,4,3,0,1,2,2,2,1,2,2,3,2,3,3,2,3,3,3,3,4,2,2,2,2,3,3,3,4,3,2,3,2,2,3,3,2,2,2,2,2,4,3,3,3,3,2,2,2,1,2,2,1,1,1,1,1,1,1,2,1,0,1,2,2,3,3,2,2,3,4,4,4,4,5,4,4,3,3,3,3,3,3,2,3,3,3,3,3,3,3,4,5,5,5,5,4,5,4,4,3,3,3,3,3,3,4,2,3,2,2,2,3,4,5,6,5,3,2,1,2,1,1,3,2,2,3,3,3,2,1,3,4,4,3,2,3,3,3,2,2,1,2,2,2,3,3,4,4,3,4,4,2,3,2,3,5,2,1,4,5,5,4,3,2,2,2,2,2,2,4,4,3,4,4,4,4,3,4,3,3,3,3,3,3,3,3,2,1,2,2,1,2,4,5,5,3,3,2,2,3,4,4,4,3,3,2,2,2,2,2,2,4,5,5,4,3,2,1,2,3,5,5,4,3,3,4,3,2,1,1,2,4,4,3,1,1,1,3,4,4,4,4,3,2,4,4,4,4,3,3,3,2,7,8,7,5,3,4,2,0,2,5,5,3,2,1,2,3,3,3,3,3,2,2,3,3,4,4,5,4,4,4,5,5,3,3,3,4,4,5,1,1,0,1,2,2,2,1,2,2,3,3,2,2,0,1,3,3,3,3,3,3,4,4,1,1,2,2,6,6,6,6,2,3,3,3,2,1,3,3,3,2,2,3,2,0,0,2,2,2,2,2,2,2,2,2,2,1,2,3,4,4,3,1,4,4,2,4,5,5,4,2,0,1,2,4,4,3,1,1,2,2,2,3,3,3,4,4,4,3,2,2,2,1,1,2,2,3,5,6,4,3,4,4,3,2,1,1,2,3,4,4,4,3,3,3,3,3,3,4,3,1,2,2,2,3,3,3,3,3,2,1,2,2,3,4,5,3,2,2,1,2,2,3,2,1,1,1,1,1,3,5,5,6,5,3,1,1,3,3,2,1,3,4,2,2,3,3,8,6,6,6,5,4,5,6,4,2,2,1,2,3,3,4,4,3,3,4,3,4,3,3,2,3,3,3,4,4,3,2,3,2,3,3,4,4,5,4,2,2,3,3,3,2,5,6,1,4,5,3,1,0,2,3,3,3,2,1,3,5,5,2,1,2,3,3,4,3,2,2,3,3,4,4,4,5,5,4,3,4,4,3,4,4,4,2,1,1,1,2,2,2,2,3,3,3,4,3,2,1,1,1,1,1,4,4,2,1,3,5,3,1,2,3,3,1,0,1,3,4,6,5,3,4,4,2,3,3,3,3,3,3,2,5,6,4,4,2,2,3,2,3,1,3,3,2,3,3,1,2,4,3,2,4,5,4,4,3,1,2,3,3,5,5,5,5,4,5,3,3,4,4,3,1,1,3,4,5,5,5,5,5,2,2,3,3,3,3,3,3,1,1,3,3,3,3,4,5,7,5,3,2,4,5,4,2,1,1,1,1,1,1,1,1,4,2,2,1,1,1,1,1,4,5,5,6,6,6,4,3,2,1,1,2,2,2,3,2,2,2,2,2,2,2,2,2,2,1,2,2,2,2,1,2,4,4,5,4,3,3,3,3,2,3,3,3,3,3,5,2,1,1,1,3,3,4,4,2,2,2,2,3,4,4,2,2,2,2,3,3,3,3,4,2,3,3,3,3,2,3,4,4,2,2,2,2,2,2
55,5,4,2,4,5,4,2,2,4,3,4,4,2,2,2,3,4,6,6,4,3,2,3,2,2,2,2,2,1,1,2,3,4,3,4,4,4,4,4,3,3,2,2,2,4,5,3,2,3,2,4,3,3,3,3,5,6,3,1,2,2,2,2,2,3,1,1,4,5,5,5,2,2,3,3,3,5,5,4,3,4,1,3,3,3,3,2,5,6,4,4,2,2,2,2,2,2,1,3,4,2,2,3,4,4,4,3,2,4,5,5,5,5,2,1,2,3,3,3,3,4,5,4,4,4,4,3,3,4,5,4,2,2,7,9,4,3,5,4,3,4,5,5,4,3,3,3,3,3,3,3,3,3,2,3,2,3,3,2,2,2,4,4,4,3,3,4,5,3,3,3,2,3,3,5,4,4,4,4,4,3,3,4,4,4,2,1,2,3,3,2,3,1,3,4,4,4,4,4,3,3,3,3,4,4,4,2,3,4,1,1,3,3,3,3,4,2,1,2,3,3,3,2,1,1,1,1,2,2,2,2,2,1,4,4,4,5,4,3,4,4,1,3,4,5,5,4,5,4,3,3,5,5,3,3,4,4,3,1,2,3,2,3,4,3,4,4,5,5,4,3,2,3,3,4,4,4,3,2,2,2,4,4,2,2,3,3,1,3,3,2,3,2,2,2,2,2,3,3,3,3,4,4,4,4,4,5,4,4,4,3,3,3,3,3,3,3,3,3,3,4,5,5,3,2,3,3,3,3,3,3,2,3,3,3,3,2,1,3,4,4,4,4,4,4,6,5,3,4,3,5,3,4,3,3,4,5,5,3,1,1,4,4,4,4,4,5,5,4,4,2,2,1,1,2,2,4,1,0,3,4,3,1,0,2,5,6,5,5,6,5,4,5,3,3,5,5,6,5,3,3,2,3,4,4,4,4,3,3,3,4,5,4,4,6,6,3,3,4,4,3,3,3,4,4,4,5,6,5,4,2,2,4,5,4,5,5,5,5,4,4,5,4,4,2,2,2,3,4,8,8,8,8,6,5,4,2,3,3,3,3,4,4,4,4,2,2,2,2,2,2,2,2,2,2,2,2,3,3,2,3,5,3,1,2,3,3,2,1,2,3,3,1,1,1,3,4,2,1,1,2,2,2,1,1,3,4,4,4,4,3,4,4,2,5,6,6,5,4,4,4,2,3,4,4,5,3,4,3,3,3,3,2,3,4,4,5,1,1,1,2,2,2,2,1,1,2,2,2,1,1,1,2,2,2,2,3,2,2,3,2,2,4,5,5,4,4,3,4,3,3,1,1,1,1,1,1,2,1,2,1,1,3,2,4,4,2,2,2,3,4,4,2,3,3,3,3,4,4,4,4,2,2,2,2,2,3,6,8,3,4,5,4,4,5,5,3,2,3,3,2,3,5,4,4,2,2,3,3,2,1,1,1,2,2,3,3,3,3,3,3,4,3,3,3,3,3,3,4,3,3,2,3,4,4,4,4,6,3,2,2,1,3,4,2,1,2,2,2,2,2,2,1,3,3,3,3,4,3,3,1,1,2,2,2,3,3,3,5,2,2,2,2,2,2,2,2,1,1,1,1,1,1,1,1,4,4,4,3,3,2,2,2,1,2,3,3,5,3,4,5,5,6,4,3,2,3,5,4,2,3,0,0,1,3,3,1,1,3,4,2,2,2,2,3,3,3,3,4,4,4,4,4,2,3,3,3,3,4,3,3,4,4,4,4,4,3,2,3,1,2,2,2,2,2,4,3,3,2,3,4,4,3,3,1,0,1,2,2,1,1,3,2,0,2,4,3,5,5,5,4,4,4,4,2,3,3,4,3,4,4,4,3,3,3,3,2,3,5,3,2,3,5,4,3,4,2,1,2,2,3,5,4,1,1,2,3,3,2,2,2,3,2,2,2,2,2,3,4,4,3,3,6,6,7,7,3,2,1,3,4,4,4,3,1,2,4,6,4,3,3,2,3,2,1,2,4,4,3,3,1,2,2,3,3,4,4,5,4,4,3,3,4,4,4,4,3,2,2,2,2,3,4,4,3,4,3,3,4,4,5,6,4,2,2,3,4,4,3,4,5,5,5,6,6,6,5,5,4,4,5,4,1,2,4,4,3,4,3,3,2,2,4,4,4,2,2,2,2,2,2,2,2,1,1,1,1,1,2,2,2,2,3,3,3,3,2,2,2,0,1,3,3,4,4,5,5,4,4,4,4,3,3,2,3,5,5,5,3,3,1,3,5,3,1,2,3,5,6,6,3,4,4,3,2,2,3,3,3,4,5,4,4,4,2,3,4,4,4,5,5,5,5,3,2,3,3,3,3,3,3
56,5,5,6,6,5,2,4,5,4,4,5,5,3,2,2,4,4,3,4,4,4,5,5,3,4,4,6,6,4,4,4,5,4,2,2,2,2,2,2,2,2,4,4,3,3,3,3,3,3,5,4,3,3,2,2,2,3,4,5,4,4,4,4,4,2,2,1,3,4,4,5,5,4,2,3,3,3,4,4,5,5,2,2,3,3,4,4,3,2,3,3,3,3,4,5,4,2,4,5,4,2,2,4,5,4,4,4,3,3,3,5,6,6,2,3,4,4,3,3,4,4,3,3,4,5,5,4,4,6,4,5,2,1,5,8,7,3,3,4,3,5,5,3,3,2,2,3,2,4,3,3,4,4,4,2,1,2,1,2,2,1,1,3,3,3,3,3,3,3,3,3,3,3,2,2,4,6,2,2,3,3,3,3,2,2,3,2,3,3,3,3,4,4,2,1,1,2,3,2,2,2,2,0,3,5,5,4,2,1,2,2,2,3,3,3,3,4,2,2,2,3,3,3,2,3,2,1,1,1,2,1,1,1,2,2,2,2,2,3,3,3,3,2,3,2,1,1,1,2,4,4,2,2,3,3,3,3,4,5,4,2,3,2,1,2,4,4,3,3,3,3,2,2,1,2,5,5,4,3,1,3,4,3,4,4,4,4,2,0,1,1,4,5,6,5,2,1,1,3,4,3,3,4,4,4,2,2,3,4,3,0,0,2,5,4,3,2,2,1,0,1,4,4,5,5,3,4,4,5,3,2,2,2,3,4,4,3,6,5,4,4,4,2,3,4,2,2,2,3,4,3,4,4,6,3,2,3,3,4,5,4,1,1,3,3,4,5,5,5,2,3,3,2,3,3,3,4,3,3,2,2,2,2,2,2,5,6,6,4,3,2,3,3,2,3,3,3,4,4,3,4,3,3,3,3,3,3,3,3,2,1,3,5,5,3,3,5,5,3,2,3,4,4,2,3,3,3,2,2,2,2,2,2,4,3,3,5,5,5,4,4,5,5,6,6,6,5,3,3,4,3,2,2,2,2,2,2,4,4,4,3,2,3,3,3,2,1,2,3,4,3,3,3,1,2,3,5,7,6,3,1,5,5,5,4,3,3,3,2,3,3,3,2,1,2,4,4,1,3,4,4,3,4,4,4,3,3,3,2,1,1,0,2,4,3,3,4,4,3,5,6,1,1,2,2,5,5,4,3,2,2,2,3,3,3,3,3,3,4,6,6,7,7,5,5,2,1,1,1,2,3,3,2,2,1,2,2,2,3,3,3,5,3,2,3,3,3,5,5,5,3,2,3,3,3,2,2,3,3,3,3,3,3,3,4,4,3,3,3,3,5,4,4,5,4,2,3,3,3,5,5,3,2,3,3,3,3,3,4,3,1,4,6,7,6,5,0,4,6,5,3,3,3,3,3,4,4,3,4,4,3,3,5,5,4,5,5,4,3,5,4,2,3,4,3,2,3,5,4,3,4,4,2,1,1,1,2,4,5,2,1,1,2,3,4,4,3,2,3,3,2,3,3,3,2,2,2,2,4,4,4,3,3,3,4,4,5,5,5,2,2,3,4,3,2,2,3,3,3,2,2,2,2,2,2,4,4,3,3,3,3,4,4,3,3,2,0,1,3,5,5,5,5,3,4,3,3,3,4,3,3,5,7,7,7,3,3,2,1,1,1,1,0,2,4,3,3,4,3,3,3,3,4,3,3,1,1,3,3,2,1,1,1,1,1,1,1,1,1,4,3,3,3,3,3,3,3,2,1,2,2,3,4,5,4,2,2,1,1,3,4,4,2,4,5,5,6,6,5,5,6,6,6,6,4,5,6,5,6,2,2,2,4,4,3,4,3,2,2,1,1,2,4,3,0,2,5,5,5,4,4,3,1,3,3,3,2,3,3,3,2,2,2,4,5,4,1,1,2,2,3,4,4,3,1,1,3,2,1,2,1,2,3,2,3,3,4,4,2,2,3,3,3,3,1,1,1,2,3,5,6,3,2,5,5,4,4,4,3,3,3,3,3,3,4,4,3,2,1,2,3,7,7,4,2,4,4,3,2,2,4,5,3,2,3,6,4,4,4,5,4,2,3,4,4,5,5,3,2,3,3,5,5,5,3,2,2,2,2,2,3,3,3,4,4,4,3,1,1,1,1,1,1,2,2,1,1,2,1,3,5,3,1,2,2,2,3,2,3,3,3,3,3,3,3,3,1,1,2,4,5,5,4,3,2,3,3,2,2,3,4,5,5,3,3,3,3,3,3,3,3,2,3,2,2,3,1,2,3,4,4,4,4,4,4,4,6,6,3,2,3,4,5,4,3,3,3,3,3,3,3
57,3,1,1,4,3,2,4,2,1,4,4,3,6,8,6,4,3,4,4,3,3,4,4,3,1,1,2,3,2,2,3,5,4,3,4,5,5,3,2,3,3,2,1,2,3,3,3,3,1,3,3,2,2,1,1,2,4,6,5,5,4,4,3,2,3,3,3,5,5,4,3,2,3,4,4,3,3,3,3,3,2,4,2,1,2,4,5,3,1,2,2,2,2,2,2,2,3,5,1,1,3,5,6,3,3,9,7,3,3,3,3,4,2,2,2,2,1,1,2,5,3,2,5,7,5,3,1,2,3,3,5,5,6,5,6,6,4,3,3,3,3,3,3,3,4,4,2,3,3,2,3,4,3,4,4,4,3,3,2,3,3,4,3,3,3,3,4,4,3,2,4,2,2,1,3,3,3,5,4,4,4,3,3,3,3,3,3,3,3,4,5,6,5,2,4,6,6,3,1,4,5,4,4,5,3,3,2,6,6,1,4,6,6,6,6,5,3,3,3,3,3,3,3,2,2,2,1,3,3,4,4,4,3,4,4,4,4,4,4,4,4,1,1,2,4,5,4,4,2,2,2,2,1,2,2,2,1,1,1,1,1,1,2,2,2,5,5,4,4,4,2,2,3,3,3,4,4,4,4,2,2,2,2,3,2,1,1,1,1,4,5,5,3,2,3,5,3,2,3,3,2,2,3,4,4,4,5,5,4,3,2,2,1,2,3,4,3,0,1,4,1,3,3,2,2,2,2,3,3,3,4,3,3,5,6,5,5,4,4,3,2,3,4,4,5,3,3,2,2,1,1,1,1,3,3,4,5,6,6,3,4,5,4,5,4,3,2,2,1,2,2,2,2,3,2,4,4,2,3,7,6,5,3,3,4,6,7,6,4,3,3,3,3,3,3,4,3,1,3,6,5,4,3,4,3,3,3,3,4,3,2,3,3,3,3,3,3,3,4,4,5,6,4,2,1,4,3,4,4,2,2,4,5,5,2,1,2,3,2,2,5,4,3,4,2,3,4,3,3,4,3,4,3,2,4,4,6,3,3,2,3,3,3,3,2,2,4,3,3,4,3,3,3,2,2,3,3,2,3,3,3,3,2,2,3,3,2,2,3,5,4,3,3,2,1,2,4,5,5,4,4,3,4,5,5,4,4,6,6,6,4,4,4,3,4,4,4,4,4,5,5,5,4,3,4,5,5,3,3,3,2,4,7,6,4,1,1,3,4,3,2,1,2,3,4,3,2,2,2,3,3,2,3,3,2,3,3,3,2,4,3,2,2,3,3,4,4,4,3,2,2,2,2,4,4,4,4,4,4,3,2,3,3,5,6,4,4,2,2,1,1,3,3,3,4,3,2,4,4,5,6,5,4,3,3,3,4,4,3,2,2,2,3,5,6,5,3,2,2,2,4,6,6,5,4,2,2,0,2,4,4,2,1,4,5,2,1,2,3,3,4,2,1,2,2,2,3,2,3,3,2,1,1,2,3,3,2,2,4,4,4,3,3,2,2,3,3,2,1,1,1,1,3,2,1,2,2,4,5,5,4,4,3,3,3,2,3,3,1,3,3,3,3,3,3,3,2,1,1,1,2,2,2,2,3,3,3,3,4,3,4,4,4,1,1,1,1,3,3,4,4,3,3,3,2,1,1,1,0,1,3,2,1,1,0,1,1,2,1,1,2,2,3,3,3,3,4,4,3,4,4,6,3,0,2,2,2,3,3,2,4,5,5,4,1,3,4,4,4,4,5,5,4,3,1,1,3,3,2,4,6,5,3,3,5,2,2,3,2,2,1,1,4,6,4,2,3,3,3,2,3,6,6,4,3,2,4,4,5,5,5,3,1,1,1,3,5,2,1,1,2,3,3,2,1,2,3,3,3,4,4,4,4,2,2,3,2,3,3,3,3,2,2,2,2,2,2,2,3,2,2,2,1,1,1,1,2,3,2,2,3,4,4,3,4,4,4,4,4,4,4,4,4,5,6,6,6,5,4,4,5,4,4,5,5,5,4,3,4,3,2,1,2,3,4,5,2,5,6,3,3,4,6,6,3,2,2,2,2,3,4,4,3,2,2,3,3,2,1,1,2,2,2,3,3,3,3,4,4,3,4,7,7,5,1,1,2,4,4,3,3,3,2,4,3,1,1,2,4,5,3,1,2,3,2,2,1,1,1,3,3,2,4,4,4,3,4,3,3,2,2,3,3,2,3,2,2,2,2,3,4,4,4,3,4,3,4,4,3,3,2,3,4,1,1,1,2,2,3,3,4,4,2,3,3,3,2,3,2,2,2,3,3,3,2,2,2,1,3,3,3,3,3,2,2,3,3,3,3,3,3
58,3,2,2,3,2,2,3,3,1,2,4,1,1,2,2,4,3,3,4,2,2,2,2,4,4,4,5,4,2,2,4,2,2,0,2,3,4,5,4,4,3,3,1,3,4,3,4,6,5,4,2,1,1,1,2,2,2,4,4,3,3,2,2,3,4,3,2,2,3,4,4,3,2,4,5,5,5,5,5,5,5,4,2,2,3,4,5,5,4,1,2,4,3,3,2,2,2,2,3,3,2,1,2,2,2,5,5,6,5,4,2,3,3,3,2,3,3,4,4,4,3,1,2,3,2,2,4,4,4,3,5,4,2,2,6,5,3,4,3,3,4,3,2,4,3,4,2,3,2,4,5,7,9,5,4,2,1,2,2,2,2,1,1,1,2,2,2,2,2,1,1,2,2,3,3,3,3,4,2,1,2,5,4,2,2,0,2,3,3,4,5,4,3,2,4,4,3,3,4,4,4,3,3,3,4,3,4,3,4,4,5,5,3,3,4,4,3,4,5,5,4,2,3,4,2,2,2,2,3,3,4,3,3,5,2,1,2,3,4,2,2,2,3,1,2,3,3,4,3,4,4,2,1,1,2,3,4,2,2,4,4,4,2,2,3,2,2,2,3,4,3,3,1,2,3,3,3,3,2,2,2,1,1,1,1,1,1,1,3,4,3,2,2,2,2,4,5,2,1,0,1,2,1,1,2,3,3,3,3,3,3,2,2,3,3,2,3,3,5,5,6,4,2,2,2,4,4,3,1,1,2,2,3,3,4,4,5,4,3,3,4,4,4,4,3,2,3,3,3,3,4,4,4,3,3,4,4,3,3,3,4,5,6,4,4,3,3,2,1,2,3,3,3,3,4,3,2,1,3,4,4,3,2,2,4,6,7,6,5,4,4,3,3,3,2,3,4,3,3,4,3,4,5,5,5,5,5,5,5,3,3,3,2,2,3,4,3,6,6,6,6,6,6,6,5,2,3,3,2,2,2,3,3,5,4,5,5,5,5,6,6,4,3,3,3,3,3,3,3,5,5,4,4,4,5,5,6,5,3,3,3,2,3,4,5,1,2,2,2,2,2,3,4,5,5,6,5,5,5,5,2,1,1,2,2,3,3,2,3,5,5,5,3,3,5,6,4,2,1,1,2,2,2,1,3,5,3,4,4,5,5,6,7,5,5,5,5,3,4,4,3,2,3,3,4,4,3,2,2,3,4,4,4,3,2,3,4,4,5,4,4,4,5,4,2,2,3,3,3,3,3,3,2,2,3,3,3,3,2,2,3,5,4,1,1,0,1,4,4,4,3,4,5,5,4,6,4,3,4,5,4,3,3,4,3,4,5,4,4,4,4,5,5,4,3,4,5,5,5,6,3,3,3,4,4,4,4,5,5,2,3,3,3,3,3,4,4,3,3,3,4,3,3,3,4,4,3,3,3,3,2,3,1,1,4,4,5,5,3,4,4,3,4,4,4,4,4,4,4,2,2,3,1,2,4,3,2,2,2,3,3,5,6,7,7,3,2,3,2,1,2,2,3,4,4,4,3,3,3,3,4,4,3,3,3,2,2,1,1,1,1,1,1,1,1,3,3,2,2,3,3,3,3,3,3,3,3,5,5,4,4,3,3,5,4,3,3,4,4,5,5,3,3,3,3,3,1,1,2,4,3,3,3,1,2,3,4,3,2,1,1,1,2,1,2,3,3,2,2,2,2,2,1,1,1,1,3,3,3,3,3,3,2,1,0,0,1,3,3,2,3,2,4,4,5,3,4,3,3,3,3,5,5,6,5,4,2,1,3,3,2,1,1,3,2,3,3,3,3,3,3,1,2,1,2,3,2,1,1,2,2,2,1,1,1,3,2,0,2,2,3,3,3,2,3,1,1,1,1,1,1,2,2,3,2,3,2,3,2,2,3,5,4,5,5,5,5,5,4,3,4,4,3,6,6,4,2,1,1,1,2,2,2,3,3,3,2,5,3,1,2,5,6,7,5,4,4,5,4,2,2,1,1,3,2,1,2,2,1,2,2,3,3,3,2,3,3,5,4,4,4,4,4,5,4,2,3,2,3,4,3,3,3,3,2,2,3,3,3,4,4,2,4,5,4,2,3,4,3,1,3,3,2,1,1,3,3,4,6,5,2,3,4,5,3,1,2,2,2,2,3,2,1,2,2,2,3,2,1,1,1,1,1,2,1,2,2,2,3,2,3,3,3,2,3,3,3,3,1,2,3,2,3,4,3,2,3,5,6,5,6,5,3,1,1,1,2,3,4,4,5,4,4,2,2,3,3,3,3,4,3,2,2,2,2,3,4,1,1,3,3,1,1,1,1,4,4,4,4,4,4
59,3,4,3,1,1,3,4,4,1,4,4,3,2,3,2,2,2,3,2,4,3,4,4,4,4,1,1,0,2,3,4,5,5,2,3,2,1,2,4,4,4,5,5,4,3,4,4,4,4,4,4,2,3,4,5,4,5,5,6,6,3,2,2,2,2,2,3,2,3,2,1,0,1,4,3,3,4,4,3,3,3,3,3,3,3,3,3,3,3,4,4,3,4,4,4,4,3,4,3,3,3,3,3,3,3,4,4,3,3,5,5,3,3,2,3,3,3,3,3,3,3,4,4,5,5,5,5,4,5,2,1,1,2,5,7,6,3,1,1,2,3,4,3,2,1,2,1,1,2,4,4,3,3,2,3,4,5,5,4,3,2,2,5,5,4,2,4,4,4,1,3,4,3,4,4,3,5,6,5,2,2,3,3,2,3,4,2,2,2,1,1,2,3,1,3,2,2,2,2,2,2,1,1,2,2,2,2,2,1,3,3,3,3,1,1,1,2,3,3,2,3,6,5,3,3,2,2,2,3,3,4,4,4,3,3,3,4,4,3,3,5,3,3,2,3,3,5,5,5,1,1,2,4,4,3,2,1,3,2,3,2,2,2,2,0,1,1,2,3,3,2,2,1,3,3,4,5,5,5,4,3,3,3,4,4,3,4,4,2,3,4,4,4,4,4,3,3,2,2,1,1,2,3,4,4,5,4,5,4,4,5,3,1,3,3,3,3,3,3,3,3,1,2,4,3,3,3,4,4,1,0,2,2,4,4,4,5,3,5,9,10,7,5,3,4,1,0,1,2,3,2,2,2,2,3,2,1,3,3,5,6,2,1,1,1,1,1,1,1,1,2,3,3,2,0,1,3,3,2,3,3,3,3,3,2,2,2,3,3,4,5,5,6,5,4,4,4,4,4,4,4,4,5,5,5,4,5,3,3,5,6,4,4,4,4,6,7,5,4,4,4,4,5,5,4,3,3,3,3,2,2,2,2,4,3,4,6,5,5,3,3,4,3,2,2,2,2,3,1,2,3,2,0,0,1,3,4,6,6,4,4,3,3,2,1,3,4,4,5,4,3,3,2,0,2,3,3,4,3,4,5,2,3,3,3,2,2,2,2,3,2,1,1,2,3,4,3,1,1,1,2,3,5,3,2,5,5,2,2,2,2,4,4,1,2,5,6,4,3,1,1,3,2,2,3,4,4,3,3,4,3,1,1,3,3,1,1,1,1,2,2,1,1,1,2,2,2,3,3,3,3,3,3,5,5,5,4,3,3,3,2,4,4,4,5,5,4,5,6,6,4,4,4,3,2,2,2,5,5,6,5,4,4,5,4,0,3,4,3,1,0,0,0,4,3,3,3,2,2,2,1,2,2,2,2,3,4,4,3,3,3,3,3,3,4,4,2,2,3,3,3,2,2,2,3,1,1,0,1,2,1,2,3,4,4,3,1,1,1,2,2,1,1,2,3,3,5,5,5,3,2,2,2,1,2,3,4,3,3,2,3,3,3,3,4,3,2,2,2,1,1,2,3,3,3,3,3,3,3,3,3,1,3,5,3,2,2,2,4,4,2,3,3,2,1,1,0,3,3,3,3,4,4,4,4,2,2,2,3,2,1,1,1,3,3,2,3,5,6,6,4,4,4,4,4,3,4,4,4,1,2,4,4,4,3,1,2,4,3,3,3,3,3,3,3,2,2,1,1,1,1,2,3,2,1,1,2,3,2,2,2,2,2,2,2,2,2,2,2,2,1,2,2,2,2,2,3,1,2,4,4,2,2,1,1,1,1,1,2,2,2,1,1,4,5,2,2,3,4,4,3,3,3,3,3,3,3,3,4,6,5,3,4,4,3,1,1,1,2,1,1,3,6,6,4,4,3,3,4,4,5,3,3,3,3,3,2,2,5,5,4,2,2,1,1,3,4,5,6,5,6,4,4,4,3,3,3,2,2,3,3,3,5,3,2,3,3,3,3,3,2,3,3,5,3,1,1,1,1,2,1,3,3,2,3,3,2,3,3,4,6,6,6,4,5,4,4,2,1,0,1,2,5,4,1,1,1,1,1,1,1,1,1,2,2,2,2,2,1,1,1,3,3,0,2,5,2,1,3,3,3,3,3,3,3,3,3,3,3,3,2,2,1,1,1,0,1,4,3,1,1,1,1,2,3,2,2,2,2,4,4,1,2,4,3,3,2,2,2,2,2,2,1,1,1,1,1,1,2,4,3,1,2,3,2,0,1,2,2,1,1,3,3,3,3,2,1,1,2,3,2,1,2,1,1,1,1,6,5,2,1,4,5,5,6,5,4,3,1,3,3,3,3,5,5,2,2,2,2,2,2
60,5,3,4,3,3,4,5,4,3,2,3,4,3,3,4,5,3,3,3,4,4,4,2,2,4,2,2,1,1,3,4,2,0,4,4,4,4,4,4,4,4,4,3,3,3,4,4,4,4,4,5,4,2,2,2,5,7,4,4,4,3,4,3,3,3,4,2,1,1,2,4,2,1,3,3,4,4,4,4,4,3,1,3,3,2,5,7,6,5,3,1,2,3,3,3,3,3,1,2,4,4,3,1,2,2,0,3,5,4,1,0,2,3,0,4,4,3,3,3,4,5,3,4,5,3,3,2,1,1,2,1,2,3,5,5,4,2,2,3,4,3,2,2,3,3,2,3,3,2,2,2,1,3,3,3,3,3,3,3,2,1,0,1,2,3,2,2,1,3,3,3,3,3,3,3,2,5,4,2,1,2,3,4,2,1,2,3,3,3,3,3,3,1,0,2,4,5,4,3,2,1,2,4,4,5,5,4,4,4,4,4,3,3,4,4,4,4,2,1,2,2,3,3,2,2,4,3,2,2,4,4,3,2,2,2,2,3,3,3,3,4,1,1,1,1,2,3,3,3,3,3,2,3,2,2,2,3,2,2,2,2,2,1,2,2,2,4,5,4,3,3,2,3,4,4,4,4,4,4,4,4,1,2,2,2,2,2,2,3,3,2,2,1,1,1,1,2,3,3,1,1,2,5,5,4,1,1,3,3,3,3,2,3,2,1,1,0,0,0,1,1,1,1,2,2,2,2,3,3,1,1,3,3,4,3,4,5,3,3,4,4,4,5,4,3,4,4,3,3,3,4,4,3,3,3,3,3,3,3,3,3,2,3,3,4,4,2,2,2,1,1,2,2,1,1,1,3,5,5,5,5,4,3,3,5,3,3,3,3,3,3,4,4,4,3,2,2,2,2,2,2,1,1,0,1,2,3,2,1,3,3,2,2,4,4,3,4,4,6,4,2,5,6,3,2,3,4,3,3,3,3,4,5,3,1,1,3,6,6,4,1,4,2,1,1,0,1,2,3,3,4,6,4,3,0,0,2,3,2,3,3,2,2,2,2,4,5,6,5,4,3,1,1,2,4,5,5,4,4,4,4,7,6,5,5,4,4,4,5,4,2,1,3,2,3,5,4,5,4,3,3,2,2,2,3,2,3,5,5,5,4,4,4,4,4,5,6,4,3,5,5,6,5,5,4,2,1,1,1,3,2,2,2,2,2,2,2,2,1,2,2,2,2,1,1,1,2,1,0,0,0,1,2,3,2,2,1,1,1,2,2,2,2,1,1,1,1,3,4,3,2,2,2,2,2,2,1,5,8,8,7,3,4,5,3,2,3,4,5,4,3,2,0,2,5,4,4,3,3,4,4,6,5,4,3,3,3,3,3,3,3,2,2,4,5,4,2,2,3,4,4,2,1,1,2,3,4,3,2,3,3,3,2,2,2,2,3,3,4,4,4,2,2,2,2,2,2,2,2,3,1,3,3,4,5,6,6,2,2,3,4,4,2,0,0,3,2,3,3,3,2,3,1,4,3,2,3,4,0,1,5,4,4,4,3,3,3,2,1,5,3,3,3,2,0,1,0,2,2,3,3,2,2,3,4,4,4,4,3,4,3,3,1,2,3,2,3,2,3,4,5,3,2,1,1,3,3,3,1,2,2,0,1,3,4,2,1,2,2,2,1,2,2,2,1,2,2,2,2,3,3,4,3,3,2,2,1,1,1,2,1,1,1,1,1,1,1,1,2,2,2,1,2,2,3,2,2,3,3,3,2,2,1,1,1,2,3,5,4,4,5,3,2,4,2,5,6,5,4,5,2,4,3,4,3,4,3,2,4,2,0,0,0,3,4,5,3,3,3,2,2,4,4,3,2,2,2,2,2,2,2,2,2,2,1,1,1,2,2,3,3,3,3,2,2,1,2,1,1,2,2,2,2,2,2,2,2,4,2,1,1,1,2,4,5,4,2,3,1,2,1,1,1,2,1,1,1,1,1,3,3,1,1,3,3,4,4,4,5,4,4,4,4,4,4,4,5,2,2,2,0,1,3,3,1,3,4,5,5,3,2,2,4,2,2,3,3,3,3,2,3,3,2,2,1,2,2,1,2,1,1,1,2,2,1,1,1,2,1,0,1,3,4,4,4,4,2,1,2,2,2,2,3,3,3,1,2,1,1,4,3,2,3,3,4,3,3,4,3,1,1,2,2,3,3,2,2,1,2,2,2,1,1,2,2,1,1,2,3,3,3,2,3,3,3,3,3,3,3,3,3,3,4,2,3,3,2,3,2,5,2,4,4,3,4,3,3,3,2,1,1,1,2,4,5,1,1,2,2,3,3
61,3,3,3,2,2,1,1,1,1,1,1,2,2,2,2,2,3,1,2,2,4,4,5,4,3,1,1,1,1,2,2,2,3,2,3,5,3,2,4,6,5,5,5,4,3,4,5,5,3,2,3,3,3,3,3,3,3,2,2,4,4,4,5,5,5,6,5,6,6,5,5,2,2,4,5,4,2,2,4,4,3,6,5,2,1,2,2,3,4,2,2,1,3,4,4,3,2,3,2,1,1,2,3,2,0,2,3,3,3,4,3,2,3,5,3,1,1,1,2,3,5,6,3,1,1,4,6,5,2,3,2,2,1,5,7,8,8,2,3,4,4,2,2,2,3,2,2,2,2,1,1,1,3,5,3,3,1,1,2,1,1,3,2,3,4,3,1,2,4,6,8,9,7,5,3,2,3,4,2,3,5,5,4,3,3,3,2,3,3,3,3,3,3,5,3,4,5,4,4,4,3,4,4,4,4,4,4,4,2,4,1,1,2,4,5,5,3,3,3,4,3,3,3,2,2,1,1,2,3,3,4,4,4,4,3,2,2,2,2,3,4,3,3,3,3,3,3,3,3,5,5,5,5,5,5,5,5,2,2,1,1,1,2,4,3,2,2,2,2,2,2,1,4,4,1,1,1,2,4,4,1,1,2,2,3,2,1,0,0,1,4,6,5,5,4,3,3,3,1,1,1,4,6,5,3,3,3,3,3,3,3,3,2,2,4,3,3,1,1,3,2,2,2,2,3,3,3,3,3,4,4,4,4,4,4,4,5,4,4,4,2,1,1,4,2,2,4,2,1,2,2,2,4,3,2,1,1,2,4,6,6,4,4,4,3,2,1,1,1,3,3,4,4,5,4,4,2,2,2,1,1,3,4,4,3,4,6,6,5,2,3,7,5,5,3,3,2,3,2,0,1,1,3,2,2,1,2,3,4,3,2,2,2,2,2,2,2,2,1,1,2,2,2,2,1,1,2,2,2,2,2,2,2,4,4,3,2,2,2,3,4,3,3,2,2,1,1,2,4,3,1,1,3,3,3,4,5,5,5,3,2,2,1,1,1,1,1,3,3,3,2,2,1,2,6,7,6,4,5,4,3,2,1,2,2,4,4,3,3,5,6,2,1,2,4,5,3,3,3,3,3,3,3,3,3,4,3,2,2,3,3,2,1,4,2,1,1,3,5,4,4,6,4,2,3,4,4,2,3,4,3,3,3,3,3,4,4,2,2,2,2,3,1,1,1,5,5,5,3,4,3,2,1,6,6,6,6,6,6,6,5,4,4,4,4,4,5,5,6,2,3,3,4,4,4,4,5,0,2,4,4,3,3,4,5,1,0,2,5,4,2,1,1,5,5,3,3,3,3,2,2,2,3,5,4,2,1,2,2,4,2,1,2,3,4,3,1,2,2,3,3,3,3,3,2,6,3,2,3,4,4,2,3,4,3,2,2,3,3,6,4,4,4,4,5,4,4,4,1,1,4,3,1,3,5,2,1,2,2,3,3,4,4,4,3,3,3,3,4,5,5,4,5,2,2,2,2,2,2,3,3,2,2,2,2,2,2,2,3,2,4,2,1,1,1,0,0,2,2,3,3,3,3,3,5,5,4,4,4,4,4,4,4,2,4,5,5,3,4,5,6,4,2,3,3,3,3,2,2,2,2,3,1,3,4,2,0,1,1,1,2,2,2,2,2,5,5,3,4,4,5,4,2,3,4,3,3,3,2,3,4,1,3,4,3,4,4,3,2,2,3,4,3,3,2,3,4,3,3,3,3,3,3,3,3,3,3,2,2,1,2,2,2,3,3,3,4,3,2,4,3,4,2,3,4,4,4,3,3,2,1,3,4,5,4,4,2,5,2,2,3,3,3,3,2,2,2,2,3,3,3,3,5,3,2,2,2,2,2,1,1,2,1,1,1,2,4,4,4,2,2,3,3,4,4,3,2,2,2,5,6,5,5,5,5,6,6,4,5,5,3,2,2,5,3,1,3,5,6,5,2,3,6,8,7,5,4,4,4,4,4,4,4,4,3,3,3,2,0,1,3,3,3,1,1,2,2,2,2,2,3,4,4,1,1,1,1,1,1,1,1,3,4,4,2,3,3,3,3,2,2,2,3,3,4,4,4,3,2,4,4,3,3,2,1,3,3,3,3,3,2,3,4,6,7,5,3,3,4,4,2,3,3,3,3,3,3,3,3,4,4,5,5,5,4,3,2,1,1,3,4,5,4,4,4,3,1,4,4,3,3,3,5,0,1,3,5,5,5,4,3,4,4,4,4,4,4,4,4,3,2,2,1,2,2,3,3,2,2,3,4,4,3,2,2,4,4,4,4,4,4
62,1,4,3,3,5,7,6,5,4,3,2,3,3,4,4,3,3,2,1,1,0,2,5,6,6,2,3,4,3,1,1,1,1,3,3,3,3,3,3,4,4,2,3,5,2,2,5,4,4,2,1,1,3,3,3,3,5,5,5,7,6,3,3,3,2,3,6,5,6,7,5,3,3,3,2,4,3,2,2,3,2,2,2,1,2,2,1,1,3,5,3,2,2,3,2,2,2,3,3,3,3,3,3,3,3,3,3,2,2,2,2,3,3,2,1,1,2,3,3,2,3,3,1,3,3,4,5,6,7,3,3,3,3,3,3,3,3,4,4,3,3,3,3,3,3,3,3,2,2,3,3,3,4,4,3,3,3,3,3,3,3,3,3,3,3,3,3,4,4,1,2,1,2,3,4,4,5,2,4,4,4,4,3,3,4,5,4,4,3,3,2,2,1,2,2,3,3,3,2,1,1,1,2,3,3,3,2,1,1,2,3,3,3,3,3,2,3,7,6,4,5,3,3,3,2,4,4,3,2,2,3,4,4,1,1,2,2,2,2,2,2,1,2,2,4,3,4,4,4,5,5,3,3,4,5,6,7,2,1,2,3,3,3,3,2,3,2,1,2,2,2,3,4,2,3,1,2,2,3,4,5,1,3,6,6,5,5,4,3,2,1,2,3,3,3,3,3,2,1,1,1,3,4,4,4,4,3,2,2,2,3,3,2,3,3,3,3,3,3,3,3,3,2,3,3,4,3,3,3,0,1,2,3,3,4,3,3,4,4,4,4,4,2,3,4,4,2,2,2,2,2,2,3,1,2,4,4,6,7,4,5,6,3,1,1,1,2,2,2,4,4,4,4,4,4,4,4,3,3,4,4,3,2,1,1,6,5,4,3,2,2,4,5,4,5,5,4,3,3,4,5,4,4,2,2,1,2,4,3,3,4,3,2,2,3,3,5,3,3,2,2,2,2,2,1,2,3,3,3,3,3,3,2,3,2,1,1,1,1,2,2,4,4,3,3,2,2,3,2,3,3,3,2,2,2,2,3,1,1,2,1,1,3,2,3,4,4,4,3,3,2,2,2,3,3,2,2,2,2,2,1,3,3,3,3,3,3,3,4,3,2,3,4,3,2,3,3,4,2,2,2,1,1,1,1,9,9,8,7,5,5,6,5,5,4,4,4,5,5,3,3,4,4,5,4,3,3,3,4,4,2,2,3,4,5,4,5,6,5,5,4,5,6,7,5,4,4,3,1,1,2,2,4,5,4,3,3,3,3,3,3,1,1,1,2,3,3,4,4,5,5,5,6,6,5,4,5,5,4,4,5,5,4,4,5,4,4,3,2,3,4,4,5,2,1,2,2,1,1,5,6,3,2,2,3,3,3,4,3,4,3,3,4,4,6,7,6,3,3,4,3,3,3,3,2,6,6,6,4,2,2,4,2,2,3,3,3,3,3,3,3,3,3,3,3,3,3,3,2,2,2,2,2,3,4,5,5,3,4,3,3,2,2,2,2,3,3,2,2,2,2,2,4,3,3,2,2,4,5,5,3,2,0,1,3,3,3,1,1,2,0,1,2,4,5,3,1,1,3,5,5,5,5,3,4,4,2,3,3,3,3,4,4,3,4,5,4,4,4,3,4,1,2,1,1,1,2,2,1,3,3,1,1,2,3,1,0,4,1,2,2,2,2,3,3,1,2,3,4,4,3,3,2,2,2,2,2,2,2,2,2,5,5,3,2,1,2,2,2,2,2,1,2,2,2,2,3,2,2,2,2,2,2,2,2,3,2,1,1,1,1,2,3,2,3,3,3,3,2,1,1,5,3,4,4,4,3,2,2,3,3,3,3,3,3,3,4,6,3,1,1,2,4,4,3,3,3,2,3,3,2,2,2,4,4,3,1,1,3,3,3,1,2,3,4,5,4,3,2,3,3,3,4,4,5,5,6,3,3,3,2,2,2,3,3,5,3,3,3,3,3,3,3,3,3,3,3,3,3,3,3,4,4,3,2,1,1,2,3,3,2,3,3,3,4,3,4,4,2,2,2,2,3,3,4,2,1,1,1,3,3,1,1,2,1,1,1,1,2,2,2,2,2,2,2,2,2,2,1,1,2,2,2,2,3,3,4,4,4,3,4,4,4,4,3,2,2,3,3,3,3,2,2,2,3,3,3,3,4,4,4,4,4,4,4,4,4,4,4,1,1,1,2,3,4,4,3,4,4,3,3,3,2,2,1,2,4,3,1,2,3,3,3,2,1,0,1,3,5,4,3,2,1,2,2,2,2,3,2,4,2,2,4,5,5,3,4,4,1,2,2,2,2,3,3,4,4,5,5,5,4
63,5,6,4,3,5,8,8,6,3,2,2,1,1,1,1,2,2,2,2,1,4,6,3,2,4,4,2,3,1,0,1,1,2,3,3,3,3,3,2,2,3,5,2,2,4,5,4,4,4,4,4,5,4,3,3,3,3,4,4,5,6,5,5,4,3,3,3,3,3,3,3,2,2,2,1,2,2,4,5,6,6,3,3,3,4,4,4,3,4,4,2,1,1,1,0,0,0,5,5,5,4,4,5,4,5,5,4,2,3,3,4,4,4,3,3,4,4,3,3,3,3,2,2,2,2,3,2,2,2,1,2,6,4,5,5,3,1,4,5,4,4,4,5,4,4,3,3,3,3,3,2,3,3,2,3,5,5,4,4,3,4,2,3,3,3,4,3,4,5,3,2,2,2,1,2,1,2,4,4,4,4,4,4,4,4,3,3,5,5,5,4,3,3,3,4,4,5,5,4,1,2,4,3,3,3,4,4,2,3,5,7,7,6,6,5,5,7,6,4,4,4,3,3,3,3,0,3,3,2,2,1,2,2,3,3,3,3,3,3,3,4,3,2,2,2,3,3,4,4,2,2,2,2,2,2,2,4,3,3,3,1,2,4,5,4,3,3,3,2,2,2,2,2,3,3,2,2,4,4,4,3,2,1,2,3,4,4,3,2,1,1,1,1,2,2,3,4,5,5,5,4,3,2,2,1,2,2,1,1,1,1,2,3,3,2,1,2,2,2,2,2,2,2,3,3,3,3,2,3,5,4,4,3,3,2,2,4,3,2,3,3,4,4,3,4,3,3,2,2,5,6,4,1,6,6,7,5,4,3,4,3,5,5,3,3,2,2,3,4,4,4,3,3,3,3,4,4,1,2,2,2,3,3,3,3,3,4,5,5,4,4,3,2,2,2,3,4,3,3,2,3,3,3,1,2,2,2,2,1,1,3,4,5,5,5,5,5,5,4,5,4,3,2,2,4,3,3,2,3,2,1,2,2,2,2,2,2,5,5,3,4,5,3,2,2,3,3,2,3,5,5,4,3,2,2,3,4,6,5,3,6,4,2,4,4,2,2,3,3,2,2,2,1,3,5,5,5,5,5,5,5,5,5,4,4,5,5,5,5,3,3,4,4,4,4,2,2,3,3,3,3,3,3,3,3,4,3,4,4,3,3,3,4,1,4,5,4,2,2,5,3,2,2,3,4,4,3,5,4,3,4,4,3,3,2,1,4,6,5,4,5,7,6,3,1,4,3,2,2,2,2,2,2,3,2,3,3,4,4,4,4,4,3,5,3,2,3,3,2,2,4,4,3,2,2,4,3,1,2,2,2,3,3,3,4,4,3,3,4,5,2,1,1,3,3,3,3,3,2,1,1,3,3,2,2,2,2,2,3,4,4,4,4,4,3,3,3,3,3,2,3,3,3,4,3,4,4,4,4,4,4,4,4,3,4,3,3,4,4,4,4,3,3,3,3,3,3,3,2,4,3,1,1,1,2,4,6,1,2,2,1,1,2,1,0,4,5,6,5,4,3,2,1,4,5,4,4,5,4,2,2,2,2,2,3,3,3,1,1,4,4,5,5,5,4,3,3,4,3,2,2,2,2,2,3,3,1,1,1,3,5,6,4,4,4,4,4,5,6,7,6,2,2,2,2,1,1,2,2,3,5,7,6,3,1,2,4,3,3,2,1,1,1,1,2,2,4,4,3,2,2,2,1,4,4,2,3,4,4,4,3,3,2,3,3,2,3,4,3,2,2,3,4,4,4,2,1,2,4,6,6,4,1,1,4,2,2,2,1,2,2,2,3,1,2,3,3,3,1,3,4,6,4,1,2,3,3,5,4,2,2,2,4,4,6,6,6,1,2,2,2,1,1,2,2,4,4,2,2,3,4,3,2,2,2,2,2,2,2,2,2,4,3,3,3,3,3,5,4,1,1,1,1,1,1,3,2,2,4,5,3,3,2,3,4,2,4,5,5,5,4,5,5,4,3,2,2,3,4,2,1,2,3,3,1,1,1,3,2,2,3,3,4,4,4,6,4,0,2,3,3,4,5,3,3,1,1,1,2,2,1,2,2,3,3,3,2,2,2,1,1,1,3,3,2,2,3,3,1,3,6,5,4,3,2,2,1,4,2,3,4,2,2,3,3,4,4,2,1,1,2,4,5,3,3,3,1,1,1,2,2,4,5,4,3,3,3,3,3,4,3,3,3,3,5,5,5,3,2,4,4,5,5,4,3,2,2,2,2,1,2,2,3,2,2,3,3,3,3,3,3,4,4,4,4,4,4,4,4,2,2,3,4,4,4,3,3,7,6,6,5,4,4,3,3,3,3,3,3,3,3
64,2,5,4,2,2,4,4,3,2,4,5,3,3,4,5,3,2,3,4,4,3,3,3,3,3,4,4,4,4,4,5,5,5,3,3,3,3,3,3,3,3,2,3,3,3,3,3,3,3,2,3,4,4,2,1,1,2,3,4,4,4,3,2,1,0,0,1,2,3,4,3,3,4,1,2,4,5,5,4,2,1,2,4,5,4,3,3,2,3,1,3,3,3,3,3,3,2,2,1,2,2,3,3,3,3,6,7,6,4,5,5,5,7,4,4,4,3,5,5,7,6,4,4,3,3,3,2,2,2,7,4,3,5,6,6,3,0,2,3,3,3,3,3,3,3,4,6,6,4,3,5,7,8,6,3,3,2,1,0,0,0,1,1,4,4,3,4,3,2,3,4,5,4,2,1,3,2,3,4,4,5,2,2,3,3,4,4,3,3,2,2,1,1,2,3,4,4,4,4,4,4,2,2,2,3,3,3,4,3,2,2,2,2,2,2,2,2,3,3,3,2,4,3,3,3,4,4,4,4,4,4,4,4,1,2,3,3,5,5,6,7,4,4,4,4,4,3,3,4,2,1,2,3,3,2,3,4,2,2,1,2,3,5,4,3,4,4,2,2,2,2,4,4,5,3,3,3,5,5,5,5,2,1,3,2,2,2,1,2,3,5,4,4,3,4,4,4,4,3,4,4,4,3,4,3,4,3,2,2,2,2,3,4,4,3,3,3,2,2,2,1,1,2,5,5,5,3,2,2,6,5,4,3,2,2,2,2,3,3,3,3,4,4,4,4,4,5,1,3,3,2,3,3,5,3,3,2,2,3,5,6,4,4,3,3,2,3,3,2,2,3,3,2,2,2,2,3,2,1,3,3,3,2,2,2,3,4,5,4,2,1,1,2,1,1,3,4,4,5,4,4,2,2,2,3,2,3,2,3,5,5,3,2,2,3,3,3,2,3,4,6,6,4,2,1,2,3,4,2,1,4,5,4,2,2,2,2,4,5,4,2,5,5,3,5,4,3,5,2,2,5,4,3,2,1,1,3,4,3,1,1,3,5,5,3,1,1,1,1,1,2,3,4,5,4,5,4,3,4,4,6,3,4,4,2,3,4,4,4,2,0,1,4,4,2,2,2,1,1,1,1,1,1,1,1,3,3,2,4,4,4,5,5,3,4,5,6,6,4,3,3,2,3,3,3,3,3,3,2,4,4,3,3,3,3,2,2,2,2,4,4,5,4,4,3,3,3,4,4,4,4,5,5,4,4,6,5,3,3,4,5,3,4,5,4,4,5,5,4,2,2,2,3,3,4,3,3,3,2,1,1,2,2,4,4,2,4,4,3,2,3,2,3,4,3,3,3,3,5,7,5,1,1,1,1,1,2,2,2,1,3,3,3,2,2,3,3,3,3,2,3,3,5,5,7,3,2,3,3,3,2,3,2,1,1,2,2,2,2,2,1,2,4,5,5,5,5,3,2,1,2,1,0,1,3,3,3,1,0,0,1,1,1,2,1,3,2,2,3,3,3,4,3,3,4,3,3,3,2,1,2,1,1,3,3,3,2,1,1,1,2,3,3,3,4,4,3,3,3,2,3,3,3,3,5,3,3,3,3,3,3,3,4,2,2,1,1,2,2,3,3,3,2,5,6,3,2,2,0,0,1,4,4,4,4,1,0,1,3,2,3,2,1,2,2,7,6,3,3,1,1,3,3,3,3,4,3,3,4,5,4,2,2,2,3,3,3,4,3,3,3,3,3,3,3,3,3,4,3,2,3,2,1,1,0,2,2,3,4,4,4,3,3,2,2,2,3,3,3,3,4,2,3,3,3,3,3,4,4,2,1,1,3,4,3,3,3,1,2,3,4,4,5,5,2,3,5,5,2,1,3,5,4,0,0,2,2,2,2,2,2,3,3,2,2,2,2,3,3,2,1,0,1,4,4,3,3,2,2,3,1,1,2,4,4,3,3,2,2,2,2,2,2,2,1,2,3,2,2,1,1,3,1,2,4,3,3,3,3,2,2,2,3,2,3,3,3,2,2,2,3,3,3,4,4,4,2,1,2,3,3,3,2,1,2,3,3,3,2,2,2,3,3,4,3,3,2,3,3,2,2,2,3,4,5,5,4,4,1,1,1,1,3,5,2,2,1,1,3,3,3,2,1,1,1,2,1,2,2,3,3,2,2,2,1,1,1,1,1,1,3,2,1,2,3,2,3,3,4,6,7,5,5,3,3,3,3,3,4,4,4,4,3,3,2,2,3,3,3,2,1,1,1,2,2,3,4,3,2,1,0,0,1,2,1,2,2,2,2,2,2,2,2,2,2,2,2,2,2,2,2
65,4,5,1,4,6,4,2,0,1,0,0,1,2,2,1,2,1,3,1,0,1,2,1,3,4,3,1,1,2,4,5,4,3,5,4,3,4,6,5,3,0,1,2,4,5,6,6,5,5,2,3,3,2,2,3,3,3,3,2,2,2,2,2,2,3,3,5,5,3,1,1,3,5,3,2,3,2,2,2,2,2,3,3,3,3,3,3,3,3,2,2,3,5,5,4,3,4,4,4,3,3,1,1,2,2,3,3,2,1,1,2,4,4,7,6,7,5,4,3,3,3,4,3,4,5,3,2,4,3,3,2,2,4,5,5,4,2,5,5,3,2,3,5,6,7,2,1,1,2,2,3,3,3,3,4,3,4,3,2,2,3,3,3,1,2,3,4,4,1,3,4,3,3,3,3,4,4,2,3,5,4,6,6,4,2,2,2,3,2,3,3,1,1,2,2,3,3,4,3,4,4,1,1,1,2,2,2,2,1,3,2,1,1,2,2,2,2,4,3,2,3,3,4,3,1,1,1,1,1,2,2,2,2,3,3,3,3,2,2,2,2,3,3,3,4,4,4,3,2,2,3,3,3,3,3,2,3,3,2,3,3,3,2,3,1,3,3,2,2,1,2,4,4,1,1,3,4,5,5,5,4,3,3,1,1,1,1,2,2,3,3,3,4,4,4,2,0,1,2,0,1,2,5,4,3,3,3,4,3,3,4,5,2,4,4,4,5,5,5,4,4,4,3,3,2,3,3,3,3,2,2,2,2,2,2,2,2,3,2,3,4,3,3,3,1,5,4,4,2,1,1,2,1,2,2,2,2,3,3,5,5,5,4,4,3,3,3,3,3,5,4,4,2,2,1,2,1,3,3,3,3,3,3,3,3,4,4,4,2,2,2,4,7,4,4,3,4,4,5,4,4,3,2,2,3,3,4,5,4,5,4,4,2,2,1,0,1,4,3,1,3,4,3,2,2,2,1,2,4,4,3,3,4,4,3,4,5,5,4,2,1,4,5,4,3,1,1,1,2,4,5,3,2,2,2,3,4,4,3,3,2,2,1,2,1,1,1,1,2,2,2,2,2,2,1,2,3,2,2,4,4,5,3,3,4,5,4,4,3,1,1,3,3,3,3,2,3,2,2,2,2,2,2,2,2,3,3,5,5,5,5,4,4,1,1,2,1,1,1,1,2,4,5,5,4,2,1,1,2,3,3,2,2,3,4,5,4,0,1,1,1,1,1,2,2,3,2,1,1,1,2,3,3,4,4,4,3,2,1,1,1,8,7,5,4,3,3,3,3,1,1,1,3,2,3,3,3,7,5,5,4,3,3,5,3,1,1,1,2,2,3,3,3,5,7,4,2,4,7,5,3,2,2,2,3,3,3,3,2,0,0,4,6,4,0,0,2,6,6,6,5,4,4,3,1,3,5,4,2,2,1,3,3,3,2,1,1,2,3,5,4,3,1,3,6,5,1,1,5,4,3,2,1,1,3,4,4,4,3,3,2,2,2,3,3,6,6,5,5,4,3,3,2,4,3,2,3,4,4,4,4,3,3,4,4,4,4,3,2,1,2,2,1,2,2,3,3,3,3,3,3,4,4,4,4,2,1,2,2,3,2,3,2,2,1,1,0,1,1,1,0,1,3,3,4,3,4,3,3,1,3,2,3,4,4,4,3,1,2,1,2,2,1,1,1,1,1,1,2,2,2,3,3,4,3,1,2,2,1,3,3,2,2,1,1,2,2,2,2,4,3,4,3,3,3,4,4,4,3,2,2,3,4,5,4,1,1,2,2,2,2,1,2,3,4,6,5,3,2,3,3,4,4,4,3,2,2,2,3,2,2,4,6,5,4,3,3,2,2,2,2,2,2,2,2,3,2,2,2,3,2,2,3,3,3,2,3,3,4,3,3,3,3,3,4,3,4,4,4,2,2,3,2,2,2,1,0,1,3,3,4,4,1,2,3,1,1,3,4,4,2,2,4,4,4,3,4,2,3,2,4,2,2,2,2,2,2,3,3,4,5,5,3,3,2,2,2,4,2,1,1,2,3,4,4,2,3,2,2,3,5,5,4,4,3,3,2,1,1,1,1,0,1,1,2,2,3,2,3,2,4,5,5,6,5,5,3,3,3,3,5,5,3,3,6,1,2,1,1,4,5,6,6,4,4,4,4,4,4,4,4,3,2,3,3,3,3,3,2,2,3,2,2,2,3,3,3,2,2,2,3,2,3,5,5,4,4,4,4,4,5,3,3,2,2,1,1,1,1,1,1,4,2,1,2,3,2,3,3,4,3,4,4,5,5,4,5,4,4,4,4,3,2,3,2,2,2,2,2,2,2
66,5,5,2,2,4,4,4,3,3,0,2,3,3,3,3,2,2,2,2,1,2,2,2,1,2,2,2,2,2,2,2,2,2,1,1,1,1,2,2,2,3,6,3,2,2,2,3,4,4,2,2,4,4,4,3,4,4,2,2,3,5,4,4,4,4,4,2,2,3,4,5,5,5,3,3,5,4,3,1,2,2,2,3,3,3,3,2,3,6,3,0,2,3,4,5,5,4,2,3,2,2,3,3,2,3,3,3,2,1,2,3,3,1,2,1,2,4,3,4,5,4,4,4,4,4,3,3,4,4,6,4,2,3,5,5,2,1,4,4,5,6,5,6,5,4,2,3,2,3,3,4,4,6,3,4,6,5,3,0,0,1,1,0,0,1,3,3,3,3,3,3,3,2,3,4,5,6,6,5,5,3,3,4,4,4,2,2,2,3,3,2,2,1,2,4,6,4,2,2,2,3,1,2,2,4,4,4,3,5,2,2,3,1,1,2,4,4,4,3,2,2,2,2,2,2,2,3,3,3,3,4,4,4,4,3,1,1,3,4,5,5,1,1,2,3,4,4,4,4,2,2,2,2,2,2,2,2,5,5,6,4,2,2,6,6,3,2,3,3,3,3,4,4,3,3,3,3,3,4,4,3,4,4,0,1,2,3,3,0,3,3,1,2,2,3,4,4,4,2,1,2,2,3,2,4,6,5,5,4,3,3,2,2,5,4,3,4,4,3,2,2,2,2,2,3,3,3,3,3,2,2,2,2,2,2,2,2,2,2,2,2,2,2,2,3,3,3,3,3,3,3,4,4,1,1,2,3,2,2,2,2,3,4,4,3,2,3,5,4,3,3,3,3,6,6,5,4,1,0,2,3,3,4,4,4,4,5,4,4,3,2,2,2,3,2,3,3,4,4,4,5,3,2,2,2,2,2,2,2,2,2,2,2,2,2,1,1,3,2,3,4,7,7,4,2,1,3,5,5,4,6,6,5,3,3,2,3,2,2,1,1,2,2,1,2,2,2,3,4,3,3,3,2,3,2,3,3,4,2,3,4,3,2,2,4,3,3,3,3,3,3,3,3,2,2,4,5,6,6,3,2,1,3,5,3,3,2,1,3,5,3,3,3,4,4,1,1,4,4,4,4,4,4,4,4,4,4,3,3,3,4,3,3,4,4,5,7,7,7,4,2,2,1,2,3,3,2,4,6,3,3,4,4,2,2,3,3,3,3,4,3,3,3,3,3,6,4,4,4,3,2,4,3,2,2,3,3,2,0,0,3,5,4,5,5,5,4,3,2,4,3,3,1,1,2,3,3,3,5,3,2,3,2,2,3,3,2,3,3,2,3,3,2,5,2,2,2,3,4,3,0,2,3,2,2,2,2,3,2,2,2,3,3,2,2,2,5,5,6,6,6,5,5,2,2,3,4,4,5,4,4,4,3,3,3,3,3,3,2,2,3,2,2,3,3,2,3,3,2,6,6,5,5,4,4,4,4,2,2,3,3,3,3,3,3,2,2,2,3,3,4,4,4,2,2,2,3,3,3,3,3,3,2,2,3,3,4,4,6,5,4,4,3,1,1,1,0,1,2,2,2,3,3,3,3,3,3,3,3,2,2,2,3,1,2,2,3,4,4,5,6,5,4,3,1,1,1,2,2,2,3,3,2,1,1,1,3,5,5,3,3,2,1,1,0,1,2,6,7,7,7,4,2,3,3,4,4,4,3,3,3,1,1,2,4,3,4,3,3,4,4,5,4,5,4,2,3,4,4,4,4,3,5,5,5,1,2,2,3,2,1,1,1,4,3,3,4,4,4,5,5,3,3,2,2,2,2,2,2,0,2,2,1,2,1,2,4,4,2,3,3,2,2,2,3,5,3,2,1,2,2,2,2,5,2,3,4,3,4,3,3,4,3,3,3,2,2,1,3,2,1,1,1,2,2,2,1,2,2,3,3,4,3,3,2,2,1,2,2,3,3,3,3,1,1,1,2,3,2,2,2,1,1,2,2,1,1,1,2,1,1,1,2,2,2,4,4,2,3,4,4,4,5,4,2,2,2,3,3,3,3,3,5,2,3,4,3,3,3,3,2,3,4,5,6,5,4,3,3,3,3,5,6,4,3,2,2,1,2,2,1,1,3,5,3,4,2,2,2,3,3,3,3,3,3,3,3,3,3,3,3,2,1,2,2,2,2,2,3,3,3,4,4,4,3,3,4,1,1,3,4,3,3,3,2,3,2,3,2,2,2,1,1,2,2,2,2,2,2,2,2,4,3,3,3,2,3,3,4,2,0,1,1,2,1,2,4,5,3,4,6,5,4,3,3,4,3,3,3,3,3
67,4,5,5,4,3,3,3,3,3,4,4,5,5,5,5,5,4,3,4,3,3,3,3,3,5,3,1,0,0,1,1,1,1,1,1,1,2,2,2,2,2,3,4,3,2,2,3,3,3,2,1,1,3,5,4,2,2,7,8,6,6,6,5,4,4,4,3,3,3,4,4,4,4,3,2,1,2,3,4,3,2,3,3,3,3,3,2,1,1,2,3,2,2,3,3,3,4,2,1,2,2,1,1,1,3,3,4,3,2,3,4,4,4,4,3,3,3,2,3,3,3,3,3,4,3,1,1,1,3,9,7,5,6,7,7,5,5,5,3,2,4,3,4,5,3,4,4,3,3,3,3,3,4,3,2,3,3,2,2,3,4,4,5,5,4,4,3,4,4,2,2,3,3,3,2,3,3,3,3,3,3,3,3,3,2,2,2,2,2,2,2,2,3,2,3,5,5,4,4,4,3,4,4,3,2,2,2,2,1,1,1,1,2,1,1,1,1,1,1,1,2,2,1,2,2,2,2,3,2,2,2,1,1,1,1,3,4,4,4,4,3,3,3,2,1,2,2,3,3,3,3,2,2,2,2,1,1,3,5,4,2,2,4,4,3,5,3,2,1,1,3,4,4,2,3,3,3,3,3,3,2,7,7,4,3,2,3,3,4,1,2,2,3,3,3,2,3,2,2,4,7,8,8,4,2,4,5,5,5,5,3,3,2,3,3,2,2,3,3,3,3,2,3,3,3,3,2,2,4,4,2,2,3,2,3,5,4,3,4,3,3,2,2,3,3,2,2,3,3,2,3,3,4,2,2,2,3,4,6,7,8,7,6,5,4,4,3,2,1,2,3,4,3,3,4,4,3,1,1,3,4,3,2,3,3,4,4,4,4,4,3,4,5,6,5,5,4,3,4,3,3,4,4,2,2,2,1,2,2,5,3,5,4,5,4,3,1,3,3,3,3,2,2,3,2,3,4,4,4,4,4,2,3,2,3,4,4,4,5,3,3,4,4,2,4,4,5,4,4,1,1,1,1,1,1,1,1,3,1,1,1,1,1,3,3,3,4,5,5,5,5,5,4,4,4,4,4,4,3,3,4,4,4,4,4,5,6,5,4,5,6,6,5,4,5,5,4,3,3,3,4,4,4,4,4,4,4,4,4,4,4,5,4,1,1,2,3,3,3,3,2,2,2,3,4,3,3,4,3,1,2,2,2,3,3,2,2,5,5,5,5,6,6,5,2,2,4,4,4,2,2,3,3,2,2,3,4,6,6,4,4,2,3,1,1,2,3,4,4,5,4,3,3,4,5,3,4,4,4,6,8,7,6,4,5,4,3,3,2,3,6,5,4,1,2,1,2,2,3,3,3,4,3,3,3,3,2,1,2,2,2,2,2,2,2,2,5,7,6,5,3,3,4,3,2,1,2,3,3,2,2,2,1,3,3,3,3,4,4,4,4,2,4,6,6,6,5,3,4,4,3,4,4,4,3,4,6,5,4,3,3,2,2,2,2,3,3,3,3,3,3,3,3,1,3,4,5,5,4,3,2,1,2,1,2,2,4,3,4,3,3,3,3,2,2,2,1,3,4,2,3,2,3,4,4,3,2,3,3,4,4,4,5,5,4,2,2,1,1,1,2,5,4,2,2,3,4,3,3,1,1,4,3,3,4,3,2,4,2,2,4,4,4,5,4,3,2,1,2,2,4,4,3,4,2,1,2,2,2,2,2,2,2,2,2,2,3,3,3,3,3,3,3,3,3,3,3,2,2,4,4,3,3,5,5,3,3,4,3,3,3,4,4,5,5,3,3,4,5,4,2,4,4,4,5,4,3,2,1,2,3,2,2,1,2,3,4,3,2,1,1,2,3,4,3,1,1,2,2,2,2,1,1,3,2,2,2,3,5,4,4,1,1,2,2,3,5,6,4,5,4,1,2,3,2,3,2,3,3,2,2,3,3,3,4,2,3,3,3,4,3,3,3,1,2,3,2,3,3,2,2,1,1,2,3,4,3,2,1,2,2,1,2,5,6,4,3,3,4,3,4,4,4,3,3,2,1,3,3,1,1,1,3,3,2,1,2,3,5,6,6,2,1,1,2,2,2,3,2,2,2,1,2,3,3,3,3,4,6,4,2,4,7,6,4,2,1,2,2,2,1,2,3,3,3,3,4,3,3,2,2,2,2,2,2,3,2,4,3,1,1,2,3,4,3,2,1,3,2,1,2,2,2,4,3,5,5,5,5,5,4,4,3,3,4,4,4,4,5,5,3,2,4,4,3,3,3,3,3,2,2,2,2,2,2,2,3,3,4,4,5,3,3,4,5,1,2,2,2,2,3
68,2,5,3,2,3,3,3,2,2,4,4,4,3,4,4,4,4,4,2,1,1,1,2,2,2,1,1,1,2,3,3,3,1,2,3,4,4,3,3,4,4,2,2,3,4,4,4,4,3,1,1,1,2,2,2,2,3,3,2,1,2,2,3,3,2,4,3,4,4,4,4,3,4,4,4,4,4,5,5,4,5,2,2,3,4,3,2,2,2,5,6,5,4,4,5,4,2,2,2,2,2,2,1,1,3,8,7,4,3,3,3,5,4,3,2,2,1,3,4,5,5,3,3,3,3,3,3,3,2,1,4,6,6,6,5,1,0,4,4,4,4,2,2,1,2,2,2,2,2,2,2,2,2,2,2,2,2,2,3,4,5,2,4,6,6,4,2,2,5,5,2,2,3,4,5,4,3,2,2,3,3,3,3,2,3,3,3,3,3,3,3,3,4,4,5,4,4,4,3,3,2,1,1,1,2,2,3,3,4,2,2,1,1,1,2,2,4,5,4,5,5,6,6,5,5,4,2,1,3,5,6,4,3,4,3,3,3,2,3,3,2,2,4,5,4,3,2,3,4,3,3,3,3,3,3,3,4,5,4,3,3,3,2,2,1,2,3,1,1,2,2,2,2,3,1,2,2,3,3,3,5,5,4,4,3,2,1,0,1,3,3,1,4,5,4,4,4,3,2,2,2,2,3,4,5,5,5,5,5,6,5,3,3,3,4,2,1,2,2,2,2,2,2,3,3,3,3,4,5,3,2,1,2,2,2,2,2,4,3,2,1,0,2,3,3,3,2,1,1,1,2,3,2,3,3,3,2,3,4,6,7,4,2,2,2,2,2,2,2,5,5,5,5,5,5,4,4,2,2,4,4,4,4,2,1,1,2,3,2,1,3,5,4,2,1,1,3,4,4,3,2,0,1,2,2,1,2,4,5,3,2,3,3,2,1,2,3,3,3,2,2,2,2,1,1,4,3,2,2,1,2,4,3,2,3,3,4,4,4,4,3,1,3,3,3,4,4,5,5,5,3,2,2,2,3,4,4,3,2,3,3,4,4,4,4,7,7,4,2,2,4,4,7,5,3,5,5,2,1,2,1,4,5,5,5,5,5,5,4,5,7,5,3,1,0,1,2,2,2,2,2,2,2,2,2,2,2,2,2,2,2,2,2,1,3,5,4,4,5,5,5,2,2,1,2,4,4,2,3,6,4,4,6,5,3,5,6,4,3,3,3,3,3,3,3,3,3,3,4,5,4,4,5,3,2,2,2,3,3,3,3,2,2,3,3,2,4,7,5,2,4,4,4,4,2,2,3,2,3,4,4,4,4,4,3,4,4,4,2,2,2,4,5,4,2,1,1,3,4,4,4,4,3,2,3,3,3,3,3,3,2,2,4,4,3,3,3,2,3,2,3,3,2,3,3,3,3,4,3,2,3,3,2,2,4,2,3,4,5,4,3,3,2,4,3,3,3,3,3,2,1,2,3,3,2,1,2,3,2,2,3,4,5,4,3,1,1,1,1,1,2,2,3,2,2,1,2,2,3,2,2,2,3,3,3,3,4,4,4,3,3,3,2,2,2,3,4,5,4,4,3,3,4,5,6,4,4,3,2,2,4,4,4,3,2,2,3,4,5,6,6,2,3,3,3,3,3,2,3,4,4,4,4,2,2,2,2,1,1,1,1,1,2,3,2,3,3,3,2,2,2,2,1,1,1,1,1,2,2,3,4,5,3,3,3,3,3,2,2,3,3,2,2,2,2,1,1,2,2,2,2,2,2,2,2,4,3,1,2,3,4,3,2,4,4,4,4,4,4,4,4,6,6,5,5,4,3,2,2,3,4,4,3,3,3,3,3,3,3,3,3,3,3,3,3,3,3,3,2,2,2,2,1,3,4,4,5,5,3,3,3,3,3,3,3,3,3,3,3,3,3,2,2,2,2,2,4,3,1,3,4,3,3,2,2,3,2,2,4,5,2,0,0,2,2,3,4,5,5,3,3,2,2,3,4,3,2,2,1,4,4,2,3,5,7,5,2,2,2,4,6,6,6,4,3,4,3,2,1,2,3,4,4,3,3,3,4,4,4,4,4,2,3,3,3,3,3,3,2,2,2,1,1,2,2,2,3,3,2,1,1,2,3,4,3,4,3,4,4,4,4,3,4,6,4,3,3,1,2,5,6,4,3,3,4,4,3,3,2,0,0,0,2,2,2,3,2,2,3,4,5,5,5,4,5,5,4,5,5,5,5,4,5,4,4,4,4,4,3,2,4,4,3,3,2,2,3,3,4,3,3,3,3,3,4,4,4,7,7,5,6,6,6,6,4,2,2,2,2,2,2
69,4,1,1,1,1,1,1,1,2,3,5,6,6,5,5,4,2,4,3,3,4,4,4,3,4,2,1,1,1,3,3,2,2,2,2,3,3,3,4,5,6,1,1,3,4,5,4,3,3,4,3,2,2,3,4,2,1,1,2,3,3,2,0,0,1,2,4,3,3,3,2,3,3,3,3,3,3,3,3,3,2,4,4,4,5,4,4,4,3,2,2,3,3,3,3,3,4,4,3,3,4,4,5,5,4,3,4,4,4,4,3,3,4,2,3,3,1,0,3,4,2,1,1,2,2,1,0,1,2,3,5,4,5,6,3,2,4,3,3,4,4,2,2,3,3,4,3,3,3,4,4,4,4,5,5,5,5,4,4,4,4,4,4,4,5,4,4,5,4,3,3,2,2,2,3,4,3,4,4,4,3,4,4,3,3,1,1,1,1,1,2,2,2,2,2,2,2,2,2,2,2,2,2,2,2,2,3,3,4,3,1,1,2,2,2,4,4,5,4,4,6,6,4,4,4,3,3,3,3,3,3,3,2,3,4,3,3,3,3,3,3,3,2,2,2,3,3,3,3,3,2,3,2,2,3,2,3,2,3,3,3,4,3,3,3,3,4,4,3,3,3,2,3,3,3,3,2,2,2,2,2,2,2,3,3,3,3,3,4,2,1,2,4,4,3,4,3,4,4,2,1,1,2,3,3,3,2,2,3,2,4,4,3,4,2,2,3,3,2,4,5,5,5,4,4,2,2,1,1,1,1,4,4,3,2,2,5,4,3,3,3,1,1,1,3,5,5,4,3,2,1,4,6,2,2,3,3,4,5,6,6,4,3,4,2,2,1,3,5,2,3,3,3,5,4,5,5,2,5,4,3,3,3,4,5,6,5,1,2,2,2,2,2,2,2,2,3,3,3,3,3,3,3,3,3,3,3,3,3,3,3,3,3,3,3,3,4,2,2,2,3,5,5,4,4,2,3,3,3,4,3,3,2,3,6,4,3,4,4,4,3,5,5,4,4,3,3,3,3,4,3,1,2,2,1,2,5,5,3,3,3,3,3,2,2,4,3,3,3,4,4,4,4,4,3,4,4,5,5,6,6,4,3,4,4,3,3,4,4,3,5,5,3,3,5,3,2,4,4,4,4,4,4,4,4,4,4,4,4,4,4,4,4,2,2,1,0,0,1,4,4,2,2,2,3,3,3,3,3,3,2,2,2,2,1,1,1,1,1,1,2,3,3,3,4,8,5,3,2,3,3,3,3,1,1,2,3,4,4,5,5,3,1,3,4,4,4,4,2,3,3,3,3,3,3,3,3,2,2,3,4,4,3,4,4,4,4,5,5,5,4,4,3,2,2,4,2,1,1,3,4,5,5,4,4,4,5,5,4,3,3,3,3,3,3,3,3,3,3,3,3,3,3,3,3,5,5,3,3,3,3,4,3,3,3,2,1,2,2,2,2,2,2,1,1,1,2,4,2,3,3,3,3,3,3,3,2,1,3,5,4,5,3,3,3,3,3,3,3,2,2,2,2,3,2,2,2,3,3,4,4,2,1,2,3,2,3,3,4,1,3,4,3,1,0,3,4,1,1,1,1,2,2,1,0,5,4,3,2,2,2,3,5,4,3,3,5,5,6,4,4,3,4,3,2,3,5,5,5,2,1,1,1,1,2,2,2,1,3,4,5,4,3,2,3,2,2,5,6,4,2,1,2,3,3,3,3,3,3,3,4,4,4,2,1,1,2,2,3,6,6,6,4,3,3,2,2,3,3,2,3,3,2,2,1,3,3,3,3,3,3,2,3,1,1,1,1,1,1,1,1,4,6,6,6,5,4,3,2,2,2,3,3,2,2,3,2,2,1,0,0,1,2,1,0,2,2,2,2,2,2,2,2,2,4,6,6,6,5,3,2,2,2,2,2,2,3,3,3,1,2,4,4,2,2,3,3,1,1,4,3,2,3,2,3,2,2,6,6,6,7,5,3,1,3,4,1,1,2,4,4,4,3,3,3,4,4,3,2,1,1,2,3,3,3,3,3,1,1,2,2,2,3,3,3,2,3,4,4,5,5,4,3,4,4,2,2,1,3,4,4,5,4,4,4,3,2,2,2,1,1,1,2,4,3,6,5,4,4,2,1,2,3,1,2,2,2,5,4,4,3,2,2,2,2,1,1,1,2,2,2,2,2,3,3,2,2,2,2,1,1,2,2,2,3,3,3,5,3,2,3,3,4,4,3,2,2,3,3,3,3,4,4,4,2,1,3,4,3,3,3,2,2,2,2,2,2,3,2,1,2,5,5,5,5,3,3,2,1,1,2,3,3,2,2,2,3,2,3,2,2
70,2,4,4,4,6,5,3,5,5,2,1,1,2,2,2,2,2,3,2,2,2,2,1,2,1,1,2,3,2,1,2,2,2,2,3,4,4,4,4,2,2,1,2,5,4,5,5,5,5,3,3,3,3,3,4,7,5,4,4,4,5,5,4,2,3,5,6,5,4,4,3,5,5,5,5,6,4,3,3,2,2,2,2,3,3,3,3,3,6,7,3,2,3,3,3,3,3,5,6,6,5,5,4,4,5,3,1,1,3,5,5,4,2,1,2,4,4,3,2,2,2,2,2,1,1,2,3,3,3,2,4,4,4,4,3,2,2,1,4,4,2,2,2,3,2,5,3,2,2,2,2,2,2,1,1,1,2,5,6,4,2,3,5,6,6,5,4,3,3,4,2,2,3,3,3,1,3,4,5,5,6,5,2,2,3,3,3,2,2,2,1,2,2,1,1,3,2,3,4,4,4,2,4,5,3,2,2,4,3,3,3,3,3,4,4,4,5,4,3,4,4,4,3,3,2,2,3,3,3,2,4,5,5,5,6,5,3,4,3,3,3,3,1,2,2,2,2,2,2,3,4,4,4,4,3,3,4,6,6,5,4,3,3,3,5,4,4,5,5,5,4,4,4,3,4,2,2,4,6,4,2,3,3,3,3,3,3,3,3,4,4,5,5,4,4,2,3,5,5,3,2,2,1,2,4,2,2,2,1,1,2,3,3,2,2,2,2,3,3,3,4,4,4,3,4,4,4,4,4,3,3,3,5,4,4,4,5,3,2,4,5,4,5,6,3,3,4,3,4,4,5,5,6,3,5,7,7,5,4,5,7,4,3,3,3,1,2,3,3,4,5,6,4,4,3,3,3,5,4,3,4,3,3,3,4,3,3,3,3,3,3,3,3,1,3,5,5,5,5,3,2,3,3,3,3,3,2,2,4,6,3,2,2,3,3,3,4,7,6,5,4,4,3,3,2,2,4,4,4,4,4,4,4,2,2,2,2,3,3,1,3,3,1,2,1,3,3,3,4,3,3,3,3,3,3,3,3,3,3,3,3,3,3,4,4,3,2,2,3,3,3,4,4,2,1,2,2,1,1,1,1,2,3,3,1,1,1,3,4,1,1,1,1,1,1,1,2,1,1,1,1,1,1,1,1,3,3,3,3,3,2,2,2,4,5,5,5,4,4,2,1,2,2,1,2,2,1,2,2,2,3,5,4,3,3,4,5,5,4,3,3,5,5,4,3,2,5,4,2,3,1,2,2,2,4,4,5,4,2,1,1,3,2,0,1,1,2,3,2,2,3,4,4,2,1,1,4,3,1,3,3,3,3,2,3,3,2,1,1,3,3,2,2,4,4,3,2,2,3,4,4,1,1,1,1,1,1,1,1,2,1,2,1,2,2,3,3,4,5,3,2,2,2,2,3,3,5,4,3,3,2,2,2,3,2,2,2,2,2,2,2,3,3,3,3,3,3,3,3,3,3,3,2,2,1,1,1,3,4,4,4,4,3,3,4,4,4,3,4,4,4,5,4,4,5,5,5,5,5,4,2,2,3,3,3,3,3,4,5,2,2,2,2,2,2,2,2,3,3,3,3,3,3,3,3,5,6,6,4,6,5,4,3,3,3,3,3,4,4,5,4,1,1,1,1,1,2,1,1,4,4,4,4,4,3,2,3,2,2,2,2,2,2,2,2,1,1,2,2,2,2,3,4,1,0,1,1,2,2,1,2,2,2,2,1,1,1,2,3,3,3,4,4,3,3,1,2,3,4,4,3,4,4,4,2,2,2,2,2,2,2,2,2,4,4,4,4,5,5,5,5,4,4,4,4,4,4,4,3,3,3,2,2,2,2,3,3,1,1,1,1,2,2,2,4,3,1,1,2,3,3,4,3,4,3,1,1,2,3,2,2,2,2,2,2,3,3,3,3,2,1,1,1,0,1,1,1,4,4,1,2,4,5,6,5,2,2,4,4,4,2,2,4,4,3,2,1,3,3,4,5,2,1,2,3,4,2,1,1,1,1,1,3,4,3,3,4,2,2,2,1,2,3,3,4,5,4,3,3,5,5,6,7,2,2,4,4,3,4,4,5,4,4,3,2,3,3,3,1,0,1,2,2,3,2,3,3,6,7,3,0,1,4,4,2,4,2,2,3,3,4,3,4,1,2,3,3,3,3,2,1,3,1,1,1,2,4,5,2,2,4,5,5,5,4,2,1,1,1,1,3,3,3,4,4,4,4,4,5,4,4,4,5,4,3,3,3,3,3,3,3,3,3,4,3,3,4,4,5,3,3,3,3,3,4,4,3,0,1,3,2,2,3,4,4,2,2,1,1,1,1
71,5,4,4,3,4,5,5,3,4,4,4,3,3,4,4,3,5,3,3,2,2,3,3,2,2,2,3,3,2,3,4,5,5,1,6,5,3,2,3,3,4,2,2,1,1,1,2,2,2,4,4,5,5,5,5,5,5,5,3,1,1,1,1,2,3,4,3,4,4,1,2,3,3,3,4,2,1,2,3,0,1,6,3,2,3,4,4,4,4,3,3,4,3,3,3,3,2,2,4,5,5,5,3,3,3,3,3,4,4,3,3,2,3,3,3,3,4,4,4,3,6,5,3,2,3,3,2,1,1,3,5,5,5,2,1,3,2,2,3,3,4,4,4,4,4,3,3,3,3,3,3,4,2,2,4,4,3,5,4,1,2,4,4,4,2,2,2,4,6,5,4,4,4,4,4,5,5,5,5,5,5,4,3,2,2,3,5,4,3,3,3,2,3,3,2,2,3,3,3,2,0,1,1,3,3,3,3,2,2,1,2,2,2,1,1,1,1,3,4,4,5,5,5,5,5,4,3,2,2,1,2,2,1,3,5,3,3,2,2,3,2,2,2,3,3,3,3,4,5,2,2,2,3,3,2,2,2,2,2,3,3,4,4,2,3,4,4,4,4,4,4,4,5,3,3,4,4,4,4,4,4,2,2,2,2,2,2,2,2,4,4,3,3,2,2,2,1,2,4,4,4,3,4,4,4,4,4,4,4,2,2,3,1,2,3,3,4,2,4,5,6,3,4,4,3,4,3,3,3,3,3,3,3,3,3,4,3,2,4,5,5,4,2,1,1,1,2,1,1,1,2,2,3,1,1,2,4,5,5,6,7,3,3,4,3,3,4,4,4,4,3,3,3,3,3,3,3,3,3,5,5,3,4,3,3,4,3,1,2,2,1,2,3,3,3,3,4,4,3,2,2,0,2,3,3,4,3,2,1,4,3,3,3,3,3,3,4,5,5,5,4,3,3,1,2,2,3,3,4,4,3,3,3,1,2,3,4,4,4,2,3,4,4,6,6,4,4,2,2,2,2,3,3,3,3,3,3,3,3,3,4,4,3,3,3,4,4,5,5,4,2,1,3,4,1,2,3,4,3,4,4,3,3,5,3,2,3,4,3,3,5,5,3,2,4,4,3,4,4,4,4,3,3,5,5,2,4,5,4,2,1,2,1,2,5,6,5,4,4,5,1,0,4,6,8,7,5,5,4,3,6,5,5,3,3,3,3,4,3,2,2,1,2,2,2,4,4,3,3,3,2,2,1,4,4,2,4,4,3,2,0,5,3,3,2,2,3,5,5,3,3,3,3,2,1,1,1,2,2,2,3,4,4,4,4,4,4,4,4,5,4,1,1,4,2,1,2,3,4,4,4,4,4,3,3,3,2,2,2,3,3,3,3,3,4,3,3,3,3,3,3,3,3,2,3,2,1,3,4,5,5,3,2,3,2,1,2,2,2,2,3,3,3,2,3,3,4,5,4,3,3,2,3,3,4,3,2,2,2,3,3,3,2,2,2,2,2,2,2,2,2,2,2,1,2,3,4,4,3,3,2,4,4,3,4,4,2,3,4,3,2,2,2,3,3,3,3,2,3,2,1,4,5,5,2,2,2,0,0,0,0,0,2,3,1,1,1,3,3,3,3,3,4,3,2,2,2,4,4,1,1,1,1,2,1,2,2,2,3,2,2,4,3,3,3,3,3,2,3,3,4,4,4,5,3,3,2,2,3,3,3,1,1,2,1,2,1,1,1,5,4,5,3,2,1,1,1,2,2,3,3,4,3,2,1,1,1,3,4,5,5,4,3,3,4,3,3,3,2,2,1,4,3,4,4,4,4,4,4,3,2,3,3,3,2,1,1,2,3,3,3,4,4,1,2,5,4,2,1,3,3,2,1,0,1,4,4,4,3,1,0,2,3,1,1,2,1,3,3,2,3,4,4,2,1,3,3,1,1,2,2,2,2,3,4,3,3,3,3,3,3,3,3,2,3,2,0,1,4,4,4,3,4,5,5,4,3,2,3,5,3,2,4,6,6,4,3,4,4,3,2,2,2,2,2,1,2,3,3,3,1,1,3,3,2,2,2,2,2,2,2,4,5,3,3,2,1,2,2,2,2,4,4,4,3,2,3,4,4,1,2,4,4,2,3,4,2,3,2,3,3,4,3,3,3,2,2,3,4,4,3,3,3,4,5,5,5,5,4,3,2,2,3,3,4,5,4,2,1,4,5,4,4,5,3,3,4,3,3,3,3,3,2,4,2,1,1,3,3,4,5,3,3,3,3,3,4,4,4,3,3,3,4,4,4,4,3,2,3,3,4,4,4,4,3,1,3,3,3,2,2
72,3,2,2,2,3,4,5,5,4,2,1,1,2,3,4,4,4,4,4,5,4,4,2,3,4,4,5,4,2,2,4,4,4,4,4,3,4,4,4,5,5,3,2,3,4,4,3,3,1,2,3,4,3,1,2,3,2,3,3,3,5,6,5,5,6,6,6,6,4,2,2,1,2,4,3,3,2,4,4,5,4,4,4,5,4,3,3,4,4,4,4,4,4,4,3,3,5,1,1,2,3,3,2,4,4,4,4,4,2,2,2,3,4,3,3,1,2,2,2,3,2,3,4,5,4,4,4,2,2,4,5,4,3,3,5,4,3,4,4,4,4,4,4,4,5,4,4,4,4,2,2,4,6,5,4,4,4,4,4,4,4,1,2,3,4,3,4,4,4,3,3,2,2,1,2,2,4,3,3,3,2,3,3,2,2,4,4,4,3,4,3,4,5,5,5,4,5,5,4,4,6,4,2,2,1,1,2,2,2,3,1,1,1,1,1,2,4,3,3,2,2,2,1,2,2,5,4,4,4,4,4,4,4,2,1,1,1,2,4,5,4,1,1,3,3,3,4,4,5,4,4,4,5,5,6,5,5,3,2,2,3,3,3,4,4,2,1,1,1,2,2,2,2,3,1,1,2,2,1,1,2,3,2,2,3,3,3,4,2,4,3,3,3,3,3,3,2,3,4,4,3,1,1,2,2,4,4,3,3,4,5,5,4,3,2,3,3,5,6,6,6,2,4,2,2,2,2,1,1,4,4,4,4,3,4,5,5,2,2,4,4,4,4,2,1,3,3,2,3,3,2,1,2,3,2,3,3,4,5,5,3,2,4,4,4,3,2,2,2,5,6,4,3,2,2,2,2,2,3,4,4,4,4,4,3,5,5,5,5,3,4,4,4,3,4,4,3,3,2,2,3,4,3,3,3,3,2,4,5,5,3,2,4,4,4,3,4,3,3,3,3,3,3,3,3,1,1,2,3,3,3,3,2,2,2,2,2,3,3,3,3,5,4,4,4,3,4,4,4,3,4,3,2,2,3,4,4,3,3,3,3,3,3,3,4,5,5,5,5,3,1,3,3,2,3,3,3,4,4,5,4,1,2,2,4,4,5,5,6,8,5,4,5,6,6,4,2,3,1,1,1,3,3,1,2,4,5,5,5,5,4,4,5,3,2,3,3,3,3,3,3,2,3,4,4,2,1,1,2,4,5,6,7,7,5,5,4,3,3,2,1,2,2,5,6,5,3,3,3,3,3,3,3,2,1,2,2,3,3,3,4,2,2,2,3,3,3,5,4,2,1,1,2,3,4,4,3,3,3,2,3,3,3,3,3,2,2,2,2,2,1,1,1,1,1,1,2,2,2,3,3,2,2,2,2,3,3,3,3,2,2,3,3,4,3,4,4,3,3,4,4,4,4,5,5,5,5,3,3,2,4,5,5,4,2,2,2,1,2,3,2,4,2,3,3,3,3,1,2,3,3,4,4,4,4,3,5,3,1,1,2,2,2,1,1,1,2,3,4,5,4,4,3,0,1,3,6,5,4,3,0,2,3,2,2,3,3,3,4,5,4,4,5,5,5,4,2,2,5,3,2,3,2,3,4,1,1,2,2,2,3,4,4,6,6,4,3,3,5,6,6,5,5,5,2,1,1,1,3,3,1,1,2,4,4,4,2,1,2,3,4,3,1,2,3,3,2,2,2,2,3,3,2,2,2,2,1,2,4,4,5,5,3,2,1,1,1,2,1,3,2,2,1,1,1,2,3,3,3,3,3,3,3,3,3,5,3,1,2,2,3,2,1,2,2,2,2,3,3,4,4,5,5,4,4,4,4,4,3,3,3,3,2,2,3,4,5,4,3,3,3,3,4,4,4,4,3,3,3,3,3,3,4,4,3,3,3,3,3,3,3,1,1,2,3,3,4,6,6,6,7,7,7,6,5,5,4,2,2,2,2,2,2,2,2,2,3,3,3,3,3,3,2,4,4,3,3,3,4,7,5,3,4,4,4,4,4,3,2,2,3,3,4,4,4,5,5,4,3,3,2,4,3,3,3,4,5,5,3,3,3,4,4,1,1,1,2,1,2,2,3,4,3,3,4,4,3,3,4,5,6,5,5,2,1,1,1,3,2,2,4,2,3,5,4,5,3,2,2,3,4,3,3,4,3,4,5,5,4,3,3,3,3,3,3,4,4,5,5,4,3,3,3,3,4,4,3,3,2,2,2,2,1,1,1,2,3,3,4,4,3,3,2,4,4,3,3,2,2,4,4,1,1,2,3,3,2,1,1,2,3,2,3,5,5,3,3,3,4,4,3,3,3,2,2,1,1,1,2,2,2
73,4,4,4,4,4,4,4,3,5,5,2,1,0,0,2,5,3,3,1,1,2,3,3,6,6,2,2,2,2,2,2,2,2,1,1,1,1,1,1,1,2,3,3,3,4,4,4,5,4,2,2,2,1,1,2,3,3,3,2,4,4,4,3,4,4,4,4,2,2,5,4,2,2,4,3,4,5,4,4,2,2,3,2,2,2,2,2,3,4,2,1,3,4,4,2,2,2,3,3,3,3,1,2,3,4,2,1,3,2,2,3,4,5,4,2,3,3,3,3,4,4,4,5,5,4,3,1,1,1,2,4,4,2,4,6,6,5,3,5,5,5,4,2,2,2,2,2,2,4,6,6,6,6,4,3,4,5,5,5,4,2,1,3,5,3,2,3,3,4,1,1,1,1,2,2,4,4,5,5,5,5,5,6,5,5,5,5,5,4,2,3,3,1,1,1,3,4,4,4,3,4,2,1,1,2,3,4,4,3,3,3,3,3,3,3,3,4,6,7,3,1,1,4,5,3,3,3,4,4,4,4,4,4,2,1,2,3,4,4,3,4,2,2,2,3,2,2,3,2,3,3,2,2,2,2,2,3,2,1,3,3,3,3,2,1,1,3,2,2,3,2,2,2,2,3,3,2,1,1,2,3,7,6,6,5,5,4,4,4,4,4,3,3,2,2,1,4,6,4,3,4,5,5,5,3,2,2,3,3,3,3,3,4,4,3,2,3,4,4,3,3,4,3,4,4,5,3,3,3,2,2,4,3,1,1,3,3,4,6,6,5,3,1,2,2,2,1,1,3,2,2,2,3,4,4,3,2,2,3,5,5,2,2,3,3,3,3,3,4,3,3,4,4,3,3,3,2,4,5,4,2,2,5,5,4,5,6,6,7,7,7,6,4,3,3,3,3,2,2,3,2,3,3,1,1,3,3,3,2,1,3,4,4,3,2,2,1,4,4,4,4,4,3,3,3,4,4,4,4,4,4,4,4,6,6,4,2,2,2,3,5,4,3,3,3,3,3,3,3,2,5,6,4,1,2,4,2,2,4,3,4,5,4,3,4,4,4,4,5,4,3,4,4,2,4,6,6,5,4,4,3,1,2,3,3,2,3,4,6,7,5,2,1,1,2,4,4,5,7,6,3,1,2,3,1,3,4,3,3,3,3,3,3,3,2,2,2,2,2,2,3,4,4,5,5,5,5,6,6,3,3,3,3,3,3,3,3,3,2,2,3,3,3,5,4,2,3,4,5,5,6,6,7,4,4,5,4,3,4,6,4,3,3,3,4,4,4,5,5,5,5,4,3,3,3,3,3,2,1,1,1,1,1,1,0,2,3,3,3,2,3,5,5,6,2,2,2,2,2,3,1,2,2,3,3,4,5,5,5,5,5,5,6,5,5,5,4,3,4,5,5,2,3,7,5,2,2,2,2,2,3,3,4,4,2,3,3,2,3,3,3,4,3,2,2,3,3,2,0,1,3,4,3,2,2,4,6,5,4,1,1,3,3,2,1,1,4,2,3,3,2,2,2,3,3,3,3,3,3,3,3,5,6,4,2,1,1,1,2,1,1,3,3,2,2,2,2,1,1,1,1,2,2,2,2,3,2,3,2,2,2,5,6,3,2,2,3,3,1,2,4,6,5,3,3,4,3,2,1,1,2,2,3,4,5,5,3,3,3,2,2,2,1,2,4,5,4,4,2,2,2,1,2,2,1,1,3,3,3,4,3,3,4,4,3,4,4,2,2,1,1,1,1,4,4,1,1,2,3,3,3,2,1,2,3,2,2,3,4,2,1,2,2,4,4,4,5,5,3,3,3,3,4,4,4,4,4,3,2,2,2,3,3,4,5,3,1,3,2,3,3,5,5,4,3,4,4,4,3,3,2,2,2,3,2,3,3,5,5,4,3,2,2,2,2,2,2,2,3,4,3,3,3,2,2,2,2,1,3,3,2,3,4,5,6,2,2,7,7,6,5,4,4,3,3,4,2,3,2,2,1,3,2,1,1,1,1,1,1,2,4,4,3,2,3,4,3,4,3,3,4,4,3,3,3,2,2,4,5,5,4,4,4,4,2,2,2,1,0,2,2,4,5,4,3,2,3,3,3,4,4,2,1,2,3,3,3,2,2,3,3,3,3,4,4,3,1,1,1,3,4,3,1,2,4,3,3,1,2,2,2,3,1,1,1,1,2,2,2,5,5,3,2,1,2,4,7,5,3,2,3,2,3,4,3,4,5,3,2,2,2,2,2,3,3,3,3,3,3,3,3,3,4,5,5,4,3,4,5,4,3,3,2,2,2,1,1,1,2,3,4,4,4,3,3,3,3,3,5,5,3
74,4,1,2,2,4,4,4,1,1,4,3,1,2,4,4,3,3,2,3,3,3,3,3,3,3,2,1,3,3,2,1,1,2,2,0,0,2,2,2,4,3,1,2,2,2,3,3,5,5,3,3,3,3,3,3,4,4,5,5,4,2,1,3,5,2,3,3,4,3,2,2,3,3,4,3,2,1,1,3,3,2,2,2,1,2,2,3,3,3,4,4,4,4,4,5,6,7,6,5,4,4,3,4,5,5,3,2,1,2,1,1,1,1,1,2,2,1,2,3,3,3,4,2,1,2,3,5,5,3,2,3,5,5,5,4,3,2,4,4,2,1,2,3,3,4,4,3,3,2,3,4,4,3,2,3,5,4,3,4,5,2,3,3,3,2,3,3,3,2,3,4,3,3,4,5,6,6,4,1,3,5,4,4,4,3,3,1,1,2,3,4,3,2,2,2,3,4,6,6,5,6,1,1,1,1,1,1,1,2,1,1,2,2,1,2,2,4,5,5,4,4,4,3,2,3,1,4,2,2,3,2,3,3,3,3,3,4,4,5,6,6,3,2,4,4,3,3,4,3,4,5,3,2,3,4,3,3,4,4,4,3,3,3,3,2,1,1,2,3,2,2,2,2,3,4,4,4,3,2,2,3,3,2,1,1,2,3,4,3,1,2,3,3,3,3,3,3,4,5,4,4,5,4,4,4,3,4,4,4,4,3,5,4,2,3,3,3,2,2,2,2,3,3,3,3,3,4,5,4,2,3,4,4,3,2,3,3,3,3,3,3,3,3,3,3,2,3,2,2,2,2,3,3,2,2,2,2,3,3,4,3,5,6,6,6,4,3,2,3,1,2,4,3,2,4,6,5,3,1,1,4,4,5,7,7,5,5,5,5,6,5,5,5,4,4,4,3,2,3,4,5,4,5,5,4,5,5,4,3,4,3,3,2,2,3,2,3,5,4,3,3,1,2,2,3,5,5,4,3,3,5,6,6,2,1,0,1,3,3,3,2,4,5,5,4,2,1,3,5,4,1,2,3,4,5,4,3,2,3,2,3,4,4,4,6,6,4,2,3,4,4,4,3,4,5,5,5,5,4,2,2,4,4,4,4,4,4,4,4,6,6,4,3,2,2,4,4,4,3,3,3,3,3,3,3,3,3,3,2,4,3,3,3,4,4,4,4,3,3,4,5,4,3,3,2,2,1,2,3,1,1,2,1,1,1,2,2,1,3,2,3,3,3,3,3,2,2,3,3,3,3,4,4,2,2,2,1,1,1,1,1,3,3,2,3,5,5,3,3,4,4,3,1,1,1,2,2,4,5,4,4,3,4,4,4,5,2,3,3,3,4,4,4,2,1,1,1,1,1,1,1,1,2,2,3,3,4,4,2,3,3,3,3,5,5,5,4,5,4,4,4,4,5,5,4,4,5,5,5,5,4,4,3,2,2,3,3,1,1,1,1,1,1,1,2,3,2,2,2,3,2,1,1,1,1,1,0,1,2,3,3,3,3,2,1,2,2,3,3,4,3,4,4,3,3,3,3,2,3,3,3,2,2,3,3,4,4,3,3,4,3,3,3,2,2,2,2,2,2,2,2,3,3,3,3,2,2,2,2,2,2,2,2,1,2,2,2,2,2,3,3,2,2,2,2,2,3,2,3,3,2,1,3,3,1,2,3,4,3,2,2,2,3,4,4,2,3,3,2,2,2,3,3,2,3,3,3,3,4,3,2,2,2,1,1,1,1,1,2,3,3,2,3,3,3,3,2,4,2,2,2,4,5,4,3,3,3,3,3,3,3,3,2,1,1,2,2,2,3,4,4,5,4,5,5,5,4,5,4,4,4,4,4,5,6,5,3,4,2,2,4,4,4,4,3,4,4,3,3,2,2,2,2,3,3,4,3,3,3,1,3,2,2,2,3,3,3,4,2,1,2,4,3,2,3,6,5,1,1,2,2,3,3,4,5,5,6,5,5,5,5,5,6,3,1,1,3,3,4,4,4,1,2,4,2,1,2,3,3,1,1,2,4,4,4,3,3,4,3,3,3,3,3,3,3,3,4,6,4,2,1,2,5,5,4,3,3,3,3,3,4,4,2,1,3,4,3,1,2,2,2,3,4,4,4,3,2,4,4,5,5,5,5,6,3,0,1,2,3,2,2,1,1,3,3,3,3,3,3,2,2,3,4,4,4,3,3,5,6,3,3,4,2,4,3,2,3,3,3,4,4,3,1,1,1,3,5,2,1,3,3,6,5,4,5,5,4,4,5,4,3,2,2,3,4,4,3,3,4,2,1,2,3,5,5,6,7,4,3,2,1,1,1,2,3,3,2,1,2,2,2
75,3,4,1,3,5,6,6,4,4,3,5,5,6,6,5,4,2,4,4,4,4,4,4,4,3,1,2,4,4,4,4,4,2,3,2,3,3,4,4,5,6,4,2,3,4,2,1,1,3,1,1,3,4,4,4,4,3,2,3,5,4,3,2,1,2,3,3,5,6,4,3,2,1,3,3,3,3,4,3,2,3,4,6,6,4,5,6,6,5,2,2,3,4,4,4,4,3,3,4,3,2,2,2,3,1,1,2,3,2,2,4,4,3,1,2,2,3,0,0,2,1,2,2,3,3,4,4,5,5,5,6,4,3,5,6,6,4,2,4,6,6,5,3,2,2,4,5,4,3,2,2,2,2,2,3,3,3,3,3,3,3,1,2,2,2,1,2,5,5,3,1,3,3,4,4,4,4,4,3,3,4,3,2,2,2,1,1,1,1,2,2,2,2,3,3,2,3,3,3,3,4,3,4,3,4,4,3,4,2,2,4,5,5,4,2,2,3,3,3,2,2,1,1,1,2,2,2,2,2,2,2,2,2,2,3,4,3,4,3,2,2,2,2,2,3,3,4,4,4,3,3,4,3,3,2,3,3,3,3,4,3,2,2,2,3,3,4,4,2,1,1,1,2,4,5,4,4,3,3,3,3,3,3,2,2,3,3,3,4,3,2,4,4,5,5,3,2,2,1,2,2,2,2,1,2,5,4,4,4,4,3,4,4,3,3,3,3,3,3,3,3,3,3,1,2,2,3,4,4,5,5,6,7,6,4,4,2,2,3,3,2,2,2,1,1,2,4,3,3,4,3,3,3,2,0,1,3,4,3,4,1,1,5,4,2,5,7,5,2,1,2,2,2,2,3,3,5,4,2,4,4,4,3,3,3,3,5,5,6,5,4,5,3,3,2,3,2,2,3,2,3,2,2,2,2,3,2,1,3,6,5,3,3,3,4,4,4,6,5,4,2,2,3,3,2,0,1,1,2,3,4,6,7,6,4,2,2,3,4,5,6,3,1,2,3,4,3,0,3,4,3,5,8,7,5,3,2,1,1,2,4,4,4,4,2,2,3,3,4,4,4,3,2,3,3,3,3,3,2,1,2,4,4,4,2,3,3,2,2,5,4,3,4,4,3,4,5,6,5,4,4,3,2,1,1,5,5,5,5,4,4,4,4,0,3,5,5,5,5,4,6,2,2,2,3,3,3,3,3,4,3,3,3,3,3,3,4,4,4,3,3,3,4,4,4,3,2,2,2,1,1,1,1,3,1,1,1,2,2,1,1,3,5,4,3,2,4,5,4,3,3,2,3,3,3,3,3,3,3,3,3,2,4,4,4,3,3,3,3,3,3,3,3,3,2,2,3,3,4,4,3,4,5,5,3,2,4,4,3,2,5,6,6,6,5,3,2,3,3,3,3,2,2,2,3,4,4,4,4,3,3,3,2,2,3,3,3,2,2,2,3,3,3,4,4,4,4,4,3,1,2,2,2,2,1,3,3,4,3,2,3,3,3,1,2,1,1,1,3,3,3,3,3,4,4,4,3,3,3,3,4,4,3,3,3,3,3,3,2,2,2,2,2,2,2,2,2,3,3,3,2,3,2,3,3,4,3,4,3,2,2,3,3,3,3,4,3,3,3,3,3,4,5,4,4,4,5,5,4,4,4,2,2,2,3,4,4,3,2,2,2,2,3,3,2,4,4,1,2,2,3,4,4,2,2,2,2,2,2,2,2,1,2,3,3,3,3,2,1,2,2,2,2,1,1,1,1,2,2,2,2,2,2,2,2,3,2,2,2,2,3,3,3,2,3,4,5,5,6,6,5,3,4,4,3,3,3,2,3,4,2,1,2,2,4,6,4,3,3,3,3,4,4,4,4,2,3,3,3,2,2,2,1,2,2,2,2,2,2,2,2,2,3,2,2,3,3,3,4,2,2,3,2,3,3,3,3,3,4,3,2,3,3,3,3,3,3,3,4,4,4,4,4,4,4,4,4,4,4,4,4,4,3,4,5,4,5,3,1,2,3,3,3,2,2,2,1,2,2,2,2,3,3,3,2,2,1,2,2,2,4,5,6,3,4,3,3,3,3,3,3,3,3,4,4,3,2,1,2,2,3,3,3,3,4,4,2,2,3,5,4,2,3,2,2,1,1,1,2,2,3,2,2,5,7,4,3,4,4,3,2,0,1,1,1,2,2,2,2,2,2,3,3,4,4,4,4,5,5,3,2,2,4,5,5,3,3,3,2,3,4,4,6,3,1,3,4,5,6,6,3,3,5,5,5,4,3,2,2,2,5,7,7,4,3,1,0,2,3,2,2,2,2,2,3,1,2,4,4,4,4
76,3,4,3,1,1,1,2,3,3,2,4,5,5,5,4,2,2,3,3,2,2,4,4,4,3,3,3,3,4,3,2,2,2,3,3,5,3,2,2,3,3,2,2,3,3,3,3,3,3,4,4,5,6,4,3,2,2,3,4,4,3,2,2,2,1,3,3,3,3,2,3,2,2,3,2,2,2,3,3,3,4,2,2,2,2,3,3,3,3,3,3,3,3,2,3,3,3,3,2,3,3,3,3,3,3,2,1,2,3,4,4,4,2,2,2,2,2,3,3,4,4,4,4,4,3,3,3,2,2,2,3,1,3,9,8,3,2,5,4,4,4,3,2,2,2,3,5,7,7,5,4,4,5,3,3,3,3,3,4,5,5,3,3,3,3,3,3,3,3,4,4,4,4,4,4,4,4,2,2,3,3,3,4,4,4,3,3,3,3,2,2,1,0,1,3,5,5,3,2,2,3,5,4,4,4,3,3,2,2,0,2,2,3,3,2,2,0,5,6,5,5,3,3,4,5,4,5,6,3,2,2,2,2,3,3,3,3,3,4,4,5,5,4,3,2,2,3,3,2,1,2,2,2,2,2,2,2,2,2,3,4,3,4,4,5,4,3,4,3,3,3,3,3,3,3,3,4,4,4,4,4,3,3,3,2,3,2,2,2,2,2,1,1,1,2,2,2,2,2,3,4,4,3,2,2,2,3,3,3,2,2,3,2,2,4,4,3,3,4,4,4,4,5,5,6,5,4,4,6,4,3,3,3,3,3,3,3,3,3,3,2,3,3,3,3,2,2,4,5,6,5,3,2,1,1,3,3,2,2,3,5,5,5,6,5,3,3,4,4,3,3,2,2,2,2,3,3,4,3,3,3,3,2,4,4,3,3,3,4,4,4,4,4,3,3,3,3,3,3,3,3,2,4,5,5,5,5,5,5,4,4,4,4,4,4,4,4,2,4,4,3,5,5,3,2,2,3,3,4,4,4,5,5,3,3,1,2,4,4,5,6,5,2,1,1,3,3,3,4,4,3,2,2,2,3,5,6,4,4,3,3,3,1,1,2,1,1,1,1,1,1,1,1,2,3,3,3,2,2,2,1,3,3,3,2,2,2,2,3,4,2,2,2,3,4,4,3,2,2,2,2,2,1,0,1,2,3,4,4,3,2,2,2,1,3,4,3,2,2,2,2,2,4,4,4,4,4,3,2,2,3,3,2,2,3,4,4,4,4,4,4,3,3,2,2,3,4,4,3,4,4,4,3,4,5,5,5,5,4,4,3,2,1,1,2,2,2,3,3,4,5,5,5,5,5,5,4,6,10,9,7,3,2,4,5,6,6,5,3,3,3,3,4,5,4,3,3,3,4,6,3,1,4,3,1,2,3,4,3,2,3,3,3,3,4,4,4,3,3,2,2,2,4,4,4,4,3,2,3,3,3,3,3,3,3,3,4,3,3,1,1,4,4,4,3,3,3,3,3,4,6,4,1,1,2,2,1,2,2,1,2,3,3,3,3,1,1,1,1,1,2,2,1,1,1,2,3,2,4,5,5,4,4,5,5,5,4,4,4,4,3,3,2,2,2,2,2,2,3,4,4,3,5,4,3,1,1,1,1,1,1,3,2,3,1,0,1,3,5,3,2,2,2,2,2,2,2,1,2,3,2,2,2,4,5,4,4,1,1,3,5,5,2,1,1,0,1,2,3,3,3,3,3,2,2,2,2,3,3,3,3,3,4,3,2,3,4,5,4,2,1,3,4,4,4,4,3,3,3,3,3,3,3,4,3,4,4,4,4,4,4,4,4,3,3,3,3,3,3,3,4,4,4,3,3,2,2,2,1,2,2,3,3,3,3,2,2,1,2,3,3,1,1,2,4,3,3,3,3,2,1,1,2,3,3,3,3,4,4,4,4,3,2,3,4,4,3,3,3,2,2,2,2,2,2,2,2,3,2,2,2,3,3,4,4,1,1,2,2,2,2,3,3,3,2,2,3,3,3,3,4,4,3,3,3,3,3,3,3,2,1,2,2,3,4,4,4,5,5,4,4,4,4,4,4,1,1,2,2,2,2,2,2,2,2,2,2,2,2,2,2,3,4,3,2,3,3,3,1,4,4,4,3,3,3,3,2,3,2,2,1,1,5,4,3,2,1,1,1,1,1,1,3,5,5,4,4,4,4,5,4,3,2,4,3,3,4,4,6,4,2,3,5,7,7,6,6,4,2,4,3,3,3,3,3,2,2,2,4,4,3,2,1,1,1,2,2,1,2,1,1,2,2,2,2,2,2,2,2,3,3,3,3,3,3,3,3,2,2,3,4,4,4,3,3,3,3,3,3,3,3
77,2,3,2,2,2,4,4,5,7,4,3,4,3,4,4,3,2,3,3,3,3,3,3,3,2,2,2,2,2,2,2,2,2,2,2,3,3,2,2,2,3,3,2,3,3,3,3,3,2,2,2,2,3,3,4,3,3,2,2,2,2,2,2,2,2,2,2,3,3,3,3,3,3,2,3,3,3,3,4,5,3,1,1,1,1,2,2,2,2,3,3,4,4,4,4,4,4,5,4,1,1,2,3,3,2,3,4,4,4,4,3,3,3,5,6,5,4,4,3,3,3,9,6,2,3,3,5,5,4,4,3,1,2,4,3,2,3,3,3,3,3,4,4,4,4,2,3,3,3,3,4,3,3,4,4,4,3,2,3,4,3,2,2,3,4,3,4,4,2,2,4,3,3,4,4,4,3,3,4,4,4,3,2,0,1,3,4,4,3,3,3,2,1,2,3,3,3,4,3,3,2,3,3,3,3,2,2,1,2,4,4,4,4,4,4,4,5,5,4,4,3,4,4,5,5,5,6,5,4,3,3,1,1,1,1,2,2,2,2,3,4,4,3,3,4,5,5,5,3,2,2,2,1,1,3,2,1,1,0,4,3,2,2,3,6,8,8,4,2,2,4,4,4,3,3,3,3,3,3,3,3,4,5,6,3,2,3,4,2,2,3,3,3,4,4,4,4,4,2,3,4,5,5,4,1,3,4,4,5,4,3,3,2,2,2,2,2,2,2,4,4,4,2,2,2,3,3,4,5,3,3,2,2,3,4,4,6,5,5,4,4,3,3,4,3,2,3,4,4,4,4,3,2,3,4,3,3,3,3,5,7,5,4,5,5,5,4,2,2,4,4,3,3,3,2,3,3,3,3,4,4,3,3,3,4,7,8,6,4,3,3,3,4,5,5,5,3,3,3,1,1,2,2,0,0,2,2,2,0,0,1,4,4,3,1,1,1,4,2,0,2,4,5,5,3,2,2,4,3,3,3,4,4,6,5,5,4,3,3,3,5,4,2,4,6,5,4,3,1,2,3,3,3,4,4,4,3,2,3,3,2,2,2,2,2,1,2,3,4,2,2,1,2,6,5,3,4,5,6,4,3,4,6,6,5,3,3,4,5,5,4,4,3,3,3,3,4,4,3,2,2,3,3,2,2,1,1,2,2,2,1,0,0,3,5,6,4,4,6,6,4,1,3,6,8,9,7,5,3,3,3,3,3,3,3,3,3,2,2,3,2,2,1,2,3,4,5,5,4,2,1,3,4,2,2,2,2,2,1,2,3,0,2,4,3,4,4,5,5,6,4,4,4,3,2,3,4,4,4,3,3,3,3,4,4,1,2,2,2,2,3,3,3,4,6,5,3,2,4,4,2,3,3,3,3,3,3,5,5,2,2,2,2,2,2,2,2,2,2,2,3,3,4,4,4,4,5,4,4,4,3,3,3,1,1,3,3,3,3,2,1,2,2,3,3,3,3,3,3,3,2,2,1,2,3,5,7,8,7,6,4,3,2,2,2,1,1,1,1,1,1,1,1,4,4,3,3,3,3,3,3,2,2,3,3,2,2,2,2,2,1,3,3,3,3,2,2,2,2,4,3,3,3,3,4,3,3,3,3,3,3,3,3,2,1,1,2,4,3,4,4,4,4,3,3,4,3,2,0,2,4,5,2,3,3,3,4,3,4,4,3,2,3,2,2,4,3,3,4,5,4,4,4,1,2,2,3,3,2,2,2,1,2,3,3,3,1,2,3,1,2,2,3,3,3,4,4,2,4,4,3,3,3,3,3,1,2,2,2,2,3,3,3,4,3,3,3,3,3,3,4,4,3,2,2,2,1,2,3,1,2,3,3,3,3,2,2,2,3,4,4,4,3,3,3,1,1,2,2,3,3,2,3,5,5,5,5,5,5,5,5,4,3,3,3,2,2,2,2,1,1,2,3,3,2,2,2,5,4,3,3,4,4,5,5,4,3,3,2,2,1,1,1,3,3,2,1,1,1,2,2,2,2,2,2,2,2,2,2,3,4,4,4,4,4,3,3,2,2,2,2,2,2,2,2,3,2,2,4,4,4,4,4,4,4,4,4,4,4,3,3,4,5,5,5,5,5,4,4,1,1,2,3,3,2,2,1,4,5,3,2,2,4,4,2,1,1,1,1,3,3,5,4,1,1,3,3,2,2,1,2,6,5,4,4,3,2,4,4,3,2,2,1,3,3,5,5,3,5,6,6,6,6,5,4,4,4,4,4,4,4,4,4,3,2,2,2,4,4,3,3,2,2,2,2,2,2,2,2,2,3,3,3,4,4,3,3,3,2,2,4,6,6,6,4,1,1,2,2,3,3
78,1,3,4,3,2,2,2,2,3,3,3,3,3,3,3,3,3,2,2,2,2,2,2,2,2,3,4,4,4,4,3,3,2,3,5,5,4,4,5,4,2,2,2,2,2,2,2,2,3,4,4,5,5,4,4,3,2,2,2,3,3,3,2,2,2,4,4,5,5,6,4,3,3,5,4,3,2,2,2,3,3,3,3,3,3,3,3,3,3,1,1,1,1,1,1,1,1,2,2,2,4,3,3,3,3,2,2,3,3,3,3,3,4,3,2,2,2,2,3,4,4,6,4,2,2,2,2,3,3,2,2,2,2,3,5,4,3,3,4,3,2,3,3,3,4,2,3,3,3,1,0,0,1,3,3,3,3,2,3,2,2,5,5,3,4,5,6,5,4,4,4,4,4,5,5,4,4,5,6,6,4,4,5,4,3,4,4,3,3,5,5,3,1,3,3,2,3,3,2,2,2,2,3,4,5,7,5,3,3,2,2,1,2,2,2,3,3,5,4,1,1,3,4,4,2,3,3,3,2,3,3,3,3,3,3,2,2,2,2,2,2,3,2,1,1,2,5,9,6,3,3,3,3,4,4,2,2,4,3,3,3,4,4,4,4,5,4,3,3,2,3,3,3,3,3,3,3,4,3,3,4,4,4,5,5,5,4,4,3,3,4,5,5,5,4,3,2,2,3,3,1,1,1,1,3,5,5,5,5,3,3,3,3,2,2,3,2,1,1,1,2,1,1,0,1,4,3,2,1,2,4,3,3,3,4,4,3,2,3,3,3,3,4,4,3,2,2,2,2,3,3,3,3,4,4,5,5,4,4,5,4,2,4,4,3,2,4,5,3,2,3,4,3,3,4,5,6,3,0,2,4,4,2,2,4,4,3,3,3,2,3,3,3,3,2,3,3,3,2,2,2,2,2,2,3,3,4,4,4,2,3,6,7,7,6,3,1,4,4,4,3,3,3,3,2,3,3,3,3,3,3,3,3,4,3,2,2,3,3,3,3,3,4,4,4,3,2,3,4,2,3,5,5,5,4,2,1,3,3,2,2,2,1,1,1,1,1,2,2,2,4,4,3,3,3,4,4,4,4,2,1,3,4,5,4,2,3,5,5,5,5,4,4,4,4,4,4,2,3,4,3,1,1,2,3,4,4,4,3,2,3,6,8,4,3,3,4,3,3,5,3,2,2,2,2,2,2,2,1,2,2,2,2,3,3,4,4,4,1,1,5,5,6,3,0,1,2,2,3,3,3,3,2,2,2,2,2,2,2,2,2,4,4,4,4,4,4,4,4,5,5,4,4,3,3,3,3,3,3,3,3,3,3,3,3,4,4,4,4,4,4,4,4,3,1,0,0,1,2,2,2,2,3,4,3,2,2,3,3,2,2,2,2,2,2,2,2,1,3,6,5,3,2,2,4,5,4,2,2,3,3,3,3,1,3,3,1,1,2,5,5,3,3,3,3,3,3,3,3,5,4,4,4,4,4,4,4,3,3,3,3,3,2,3,4,2,1,1,1,1,2,2,3,4,6,3,1,2,4,3,4,2,1,1,2,2,1,1,2,3,2,2,3,3,3,3,3,3,2,3,4,4,4,3,3,2,2,2,3,3,3,3,3,2,1,0,1,1,1,2,3,3,3,3,3,3,2,2,2,2,3,5,5,4,3,3,3,2,3,3,2,2,2,4,5,5,5,4,4,2,1,0,2,1,2,2,3,2,2,1,1,2,3,4,4,4,3,2,2,3,2,1,1,3,3,2,1,2,2,2,2,2,2,2,2,2,1,2,3,4,4,4,4,5,3,4,4,5,5,5,5,4,3,4,4,3,3,3,3,3,3,3,3,3,3,3,3,3,3,3,3,3,3,3,2,1,3,5,6,5,3,1,1,2,2,2,2,4,4,4,5,3,3,3,3,3,3,3,3,2,2,3,3,3,3,4,4,3,2,1,1,1,1,2,3,2,3,3,3,3,3,3,1,1,1,1,2,2,2,2,2,4,3,4,4,4,4,5,5,4,3,3,3,3,3,4,3,2,2,2,2,2,2,2,2,2,2,2,2,2,2,2,2,1,1,2,2,2,2,2,2,1,1,2,4,3,3,3,2,2,2,3,2,2,2,5,5,4,5,7,5,2,1,2,3,1,1,1,2,2,2,2,2,2,2,2,2,1,1,1,1,1,2,2,2,2,2,3,3,3,4,5,4,3,3,5,5,2,3,6,5,6,6,6,7,6,4,3,1,3,4,4,3,3,2,2,2,2,2,2,2,3,3,3,3,3,3,3,3,2,1,2,2,1,2,3,3,3,3,3,3,3,3,3,3,3,3,3,3,3,3
79,1,1,2,3,3,2,3,6,5,2,2,3,4,4,3,3,3,5,5,4,4,4,4,4,5,5,5,3,2,3,2,2,4,2,2,2,3,3,3,4,4,1,1,2,2,1,1,3,4,4,2,2,1,2,4,4,2,2,2,2,2,3,3,4,5,7,6,4,4,2,2,2,2,2,2,2,2,3,3,5,7,3,4,3,4,4,5,4,5,1,1,2,2,3,3,2,2,2,2,2,2,2,2,2,2,3,4,4,4,3,3,4,4,1,1,2,3,3,3,3,3,4,3,3,3,3,3,3,3,4,4,2,3,6,8,7,5,4,3,3,3,3,2,2,2,1,1,2,2,2,2,3,3,3,4,4,3,3,2,2,2,5,4,5,4,2,2,3,3,1,1,3,5,4,2,2,3,4,3,4,4,3,3,3,3,2,2,2,3,3,3,3,3,3,2,2,2,2,2,2,2,3,3,2,2,2,3,4,4,4,3,1,1,3,3,4,4,4,4,5,5,5,4,4,4,4,3,2,3,4,5,4,3,1,1,2,4,4,3,3,4,0,3,3,3,3,3,4,5,6,4,2,3,3,5,5,3,2,1,3,4,4,4,2,2,4,4,3,3,3,4,5,5,3,3,4,4,4,4,5,5,3,3,3,3,3,3,3,3,4,4,4,4,4,4,4,5,5,5,4,3,2,2,2,1,1,2,5,5,4,4,3,3,3,3,3,4,4,4,3,3,2,2,2,1,1,1,3,3,3,1,1,3,2,2,2,1,2,3,3,3,3,3,3,2,3,3,2,4,4,4,3,4,3,5,4,4,4,4,4,4,6,8,4,2,2,3,4,3,4,3,3,3,4,4,3,3,2,2,2,2,2,2,2,2,4,4,3,4,3,3,3,3,3,3,3,3,4,5,5,5,4,4,3,3,4,4,4,4,7,8,7,5,4,3,2,2,3,5,6,5,5,4,3,3,3,3,5,5,4,2,2,3,3,2,1,1,2,3,1,1,3,2,1,1,1,2,2,3,4,2,1,3,5,7,7,5,4,5,5,4,4,5,6,3,1,2,2,2,3,3,3,4,4,4,4,4,3,4,3,3,3,4,4,4,3,3,3,5,6,4,3,1,2,2,4,4,2,2,2,2,2,2,2,2,4,4,4,4,3,3,3,3,3,3,3,3,4,4,4,3,3,2,2,4,5,5,5,3,4,6,6,6,5,3,4,4,3,3,3,3,4,4,5,5,2,2,3,3,3,3,3,2,4,4,4,4,4,4,4,4,3,3,4,4,3,3,4,5,3,2,2,4,5,5,3,1,2,1,1,2,4,5,4,2,1,5,7,4,1,0,3,4,2,3,3,2,1,1,3,4,3,3,3,3,1,1,2,4,3,2,3,2,2,3,1,1,4,3,4,4,5,5,4,4,2,2,1,1,1,2,4,4,6,4,3,2,2,2,3,4,3,2,3,3,3,4,4,5,6,6,4,3,2,2,3,2,3,2,1,2,3,3,3,3,2,3,3,2,2,1,2,2,3,3,3,2,2,2,3,2,2,3,3,3,3,4,4,4,3,3,3,3,3,4,5,5,3,2,2,3,3,3,3,2,2,3,3,3,2,3,3,4,3,3,3,4,4,5,5,4,3,4,4,4,3,3,2,3,3,3,4,4,3,3,2,2,4,4,3,3,3,2,2,2,1,2,2,3,2,2,1,1,0,2,2,4,4,3,3,3,1,1,1,1,1,1,1,2,4,4,4,4,4,4,4,4,2,2,2,2,2,2,2,2,1,2,5,6,3,2,3,3,2,2,2,2,2,2,2,2,5,5,5,5,5,6,5,5,1,1,2,2,3,3,3,4,2,1,2,2,2,3,3,3,2,2,2,2,2,2,2,2,2,3,3,4,4,3,3,2,3,3,4,4,5,5,4,4,4,4,4,4,5,5,5,5,4,3,4,3,2,2,3,3,2,2,2,2,2,2,2,2,2,3,3,2,2,4,4,2,2,3,3,3,3,4,4,3,2,3,2,2,3,3,3,3,4,4,2,0,2,4,5,5,3,3,3,1,1,1,3,4,2,2,1,2,3,3,1,1,2,3,4,3,2,2,3,4,4,3,3,2,2,1,1,2,1,2,3,3,3,4,5,6,4,3,3,3,3,3,3,3,3,4,3,3,3,4,4,2,5,5,2,2,4,5,5,4,4,4,4,4,4,4,5,5,5,4,2,2,2,3,3,1,2,3,2,2,2,2,2,2,3,2,2,2,2,3,3,2,2,2,2,2,2,2,2,2,2,5,5,4,3,3,1,1,1,1,2,3,3,3,3,3,3,4,5,4,4,3
80,4,3,2,1,3,4,2,4,4,0,2,3,2,3,3,2,3,6,6,6,6,5,3,3,3,2,2,3,3,3,2,1,2,3,4,5,6,5,5,5,5,4,3,2,2,2,3,4,4,3,2,3,4,4,4,3,2,0,3,3,2,4,5,4,1,2,2,4,4,4,2,2,3,1,1,1,1,1,1,2,3,5,6,4,3,3,2,2,2,4,4,3,3,2,2,2,2,2,2,3,3,3,3,2,6,6,1,0,1,3,4,3,0,1,2,3,3,2,3,3,1,2,5,7,7,7,5,2,2,2,4,5,5,5,3,1,1,3,3,3,3,4,4,4,4,2,2,2,3,5,5,4,4,4,4,4,3,3,3,4,4,3,3,2,2,2,2,2,2,1,2,3,3,4,3,3,3,5,5,3,1,1,2,4,6,5,5,6,5,4,5,5,4,3,3,2,3,3,4,4,5,3,3,3,4,4,5,4,4,3,2,1,1,1,2,4,6,5,4,4,4,4,3,3,3,1,1,1,1,1,1,1,1,2,1,2,3,3,3,2,2,2,3,3,1,3,5,4,3,3,3,2,3,3,3,3,3,0,1,2,3,4,4,4,4,3,3,4,4,5,6,6,7,3,3,3,3,3,3,3,3,3,3,3,3,3,3,3,3,3,3,4,4,4,3,5,5,5,5,4,3,2,3,3,4,4,3,3,3,3,3,3,3,4,4,5,5,5,5,6,6,3,1,3,4,3,2,3,2,1,3,3,2,3,3,4,4,5,6,6,5,4,5,4,3,3,3,3,3,4,4,5,6,1,2,4,3,1,1,1,2,5,4,4,3,3,4,4,4,3,3,3,3,3,3,3,3,3,2,2,2,2,2,2,2,3,3,3,3,3,4,4,5,3,2,3,3,3,3,3,2,3,2,0,4,7,8,6,2,3,3,3,3,3,2,2,2,3,3,3,3,4,4,4,2,5,5,3,2,2,2,3,5,2,2,2,2,3,2,3,3,3,3,3,3,3,2,2,1,3,4,3,3,3,3,4,5,4,3,2,2,1,3,4,4,4,4,4,5,2,1,1,2,6,6,6,6,5,5,5,4,4,3,3,1,1,2,3,4,3,3,7,7,6,5,4,5,3,3,3,4,4,3,2,3,4,5,5,4,3,4,4,2,2,2,2,2,2,2,2,3,3,3,3,3,3,3,3,3,3,3,3,3,3,3,3,3,4,4,4,4,5,5,5,5,3,3,3,1,1,1,1,1,2,2,3,3,3,3,4,4,2,4,4,5,4,2,3,5,3,1,1,1,3,4,4,3,5,4,4,4,4,2,2,2,3,3,3,3,3,3,3,3,2,2,3,4,3,3,3,3,4,4,3,4,3,3,2,3,3,3,3,3,3,3,3,3,4,4,5,5,4,4,2,2,4,4,4,3,3,3,2,2,5,5,4,4,4,4,4,3,2,1,1,3,3,3,3,4,3,4,4,4,4,4,4,4,5,5,4,3,4,4,4,2,1,3,2,2,2,2,1,1,2,3,3,3,3,3,3,3,3,3,4,4,4,4,3,3,2,1,2,2,2,2,2,1,3,3,3,3,3,3,4,5,2,1,3,4,4,3,3,2,2,3,2,1,1,2,5,6,4,4,1,1,2,2,1,2,3,3,4,5,5,4,3,3,3,3,3,3,3,3,3,3,3,0,0,1,4,1,0,1,1,1,1,1,1,1,1,2,3,2,2,2,2,2,2,3,5,4,2,2,3,2,1,0,1,1,3,3,4,4,5,6,3,3,2,2,2,2,1,1,2,2,2,2,2,2,2,2,4,3,3,4,5,5,5,5,1,2,2,1,1,1,2,2,3,2,1,2,2,3,3,4,4,2,2,2,2,2,2,2,2,1,2,3,4,4,4,4,2,1,0,2,4,4,4,3,1,2,3,3,2,3,4,3,3,3,3,2,2,2,1,3,4,3,3,4,3,4,4,3,2,2,2,3,3,3,3,3,2,1,1,2,4,5,3,3,2,1,2,4,6,6,4,3,4,6,5,3,1,3,6,6,3,3,4,3,2,3,4,4,2,3,2,3,3,3,3,3,4,4,2,2,2,1,2,1,1,2,4,5,4,3,1,2,4,4,3,1,2,3,3,2,1,2,2,2,2,3,3,2,1,2,2,2,3,3,1,1,1,1,2,3,4,4,4,4,3,3,3,3,3,3,3,3,5,2,2,3,3,1,2,2,2,3,3,3,3,3,3,3,4,3,3,3,3,3,3,3,4,5,5,5,5,5,5,5,3,2,2,2,3,3,3,3,3,3,2,2,3,3,4,4,4,4,4,4,3,3
81,5,2,2,3,3,1,1,2,3,4,3,3,3,4,4,4,4,1,2,1,1,1,1,2,1,3,5,5,5,5,5,4,2,2,2,2,3,3,3,3,3,3,1,2,3,5,6,5,5,4,4,4,4,4,4,4,4,4,4,2,2,2,4,4,4,4,4,4,4,4,4,4,3,7,11,11,7,5,6,5,7,5,5,3,2,2,3,4,4,3,2,3,5,5,4,2,3,3,2,2,2,3,2,2,2,3,3,3,2,2,3,2,2,3,4,5,5,3,2,2,3,5,4,3,2,3,4,6,5,5,9,7,6,9,10,5,2,4,5,5,4,2,2,4,6,5,4,3,3,4,4,4,3,4,4,4,4,3,3,3,3,3,3,2,3,5,5,3,3,4,4,3,3,3,3,4,3,3,4,5,5,4,3,2,1,2,2,2,2,2,2,2,3,4,2,1,2,2,2,1,1,2,3,3,4,4,4,5,5,4,4,5,5,6,6,7,7,4,3,5,5,5,4,4,5,5,4,4,3,3,2,1,3,4,1,1,1,4,6,6,5,5,5,5,4,4,3,2,2,2,2,2,2,3,3,3,3,4,4,4,4,5,3,2,3,4,2,1,2,3,3,1,0,1,5,6,5,7,6,4,3,4,4,3,3,1,1,1,4,4,2,3,5,4,3,3,4,1,1,3,5,6,5,3,2,3,3,3,3,5,5,6,5,3,1,1,1,3,3,2,2,1,3,4,3,2,1,1,3,3,3,5,6,6,6,4,3,4,3,2,2,4,4,4,4,6,6,4,3,3,4,5,5,3,3,3,4,5,6,6,5,3,2,3,3,4,3,3,4,1,2,4,4,4,3,2,3,2,1,3,5,5,4,2,2,3,5,6,5,3,2,1,1,1,1,3,4,5,5,5,4,2,5,4,4,4,5,4,4,3,3,4,3,3,3,2,3,5,5,4,3,4,4,3,4,2,2,2,1,3,5,6,3,2,3,3,3,3,3,3,4,3,2,2,2,2,2,2,2,3,3,3,3,2,3,4,4,6,6,4,2,3,4,4,4,4,5,6,6,4,1,1,1,1,1,3,7,6,6,4,2,1,2,3,2,1,1,4,4,2,1,2,4,3,1,4,4,4,4,2,2,2,2,4,4,4,4,3,3,2,2,3,4,2,4,3,3,3,4,4,3,2,1,2,3,5,5,3,1,3,5,3,3,6,5,4,9,8,4,5,5,3,1,2,2,3,1,2,2,3,3,4,4,3,2,4,5,5,4,1,1,1,1,2,3,3,3,1,1,2,3,3,3,3,2,2,3,2,1,1,2,2,2,2,2,4,4,4,4,3,3,2,2,4,4,3,3,4,4,4,4,2,3,5,4,2,2,4,4,4,3,3,3,3,3,3,4,2,3,3,3,3,2,2,4,2,2,3,2,3,3,3,2,1,1,1,1,1,1,1,1,0,1,1,2,3,4,4,5,2,3,2,2,3,5,5,2,2,3,3,3,3,3,3,3,4,4,4,3,1,2,3,4,5,5,4,4,4,4,3,3,2,2,2,2,3,3,3,2,0,2,2,3,3,3,4,5,6,4,3,4,5,7,7,5,2,3,3,4,3,3,2,1,3,2,2,2,2,2,2,3,3,4,4,3,3,3,4,4,2,1,3,3,2,3,2,2,4,3,2,1,2,4,4,4,2,1,3,4,3,2,2,3,3,3,3,3,3,3,3,3,3,3,3,3,3,3,3,3,2,2,2,1,2,2,1,1,1,2,4,2,1,5,7,5,2,2,2,2,1,2,2,2,3,3,4,4,4,4,3,3,6,8,6,4,3,4,4,4,2,2,2,2,2,2,3,4,3,3,2,2,3,3,2,2,3,2,1,1,3,4,5,5,4,4,3,3,3,3,3,2,2,3,4,4,3,3,5,6,2,3,5,4,5,7,7,6,4,3,3,2,2,2,3,3,4,4,4,4,4,2,2,3,1,1,2,2,4,4,3,5,2,3,4,5,6,5,2,2,3,3,3,4,3,3,3,3,3,4,3,3,3,5,2,1,2,2,2,3,3,3,4,3,4,2,3,7,6,3,2,5,8,5,4,4,3,3,4,4,5,6,6,4,2,2,2,6,5,2,2,3,3,3,6,5,3,3,3,3,3,3,3,2,1,2,2,3,2,2,2,2,3,5,2,1,2,4,5,4,2,2,3,4,3,3,3,4,2,5,7,6,4,1,0,2,3,3,3,3,3,3,3,5,3,2,2,3,5,5,4,2,2,4,4,4,3,3,4,3,2,1,1,1,1,2,3,4,4,3,3,3,4,4,4,3,3,3,3,4,3,3
82,8,7,5,2,2,2,2,3,3,2,3,3,3,3,3,5,5,2,1,3,1,1,3,3,1,1,3,3,2,4,5,3,1,2,2,2,2,2,2,3,1,1,2,2,1,3,4,4,4,4,3,4,5,4,4,4,3,3,4,5,3,2,2,3,3,2,2,3,5,4,4,4,4,3,3,3,3,3,3,3,3,4,3,3,3,2,2,2,3,4,4,4,3,3,3,2,2,4,4,5,5,4,3,3,2,1,3,4,4,4,3,2,2,2,2,2,2,2,2,2,3,4,3,3,4,5,4,5,3,2,1,2,2,3,2,3,4,3,3,1,2,3,3,3,4,3,4,5,3,2,2,3,4,2,2,2,2,2,2,2,2,3,5,6,6,6,5,5,7,4,1,5,6,5,6,6,3,1,1,3,4,2,3,6,5,4,4,3,3,3,3,2,2,3,3,3,3,3,3,3,3,5,3,2,2,3,4,5,4,2,2,3,1,1,1,1,2,1,2,3,4,5,4,3,2,3,2,2,3,3,4,4,3,5,4,3,3,3,3,4,5,2,2,3,3,3,3,4,4,4,6,5,3,3,6,7,5,7,3,1,0,2,2,4,4,3,3,3,3,3,3,3,2,0,0,1,3,4,5,5,5,2,1,3,3,3,3,4,4,1,1,2,3,4,4,3,3,4,5,4,4,4,4,4,3,5,4,4,3,3,1,1,1,4,1,1,1,1,2,2,2,4,4,5,4,4,4,4,4,2,2,2,2,2,2,2,3,3,3,3,3,3,3,3,3,3,3,3,3,3,3,3,3,3,2,2,2,2,2,3,4,3,3,3,4,4,4,4,3,2,6,8,7,4,3,3,3,1,1,2,2,2,2,3,4,7,5,5,4,3,3,3,2,1,2,2,2,2,2,1,2,5,3,4,4,3,2,2,2,1,3,3,5,5,5,4,3,3,2,2,2,3,3,3,3,4,6,6,5,3,2,3,5,5,3,2,3,4,4,6,5,1,1,0,1,1,3,3,2,2,3,3,3,3,3,3,3,4,2,1,2,4,2,1,2,3,3,3,3,3,3,3,3,3,4,4,5,4,3,4,5,3,3,3,3,4,4,4,3,5,5,2,1,4,5,3,0,3,2,2,1,1,2,2,3,2,1,3,3,3,4,2,2,2,1,1,2,2,2,3,4,5,5,4,4,3,3,5,5,3,3,3,3,3,4,4,4,5,5,5,5,5,5,5,4,10,13,9,6,4,5,6,7,6,5,4,4,3,3,3,4,1,3,4,3,1,2,3,3,3,3,3,3,3,3,3,3,1,1,3,3,4,3,4,3,4,2,3,3,1,1,2,1,4,4,4,3,4,6,6,4,7,7,6,5,6,6,4,3,3,2,2,3,3,3,4,4,2,2,2,2,3,3,3,3,3,2,2,2,1,1,1,1,1,2,3,4,4,4,3,2,4,4,4,4,4,3,1,1,2,4,5,5,3,1,1,4,4,4,4,4,4,4,3,1,2,2,2,2,3,3,4,4,3,3,2,2,3,4,5,6,4,3,3,2,2,2,1,1,6,5,4,4,3,3,1,0,2,2,2,2,3,3,3,4,5,5,4,4,4,2,3,4,3,3,3,3,2,2,2,4,3,3,3,2,2,2,3,2,1,3,3,3,2,1,3,2,2,2,2,3,3,3,4,4,4,4,3,3,3,4,6,6,4,4,4,4,3,3,3,3,3,3,3,3,3,3,3,3,4,3,3,2,4,4,3,3,3,3,3,4,4,4,6,4,2,2,2,2,2,2,2,2,1,3,4,4,3,2,2,2,2,2,2,2,2,2,2,2,1,1,1,3,3,3,1,1,2,1,0,1,3,4,4,2,1,2,3,3,2,1,1,1,3,3,3,3,2,2,1,1,2,2,3,3,2,4,4,4,4,3,3,3,2,2,1,1,0,2,2,2,4,5,7,5,3,1,2,3,3,2,2,2,3,3,1,1,1,2,4,7,5,2,3,5,6,5,4,3,4,3,3,3,4,4,3,3,4,4,4,4,5,5,4,3,2,2,2,2,2,3,4,3,3,3,3,3,2,2,2,2,2,4,4,3,1,1,1,2,2,2,3,4,3,3,3,3,3,4,4,4,3,3,3,3,3,3,3,3,3,3,3,3,3,3,4,4,4,4,4,3,1,3,3,3,2,1,2,4,4,3,4,4,4,2,3,4,2,1,2,2,3,3,2,2,4,4,4,4,4,5,5,5,4,3,2,2,2,2,2,2,1,1,1,1,1,2,2,2,2,0,2,3,3,2,2,3,3,2,1,1,1,2,3,3,1,1,2,2,3,3
83,6,4,4,4,2,2,2,2,3,4,3,3,4,4,4,3,3,3,2,2,2,2,2,0,0,2,2,3,3,3,3,2,2,4,2,2,2,3,4,6,7,3,2,2,2,2,2,1,1,3,3,3,3,3,3,3,3,3,3,3,2,3,3,3,3,2,2,2,3,3,3,3,3,3,3,3,4,4,4,5,3,0,3,3,1,1,2,2,2,3,3,3,3,3,3,3,4,4,4,5,5,5,4,2,2,2,4,4,4,4,4,5,5,3,2,2,2,3,3,3,3,4,5,4,4,4,4,4,4,2,2,2,2,4,4,4,4,2,1,1,1,3,3,5,4,4,4,6,5,5,2,2,2,3,3,3,3,3,3,3,4,5,3,2,2,2,2,3,3,2,3,3,3,3,3,4,3,2,2,2,2,2,2,2,2,3,3,3,3,2,2,2,2,1,1,1,3,3,3,1,1,2,2,3,3,3,3,5,3,1,2,2,4,6,6,5,5,5,5,5,4,4,4,4,2,2,2,2,2,2,2,2,2,4,4,1,4,6,4,1,2,2,0,0,1,3,4,3,1,1,2,2,2,2,2,2,2,5,4,4,3,3,2,1,3,5,3,3,4,4,4,4,3,4,4,3,3,3,3,3,3,2,2,2,3,4,5,4,4,3,3,4,4,4,4,3,3,4,4,6,6,6,4,4,6,5,6,4,3,3,4,5,4,4,3,2,2,2,3,3,3,2,2,3,3,3,3,2,2,2,3,3,4,3,3,2,2,3,5,4,2,3,3,4,3,2,3,3,4,3,2,1,3,5,2,1,1,3,3,3,2,1,1,3,3,3,3,2,3,5,4,3,4,4,4,3,4,4,4,4,4,4,3,3,3,5,5,5,5,4,5,4,4,3,5,7,5,3,4,4,1,1,1,1,1,2,2,2,1,4,4,3,3,4,5,5,3,5,5,3,3,4,3,3,4,7,6,5,4,4,4,4,5,3,2,3,5,6,6,5,4,2,3,4,4,3,2,3,3,3,3,3,3,4,5,5,6,3,2,4,4,4,3,3,4,5,5,7,6,4,3,2,2,3,4,3,2,2,2,1,1,2,3,3,5,5,7,7,7,6,4,3,3,3,2,4,4,3,3,3,2,2,2,3,3,5,5,2,2,2,3,4,4,4,4,4,2,2,3,4,4,2,2,3,3,2,2,2,1,2,3,5,5,3,2,3,4,4,5,5,5,4,4,4,5,3,2,2,2,1,2,2,2,4,4,3,3,4,3,2,2,1,3,4,5,4,2,1,2,5,3,1,3,2,2,3,3,0,2,2,1,3,4,4,3,2,2,3,3,3,3,3,3,1,1,3,4,4,4,3,3,3,4,4,4,5,4,3,3,2,4,5,5,5,4,4,4,2,3,3,3,2,3,5,6,5,4,4,4,3,2,4,3,1,4,6,5,4,3,4,4,2,2,1,1,3,3,5,5,4,4,5,4,2,0,4,5,3,2,2,1,1,2,3,3,2,3,4,4,3,3,3,3,1,2,3,3,4,3,3,2,2,2,2,2,1,1,1,1,2,2,2,1,1,2,2,2,2,3,4,3,2,2,3,4,4,4,4,4,4,4,3,2,3,4,4,4,3,2,2,3,3,1,0,0,1,2,3,2,3,6,6,4,3,2,2,2,3,4,3,3,3,2,2,1,1,2,3,2,2,4,3,2,3,3,3,2,2,2,2,2,2,2,3,3,3,3,3,3,3,3,3,3,3,3,3,3,3,3,4,4,4,4,5,5,1,1,1,2,2,1,1,1,1,2,4,4,3,3,4,5,3,3,2,3,3,3,3,2,2,2,1,1,1,1,3,3,4,3,3,5,6,6,6,4,3,4,3,2,2,4,5,4,3,4,4,2,2,2,2,2,3,3,3,3,3,2,2,2,3,2,2,2,3,3,3,3,1,2,2,3,3,2,3,3,5,5,4,4,3,3,3,2,2,3,3,3,3,3,3,3,2,2,4,3,3,3,4,3,1,1,2,2,3,4,3,2,4,3,2,2,2,3,5,5,3,3,3,3,3,3,3,3,3,3,5,5,4,4,2,3,2,1,3,3,3,5,5,4,3,3,3,2,2,2,1,2,4,3,3,2,2,3,3,3,2,2,2,2,2,2,2,2,3,3,3,3,3,3,3,4,3,3,2,2,2,2,3,3,3,2,2,1,2,3,3,3,4,4,5,6,5,4,2,0,2,5,4,3,4,3,3,4,2,2,2,2,1,2,3,3,5,3,1,3,4,4,3,3,3,3,4,5,4,3,4,2,2,2,2,3,4,4,4,3,5,2,2,2,3,2
84,4,3,2,2,2,2,2,2,2,3,3,3,3,3,3,3,3,3,3,2,2,2,2,1,1,2,2,1,1,2,3,4,4,4,4,3,3,2,2,2,2,4,5,3,2,2,4,5,5,4,4,4,4,4,4,3,3,2,1,3,3,4,2,1,1,4,4,3,3,2,2,2,2,3,3,3,2,2,1,2,2,1,3,3,2,3,4,4,4,1,1,2,1,1,1,1,2,4,5,6,5,4,3,4,5,3,3,2,1,1,1,2,3,2,2,4,4,4,4,2,2,1,1,2,3,5,7,7,7,2,3,6,8,8,7,3,2,1,2,2,1,1,1,3,5,3,3,3,3,2,2,2,2,2,2,2,2,2,2,2,2,2,2,2,2,2,2,2,2,4,2,3,4,5,5,4,3,3,3,4,4,4,4,3,3,3,2,1,1,3,3,2,1,2,2,2,2,2,2,2,2,1,1,1,2,2,3,3,3,1,1,3,5,4,3,2,2,5,4,3,2,2,3,4,5,3,3,4,4,4,4,4,4,3,3,3,3,3,3,3,3,2,2,2,2,2,2,2,2,3,3,3,2,2,1,1,1,3,3,2,1,1,2,3,3,3,3,3,3,3,3,3,3,2,2,3,3,3,3,2,2,3,2,1,1,2,3,2,1,3,3,4,4,3,2,1,1,3,1,2,5,5,2,1,3,2,3,4,4,3,3,5,6,3,2,2,2,2,2,2,2,4,4,4,4,4,4,4,4,2,2,2,3,4,4,3,2,2,2,2,2,2,2,2,2,3,2,3,2,3,3,4,4,2,2,2,1,2,3,5,6,3,5,5,3,2,4,4,2,1,1,1,2,3,3,3,3,3,3,4,4,4,4,4,4,3,3,3,3,4,4,4,4,4,3,3,4,6,6,5,4,3,3,3,3,3,3,3,3,8,7,5,4,2,2,3,3,1,1,1,1,1,1,1,1,5,4,3,3,3,3,4,3,4,4,3,1,1,2,4,5,6,6,5,3,1,0,1,3,3,3,2,2,2,3,4,4,3,3,3,3,4,4,4,4,2,2,2,2,2,2,1,1,4,4,4,4,4,4,4,4,2,2,2,3,3,4,4,4,5,3,1,1,2,2,2,1,3,3,3,3,3,3,3,3,5,4,3,3,3,3,4,5,2,3,4,4,3,1,1,2,4,3,3,4,5,5,4,2,3,4,5,5,5,5,4,4,3,3,3,3,2,2,3,3,4,2,2,4,5,6,4,2,1,1,1,1,1,1,1,1,3,3,3,3,3,3,3,3,2,2,2,2,2,2,2,2,3,3,3,3,3,3,3,3,3,3,3,2,2,2,1,1,3,2,2,3,4,5,3,1,1,3,4,3,2,1,2,3,2,3,3,4,4,4,2,3,0,5,7,5,2,1,2,2,3,3,3,3,3,3,3,3,1,1,2,3,3,4,4,5,7,6,7,8,8,4,2,1,3,2,3,3,3,3,1,0,1,1,1,1,1,1,2,2,3,2,2,2,1,1,1,1,4,3,1,1,2,3,2,0,2,2,2,2,2,2,2,2,4,4,4,4,4,4,4,4,5,4,4,5,4,4,5,4,6,4,4,5,5,3,3,4,5,4,4,4,3,2,2,2,3,3,4,4,4,4,4,4,3,3,3,3,3,3,3,3,2,2,2,2,3,2,1,2,3,3,3,3,3,3,3,3,2,1,1,1,2,2,2,2,2,2,2,2,1,1,1,2,2,2,3,3,3,3,2,2,3,3,3,3,4,4,4,4,2,2,2,2,2,2,2,2,1,1,1,2,4,4,5,6,5,4,4,2,2,2,3,4,4,3,3,2,2,2,4,4,3,2,3,3,3,2,3,3,4,4,3,3,3,3,3,3,2,3,4,3,3,2,3,4,2,2,2,3,4,3,4,3,3,4,7,6,3,1,2,4,1,1,2,3,4,5,6,7,1,2,4,4,4,4,3,2,1,1,2,2,1,1,2,2,4,4,4,4,4,4,4,4,4,2,2,2,5,6,6,5,2,2,3,4,5,5,5,5,2,3,4,4,3,2,1,1,1,1,1,2,2,2,2,3,2,4,5,3,1,1,1,3,4,4,4,4,4,4,4,4,3,2,3,3,5,5,5,4,6,4,2,2,2,3,4,3,2,2,2,2,2,2,2,2,2,1,1,3,5,5,4,3,2,2,2,2,3,3,3,3,4,4,5,5,5,4,3,2,2,2,2,2,3,3,3,3,1,1,1,1,2,2,2,2,2,2,2,2,2,2,2,2,2,2,3,3,3,3,2,2,2,2,2,2,2,2,2,2,1,1,2,2,2,3
85,5,5,4,3,3,2,2,2,2,1,1,2,2,3,3,3,3,2,2,3,3,2,2,1,1,4,5,4,2,2,2,2,0,3,2,1,2,3,3,3,1,3,3,3,3,3,2,3,3,4,4,3,3,3,2,2,2,2,2,2,2,1,1,1,1,4,3,3,3,2,2,2,1,3,3,3,3,3,3,3,3,5,5,4,4,3,3,3,3,2,2,2,2,2,2,2,2,4,4,4,4,2,1,1,1,3,4,3,3,2,2,3,4,1,2,2,1,1,2,5,8,10,8,6,4,4,4,4,4,4,5,4,4,9,8,5,5,4,4,4,4,3,2,3,2,2,3,3,3,2,2,3,5,4,4,2,2,1,2,3,3,2,2,4,5,5,4,3,3,2,2,3,3,4,4,4,3,4,4,4,3,4,5,5,5,7,5,4,5,4,1,0,1,3,4,5,5,3,5,5,2,2,2,2,3,3,3,3,3,1,2,2,1,1,2,2,2,3,3,3,3,3,3,3,3,3,3,3,3,3,2,2,2,3,3,5,6,6,3,3,3,3,3,3,3,3,3,3,3,3,3,3,3,3,3,3,3,1,1,2,1,1,2,3,3,3,3,2,2,2,2,3,3,3,3,3,3,3,3,3,3,2,2,1,1,1,1,1,1,4,4,5,4,4,3,3,3,2,3,5,5,7,6,5,5,5,4,4,3,4,4,3,2,8,5,3,2,3,2,2,1,0,3,4,3,4,3,3,3,1,2,3,3,2,2,2,2,6,3,2,4,4,2,3,6,2,2,3,3,2,1,2,3,5,4,2,1,3,4,6,6,2,2,3,3,4,3,3,4,3,3,3,3,3,3,3,3,2,2,2,3,3,4,4,4,3,3,3,3,3,3,3,3,2,2,2,2,2,2,2,2,2,2,2,2,2,2,2,2,2,2,3,3,3,3,4,4,2,2,3,3,3,4,4,4,5,4,4,4,4,4,3,3,3,4,5,4,3,3,4,5,2,3,3,3,2,1,0,0,1,1,1,2,3,2,1,1,3,1,2,1,3,3,4,3,7,6,5,4,3,3,2,2,2,4,6,5,2,5,7,3,3,3,3,3,3,3,3,4,6,5,5,5,3,3,2,3,3,4,5,5,5,5,4,3,4,4,3,3,2,2,2,2,0,0,3,5,4,1,2,5,2,1,1,2,2,2,2,1,1,1,2,3,3,3,3,3,3,3,2,2,2,2,1,1,2,3,2,1,2,4,4,1,2,1,1,1,1,1,1,1,2,1,3,4,4,4,5,6,3,3,3,3,3,3,3,3,4,3,2,3,5,6,6,5,5,5,5,5,5,5,5,5,2,4,5,3,2,3,4,4,2,2,2,2,2,2,2,2,0,3,3,2,1,2,3,3,4,5,5,3,3,4,4,3,1,1,3,3,3,3,2,2,4,4,4,4,4,4,4,4,3,3,3,3,3,3,2,2,6,6,3,2,3,3,3,3,6,5,2,2,2,3,3,2,4,3,3,3,3,3,3,4,3,3,3,3,3,3,3,3,3,2,1,3,4,5,6,5,4,4,3,3,3,2,2,2,1,1,2,3,3,4,5,5,3,3,3,3,3,3,3,3,4,3,2,3,4,4,2,0,5,5,3,2,2,2,3,3,3,3,3,3,3,3,3,3,4,3,3,2,2,3,3,4,1,1,1,1,2,2,3,3,2,1,1,2,3,3,3,3,2,2,1,1,1,1,1,2,2,2,2,2,2,2,2,2,1,1,3,4,4,4,4,2,3,3,3,3,3,3,3,3,3,3,3,3,3,3,3,3,3,3,3,3,3,3,2,2,3,3,3,3,3,3,3,3,3,2,1,2,4,5,4,3,4,4,5,5,5,5,4,4,2,2,3,3,3,3,4,4,3,3,2,2,2,2,3,3,3,3,4,3,2,2,2,2,5,4,3,3,3,3,4,5,5,5,3,2,2,2,2,2,5,6,5,4,3,2,1,1,1,4,5,4,3,3,2,3,2,2,3,4,2,2,4,4,2,2,1,2,3,3,2,1,3,3,2,1,1,1,4,5,4,4,3,2,2,3,4,4,3,2,2,2,2,2,2,3,3,3,3,3,3,3,3,3,3,3,3,3,3,3,3,3,1,2,3,4,4,3,3,2,3,2,3,5,4,4,4,4,1,2,2,2,2,4,5,4,4,5,4,3,2,2,3,3,3,3,3,3,3,3,3,3,3,3,4,4,4,4,3,3,2,2,2,2,2,2,2,2,1,1,2,2,2,2,3,3,3,3,3,3,3,3,3,3,1,1,2,3,3,3,2,2,2,1,1,1,2,3
86,5,6,4,3,4,5,5,4,3,2,2,2,2,3,3,3,3,1,1,2,2,2,2,2,3,4,4,4,3,1,1,2,3,3,3,3,4,4,4,5,5,4,3,2,3,5,5,3,1,4,3,3,5,4,2,0,1,2,3,3,4,5,4,4,4,4,4,4,4,3,3,4,4,3,2,3,3,2,3,4,3,3,4,3,3,3,4,6,7,5,5,4,4,3,3,3,3,4,4,4,4,3,3,3,3,4,4,4,3,2,2,3,4,2,3,4,3,3,2,3,4,4,6,4,5,5,4,6,4,4,5,3,2,2,4,4,2,3,4,2,2,4,5,6,5,5,4,4,3,3,3,3,2,3,3,2,2,2,2,1,1,3,2,3,3,5,6,5,3,3,3,3,3,3,3,3,3,2,2,3,3,2,2,2,2,4,4,4,4,4,4,4,4,4,5,6,4,3,2,1,2,3,3,3,3,3,3,3,3,2,2,2,3,3,3,3,2,2,2,2,2,2,2,2,3,4,4,4,3,3,2,2,2,3,3,2,2,2,2,2,1,2,2,4,4,4,3,2,1,1,3,4,3,3,2,3,4,5,5,5,5,4,4,4,4,3,3,3,3,3,2,2,2,2,2,2,1,1,2,3,2,1,0,0,0,1,1,1,1,2,2,3,4,4,3,2,2,3,3,4,3,3,2,2,2,1,2,3,4,3,3,3,3,6,7,6,5,2,1,1,1,3,3,3,2,3,3,4,4,3,3,4,3,2,1,3,4,3,4,4,3,3,4,4,3,3,3,3,3,3,3,3,3,1,2,4,3,2,3,5,6,6,7,7,7,6,4,3,2,1,1,2,3,3,3,3,3,3,4,3,2,1,1,2,3,6,6,5,5,4,4,3,3,2,2,3,3,3,3,2,2,2,2,2,2,2,2,1,1,2,3,4,4,4,3,4,5,5,4,3,3,2,2,4,5,3,4,5,4,4,3,4,5,5,4,3,2,2,3,4,5,4,3,2,2,2,2,3,4,5,4,3,4,4,5,4,3,2,1,2,2,2,4,4,5,4,4,4,4,4,4,4,4,1,1,1,1,2,2,2,2,2,3,3,2,1,1,3,5,7,3,1,2,3,3,3,4,3,2,2,2,1,2,1,1,4,4,3,3,3,3,4,4,2,2,4,6,5,2,1,2,1,2,2,2,2,3,3,3,3,3,3,3,3,3,3,3,2,2,2,2,2,2,2,2,3,2,2,4,3,3,4,3,3,1,1,2,4,4,5,4,3,4,4,2,1,0,1,2,3,3,3,3,3,3,3,3,3,3,3,3,3,3,3,3,2,2,1,1,1,1,1,2,4,4,3,3,2,2,2,1,1,3,4,3,2,1,2,4,2,2,2,2,3,3,4,4,2,2,4,4,4,4,2,2,1,2,3,4,3,2,1,1,2,2,2,2,2,3,3,3,4,4,4,4,4,2,2,2,1,3,4,2,3,5,4,2,2,3,4,4,3,3,4,5,2,2,2,3,3,4,4,4,5,4,4,4,4,3,3,3,5,1,2,3,3,4,5,2,1,1,2,2,2,2,2,2,2,2,2,3,3,4,4,4,2,2,4,4,4,3,3,2,5,3,1,1,2,4,4,3,2,1,1,1,1,2,4,6,4,2,2,1,2,1,2,1,2,3,4,5,3,2,4,5,2,2,2,2,3,3,3,3,3,3,3,3,3,3,3,3,3,3,3,3,3,3,3,3,4,2,1,2,3,4,3,2,4,1,0,0,1,3,7,10,4,4,3,2,2,2,3,3,0,0,1,2,4,4,4,3,5,7,4,2,4,6,5,4,2,3,4,3,2,2,3,4,2,2,2,2,2,2,3,3,3,3,2,2,1,1,2,2,4,4,4,3,3,3,3,3,3,3,1,1,1,1,3,3,3,2,2,2,3,4,4,4,5,4,4,4,3,3,3,3,2,1,1,1,1,1,1,2,5,3,4,4,3,3,5,3,4,5,4,4,4,4,5,4,2,4,4,3,2,4,4,3,2,2,2,2,2,2,2,2,2,1,2,2,3,3,3,3,3,2,3,2,3,3,3,4,0,1,5,3,3,3,5,6,3,4,4,4,6,5,4,3,3,2,4,4,2,2,3,3,2,2,1,0,1,2,2,2,4,4,3,3,3,3,4,4,3,2,1,1,1,2,3,4,3,3,3,3,3,3,3,3,2,4,3,1,1,3,4,3,2,2,2,2,2,2,2,2,3,3,3,3,3,3,3,3,2,2,3,3,3,3,3,3,5,4,4,4,3,3,2,2,2,3,5,5,4,3,3,3,4,3,1,2,3,3
87,3,3,2,1,1,3,6,5,1,0,0,1,1,2,2,3,3,3,3,3,2,2,2,2,2,3,2,1,1,1,1,2,3,2,1,2,3,3,3,3,3,2,2,2,2,2,2,3,3,2,2,2,3,3,3,4,4,2,2,3,3,3,3,4,4,4,4,4,4,5,5,5,5,2,3,5,7,8,7,4,1,3,3,3,3,2,2,1,1,3,3,3,3,2,2,2,2,1,2,2,2,2,2,2,1,3,2,3,5,5,2,2,2,5,7,6,4,2,1,4,7,4,4,3,3,3,3,2,3,3,6,5,3,6,6,3,3,2,3,4,4,5,4,3,2,2,2,2,2,2,2,2,2,3,3,3,3,3,3,3,3,1,1,1,1,1,1,1,1,0,2,4,5,4,4,4,6,2,3,4,5,6,6,3,1,5,2,1,3,4,4,2,1,3,2,2,3,4,4,3,2,3,3,3,3,3,3,3,3,3,3,3,3,3,3,3,3,3,3,3,3,3,3,3,3,7,5,3,4,4,4,3,1,3,3,3,4,5,6,6,3,4,2,2,3,4,5,4,4,4,4,3,2,2,3,4,4,3,3,3,3,3,3,3,3,1,2,3,3,1,1,2,3,5,5,4,4,2,2,2,1,3,4,4,3,2,2,1,1,2,4,4,3,3,4,4,3,3,3,1,2,3,4,3,2,3,3,4,4,4,4,5,5,1,1,1,1,1,1,1,1,2,2,2,3,3,3,3,3,4,4,4,4,4,4,4,4,3,3,3,3,4,3,3,3,4,4,4,4,4,4,4,4,2,2,2,3,3,3,4,4,4,5,5,4,3,2,2,3,2,2,1,0,1,2,4,5,3,3,3,3,3,3,3,3,1,3,6,5,3,2,2,4,3,4,4,5,5,5,4,3,2,4,5,4,4,4,3,1,2,2,4,3,3,2,3,4,5,4,2,3,3,3,2,1,3,3,3,3,3,3,3,3,4,4,5,6,6,5,4,4,4,4,3,3,3,3,4,4,1,3,5,5,5,5,6,8,5,4,4,4,3,4,5,5,1,3,3,2,2,3,4,3,2,2,2,2,2,2,2,2,3,3,3,3,3,4,4,4,5,4,4,4,3,2,2,2,4,3,3,3,3,3,3,4,3,5,6,4,4,5,4,2,0,2,4,3,2,1,3,6,4,4,3,4,4,3,3,2,8,8,8,7,5,4,3,4,2,2,2,2,2,2,2,2,1,2,2,2,2,3,3,3,3,3,3,3,3,3,3,3,1,2,2,2,3,2,2,3,3,3,3,3,3,3,3,3,5,5,4,3,3,3,4,5,4,3,2,2,3,4,5,6,1,2,4,4,3,1,2,3,1,1,1,2,2,3,4,4,3,3,3,3,2,3,4,4,3,4,5,4,4,3,4,5,5,5,4,4,3,3,3,2,3,2,2,2,3,3,3,3,2,2,2,2,2,2,2,2,5,4,3,2,2,3,6,6,3,2,3,3,3,3,2,2,3,3,3,4,4,4,4,4,4,5,4,3,2,3,3,2,2,1,1,2,2,2,3,2,2,2,3,3,3,3,4,4,2,1,2,2,3,3,4,4,5,4,4,3,2,3,3,3,2,2,2,2,2,2,2,2,2,2,2,2,2,2,2,2,1,2,3,3,3,3,2,1,1,2,3,2,1,1,3,4,2,1,1,1,1,1,1,1,1,1,1,1,1,1,1,1,3,3,3,3,4,4,4,4,3,3,3,3,2,1,1,2,3,3,2,1,2,2,2,2,1,1,3,3,2,1,1,1,1,1,3,4,5,4,2,1,4,3,2,3,2,3,3,3,2,2,2,3,3,2,2,1,1,1,3,4,5,4,2,2,1,2,2,2,2,3,3,3,1,2,2,1,1,1,1,1,2,2,2,2,2,2,2,2,4,4,2,2,2,2,4,4,1,2,3,4,5,4,4,3,3,4,5,3,2,2,2,3,4,5,5,6,6,5,4,3,3,2,1,2,3,3,3,1,3,2,3,2,4,4,6,6,4,3,3,2,2,3,3,4,4,3,2,2,1,1,1,2,4,4,4,4,3,3,2,2,3,1,1,3,3,1,1,3,2,2,2,1,0,0,1,1,1,3,5,5,4,2,3,3,2,2,2,2,2,2,2,2,3,3,2,1,1,1,1,1,2,2,2,2,4,4,4,4,1,2,3,3,4,4,3,3,3,3,3,3,3,3,3,3,5,5,4,3,2,1,1,1,4,4,4,4,4,4,4,4,5,6,6,5,3,2,2,3,2,2,3,4,4,4,4,3,1,1,1,1,1,1,1,1,2,2,2,2,2,2
88,3,3,3,3,3,3,3,3,3,2,4,4,3,1,1,1,2,3,3,2,2,2,1,1,1,4,3,2,2,3,3,2,1,3,2,1,2,3,4,3,1,2,2,3,3,3,3,4,4,3,3,5,4,1,1,3,4,5,4,4,4,2,3,3,2,4,3,3,2,1,1,2,2,2,2,3,3,4,4,3,3,5,5,5,5,5,5,5,5,2,1,1,1,2,3,2,2,3,5,6,2,0,2,3,0,0,2,3,3,2,3,4,2,2,2,3,4,4,4,3,3,2,3,4,3,2,2,2,3,5,2,1,3,5,5,5,5,3,4,4,3,3,4,4,3,4,3,2,2,3,4,4,5,4,4,4,3,3,2,2,2,0,3,5,4,4,3,3,4,4,3,3,3,4,4,3,3,5,3,2,2,3,3,2,1,3,3,3,3,3,3,3,3,1,1,2,4,6,5,1,0,4,4,6,8,9,9,5,2,3,3,3,3,3,3,3,3,5,5,5,4,4,3,3,3,3,3,4,4,4,4,5,5,4,4,2,2,3,3,3,2,4,3,2,3,5,6,6,6,3,3,3,3,3,3,4,4,4,4,4,4,3,3,4,4,2,2,4,4,4,4,2,2,1,1,1,1,1,2,5,7,3,3,2,1,1,3,4,4,2,2,4,5,6,5,3,1,1,1,4,4,4,4,2,2,4,4,4,4,4,4,4,4,2,1,2,4,4,4,5,6,1,2,4,6,6,5,4,2,3,3,2,3,2,1,1,2,1,1,1,1,2,2,3,3,3,1,1,3,3,1,1,3,1,2,2,1,2,2,5,7,7,8,9,8,7,6,4,4,4,4,3,3,3,3,4,5,2,2,2,2,2,3,3,3,3,3,3,3,3,3,3,3,4,3,3,4,5,5,4,2,2,2,3,2,1,1,2,3,3,3,3,3,3,3,3,3,3,3,4,4,4,4,3,3,0,2,4,2,3,4,3,1,1,2,3,4,5,4,4,3,4,4,3,3,3,3,4,4,6,4,2,2,3,5,6,6,4,3,3,3,2,2,1,1,2,3,4,4,3,2,3,4,3,4,4,5,5,4,4,3,2,2,1,1,1,2,3,4,4,5,5,5,4,3,3,2,4,3,2,2,3,4,3,2,3,3,3,2,2,2,1,1,3,3,3,1,1,3,3,3,5,3,2,1,2,3,4,4,2,2,3,3,3,4,4,4,5,5,5,4,2,2,6,7,4,5,5,6,5,5,3,3,2,2,2,3,3,4,4,4,3,3,4,4,4,4,3,3,3,3,3,3,4,4,4,4,1,2,4,3,2,2,3,4,4,4,4,4,5,5,5,5,0,3,5,5,3,1,2,4,1,3,4,4,3,2,4,5,4,4,4,4,4,4,4,4,4,5,5,5,4,3,4,5,2,2,2,2,2,2,2,2,2,2,2,1,1,2,2,2,2,2,2,2,2,2,2,2,3,5,5,2,0,2,3,3,1,3,6,5,3,1,1,1,2,2,2,2,2,2,2,1,2,2,3,3,3,3,2,2,3,4,4,2,2,3,3,3,4,4,4,3,4,3,3,3,3,3,3,4,4,4,5,5,3,3,2,2,2,3,3,2,0,3,2,2,6,5,3,5,4,4,4,4,3,3,2,2,3,3,3,3,2,2,1,1,2,2,3,3,3,2,3,4,3,4,4,3,2,2,2,3,2,3,3,3,2,2,3,4,5,5,4,4,4,3,3,3,3,2,1,1,1,1,4,5,3,3,3,3,3,3,3,3,4,4,4,4,4,4,4,3,2,3,4,4,3,3,5,6,3,4,3,3,3,3,2,2,6,2,1,3,5,4,3,4,4,3,2,2,4,5,5,4,3,3,3,3,3,3,3,3,1,1,3,3,4,3,3,2,2,2,2,2,3,3,3,3,4,3,3,2,2,3,3,4,1,1,2,2,2,3,4,6,4,2,3,4,2,2,3,2,5,4,8,8,3,2,3,1,3,3,3,3,4,3,3,3,1,1,2,3,5,5,3,1,2,2,2,3,3,4,4,4,3,3,2,1,1,2,3,3,1,1,1,1,1,2,2,2,2,2,3,3,4,4,4,4,3,3,3,3,3,3,3,3,3,5,4,1,1,2,4,4,1,1,1,1,2,3,4,5,5,5,5,4,4,3,3,3,4,4,3,2,1,1,2,2,3,2,2,2,2,3,1,1,2,1,1,1,1,1,1,2,2,3,4,4,3,2,1,1,1,2,3,2,3,5,5,2,1,1,1,1,2,2,2,2,2,2,2,2,2,2,2,2,4,4,4,4,4,4,4,4,4,2,3,6,6,3
89,5,4,4,3,2,2,2,3,3,2,5,6,4,3,4,3,2,2,1,1,2,2,1,1,1,5,4,2,1,0,1,3,5,4,4,4,3,2,2,2,3,2,2,2,3,3,3,3,3,3,3,3,3,3,3,3,3,4,4,3,2,2,2,3,4,3,4,5,4,3,3,3,5,4,5,4,3,4,4,5,5,2,2,3,3,3,2,3,3,3,3,3,3,3,2,2,2,4,3,2,2,1,1,1,2,2,4,5,4,4,4,4,4,1,1,1,2,3,4,6,7,8,4,2,5,8,6,5,3,3,2,2,3,4,4,3,1,2,2,3,3,4,5,5,6,7,6,4,3,2,3,3,3,1,1,2,3,3,2,1,1,4,4,4,3,3,2,2,2,1,2,2,2,3,3,4,4,1,1,2,4,6,6,4,2,2,3,4,5,5,4,2,0,5,5,4,3,3,4,5,5,4,4,4,3,3,3,3,3,1,1,1,2,2,2,3,3,3,4,4,3,2,4,5,4,3,3,3,3,3,3,3,3,3,3,2,2,3,4,6,6,3,3,3,3,3,3,3,3,4,3,3,3,4,4,4,4,3,3,3,3,3,3,3,3,3,3,3,4,4,4,4,4,0,2,4,4,2,1,1,2,3,3,4,4,4,3,2,1,3,3,3,3,3,3,3,3,4,4,3,3,3,3,2,2,3,5,7,6,1,0,1,2,3,3,3,3,3,2,2,2,2,2,1,2,3,3,3,3,2,2,3,3,3,3,2,2,5,3,1,1,3,4,4,3,3,3,3,3,3,3,3,3,4,3,3,4,1,1,5,4,7,5,4,4,5,5,4,3,2,2,3,4,3,1,1,1,2,3,3,4,4,3,3,2,6,5,3,2,1,1,2,2,3,3,3,3,3,3,3,3,5,3,2,3,4,3,2,2,3,4,4,4,4,5,5,5,4,4,4,3,3,3,3,2,1,2,2,4,4,3,3,2,5,4,3,4,5,5,3,1,2,4,4,2,2,4,4,2,3,3,3,3,3,2,2,2,2,2,2,2,3,3,4,4,3,3,3,3,3,2,2,2,1,3,7,8,5,6,7,3,1,1,3,3,4,4,4,5,6,5,2,2,2,3,4,4,4,4,3,2,1,2,2,2,5,5,5,4,4,5,4,3,4,3,4,4,2,1,1,1,1,1,1,1,1,1,1,1,2,2,3,4,4,3,2,2,3,3,3,3,3,3,3,3,2,2,3,3,4,4,3,2,3,2,1,2,3,4,3,1,3,5,6,6,4,2,1,1,4,3,3,3,2,2,1,1,2,5,6,3,3,5,6,4,2,3,4,4,3,2,3,4,1,1,2,2,3,3,3,4,4,3,2,3,3,4,3,2,3,3,3,3,3,3,3,3,2,2,3,3,4,4,4,3,4,4,4,4,4,4,4,4,3,4,5,5,5,5,4,3,3,3,4,4,4,5,4,3,2,3,5,4,4,3,4,5,3,1,2,1,1,1,2,2,3,3,3,3,3,4,3,2,3,2,3,3,3,3,4,4,2,2,2,2,2,2,2,2,3,3,3,3,3,3,3,3,3,3,3,3,3,3,4,5,5,5,5,5,5,5,5,5,5,6,2,0,3,3,3,7,4,2,2,3,5,4,2,0,3,4,4,5,4,4,4,4,2,2,1,1,2,3,3,3,1,1,2,2,3,3,3,3,2,2,4,5,5,5,4,3,3,2,4,6,6,4,3,4,3,3,3,3,3,2,1,1,2,2,1,1,1,2,4,5,2,3,5,4,4,3,5,6,1,4,6,4,2,2,3,6,6,4,4,3,2,2,2,3,3,3,3,3,4,4,5,5,4,4,5,6,5,5,4,3,3,3,3,3,3,3,3,3,2,1,1,3,3,3,1,0,3,3,3,3,3,3,3,3,5,4,3,3,2,3,3,3,3,3,3,3,3,3,3,3,2,2,3,4,4,3,2,2,4,3,3,2,3,3,4,5,2,1,1,3,3,3,2,1,2,2,2,3,3,3,3,4,5,5,4,3,3,2,1,1,2,2,3,3,4,4,4,4,8,8,6,4,4,3,3,4,2,1,1,2,3,3,2,1,3,3,3,3,3,3,3,3,2,1,1,1,1,1,1,1,1,1,2,2,2,2,4,4,5,8,7,5,4,5,5,2,2,2,3,2,3,3,3,4,2,3,4,4,4,5,4,1,2,2,3,3,4,4,4,4,3,2,1,2,1,2,2,2,2,2,2,3,4,4,4,3,4,4,4,4,3,3,3,3,3,2,1,1,3,3,2,1,3,3,2,2,2,2,2,2,3,3,3,3,3,3
90,2,1,3,5,4,2,1,3,5,2,3,4,3,3,2,4,5,1,3,3,2,2,3,3,2,3,3,2,2,2,3,4,5,3,2,2,2,1,1,3,3,1,2,3,4,4,4,3,2,2,2,3,3,4,4,4,4,4,4,3,2,2,2,3,3,5,5,5,3,3,3,2,3,5,4,4,4,5,4,3,2,3,3,3,3,4,4,4,4,2,3,4,4,4,4,3,2,0,1,3,4,4,3,1,0,4,4,3,4,6,7,5,3,2,2,2,3,4,3,3,4,5,4,2,1,1,1,2,3,3,4,5,7,7,7,5,4,1,2,2,2,3,3,4,4,2,2,3,4,4,4,4,4,4,4,4,4,4,4,4,4,3,3,4,5,5,4,3,3,4,5,3,3,2,2,3,4,6,4,3,3,2,2,3,3,2,3,4,3,3,2,3,4,1,1,3,3,3,2,1,1,1,1,2,2,2,2,2,3,2,2,2,1,1,1,2,3,4,4,3,2,2,3,4,4,4,4,4,4,4,4,4,4,1,1,3,4,5,5,5,5,6,3,0,0,1,4,5,3,0,1,2,2,1,1,2,3,5,5,4,5,5,4,4,4,3,3,2,2,2,3,3,2,2,2,2,2,2,2,3,4,2,3,4,4,4,4,3,2,3,3,4,4,4,4,3,3,3,3,3,3,3,3,3,3,2,6,7,3,1,2,5,6,1,1,1,1,2,2,2,2,4,4,4,4,4,4,4,4,3,4,2,1,2,2,4,4,2,1,2,3,3,3,2,2,3,3,3,4,4,3,3,4,0,0,2,3,5,6,7,8,5,5,5,4,5,5,6,5,2,2,4,3,3,3,4,7,6,5,4,5,5,4,3,3,6,8,6,4,4,6,6,4,5,4,3,2,2,2,3,3,1,1,1,2,3,3,4,4,4,2,3,5,4,2,0,2,2,2,3,3,3,3,2,2,2,2,1,1,3,3,4,5,4,4,4,4,4,4,4,4,2,2,0,0,1,2,4,5,5,4,4,5,6,6,4,2,2,3,3,4,4,3,3,2,4,4,4,4,3,3,2,2,1,1,1,2,2,2,2,3,2,2,2,2,3,3,4,4,3,4,3,3,3,4,4,4,2,4,6,6,3,1,1,3,5,2,2,3,4,4,4,3,1,3,5,4,2,1,1,2,5,4,3,3,5,6,4,3,3,3,3,4,4,4,5,5,6,5,5,4,3,3,3,4,2,3,4,4,4,3,4,7,4,4,8,8,2,1,3,1,3,3,3,3,3,3,3,3,3,4,4,4,3,3,2,1,1,2,3,2,1,1,1,2,5,3,2,3,4,3,3,2,2,2,2,3,3,4,5,5,3,4,5,5,3,3,4,5,3,3,2,2,2,2,1,1,4,3,3,3,3,2,2,2,3,3,3,3,3,3,3,3,1,1,1,1,1,1,1,1,3,3,4,4,4,3,2,2,1,3,4,2,2,3,2,0,4,4,3,2,2,3,4,5,2,3,3,4,4,4,4,3,3,2,1,2,3,4,4,2,3,3,3,3,3,3,3,3,3,3,3,3,3,3,3,2,3,2,0,0,1,3,7,9,7,5,3,1,1,2,3,4,1,2,3,3,3,2,3,2,1,1,1,1,1,1,1,1,3,3,4,3,2,1,2,4,6,3,0,0,2,3,5,4,5,4,3,4,5,6,5,3,3,2,1,1,2,1,2,4,5,4,4,3,4,3,3,2,4,4,4,4,4,3,4,5,3,3,2,1,1,1,1,1,1,2,2,2,3,3,3,4,2,3,2,3,3,2,3,3,2,4,4,3,0,0,2,4,1,1,3,4,5,4,3,2,3,2,2,2,3,3,3,3,2,3,4,5,5,4,3,3,5,4,2,1,1,1,2,2,1,1,1,1,2,2,3,3,1,2,2,1,1,3,3,2,1,1,2,3,3,3,2,2,5,7,5,3,1,1,2,4,4,4,2,1,1,2,4,5,4,3,2,3,4,5,4,4,2,3,3,3,4,4,5,5,3,3,4,4,4,4,3,3,3,3,3,4,4,4,4,4,2,2,2,2,1,1,2,1,3,3,3,3,3,2,1,1,1,4,4,2,2,4,6,5,5,3,3,3,2,2,1,1,3,3,3,3,3,3,3,3,8,7,5,4,3,4,4,4,1,2,4,5,4,2,1,1,0,1,1,2,2,2,1,1,2,3,5,5,5,5,3,2,3,3,3,3,3,3,3,3,4,2,2,3,4,5,4,3,2,2,2,2,1,1,1,1,3,4,4,3,1,1,3,5,3,3,3,3,2,2,1,1,0,0,1,1,2,2
91,3,3,3,3,3,2,2,3,3,3,3,3,2,2,2,2,2,3,3,2,3,1,1,0,0,2,4,4,2,2,4,4,2,4,4,4,3,2,3,1,0,1,1,2,2,3,2,2,2,2,3,3,3,3,3,4,3,4,4,3,2,2,2,3,4,3,2,1,1,1,2,3,3,3,3,3,3,3,3,2,2,4,4,4,3,3,3,3,3,2,2,2,2,2,2,2,2,1,1,1,1,2,2,2,2,5,4,3,3,4,5,5,4,1,2,3,4,4,4,3,3,1,2,2,2,2,1,1,1,1,1,2,2,4,5,5,4,4,5,6,5,3,2,2,3,4,4,4,3,3,2,2,2,1,1,1,1,1,1,1,1,2,3,3,3,2,1,2,3,5,5,5,6,5,4,2,1,2,2,2,2,2,2,2,2,1,1,2,2,2,2,3,5,5,4,5,6,4,1,1,3,1,1,3,3,3,3,4,5,2,3,4,3,3,3,2,3,2,2,3,3,3,2,2,3,2,2,2,2,2,2,2,2,2,1,1,1,2,3,4,5,2,2,3,3,3,2,3,4,2,2,2,2,3,3,3,3,2,2,2,2,3,3,4,4,2,2,3,4,2,2,3,3,2,1,1,1,2,2,2,2,3,3,3,3,3,3,3,3,2,2,2,2,2,2,2,2,2,2,3,3,3,3,3,3,4,3,2,2,3,2,2,2,3,2,3,3,3,2,1,1,3,3,6,8,8,6,3,3,2,2,2,2,2,2,2,2,2,2,2,3,3,3,3,3,3,3,3,3,3,3,3,3,5,5,4,4,3,3,2,2,5,6,4,3,2,3,4,5,3,5,6,6,5,4,4,4,3,3,3,3,3,3,3,3,5,4,4,3,3,4,4,5,3,2,2,4,3,1,4,7,5,4,3,3,4,4,3,2,2,2,2,2,1,1,1,1,3,2,3,3,3,3,2,3,3,3,3,2,2,1,1,1,0,3,4,3,2,4,4,2,3,3,3,3,4,4,4,4,3,3,3,2,2,2,3,4,4,4,4,3,3,2,2,2,2,2,2,2,2,2,2,2,2,2,4,4,4,4,2,2,4,4,4,4,3,3,3,3,2,2,2,3,3,3,3,3,2,2,3,4,4,3,2,2,3,3,3,3,3,3,3,4,2,3,4,4,2,2,3,4,3,3,3,3,3,3,3,3,1,2,4,3,2,1,1,2,3,2,1,2,3,4,4,3,5,4,4,3,3,2,2,1,4,4,3,2,2,3,4,4,2,3,4,4,4,4,3,2,1,1,1,1,1,1,1,1,2,2,3,3,4,4,4,5,2,2,2,2,2,2,2,2,2,1,1,1,5,6,4,3,2,2,2,2,2,2,2,2,3,4,2,1,1,2,3,2,1,2,3,2,1,3,3,3,4,2,1,2,3,1,1,1,1,1,3,3,3,3,3,3,2,2,3,4,4,3,2,2,2,3,3,3,3,3,2,2,4,4,5,5,5,3,3,3,4,3,2,1,1,2,3,3,1,1,1,1,2,2,3,3,2,2,2,2,2,2,2,2,4,4,4,4,4,4,4,4,1,1,2,2,2,3,3,3,4,4,4,4,5,6,6,6,3,3,3,3,3,3,3,3,4,4,4,3,3,3,3,2,4,3,3,4,4,1,1,3,3,3,3,2,2,1,1,1,2,3,4,3,2,1,2,4,3,3,3,3,3,3,3,3,1,2,2,1,1,1,1,1,4,3,2,2,4,4,3,2,4,4,2,1,0,2,4,6,3,3,3,2,2,2,1,1,3,2,2,4,5,5,3,2,0,0,2,3,4,4,4,3,3,3,4,4,4,3,1,1,3,4,5,4,2,1,3,4,4,4,4,3,3,3,3,3,1,1,2,1,2,2,2,2,4,3,1,1,1,2,5,6,3,3,3,3,3,3,3,3,1,1,1,2,2,3,3,3,3,3,3,3,3,2,2,2,5,4,4,4,3,3,3,2,2,2,4,4,3,2,2,2,4,3,3,3,4,4,3,1,4,4,4,4,4,4,4,4,6,3,2,2,3,4,2,1,1,1,2,2,3,3,3,3,4,2,2,2,3,3,3,2,2,4,6,6,5,4,4,5,4,4,4,3,2,2,3,5,4,2,2,4,4,2,2,4,4,4,3,3,3,3,3,3,5,4,3,2,3,2,2,2,2,2,2,3,2,2,3,3,5,3,2,2,2,0,1,3,4,3,3,2,2,2,2,2,2,2,2,2,2,2,2,2,2,2,3,3,3,3,2,2,3,2,1,1,1,2,2,3,2,2,2,2,2,2,2,2,1,1,2,3,3,3
92,5,5,4,4,2,3,2,1,1,3,4,4,4,6,6,4,4,3,2,2,3,3,3,4,5,3,2,3,3,3,4,4,4,4,4,2,2,2,2,2,4,5,3,3,4,6,6,6,4,2,3,3,2,2,2,3,3,4,5,4,4,3,3,4,4,4,4,4,5,5,5,5,4,3,3,2,2,2,3,3,2,3,3,3,3,3,4,4,4,3,3,2,3,3,3,4,2,3,3,3,3,3,4,4,4,4,3,2,2,4,5,2,2,3,3,4,4,4,4,4,3,2,3,3,3,3,3,3,3,3,4,4,5,5,4,3,3,3,3,4,4,4,4,5,5,3,3,3,1,0,1,2,1,4,4,5,5,4,4,4,4,4,3,3,4,4,3,2,2,3,5,4,4,4,3,4,4,4,4,2,1,0,0,2,4,2,3,4,5,5,4,4,4,3,3,3,4,5,4,2,3,1,2,3,3,1,2,3,6,4,3,4,3,3,3,3,4,3,3,4,4,4,4,4,3,3,4,4,3,3,3,3,4,5,5,5,4,4,5,7,8,6,6,5,4,2,2,2,3,5,5,3,3,5,6,5,5,5,3,3,4,4,5,6,7,2,3,5,5,5,5,4,3,2,2,2,2,1,1,1,1,4,5,5,4,4,5,4,4,3,3,2,3,2,3,3,3,4,4,4,3,3,3,2,3,3,2,2,2,1,2,3,4,4,3,3,3,3,3,3,4,5,5,3,2,4,6,6,4,3,2,2,3,3,4,4,5,5,4,3,3,2,1,1,1,1,2,2,2,2,3,3,3,3,3,2,2,3,3,4,4,3,3,4,4,4,3,3,2,3,4,4,3,2,2,2,2,3,3,3,2,3,3,3,3,4,3,3,4,5,5,5,4,4,2,3,4,3,1,3,4,5,4,3,1,0,1,2,3,2,2,3,2,3,3,3,3,1,1,1,2,2,2,1,2,5,4,3,3,4,5,6,6,5,4,2,3,3,3,5,5,4,2,1,3,5,6,5,3,2,3,3,3,3,3,4,4,3,2,3,4,4,4,2,3,6,5,4,3,2,3,3,3,3,4,4,3,4,4,5,5,3,3,3,1,1,2,2,3,6,5,4,3,2,1,1,2,4,3,3,3,3,3,3,4,2,3,3,2,2,1,2,1,1,1,3,4,3,3,1,1,1,1,3,3,2,2,3,1,3,3,3,3,3,3,3,3,4,3,3,3,3,4,4,4,4,4,5,3,3,2,1,2,4,4,5,4,4,5,5,5,4,4,3,5,5,5,3,3,5,4,5,5,4,4,3,3,2,1,2,3,4,3,3,3,2,4,4,4,4,3,3,4,3,2,2,2,3,3,4,5,2,2,2,2,2,2,2,2,3,4,4,3,3,3,1,3,4,4,4,1,2,3,4,4,4,3,1,1,2,4,4,4,3,3,5,5,4,4,3,3,4,4,3,3,3,4,4,5,5,4,2,2,3,4,3,2,4,2,3,4,5,3,2,2,2,2,2,3,3,3,4,4,3,2,2,2,3,3,3,2,2,1,1,1,1,1,1,1,2,3,3,3,3,3,4,3,2,3,3,4,6,7,7,7,4,2,2,2,2,2,3,3,4,5,4,3,2,2,4,5,4,4,3,3,2,2,2,2,4,3,4,4,3,3,2,2,3,3,3,3,3,3,3,3,1,1,2,2,2,3,2,3,5,4,4,2,2,3,3,1,1,1,3,3,4,2,1,2,3,2,2,2,2,3,2,4,6,5,4,5,5,4,5,5,4,2,2,2,1,1,1,3,4,2,2,3,1,1,2,2,2,3,2,1,2,4,5,5,4,4,4,4,4,4,3,3,3,3,3,3,3,4,4,5,4,3,2,2,4,5,5,5,3,1,1,3,3,3,1,2,1,1,1,1,1,1,1,2,2,2,2,3,3,3,3,2,1,2,4,4,4,4,3,2,2,2,3,3,3,3,4,2,1,1,1,1,3,2,2,2,2,3,3,3,3,2,2,1,1,2,3,3,3,2,2,1,2,2,3,4,5,5,5,5,4,4,4,3,3,3,2,3,4,4,4,4,4,4,4,3,4,4,4,4,2,2,3,1,0,3,5,6,5,2,2,2,4,4,4,4,4,2,4,5,4,4,4,4,4,3,3,4,5,4,2,2,3,4,3,3,5,5,4,3,3,3,5,4,2,3,3,3,5,4,3,3,4,3,2,2,2,3,4,5,4,2,4,4,3,2,1,2,4,4,3,3,4,4,3,3,4,4,3,3,3,4,4,3,2,2,2,2,2,2,2,2,2,2,2,2,2,2,2,2,5,2,1,3,4,3
93,6,4,4,3,2,2,3,4,4,1,1,1,2,3,3,3,3,2,1,1,1,1,1,1,1,1,1,1,1,2,2,3,4,2,1,1,3,3,1,3,4,4,3,2,2,3,4,4,3,3,3,2,2,2,2,2,2,3,3,4,4,4,4,3,3,4,4,5,5,6,6,5,4,4,6,5,5,3,3,3,2,4,4,4,2,2,2,2,2,2,2,2,2,2,2,3,4,4,3,3,3,3,3,3,3,2,4,5,6,6,3,1,3,1,1,3,4,4,3,3,4,6,4,3,4,4,5,5,7,6,2,4,5,4,5,3,1,3,3,3,3,4,4,4,5,3,2,2,3,5,5,5,4,3,3,3,3,3,3,3,3,1,1,1,2,4,6,6,4,3,4,2,3,3,4,4,4,4,4,2,2,1,2,3,3,2,3,4,2,1,1,3,3,1,4,6,4,3,3,4,4,3,2,2,3,3,3,3,4,6,4,2,1,1,2,3,4,4,4,4,4,4,3,2,2,4,3,4,4,5,4,4,3,3,2,2,2,2,2,2,3,4,4,3,3,3,2,2,3,4,4,3,3,3,3,3,2,4,4,4,3,3,2,4,4,3,3,3,2,1,1,1,1,1,2,3,5,5,4,3,3,3,2,2,3,3,2,3,3,2,3,3,3,2,2,3,3,4,3,3,3,4,4,3,2,3,2,1,1,2,3,4,3,2,3,3,3,2,2,2,2,2,1,2,2,2,2,3,3,3,3,4,4,3,3,4,3,2,4,4,3,3,3,4,4,3,4,4,4,3,3,4,4,2,2,1,1,1,1,4,2,2,4,5,6,7,4,2,1,0,2,2,1,2,2,2,2,3,3,3,3,3,3,3,3,4,6,6,5,3,3,5,6,4,4,4,3,3,3,4,5,5,4,4,4,3,2,3,4,5,4,5,5,5,4,3,4,4,4,4,4,3,3,4,3,3,4,3,3,3,3,3,3,4,3,3,3,5,5,5,4,3,3,3,3,4,3,3,3,3,2,2,3,3,3,5,4,4,3,3,3,4,4,4,3,2,5,6,5,5,5,3,3,3,2,3,3,3,3,1,1,2,6,5,5,3,1,2,6,5,3,2,3,3,4,3,3,4,4,4,4,3,3,3,3,3,3,4,3,4,4,4,4,3,2,3,3,3,3,3,2,4,4,4,4,3,3,3,4,3,2,2,3,3,4,4,3,4,3,2,1,1,2,3,3,4,3,3,3,3,3,3,4,1,1,1,1,3,3,4,5,5,4,3,3,3,2,2,2,2,1,2,2,2,2,1,1,3,4,3,4,3,4,4,4,3,3,3,3,3,3,3,3,2,2,2,2,2,2,2,2,2,2,1,2,2,2,2,3,3,3,3,3,3,3,3,2,2,4,6,5,5,3,5,6,5,4,4,3,3,2,1,1,2,2,2,2,2,2,2,3,3,3,2,3,3,4,5,3,3,5,4,2,1,2,1,0,1,3,4,5,3,1,1,4,4,4,3,3,3,3,2,2,3,3,2,2,2,2,2,2,2,2,2,3,3,4,4,5,4,3,4,4,4,4,3,3,4,4,2,2,2,3,4,5,4,3,4,6,6,5,3,3,3,2,3,3,3,3,4,5,3,2,4,5,5,3,3,4,2,2,4,4,3,4,3,4,1,1,4,5,5,4,2,2,2,2,2,3,3,2,4,3,4,3,2,3,3,3,3,3,2,2,2,1,1,1,1,1,2,4,3,4,3,3,3,2,3,3,2,2,3,3,3,3,3,4,4,5,4,3,2,2,3,4,4,4,3,2,2,3,4,4,4,4,4,4,4,4,3,4,3,3,4,4,4,5,5,4,4,3,2,2,3,5,5,4,4,3,2,3,3,2,5,6,4,2,1,2,3,5,4,2,3,3,3,3,3,3,2,3,3,4,3,3,2,3,1,1,2,2,2,2,3,4,4,4,5,6,5,4,4,5,4,3,2,2,1,2,2,2,3,3,3,4,4,4,3,4,2,2,2,2,2,2,2,1,2,1,1,2,3,3,1,1,2,5,4,2,1,2,2,2,3,3,4,5,4,3,2,1,4,7,6,5,4,5,6,6,3,1,2,4,7,7,5,1,3,4,3,3,4,5,4,3,3,2,3,3,3,4,4,3,4,4,4,3,3,3,3,4,2,1,2,2,2,3,3,3,3,4,4,2,2,2,3,4,5,3,3,3,3,3,2,2,1,1,3,4,6,7,6,4,2,2,2,2,2,2,2,2,3,2,3,3,3,3,3,2,3,3,2,1,2,4,4,3,3,4,5,5,3,2,2,2,2,2,1,1,2,2
94,1,3,2,1,1,4,2,2,5,5,4,4,4,3,2,1,2,1,1,3,3,2,2,2,3,4,4,3,2,3,3,3,4,4,5,6,3,1,2,4,4,3,3,3,3,3,3,3,3,4,3,5,5,5,5,4,3,6,7,6,6,3,2,2,0,2,4,3,2,3,3,4,3,2,2,3,3,4,4,5,5,6,6,5,5,4,4,4,3,3,3,3,3,3,3,3,3,2,2,3,3,4,3,3,3,1,1,3,2,7,6,5,6,6,6,4,3,3,4,5,6,5,3,3,3,4,3,3,2,1,1,1,0,3,4,3,3,4,4,2,1,0,1,2,4,3,2,2,2,2,2,2,2,3,2,3,3,3,3,2,2,1,2,4,4,4,4,3,1,4,3,3,6,7,5,4,5,5,2,1,1,3,3,3,5,3,2,3,3,3,3,4,4,3,2,2,2,2,2,2,3,2,1,0,1,1,1,1,1,3,4,3,3,3,2,2,2,3,4,3,3,5,7,7,7,5,4,2,1,1,3,3,3,3,4,5,5,3,3,4,4,4,3,3,2,3,3,5,5,6,5,4,4,2,2,2,1,3,4,5,5,5,5,4,3,3,3,2,2,2,2,2,2,2,1,2,2,4,3,4,4,2,4,4,4,3,1,2,4,2,2,2,2,2,2,2,2,3,3,3,3,3,3,3,3,2,2,2,2,3,3,3,3,1,2,4,4,2,2,2,3,3,3,3,3,3,3,2,2,1,1,1,2,2,1,2,2,2,2,3,4,4,3,3,3,1,2,2,3,4,3,3,3,1,1,1,1,2,2,2,3,1,1,2,3,3,3,3,1,3,4,3,3,3,3,3,2,4,5,5,4,4,4,4,4,2,3,5,5,5,3,2,2,3,2,2,2,2,2,2,2,2,2,3,4,4,4,3,3,3,2,3,3,3,2,3,3,5,6,4,4,2,3,3,5,4,6,5,2,1,3,4,1,2,3,1,0,1,5,6,3,5,5,3,2,2,1,1,1,3,3,4,4,2,2,2,3,3,3,4,4,4,4,4,4,3,3,4,4,4,2,1,1,4,3,4,7,8,8,7,6,3,3,4,5,4,3,3,5,8,8,5,3,2,3,3,1,1,2,3,3,2,1,2,4,3,2,3,3,4,4,4,3,1,2,2,3,3,3,3,3,1,1,1,2,3,3,3,3,3,3,4,4,4,5,5,5,3,2,2,2,2,2,2,2,3,3,2,2,2,2,2,2,2,3,3,2,3,4,5,4,1,1,2,2,4,5,6,8,5,5,5,3,3,3,2,2,1,2,2,1,2,3,3,3,2,2,2,2,3,3,3,3,5,4,3,3,4,5,5,3,3,3,3,3,3,3,3,3,3,3,3,3,3,4,4,4,1,2,6,7,7,7,5,6,2,2,5,5,5,3,3,3,5,2,4,4,3,3,1,0,3,4,4,4,4,3,3,4,3,1,3,5,6,3,1,1,2,2,3,3,3,3,3,3,3,3,3,3,3,3,3,3,3,2,3,3,3,3,4,4,2,2,2,3,4,4,2,2,2,2,2,3,3,2,2,2,2,2,2,1,1,1,2,2,3,3,3,3,3,3,3,4,1,1,3,3,2,1,2,3,5,5,4,4,3,3,3,2,0,0,1,3,5,2,0,0,2,3,2,2,2,2,3,2,4,6,4,4,4,2,2,1,3,2,2,3,3,1,1,1,2,2,2,2,2,2,2,2,5,4,3,2,1,1,2,2,4,6,6,5,4,3,3,4,1,1,1,1,1,1,1,1,4,4,5,3,3,2,2,2,3,5,6,5,5,4,4,2,3,2,2,2,4,5,4,4,2,2,2,2,2,2,2,2,2,1,2,3,2,2,4,2,4,3,4,3,4,3,3,2,3,4,2,3,2,3,2,1,1,1,1,2,3,3,4,4,3,2,1,0,1,2,3,3,4,4,5,3,3,1,0,0,4,3,2,1,1,1,3,3,2,1,1,0,2,2,2,1,2,2,3,3,1,3,5,2,2,2,3,3,4,5,5,6,3,3,1,0,1,2,5,6,2,2,2,2,2,2,2,2,2,1,1,1,1,1,1,1,1,1,2,2,2,2,3,3,2,2,2,2,2,2,3,3,3,3,3,3,3,4,4,4,6,4,2,2,3,4,5,4,3,3,3,3,3,3,3,3,4,4,4,4,4,4,4,4,2,1,2,3,3,3,4,4,4,3,3,2,2,3,3,4,4,5,5,4,3,2,3,4,3,3,3,3,3,3,3,3,4,3,3,1,2,3,4,5,1,2,4,3,3,2,2,2,2,2,2,1,1,1
95,3,2,3,4,5,4,3,2,3,3,3,3,4,3,3,2,3,3,2,2,2,2,2,2,2,1,1,2,1,2,2,2,2,1,1,3,4,4,4,4,3,2,2,3,3,2,3,3,3,4,4,4,4,4,4,4,5,5,4,4,4,4,5,4,5,5,3,1,2,3,3,2,1,2,3,3,3,1,1,2,3,6,4,4,3,2,2,2,4,4,2,3,5,4,3,3,4,4,4,3,2,2,2,2,2,2,2,1,1,2,3,4,5,2,1,3,1,0,1,4,3,4,4,2,2,3,4,3,1,2,3,2,1,3,4,2,2,4,5,5,5,4,4,2,2,1,2,3,3,3,3,3,4,4,4,4,4,4,4,4,4,3,2,2,2,1,1,1,1,3,4,4,3,3,3,3,2,3,4,5,5,6,7,6,5,3,1,2,2,3,3,4,3,3,4,5,5,4,3,3,4,4,3,3,3,3,3,3,3,3,3,4,4,4,4,4,3,5,4,3,3,3,4,4,3,2,2,3,4,4,4,5,6,3,1,3,3,3,4,5,6,7,7,4,3,4,5,5,4,5,5,4,4,4,5,4,4,3,3,4,3,4,5,4,4,4,3,2,2,3,3,3,3,2,2,3,4,4,3,2,1,1,1,3,3,3,3,2,3,1,2,6,6,7,5,5,7,5,3,3,2,2,3,3,3,4,4,2,2,2,2,3,4,4,4,5,5,5,4,5,4,4,5,4,3,3,3,3,3,3,3,4,4,5,5,4,3,4,4,4,3,2,3,3,3,4,3,1,3,2,3,3,3,3,4,3,3,3,3,4,4,4,5,5,4,3,6,7,6,3,2,1,1,3,5,4,3,2,2,2,2,2,3,3,3,3,3,3,3,3,4,4,6,5,5,5,4,3,3,3,4,4,4,4,4,4,5,5,5,3,3,3,3,3,3,2,1,2,2,2,2,2,2,2,2,2,1,1,2,2,2,2,3,2,2,3,3,3,3,3,4,2,1,0,1,2,2,1,0,2,3,3,4,4,4,5,6,6,6,7,5,4,3,3,3,1,2,2,2,2,2,2,4,4,3,3,4,4,3,3,3,3,4,4,4,4,4,4,4,4,2,2,3,4,3,3,2,4,2,2,4,6,6,3,2,1,2,3,4,4,4,4,4,2,3,4,3,4,3,3,3,2,2,2,1,2,2,2,3,5,5,6,4,3,3,3,3,2,2,1,1,1,1,1,1,1,2,2,1,2,3,2,3,4,3,2,3,2,2,3,3,3,3,3,3,4,3,4,2,2,2,2,2,2,2,2,2,2,2,2,2,2,2,2,3,3,3,3,3,3,3,3,3,1,2,2,2,2,2,2,2,1,1,1,2,3,3,4,4,3,3,3,2,2,2,2,2,2,4,5,4,4,3,3,3,3,1,2,3,2,1,1,2,2,3,3,4,4,4,4,4,2,3,5,5,6,5,4,3,2,3,2,1,1,2,4,4,1,2,3,5,6,5,5,5,3,4,6,6,4,3,3,4,4,2,1,1,2,4,6,8,6,4,3,2,1,1,1,1,3,3,3,3,4,4,4,4,3,2,3,3,3,3,2,4,6,5,4,2,3,3,2,3,4,3,3,4,4,4,4,4,4,4,4,4,4,3,3,2,1,3,4,3,3,5,5,4,0,0,0,1,3,3,3,1,1,1,1,1,1,1,1,1,1,1,3,4,5,5,6,6,5,4,2,4,5,5,3,3,5,6,6,6,5,3,2,3,3,4,4,3,2,2,3,3,2,3,3,4,3,3,2,3,3,3,3,2,3,4,5,4,3,4,5,4,3,3,2,2,2,3,3,3,4,3,3,4,3,2,3,4,6,7,6,5,4,3,1,2,2,2,3,2,2,2,2,2,2,2,2,2,4,4,4,4,4,3,4,3,2,4,3,2,3,4,4,3,1,1,2,2,1,1,2,3,4,4,4,4,4,3,3,3,3,3,3,3,3,3,2,2,1,1,1,1,1,1,1,2,3,3,4,3,3,3,2,5,6,5,4,5,5,3,3,4,2,2,2,2,3,2,3,2,2,3,3,3,3,3,6,6,3,3,4,5,4,3,3,2,2,2,3,3,3,2,3,2,1,4,4,3,3,3,4,5,5,4,3,2,3,3,4,3,1,1,2,3,3,3,3,2,1,2,3,2,2,2,2,1,1,1,1,2,1,2,2,1,0,1,2,2,2,2,3,3,2,2,1,1,2,1,1,2,2,2,2,2,2,2,2,2,2,3,4,3,3,3,2,3,3,2,1,2,3,2,1,1,2,2,2,3,2,3,3,4,3,3,3,3,3,3
96,1,3,2,3,2,3,2,3,1,1,1,2,3,3,4,5,4,1,2,2,2,3,3,2,3,4,4,3,2,2,4,4,4,5,6,7,7,7,6,6,5,2,3,3,3,3,4,6,6,0,2,2,2,4,4,5,4,3,3,3,3,3,3,3,4,6,4,3,4,4,4,3,2,2,2,2,3,3,3,3,4,5,5,7,7,3,1,4,7,5,4,2,0,1,3,6,7,6,4,2,1,2,4,2,1,4,4,4,4,4,4,4,4,3,4,4,4,3,3,4,4,3,4,4,3,3,2,1,2,4,4,5,6,5,4,4,5,5,3,1,2,2,3,2,0,1,2,2,4,4,4,4,4,2,2,3,2,2,2,1,1,5,3,2,2,2,2,4,4,3,5,5,4,3,3,3,5,7,5,3,3,3,3,2,3,2,2,1,1,1,1,1,1,0,2,4,5,5,3,2,2,2,3,3,3,2,2,2,3,2,2,2,2,2,2,2,2,1,3,4,4,3,3,3,5,6,6,5,4,3,3,2,2,1,1,3,4,4,5,5,5,2,2,2,2,3,3,4,4,2,3,3,3,3,4,4,5,2,2,2,2,2,2,3,2,3,5,4,2,3,5,4,2,2,3,4,3,1,1,2,2,1,3,3,4,4,3,3,3,2,3,3,2,2,2,2,2,3,4,4,4,3,3,3,3,2,2,2,2,2,2,1,1,2,1,2,2,1,2,2,3,4,3,3,3,3,2,2,2,2,2,4,4,4,5,5,3,4,4,4,3,4,3,3,3,3,3,3,3,2,2,2,2,3,3,3,2,3,3,5,6,4,3,5,5,5,5,4,3,3,3,3,3,3,3,3,3,2,3,3,3,4,4,4,5,5,5,4,4,3,3,4,5,5,3,3,3,3,3,3,3,4,6,5,5,6,6,4,1,4,6,4,3,3,2,2,2,1,2,4,5,5,3,2,2,2,1,2,2,3,3,4,4,3,3,3,3,2,2,1,1,3,5,3,2,3,3,3,2,4,2,0,1,2,2,2,3,4,4,4,4,4,4,3,3,1,1,1,2,2,2,2,2,2,4,5,4,3,4,5,2,1,3,4,4,3,1,1,2,4,4,3,3,3,3,3,3,4,4,4,3,4,4,4,4,3,2,2,2,4,4,3,2,3,5,4,3,3,3,4,3,2,3,3,3,3,3,2,2,3,3,3,3,2,3,2,3,4,4,4,3,3,3,3,3,3,3,3,2,3,3,4,5,5,5,5,4,4,5,4,4,3,3,2,2,3,4,6,4,3,3,3,3,3,3,3,3,3,3,3,4,4,4,5,5,2,3,3,2,1,1,2,3,4,4,3,4,4,4,4,4,3,3,2,2,2,3,2,1,3,3,3,3,3,3,3,3,3,3,3,4,4,4,4,5,3,3,2,1,2,1,1,1,1,1,1,1,1,2,3,3,2,3,3,4,3,3,4,3,2,2,3,3,3,3,3,3,4,4,2,3,2,3,3,5,3,2,2,1,2,2,1,2,3,3,3,3,3,4,4,5,4,2,2,2,2,3,3,3,3,2,2,2,2,2,1,1,3,2,3,3,3,4,5,5,4,4,4,4,4,4,4,4,4,2,2,3,3,3,3,4,2,1,1,1,1,1,1,1,3,3,2,2,3,3,1,1,2,1,2,2,3,3,3,3,2,2,2,2,2,2,2,2,3,2,2,2,1,1,3,3,4,3,3,3,3,3,3,3,3,3,3,3,3,3,3,3,3,3,3,4,5,5,6,6,3,2,2,2,2,2,2,2,3,2,2,2,2,2,2,2,4,4,4,5,4,3,3,2,2,3,2,2,2,2,2,2,5,6,7,4,3,3,3,1,1,1,2,3,3,3,4,4,5,5,4,4,4,4,4,3,3,2,1,1,3,3,3,3,3,4,5,5,5,5,3,3,3,5,6,4,4,6,6,4,4,4,4,5,7,7,5,3,3,3,2,2,2,3,3,3,3,3,3,3,3,3,3,3,1,1,1,1,0,1,1,1,2,2,2,2,2,2,2,1,2,1,1,2,3,3,3,5,5,4,3,2,1,1,2,2,3,4,4,3,4,5,6,6,4,3,3,3,3,3,2,4,5,5,5,4,4,3,3,3,1,1,1,2,3,3,2,3,4,2,1,2,2,2,3,4,3,3,4,4,4,4,4,4,3,2,2,3,4,4,2,2,2,4,4,4,2,4,6,6,3,3,5,5,3,2,2,2,2,2,2,2,2,2,2,2,2,1,1,2,3,1,1,2,2,2,2,3,4,4,5,5,4,4,4,3,4,4,3,3,3,3,3,3,3,3
97,3,1,1,3,5,5,3,2,3,2,1,1,1,3,3,2,1,3,3,2,1,2,2,3,3,2,3,4,3,1,1,1,3,0,1,2,1,2,2,3,3,3,3,3,4,4,3,3,3,4,4,4,5,4,3,3,3,2,3,3,2,3,5,5,4,3,4,4,3,4,4,4,5,3,3,3,3,3,3,2,2,3,3,4,3,3,3,3,4,2,2,2,2,2,2,2,2,2,3,3,3,3,2,3,3,4,2,2,2,2,2,1,1,2,2,4,4,3,3,1,1,2,2,3,3,3,2,3,3,5,5,4,4,3,4,4,5,3,3,3,3,3,4,3,4,5,4,2,2,3,3,3,3,2,3,3,3,4,3,3,3,3,4,6,6,6,5,4,3,4,4,4,4,4,4,3,3,3,2,2,2,2,3,3,3,4,3,3,3,2,2,2,2,2,1,1,1,1,1,1,1,2,1,1,1,2,2,2,2,3,5,3,1,1,3,3,3,3,3,4,4,3,3,3,3,2,2,2,2,2,2,2,2,2,3,3,2,2,2,3,3,3,3,3,3,3,3,3,3,2,2,2,3,3,3,3,4,3,3,3,2,2,2,2,2,1,2,3,2,3,4,6,7,3,3,2,1,3,3,3,4,3,3,3,3,3,3,3,3,4,4,4,3,3,3,2,2,2,2,2,2,2,2,2,2,1,1,2,2,2,2,3,3,2,3,3,3,2,2,3,4,4,3,3,3,3,2,2,2,0,1,3,4,5,4,4,3,3,2,1,2,3,3,3,2,4,5,4,4,5,3,3,4,5,4,3,3,4,4,4,3,2,3,3,4,4,3,3,2,3,2,1,2,2,2,1,2,2,5,5,5,3,1,2,4,6,4,4,4,4,3,3,2,4,3,3,4,4,4,3,3,4,4,4,3,2,2,3,3,6,6,4,3,2,2,3,4,4,4,2,3,4,4,5,3,0,1,2,3,5,5,5,4,5,5,5,5,5,5,5,5,3,3,3,3,2,4,4,5,3,2,2,2,2,2,3,2,1,1,1,1,1,1,1,1,3,3,3,3,3,3,3,2,2,4,5,5,5,6,4,2,1,1,2,2,2,2,2,3,6,3,3,2,1,2,2,2,4,4,4,4,3,3,3,2,3,3,3,3,3,3,3,3,1,3,4,2,1,3,4,2,3,3,1,2,4,5,5,3,2,2,2,2,2,2,2,2,6,6,4,5,5,5,3,1,0,1,1,1,1,2,2,2,4,4,5,5,5,3,4,5,4,3,2,2,2,2,3,3,4,4,4,4,4,4,4,3,1,5,8,4,1,3,4,1,1,2,3,3,3,3,2,2,1,1,1,2,3,2,2,2,3,2,1,2,3,4,4,2,3,4,5,6,4,2,1,1,3,3,5,6,6,6,4,4,1,1,2,4,4,4,2,2,2,1,1,1,1,1,1,1,3,3,2,3,4,5,5,4,4,4,4,2,2,2,3,3,2,2,1,2,3,4,3,1,1,3,6,7,7,7,4,1,3,3,3,3,3,3,3,3,3,3,3,3,3,3,3,3,4,4,3,3,3,3,2,2,2,2,2,2,2,2,3,2,4,3,4,4,4,4,3,3,3,2,3,4,4,3,1,1,3,3,1,1,2,3,2,1,1,3,4,3,3,4,4,6,5,3,2,2,2,2,2,3,3,2,1,2,4,4,4,3,1,1,1,1,1,1,1,1,3,4,4,3,3,3,1,1,1,1,2,2,2,2,2,3,2,2,2,2,2,2,2,2,1,1,2,2,2,3,2,1,1,2,3,4,3,3,4,2,2,3,3,3,3,3,3,3,4,3,1,2,4,3,1,1,2,4,3,1,3,3,4,4,2,2,2,2,2,2,2,2,2,3,3,3,4,4,3,3,1,1,3,3,3,4,3,1,1,1,1,1,2,3,2,2,1,1,0,0,1,3,4,3,3,2,4,4,4,4,4,2,2,3,2,3,3,2,3,4,4,2,2,3,3,3,3,3,4,4,4,4,3,3,3,2,2,4,4,3,2,3,3,1,1,1,1,1,1,3,4,6,3,1,5,5,4,3,1,2,2,1,3,5,6,5,3,1,1,2,4,4,4,3,3,1,6,7,3,3,1,3,8,6,2,2,4,4,2,1,1,2,2,2,2,2,2,2,2,2,3,3,2,1,1,1,2,3,2,2,3,3,3,4,4,4,4,4,4,3,2,2,2,2,1,2,3,4,4,4,4,3,3,3,3,3,3,3,3,3,2,1,2,2,2,4,4,4,5,4,2,3,3,4,4,2,3,4,4,4,3,3,3,3,3,3,3,3,3,3
98,4,2,3,3,2,3,2,2,2,3,3,2,1,2,2,3,2,2,3,4,4,4,5,5,3,4,5,4,2,3,4,2,1,2,2,4,5,3,3,3,2,3,4,6,5,3,6,9,8,3,1,1,3,5,4,1,1,2,3,4,5,6,6,3,4,5,4,3,4,3,4,6,5,4,4,3,1,1,1,1,1,3,3,3,3,5,5,6,3,0,1,1,1,2,2,3,3,2,3,3,5,5,5,3,3,3,3,2,3,4,4,3,4,6,4,4,4,3,3,3,2,2,4,4,4,4,4,3,1,1,1,3,3,5,4,4,4,3,3,3,3,3,3,2,1,2,2,3,3,3,3,2,2,4,4,4,4,4,4,4,2,2,1,2,3,4,4,4,3,5,5,3,2,5,5,4,2,2,1,2,2,2,2,2,2,3,3,3,3,3,3,3,3,3,3,4,5,5,4,3,3,2,3,4,4,3,3,4,6,5,3,3,3,3,3,4,4,3,3,3,3,4,4,4,4,4,5,6,6,6,5,4,4,0,0,1,1,2,1,1,1,1,2,3,4,4,3,4,7,4,3,3,3,3,3,3,3,4,4,3,2,2,3,3,3,4,4,4,4,5,5,5,5,3,4,3,4,6,6,4,2,1,3,4,4,3,2,3,3,3,3,3,2,3,3,3,2,4,5,5,3,2,4,3,1,4,4,4,4,4,4,3,3,3,5,4,2,1,2,4,3,1,2,2,2,2,2,2,2,4,4,5,3,3,3,4,3,1,1,3,4,5,5,7,7,2,1,3,2,4,5,5,6,2,3,4,4,5,6,7,7,4,3,3,4,5,4,2,2,1,2,2,2,2,2,3,3,1,1,1,1,1,1,2,3,6,6,6,4,4,5,4,6,4,4,3,4,3,3,4,4,4,4,4,3,3,4,4,3,4,4,3,3,4,4,3,2,5,4,2,4,4,3,2,4,2,3,5,5,4,4,4,4,3,3,4,4,4,4,3,3,5,4,2,2,3,4,4,3,3,1,1,3,4,3,1,1,4,4,4,4,4,3,3,2,3,4,5,5,4,4,3,3,3,2,1,2,3,2,2,2,3,3,4,4,3,2,2,3,3,3,3,3,4,4,4,3,2,3,4,4,4,4,3,2,2,1,1,1,1,1,3,3,0,1,4,6,7,5,3,3,2,3,3,3,3,4,4,4,3,3,1,1,2,3,5,5,6,4,3,3,4,4,3,2,0,1,2,3,2,2,2,2,3,3,3,3,3,3,3,3,3,3,3,3,3,3,3,3,2,3,4,4,3,2,1,1,4,5,4,4,4,4,6,6,3,3,2,2,2,3,4,3,2,1,1,1,1,1,2,3,3,3,2,3,3,4,5,4,2,2,2,2,2,1,1,0,4,4,3,2,2,2,3,3,2,2,3,4,4,4,4,3,2,2,2,3,3,2,1,1,2,2,2,2,2,2,2,2,4,4,3,3,3,3,2,2,2,1,3,4,4,4,4,3,3,3,3,4,4,2,2,3,2,1,1,2,2,1,1,2,2,2,1,1,1,2,2,2,2,2,3,3,2,2,4,4,3,3,4,5,4,3,3,3,3,4,5,4,4,3,2,1,4,1,1,2,2,1,3,5,1,1,2,2,2,2,1,1,2,2,2,2,2,2,2,2,3,3,3,3,3,3,3,3,2,3,4,3,2,2,2,3,1,2,1,2,2,2,3,3,4,4,3,3,3,2,2,2,3,3,3,2,2,1,1,1,2,3,4,5,6,7,8,8,6,3,4,6,5,4,5,4,2,3,2,2,3,4,2,5,8,7,5,3,4,5,3,2,2,2,2,2,2,1,2,1,1,1,3,4,5,5,5,3,0,2,4,4,4,3,2,2,3,3,2,1,2,3,3,3,4,4,3,4,4,5,7,5,3,4,4,3,4,4,4,2,0,1,2,4,4,4,5,4,3,3,3,4,4,4,6,4,2,4,4,4,3,4,5,4,1,3,3,1,1,2,5,5,3,1,1,2,4,3,2,2,3,3,3,3,3,3,3,2,1,1,1,1,3,4,5,4,4,3,4,3,2,2,1,0,2,6,6,3,4,4,2,1,2,2,3,3,3,2,2,3,2,2,2,2,2,3,4,3,2,3,4,4,3,3,2,1,1,1,1,1,1,1,1,1,3,4,4,2,1,1,2,2,1,2,3,3,3,2,2,2,3,3,3,3,3,3,3,3,1,1,2,2,3,4,3,3,3,3,3,4,5,5,5,4,3,2,0,1,1,2,3,3,2,2,2,3,4,5,4,3,3,3,3,3,3,3,3,4,2,2,3,3,3,3
99,3,3,3,4,4,3,3,3,3,2,2,2,2,4,4,4,4,3,4,4,4,4,5,5,4,4,4,4,4,2,2,2,1,3,4,4,4,4,4,5,4,1,3,7,7,5,5,4,3,3,3,3,4,3,2,2,3,2,1,2,2,3,3,3,2,2,2,3,2,2,2,2,3,4,3,3,2,2,2,2,3,3,2,3,2,2,3,2,2,5,5,5,4,3,3,3,4,4,4,3,3,3,3,4,4,2,0,2,4,2,1,2,4,4,5,4,4,4,3,3,4,5,4,3,3,3,3,2,3,4,4,3,3,4,5,3,3,2,2,3,3,3,3,2,3,1,1,2,3,4,4,4,4,4,4,4,4,3,3,3,2,2,4,3,3,4,4,5,6,4,3,4,4,4,4,4,4,3,1,0,2,4,6,5,3,2,3,4,3,3,5,5,4,2,3,3,3,5,4,3,2,1,1,3,4,4,3,3,2,2,3,3,3,4,4,3,3,4,4,4,4,3,3,3,3,2,3,4,4,5,4,4,4,4,3,2,3,2,1,2,3,5,5,5,4,3,4,4,4,4,3,3,2,3,3,4,4,2,2,2,2,2,2,2,2,1,3,5,3,2,3,4,4,3,2,2,2,1,2,1,2,4,4,4,3,3,3,3,2,1,3,5,6,5,3,2,2,2,2,3,3,4,4,4,5,2,1,1,2,3,3,3,3,3,3,3,3,3,3,3,3,3,3,3,3,3,3,3,3,3,4,5,5,5,4,5,5,3,1,1,2,1,0,2,1,2,3,3,3,3,3,3,3,5,5,4,4,2,3,3,2,5,5,5,5,5,3,3,2,1,1,2,2,3,3,3,4,3,3,3,3,2,3,3,3,2,4,6,6,4,2,2,6,6,5,4,2,1,1,2,3,2,2,2,1,1,0,1,3,4,4,3,2,2,2,4,4,6,6,6,6,6,5,5,5,4,2,2,3,3,3,3,1,3,5,5,4,2,2,3,5,3,2,2,2,2,2,2,2,1,2,3,4,5,5,4,4,3,3,3,3,3,3,3,3,3,3,3,3,3,3,3,3,3,3,4,4,4,4,4,3,3,3,4,4,4,4,4,3,2,2,3,4,4,3,1,1,2,2,2,2,2,2,2,3,4,3,3,3,3,4,4,2,1,5,6,4,2,1,4,4,2,2,3,4,4,3,1,1,2,3,3,4,4,4,4,3,3,3,5,5,4,4,4,3,3,3,2,2,3,3,3,3,3,5,5,4,2,2,4,4,4,4,4,5,3,3,3,2,1,1,2,2,2,2,3,2,2,4,5,4,2,3,5,5,4,2,2,3,3,3,1,1,3,4,4,3,4,4,2,2,3,3,3,3,3,3,5,2,2,4,3,4,6,7,7,5,2,2,4,4,3,3,5,5,3,2,2,2,1,1,2,2,1,2,2,3,3,3,1,3,5,3,3,3,4,4,5,3,1,2,1,0,1,3,3,2,4,4,4,4,4,4,4,3,2,3,3,2,2,3,4,4,4,2,2,3,4,4,3,2,2,2,3,3,3,5,5,4,4,4,5,4,3,3,2,3,3,4,4,3,3,3,3,3,4,4,4,4,4,4,4,4,3,2,2,3,4,4,2,1,3,3,2,2,2,2,1,2,3,2,2,3,5,6,4,2,3,3,3,3,3,2,3,2,1,1,1,1,1,1,1,1,1,1,1,1,1,1,1,1,2,2,2,2,3,2,2,3,3,3,3,3,2,2,2,1,4,4,2,2,3,4,6,6,4,2,2,2,2,2,2,2,2,3,3,2,2,2,3,2,5,3,3,3,1,1,1,2,2,2,3,3,3,4,3,1,3,3,2,2,3,3,3,3,1,1,2,2,2,2,3,3,4,3,4,4,4,4,4,3,2,2,2,2,2,2,2,2,4,4,3,3,3,3,4,4,2,2,2,2,2,2,2,2,2,2,2,3,3,3,3,3,3,1,1,2,4,4,4,3,2,3,3,3,2,3,4,4,3,3,3,2,2,2,3,3,1,3,3,3,3,2,2,1,1,1,1,2,2,2,2,1,2,3,3,3,3,3,2,1,3,5,3,2,3,5,3,2,3,3,3,3,3,3,3,3,3,4,5,5,5,5,4,4,3,1,1,3,3,3,1,1,3,2,1,2,4,4,4,4,4,3,3,3,4,4,2,2,2,4,4,4,2,1,1,1,0,1,2,3,5,4,3,4,4,4,4,4,4,3,3,4,5,4,4,4,3,4,4,3,2,2,2,2,2,2,2,2,1,2,3,3,2,3,5,2,0,1,1,1,3,3,3,2,3,3,3,3,3,3
100,4,2,1,1,2,3,5,5,4,2,1,2,2,2,3,3,4,2,1,2,2,3,3,3,3,3,2,2,3,4,3,2,1,2,3,3,3,3,3,3,3,2,3,5,5,5,4,3,3,2,1,3,3,4,6,6,7,4,4,3,3,4,4,5,5,5,5,6,6,6,6,5,5,1,3,4,3,4,2,3,4,6,5,5,4,4,3,3,3,2,4,4,3,3,5,5,4,4,4,4,4,3,3,2,2,4,4,5,5,7,7,6,5,3,2,2,3,3,3,3,3,5,3,2,4,3,3,3,2,1,3,5,5,5,7,6,3,3,3,3,3,3,3,3,3,3,4,4,4,5,4,4,4,4,4,3,5,5,4,3,3,4,4,4,4,3,4,3,2,2,3,3,3,3,3,4,4,5,3,2,2,2,3,3,3,4,3,3,3,4,4,3,2,2,2,3,3,4,4,3,4,1,3,4,3,1,1,1,4,2,1,1,2,3,3,4,5,5,4,4,4,3,3,4,3,3,3,3,3,3,3,3,3,3,3,3,3,4,4,4,4,4,3,1,1,2,2,2,5,3,1,1,2,2,2,2,2,2,3,2,2,2,3,4,5,5,2,2,2,1,1,2,2,4,4,2,2,2,2,2,3,1,0,1,2,2,2,1,0,1,1,1,1,2,2,2,2,1,1,1,1,1,1,1,1,3,5,3,4,4,3,3,2,4,5,3,3,3,2,3,3,3,3,3,3,3,3,3,3,3,3,3,3,4,4,4,4,4,4,4,4,3,2,3,3,1,1,2,2,3,4,4,5,3,2,4,4,4,2,2,3,3,3,3,3,2,2,2,1,2,3,3,3,3,3,3,3,3,3,2,2,3,4,4,4,3,4,4,4,4,4,4,4,2,3,2,2,2,2,2,3,2,1,3,4,5,4,3,4,4,4,4,3,2,1,3,4,4,3,3,3,3,3,3,3,3,3,3,2,0,0,2,4,5,4,4,4,4,4,4,4,5,6,2,2,4,3,2,5,5,3,3,3,3,3,5,6,4,3,3,1,1,1,2,4,4,2,3,2,2,2,2,2,3,4,4,4,4,4,4,4,3,2,3,4,5,4,3,2,3,4,2,1,1,1,2,4,2,1,1,1,2,3,4,5,3,2,2,4,5,6,2,0,4,4,3,3,3,3,4,4,3,2,2,2,3,3,3,3,2,2,2,3,3,3,3,3,2,2,2,2,2,2,2,2,3,3,3,3,3,3,3,3,5,4,3,2,2,2,3,5,6,5,5,4,2,1,1,1,2,2,2,2,3,3,3,3,4,4,4,3,3,2,2,2,3,3,4,4,4,3,1,0,2,2,2,3,3,3,4,4,2,2,3,3,3,3,4,4,2,3,4,4,5,4,4,4,3,3,2,2,2,2,3,3,3,4,4,4,4,3,2,2,3,3,4,4,4,5,2,1,4,4,4,3,3,2,2,2,0,0,0,1,2,4,4,4,6,4,4,3,2,2,3,4,1,1,3,3,3,3,1,1,1,1,1,2,2,2,3,3,4,4,4,4,4,4,4,4,2,2,1,1,3,3,1,0,1,3,3,3,3,5,6,5,3,4,5,4,3,3,3,4,3,3,4,4,3,3,3,2,3,2,2,3,3,2,1,2,1,1,2,3,3,3,2,2,4,3,3,3,3,2,3,3,1,1,1,2,2,3,3,3,2,3,3,3,2,2,3,4,1,1,1,1,1,1,2,2,1,2,3,3,3,3,2,1,1,1,2,2,2,2,3,3,2,2,2,2,2,2,2,2,3,3,3,3,3,3,3,3,3,3,3,3,3,3,3,3,2,1,1,2,3,3,2,1,3,4,4,2,2,2,2,2,2,2,3,4,4,4,3,3,3,3,1,2,3,3,2,1,3,3,3,3,3,4,4,4,4,5,4,3,2,1,2,3,0,1,2,3,3,3,2,2,3,3,3,3,3,3,3,3,6,5,4,3,2,2,2,2,2,1,1,1,2,3,2,1,2,1,1,1,1,1,1,2,1,1,2,2,2,2,2,2,2,2,1,1,1,2,3,4,3,2,2,3,3,3,3,2,4,3,2,3,2,3,5,5,2,2,2,2,2,2,2,2,3,4,3,1,1,2,3,2,1,1,1,1,1,1,1,1,2,2,2,2,3,3,3,2,3,3,2,2,3,5,6,5,4,3,3,3,2,2,2,2,2,1,3,6,7,4,3,4,3,3,3,3,3,3,3,3,3,3,3,3,4,4,4,4,3,2,2,2,3,3,3,3,3,3,4,3,1,2,5,4,1,3,3,2,2,2,2,2,2,2,2,2,2,2
101,5,5,3,2,2,5,7,4,1,0,1,2,3,4,4,4,3,4,4,3,1,1,1,2,2,4,3,4,4,3,1,1,4,1,2,3,3,4,5,5,3,2,2,4,4,4,4,5,5,1,2,3,3,3,3,3,4,3,3,4,4,4,5,3,2,3,2,1,1,1,2,2,3,5,4,4,4,4,3,3,3,2,3,3,3,3,3,3,3,3,3,4,3,4,3,3,2,1,1,1,1,2,2,1,0,0,0,1,2,3,1,1,1,1,2,2,2,1,1,2,3,4,4,4,3,2,2,1,1,1,2,1,1,2,3,3,3,4,3,3,4,3,3,3,3,3,3,3,3,3,3,3,3,3,2,2,2,3,3,4,4,3,3,2,1,1,1,2,3,4,3,3,3,1,2,3,2,5,6,5,3,2,4,4,3,4,4,4,4,4,4,4,4,2,2,2,2,2,2,2,1,1,1,2,2,2,2,2,3,3,2,1,2,2,2,3,5,5,4,3,3,2,4,4,4,3,3,3,3,3,3,3,3,3,3,3,3,4,4,4,5,4,3,4,4,4,4,3,1,1,2,2,2,2,2,2,2,5,3,3,3,4,4,4,5,3,1,3,3,3,3,3,1,2,3,4,4,3,3,2,2,2,1,1,3,4,3,1,1,3,5,6,4,3,3,3,3,1,1,2,3,3,4,4,4,6,4,2,2,1,3,5,5,3,2,2,2,2,3,3,3,2,2,3,3,3,3,2,3,3,3,3,3,3,3,3,3,3,3,3,3,3,3,3,3,5,4,3,2,3,2,2,4,4,4,3,2,2,3,4,5,3,2,2,3,3,2,2,2,0,0,3,5,2,2,4,6,7,6,5,4,4,4,4,3,5,4,6,4,4,4,3,4,4,4,2,1,2,1,2,3,2,2,2,2,3,4,4,4,3,4,4,4,5,5,4,2,1,3,3,3,3,4,5,5,1,3,2,1,3,4,4,3,3,3,3,3,3,3,3,3,3,2,1,2,1,2,2,3,5,3,4,3,2,4,5,3,2,2,3,3,3,4,3,3,4,4,3,3,3,3,3,3,6,5,5,5,5,5,5,5,2,2,2,2,2,2,2,2,3,3,4,4,4,4,4,4,2,1,2,1,3,3,2,3,4,3,3,3,3,3,3,4,2,2,3,4,3,3,4,3,1,1,1,1,2,2,3,3,3,2,2,2,2,2,2,2,3,2,2,3,4,4,4,3,2,3,3,3,3,3,4,4,2,3,3,3,2,1,3,3,3,3,2,3,4,4,3,2,3,3,3,3,3,3,3,3,2,3,3,3,3,3,3,4,4,4,4,4,3,3,3,2,5,5,4,3,5,5,3,3,5,4,4,3,3,3,3,2,4,4,2,2,2,3,3,3,1,2,3,2,2,3,6,7,4,3,2,1,1,1,4,3,1,2,3,4,4,3,2,2,6,6,4,3,2,2,2,3,5,5,4,2,2,4,2,1,3,3,3,3,3,3,3,3,2,2,3,3,2,2,3,4,2,1,1,1,1,2,4,3,4,3,2,3,4,5,3,2,3,3,3,3,3,3,3,3,2,3,3,3,5,5,6,6,2,2,1,1,2,2,2,2,4,3,2,3,3,4,4,2,3,3,2,2,1,1,1,1,3,4,5,3,1,0,0,2,3,3,3,3,3,3,3,4,4,3,3,3,2,2,2,2,2,1,1,3,4,5,4,3,3,3,4,4,4,4,4,4,3,2,2,3,3,3,4,4,2,1,3,2,1,1,1,2,2,2,2,2,3,2,2,1,2,3,3,3,4,3,2,1,3,4,4,4,4,4,4,4,4,3,3,3,4,4,3,3,2,3,3,4,5,4,3,3,3,3,1,2,2,3,3,3,2,2,2,2,2,2,2,2,2,2,2,2,2,2,2,2,2,1,2,4,6,5,4,4,3,2,3,4,4,6,4,4,4,4,4,4,3,2,2,1,1,1,1,2,3,4,5,5,3,3,4,4,3,4,3,3,3,4,5,3,3,4,2,0,2,2,2,2,2,2,2,2,4,3,2,2,4,5,3,2,4,3,3,3,3,3,3,2,4,6,4,3,3,3,5,8,4,1,2,2,2,1,1,3,2,2,3,4,4,4,3,2,3,2,1,1,2,4,4,2,1,2,2,2,2,2,2,2,4,4,4,4,4,4,4,4,4,4,2,2,2,2,2,3,2,2,2,1,2,2,3,4,3,4,4,3,3,3,1,1,3,3,3,3,3,3,3,3,2,2,2,2,2,2,2,3,5,3,4,3,3,3,3,3,3,5,3,3,3,3,3,2,3,3,3,3,3,3
102,4,5,3,4,2,2,1,1,2,1,1,3,2,2,3,1,1,4,4,2,3,4,2,2,2,3,3,5,5,5,6,4,4,5,4,3,4,3,3,1,1,3,3,3,3,2,2,2,2,3,1,1,2,4,5,5,4,3,3,1,1,1,2,2,2,1,2,3,4,2,3,3,1,2,2,1,1,2,2,3,3,1,1,2,2,3,4,4,4,2,2,2,2,2,2,3,3,3,4,5,4,3,2,2,4,4,5,5,4,5,4,3,2,2,5,6,4,3,2,2,3,5,3,2,2,1,2,3,4,4,6,5,5,8,9,5,3,3,3,3,3,4,4,3,2,2,2,3,3,3,3,3,3,1,1,1,1,2,2,3,4,3,3,5,4,3,3,4,7,6,5,3,3,4,4,5,4,4,4,4,4,3,3,3,3,3,3,3,3,3,3,3,3,2,2,3,4,4,4,3,3,3,2,2,2,2,2,2,2,3,3,4,4,5,5,5,4,3,3,3,3,4,5,4,4,0,0,0,2,4,6,4,4,3,3,3,3,3,3,4,3,3,3,1,2,2,2,4,4,2,3,3,4,4,5,5,6,3,3,3,2,2,2,2,1,2,2,1,2,3,5,6,4,2,2,4,4,4,4,3,2,2,4,5,3,2,2,4,3,2,5,4,4,4,3,5,5,1,2,2,2,2,2,1,1,4,3,4,3,3,3,3,4,4,3,3,3,1,2,2,3,5,4,3,4,2,2,1,2,5,1,0,2,1,0,2,4,5,4,4,3,2,2,3,4,4,4,4,3,3,3,2,3,1,1,2,2,3,4,4,4,6,6,3,3,3,3,3,3,4,3,2,2,2,4,5,5,2,3,3,3,3,3,3,5,9,7,5,5,2,2,3,3,4,4,5,5,5,4,4,3,3,4,5,5,5,4,2,2,4,5,5,5,5,4,3,3,3,4,5,4,4,4,3,2,2,2,2,2,2,2,2,3,2,2,3,5,6,5,4,3,1,1,2,2,3,3,3,3,2,2,2,3,2,2,2,3,4,4,3,3,3,4,4,3,4,5,5,4,3,3,3,4,3,3,3,4,4,4,2,1,3,5,6,5,4,3,1,3,3,3,3,2,2,3,3,3,3,2,2,3,3,4,4,3,1,1,3,3,3,1,1,2,5,5,4,3,4,4,4,3,3,4,5,5,4,3,3,2,4,4,4,3,3,3,3,3,2,2,2,2,2,2,2,4,2,2,1,2,2,2,2,3,3,1,1,1,1,2,4,5,4,2,4,5,3,1,3,4,3,3,3,3,3,3,3,3,3,3,4,4,4,5,5,5,3,1,1,1,2,2,2,3,2,2,2,2,2,2,2,1,1,2,3,3,3,3,2,1,3,4,4,3,2,3,3,4,3,3,2,3,5,5,6,6,4,3,3,3,3,3,3,3,2,1,1,2,2,2,2,2,2,2,2,2,2,2,2,1,1,3,3,3,3,3,1,3,7,4,2,2,1,5,8,5,5,5,4,3,3,3,3,3,2,4,5,4,3,3,5,4,3,3,3,3,3,3,3,3,3,3,3,3,3,3,3,3,2,1,1,1,0,4,9,4,3,3,3,3,3,2,2,2,1,1,2,3,3,3,3,1,5,5,5,4,2,1,2,2,3,3,3,3,3,2,2,3,4,6,4,1,1,3,4,5,4,3,4,4,3,2,3,3,2,2,2,2,2,2,2,1,5,4,4,3,4,4,4,2,1,5,6,4,2,1,1,4,5,5,5,4,4,4,4,4,3,2,3,3,3,3,3,4,4,6,6,5,3,2,1,1,4,5,4,4,3,3,4,3,3,4,5,5,5,4,3,2,1,1,2,2,3,3,4,4,4,3,4,3,3,3,2,2,2,2,2,3,2,3,4,3,2,2,2,3,3,3,3,3,1,2,2,2,3,3,5,3,1,1,2,2,2,4,5,3,3,3,3,3,3,3,2,4,3,2,1,2,2,4,6,5,3,3,3,3,3,3,3,3,2,1,1,1,1,1,1,3,3,2,2,3,3,2,3,1,2,3,4,4,6,6,6,5,4,4,4,4,4,4,4,5,4,3,5,6,4,2,2,2,1,1,1,1,2,4,5,4,4,4,4,4,4,4,6,4,1,2,2,2,2,3,3,3,3,2,2,2,3,3,3,3,3,3,2,2,3,3,3,3,2,3,4,4,3,2,1,2,3,3,3,3,2,2,1,1,1,2,4,4,4,4,3,4,3,2,2,1,1,2,2,2,2,1,0,1,2,3,4,3,4,6,6,5,4,3,4,5,2,2,3,2,1,2,3,3,3,3,3,3,3,3
103,3,6,5,4,4,5,4,3,3,3,3,2,3,2,2,4,4,3,2,2,3,4,3,2,3,4,3,3,3,3,3,3,3,4,3,3,3,3,3,3,2,3,4,5,5,5,4,4,3,2,1,2,2,3,2,1,1,0,0,1,4,6,5,6,6,7,4,6,6,4,2,1,2,2,2,1,2,2,2,3,4,2,1,2,3,3,3,2,2,3,3,3,3,3,3,3,3,1,1,1,1,1,1,1,1,4,4,5,5,5,5,5,5,4,4,3,3,3,4,4,4,6,6,5,2,0,1,2,3,2,3,1,1,3,5,2,1,2,2,4,4,4,4,3,3,2,2,2,2,2,2,2,2,3,3,3,3,3,4,4,3,3,3,5,4,4,4,3,2,2,2,2,2,2,3,4,4,2,3,4,4,4,4,2,2,2,2,3,3,3,3,4,4,2,2,2,2,3,4,3,1,2,3,2,3,3,4,3,3,3,3,4,4,3,3,3,3,3,5,5,4,3,2,3,2,3,3,3,3,3,3,3,3,1,1,2,2,2,2,3,2,0,1,2,2,2,2,3,3,3,3,3,3,3,3,3,3,2,2,2,3,3,3,3,3,3,3,3,3,3,3,3,4,2,2,3,4,4,2,1,1,2,3,3,2,2,3,3,2,1,1,4,7,4,1,1,1,0,2,2,2,3,3,2,2,4,3,4,3,3,3,3,3,4,4,2,3,4,2,2,4,3,3,2,2,2,2,3,3,4,5,5,3,3,4,4,4,3,3,1,1,2,2,3,4,5,3,4,4,3,4,4,4,3,3,4,4,2,1,2,5,4,3,3,4,4,4,4,4,3,3,4,4,4,4,2,1,2,3,4,4,3,1,2,2,2,4,4,4,3,1,1,3,2,1,2,2,3,5,4,2,2,2,2,2,2,2,2,2,3,5,5,5,4,2,2,3,1,2,2,2,2,2,2,3,5,5,7,6,3,2,3,6,4,1,2,2,4,5,5,6,4,1,2,2,2,2,2,2,2,3,2,2,2,1,3,4,4,3,3,3,3,3,3,3,2,1,2,2,2,4,4,4,4,3,4,5,5,5,3,3,3,3,3,3,4,4,2,1,3,4,4,5,6,6,4,1,1,2,4,4,2,1,1,1,2,2,4,3,3,4,4,3,5,4,2,2,2,2,2,2,4,2,3,4,3,3,2,2,4,3,3,2,2,2,3,2,6,6,7,5,4,4,3,3,1,1,1,2,2,2,2,3,5,3,3,3,3,3,4,4,2,2,2,1,3,4,3,2,4,4,4,4,4,4,4,4,3,3,4,4,4,5,5,5,4,5,3,2,2,2,2,2,2,2,3,4,3,3,3,1,2,4,5,5,4,3,3,5,4,4,4,4,4,4,4,4,5,5,4,3,4,4,3,4,4,3,3,4,4,4,4,4,5,4,4,3,2,2,1,1,1,1,4,4,3,1,1,2,1,2,3,2,3,4,2,0,1,2,3,3,2,2,2,2,1,2,3,4,5,5,3,3,4,4,4,4,4,4,4,4,2,1,2,1,2,3,3,4,3,3,3,3,3,3,3,3,3,4,4,3,3,3,3,3,3,3,3,3,3,3,3,3,2,3,3,3,2,1,1,2,3,3,2,2,1,1,0,0,1,1,1,2,2,3,5,6,4,2,2,2,2,2,2,2,4,5,3,2,2,4,4,2,1,3,3,3,2,3,4,4,2,1,2,3,2,1,2,3,3,3,2,1,2,2,4,4,4,3,3,3,3,3,2,2,3,3,1,1,1,1,1,2,4,4,3,3,2,1,1,1,5,5,5,4,4,4,3,2,2,3,4,3,1,2,4,4,1,2,2,2,1,3,6,5,4,3,3,4,5,4,2,2,2,3,4,3,2,3,4,4,2,3,3,3,3,3,2,2,4,2,1,3,6,5,3,1,4,4,4,4,3,3,3,3,2,2,3,3,2,2,3,2,2,3,3,3,4,3,2,3,2,2,2,4,4,4,4,2,2,3,4,4,3,4,4,4,5,5,5,5,5,5,3,4,3,1,1,1,1,2,4,3,3,3,3,3,3,3,3,3,3,3,3,3,2,2,2,3,2,1,3,2,1,1,1,1,4,2,1,2,3,4,3,2,3,2,2,2,2,2,2,2,2,4,5,4,4,3,3,2,2,2,2,2,2,2,2,2,2,3,3,3,3,3,3,3,3,3,3,4,4,5,5,5,4,4,3,2,1,1,1,2,4,2,1,1,1,1,1,2,1,2,2,2,2,2,2,2,3,2,1,2,3,2,2,2,5,3,3,4,4,3,3,2,3,4,5,5,4,4
104,2,3,2,2,3,4,4,3,3,3,2,4,4,4,4,3,3,3,3,3,4,3,3,3,2,4,4,2,2,4,4,3,2,3,2,2,3,5,5,4,4,2,2,3,3,3,4,4,5,4,3,4,2,1,5,2,3,4,1,1,2,6,6,3,2,2,2,2,2,3,3,3,4,5,7,6,5,5,4,3,3,3,4,6,4,1,3,7,6,3,3,6,5,4,4,3,1,4,5,2,2,4,5,5,3,1,1,2,2,2,3,3,4,2,1,2,2,1,1,1,2,3,4,2,3,4,4,6,5,4,4,3,3,4,4,4,3,2,4,3,3,2,4,5,5,3,3,4,5,5,5,3,4,2,2,3,2,2,2,3,4,4,4,5,5,4,2,2,3,0,0,3,4,3,3,4,4,3,3,5,6,5,4,2,3,3,2,2,2,2,3,3,3,4,4,4,3,3,3,3,2,3,3,3,3,4,4,4,4,3,2,3,3,3,4,4,4,7,6,6,6,5,2,1,2,4,4,4,4,4,4,4,3,2,2,2,2,2,2,2,2,3,2,3,3,3,3,3,1,2,3,4,4,5,4,5,5,2,3,3,4,5,6,2,2,4,6,7,7,5,4,4,5,5,4,2,3,4,4,4,2,4,3,4,4,4,4,3,5,4,3,3,3,3,3,3,4,2,2,1,1,1,1,3,2,3,5,4,4,3,3,4,4,0,1,1,2,2,3,3,4,2,2,2,2,2,2,2,2,2,2,3,2,2,1,2,2,5,5,4,4,4,2,3,4,3,3,3,3,2,2,2,2,1,1,1,1,1,3,2,2,3,3,2,4,4,3,3,3,2,1,1,2,4,4,5,6,4,3,5,6,4,4,4,4,5,5,7,7,5,3,4,5,2,1,2,3,3,3,3,2,4,6,5,5,5,5,3,4,4,4,2,2,4,4,4,4,3,5,5,4,1,2,1,1,3,3,3,2,2,2,1,1,6,6,5,3,3,4,6,7,2,2,5,5,4,2,2,4,2,2,2,2,2,2,2,2,3,2,2,3,3,4,4,4,4,5,5,4,2,3,7,5,1,3,3,4,3,3,4,3,3,5,6,5,5,4,4,4,6,5,6,5,6,5,6,4,4,2,3,3,3,3,2,3,2,2,2,2,2,2,2,2,5,3,4,3,3,2,1,1,4,3,3,3,3,3,3,3,3,5,4,4,4,3,3,3,3,3,3,3,3,4,3,3,2,3,5,5,3,3,2,3,4,4,4,4,4,3,2,1,3,4,3,3,3,3,3,4,4,4,3,3,5,5,4,1,2,1,2,2,2,3,3,4,2,1,2,3,3,3,2,2,2,0,2,4,5,5,4,3,4,3,3,3,2,2,2,3,4,3,3,3,2,2,3,3,4,4,4,3,4,4,3,4,2,1,3,4,4,4,4,2,3,3,2,1,1,2,4,5,4,5,6,5,6,4,3,3,3,1,2,3,3,4,4,3,2,1,1,1,2,2,2,2,4,3,4,1,2,2,2,1,2,2,3,3,1,1,1,2,1,1,1,1,1,1,2,3,3,2,3,3,2,1,1,2,2,1,1,2,3,3,3,5,4,3,3,3,4,3,2,1,2,2,3,3,3,3,3,2,3,4,3,3,3,3,3,4,3,2,4,3,5,5,4,4,3,2,2,1,2,2,1,1,2,4,4,4,3,3,4,2,1,2,2,2,2,2,2,2,2,2,2,2,2,2,2,2,4,3,2,1,1,2,3,4,2,1,2,2,2,3,3,3,4,3,3,3,3,3,3,3,2,2,2,3,3,4,5,5,4,1,1,2,4,2,1,2,3,3,3,2,3,3,3,5,0,1,3,4,5,4,3,2,2,2,3,3,3,3,4,4,3,3,4,4,4,4,3,1,2,1,2,4,6,7,6,4,3,3,3,3,3,4,3,3,3,3,4,4,5,6,5,6,4,3,3,4,4,4,4,4,2,2,1,1,1,1,3,4,2,1,2,3,3,3,3,3,1,1,2,1,2,4,5,3,2,2,3,4,5,5,3,3,3,2,1,1,4,6,6,6,3,2,2,2,2,2,2,2,1,1,1,2,3,4,4,3,3,2,5,5,3,4,5,5,5,4,1,2,4,3,3,4,3,3,2,2,3,3,3,4,2,1,1,1,2,4,3,2,3,4,3,3,3,4,5,5,4,4,4,3,3,4,5,5,3,2,3,2,2,2,1,1,2,3,2,2,2,2,2,2,4,4,3,3,3,2,3,3,1,1,1,1,3,4,4,4,3,2,2,2,2,2,2,2,1,1,3,3,3,3,1,1,4,4,5,5,5,5
105,4,3,2,2,2,1,1,1,2,3,2,1,2,2,3,2,1,1,1,1,1,1,3,3,2,3,1,1,1,3,3,4,4,2,3,4,4,4,6,6,5,3,3,4,3,2,1,2,2,1,1,3,2,4,2,3,5,2,2,3,5,5,4,3,4,5,4,3,3,4,3,3,4,4,4,2,2,2,3,3,2,4,4,5,3,2,2,3,1,2,1,2,1,2,2,2,2,3,1,2,3,2,2,2,3,1,2,1,2,4,5,4,3,4,3,3,4,4,4,4,3,3,2,2,2,3,2,2,2,1,1,1,4,4,3,3,3,3,3,3,3,5,6,6,5,2,2,4,4,5,6,6,6,4,4,4,3,3,3,3,2,2,2,4,3,3,3,2,2,4,4,5,5,4,4,2,2,2,1,2,3,2,2,2,2,2,2,2,1,1,1,2,2,3,4,4,3,4,4,4,3,2,2,2,2,2,2,2,2,0,0,1,1,3,4,4,6,3,3,4,4,4,3,2,3,2,2,2,2,3,3,3,4,3,2,3,2,2,2,2,2,3,2,2,2,2,3,3,4,4,4,3,4,4,4,4,4,3,5,5,5,4,4,4,5,3,3,4,4,6,6,4,3,4,3,3,4,4,3,1,1,0,0,2,2,2,2,2,3,3,3,3,3,3,3,3,3,4,4,4,4,3,4,3,4,3,3,2,1,1,2,2,3,3,3,3,2,2,2,2,2,2,3,2,2,2,2,2,2,2,2,2,2,2,2,2,2,4,4,4,4,4,3,3,2,3,4,5,4,3,2,1,2,1,1,2,3,3,3,3,4,3,4,4,2,2,2,2,3,1,2,2,2,2,1,1,1,2,2,3,3,3,3,3,4,2,3,3,3,3,2,2,2,1,1,4,5,3,1,1,2,5,5,1,2,3,5,5,3,4,5,4,4,3,3,3,3,2,2,2,2,2,2,2,2,3,3,3,3,3,3,3,3,2,2,2,2,2,2,2,1,3,4,4,2,2,2,3,3,2,3,3,3,2,1,1,1,2,4,4,4,4,4,4,3,3,3,2,2,3,4,4,4,3,3,4,5,5,5,4,3,3,3,3,5,3,2,3,5,3,2,4,4,4,3,2,2,3,3,5,4,4,3,2,1,2,2,4,4,3,3,3,3,2,2,4,4,4,4,2,2,4,4,5,6,6,5,4,3,4,7,4,3,3,3,3,6,5,6,5,6,6,5,4,4,2,3,4,3,2,2,3,5,4,3,4,3,3,3,1,1,3,3,3,3,4,6,7,7,5,4,4,4,4,4,4,4,2,2,3,3,4,5,4,5,4,3,3,3,1,1,2,4,3,4,3,3,3,4,5,7,4,3,3,3,3,3,3,4,3,0,1,1,2,3,3,0,2,3,1,3,2,0,3,5,4,3,2,1,1,1,2,3,2,2,1,1,2,4,4,6,3,1,1,2,2,1,1,1,2,1,1,1,1,1,1,1,2,3,4,4,4,4,4,4,4,3,4,4,4,5,3,3,2,2,2,2,2,3,2,2,3,3,2,2,1,2,3,2,2,2,3,3,3,3,2,1,1,1,1,2,4,3,3,2,2,2,2,3,2,3,2,2,3,3,3,3,2,2,2,2,1,1,2,1,1,2,2,2,4,3,4,4,4,3,3,3,3,3,3,4,4,4,4,5,3,2,3,4,3,3,2,2,4,5,4,4,3,3,3,3,1,1,1,3,2,1,1,1,3,3,3,3,3,3,4,3,1,2,2,2,2,3,3,3,3,3,3,2,2,2,2,2,2,5,5,4,2,1,4,4,6,5,3,4,4,5,5,5,3,2,1,1,2,3,3,3,2,1,1,3,3,3,3,3,3,3,3,3,3,3,3,3,2,1,1,3,4,4,2,2,5,4,4,4,3,4,2,4,5,3,4,6,6,6,4,4,4,2,2,3,3,3,4,4,2,2,5,3,3,3,1,1,3,4,3,4,4,4,4,4,3,1,1,2,3,4,3,2,2,3,3,3,3,3,3,3,4,4,4,3,3,3,2,2,2,4,4,5,6,8,14,12,8,6,4,4,3,3,3,3,3,2,2,3,3,5,4,4,4,4,5,6,6,6,6,6,4,2,2,2,5,6,4,2,4,3,2,3,5,4,3,3,2,2,2,4,4,5,3,0,3,1,2,3,5,5,5,4,3,3,3,3,3,3,3,2,2,2,2,2,2,2,2,2,3,3,3,4,4,4,4,4,1,1,1,1,1,1,1,2,5,4,5,5,4,4,4,5,4,4,4,4,3,3,3,3,1,1,1,1,3,3,2,1,0,1,2,2,3,3
106,4,6,4,3,2,3,4,3,2,2,3,3,2,3,4,4,3,5,5,4,5,5,5,4,3,2,2,2,2,1,1,1,1,4,4,4,5,5,5,3,3,1,2,3,3,2,2,2,2,6,4,2,2,1,2,4,2,2,4,4,4,4,4,4,4,3,2,2,3,3,4,4,4,3,3,3,3,3,3,3,3,4,4,3,2,3,3,3,2,2,3,2,2,2,2,2,3,2,2,3,2,2,2,2,3,2,2,2,3,3,3,2,2,1,1,2,2,3,3,2,4,4,3,4,3,2,2,3,3,4,5,4,4,6,7,4,4,2,2,3,4,5,4,3,2,3,4,4,3,2,3,5,6,4,4,4,4,4,4,4,4,1,2,3,3,2,3,3,1,2,2,3,3,3,3,3,4,4,4,5,4,5,2,2,2,1,1,2,2,3,3,2,1,4,5,4,4,3,3,3,3,2,3,3,3,3,4,4,4,3,2,2,3,3,3,3,3,5,5,4,4,3,2,2,2,2,3,4,4,4,3,2,4,3,2,3,4,4,5,4,3,4,5,5,5,4,4,4,3,3,2,2,1,2,3,3,4,2,2,2,2,2,2,2,2,2,3,5,4,1,1,3,3,4,5,6,6,6,5,3,3,0,0,5,4,2,2,2,1,5,4,1,3,6,5,2,1,1,3,3,2,2,2,2,4,7,5,5,5,4,4,4,4,4,4,3,3,3,3,2,2,3,2,0,1,3,4,4,4,3,3,3,3,3,3,3,3,4,6,3,1,0,2,4,4,3,3,2,2,2,2,2,2,1,3,5,6,5,4,5,7,4,2,4,4,4,5,5,5,2,4,3,3,2,2,2,1,4,4,3,3,3,2,2,2,3,2,3,5,5,4,3,6,3,1,1,1,2,2,2,2,4,3,3,3,3,3,3,3,2,1,1,1,2,2,2,2,2,2,3,4,4,3,1,1,2,1,1,1,1,1,1,2,5,5,4,4,4,6,7,9,7,4,1,2,3,2,3,4,3,3,2,1,1,1,2,3,2,2,2,2,2,4,5,5,3,3,3,2,1,2,3,3,2,3,3,3,3,3,3,3,5,4,3,4,4,4,4,4,6,6,5,5,7,7,7,7,1,2,2,2,2,2,1,1,4,4,4,4,4,4,4,4,4,4,3,3,3,3,4,3,1,2,3,5,5,5,4,3,2,3,3,3,3,3,3,4,4,3,4,3,3,3,3,2,3,3,2,2,2,3,5,4,2,2,2,2,2,2,2,2,2,2,3,3,3,3,2,2,3,3,3,3,3,3,3,3,1,1,1,1,2,2,2,2,3,3,3,3,4,4,3,3,2,1,1,2,2,3,3,3,5,4,3,3,4,5,2,1,2,2,3,4,4,3,2,1,3,3,3,3,3,4,4,5,2,2,2,2,2,2,2,2,1,1,3,4,5,5,4,3,3,3,3,2,2,1,1,1,5,4,3,3,3,2,2,4,2,4,2,2,2,3,3,3,1,1,2,2,2,3,3,3,1,2,0,4,4,0,2,3,1,1,1,2,3,3,2,3,3,3,3,3,3,3,3,3,3,3,3,3,3,3,3,3,2,2,2,3,2,3,3,3,4,4,2,2,1,1,2,3,1,1,1,1,1,1,1,1,2,2,1,1,1,1,1,1,2,2,2,2,2,2,2,3,3,1,1,1,2,2,1,1,2,2,1,1,1,1,1,2,4,5,4,4,3,4,3,3,4,4,4,4,3,2,2,2,3,2,2,3,3,3,3,2,1,1,1,2,4,4,5,4,2,3,2,3,3,2,3,3,3,2,3,2,1,3,3,2,3,2,1,2,5,6,5,3,1,2,2,2,2,3,3,4,5,5,4,4,4,4,3,4,2,2,2,3,3,3,2,2,2,2,2,3,3,3,3,1,2,2,2,2,2,3,3,3,3,3,3,3,3,4,4,4,2,3,3,3,3,2,2,2,3,3,3,3,3,2,2,3,2,2,4,5,4,3,4,4,2,2,3,2,1,2,4,3,3,4,3,4,5,4,3,2,3,3,2,2,2,2,3,2,5,6,4,2,2,2,3,3,4,5,4,4,4,4,3,4,1,1,1,2,3,3,3,1,2,3,5,5,4,4,4,2,4,4,3,2,2,2,2,3,3,2,3,3,3,4,4,3,0,0,2,4,4,3,1,0,3,3,2,2,2,4,4,2,5,6,5,5,4,4,4,4,1,2,4,4,2,2,2,4,3,2,2,3,3,3,2,2,2,2,2,2,3,3,4,4,5,4,3,4,4,4,6,5,4,4,3,3,3,4,4,4,3,3,2,2,3,3
107,6,7,6,4,3,2,3,1,1,2,2,2,2,2,3,3,3,4,3,3,4,4,3,3,2,2,2,4,4,5,4,3,4,4,5,5,3,3,2,0,0,3,5,6,5,4,5,6,4,3,4,4,4,5,5,8,6,2,3,3,4,4,2,1,2,2,5,5,3,3,2,2,3,3,3,3,3,3,3,3,1,1,2,3,3,3,4,4,4,3,3,3,3,3,3,3,3,3,2,2,2,1,1,0,2,2,1,3,3,3,2,2,4,3,2,3,3,3,3,3,4,4,4,6,6,4,2,3,5,1,3,5,1,1,2,4,4,1,1,3,4,3,1,2,4,4,3,4,5,5,4,4,3,3,2,3,3,2,1,1,1,1,2,4,4,3,2,4,4,1,2,1,2,2,2,4,4,4,4,2,4,5,4,2,1,3,3,3,3,3,2,2,2,2,2,2,4,4,4,3,1,2,3,4,4,3,3,3,2,3,2,1,2,2,3,4,4,3,3,3,2,3,3,2,4,4,2,1,2,2,1,1,1,2,3,3,3,2,2,2,3,3,2,2,3,4,4,4,4,4,4,4,4,4,4,4,4,2,3,4,4,5,5,6,3,2,2,2,2,2,2,2,2,1,0,1,2,1,3,4,2,2,2,2,2,2,2,2,1,3,4,5,4,3,3,4,4,3,2,2,3,3,3,1,2,1,1,1,1,2,3,4,5,4,3,3,2,2,2,2,2,2,3,3,3,3,2,2,1,1,2,2,1,0,1,2,2,3,3,4,5,6,5,2,2,3,2,2,3,3,3,3,4,3,5,4,3,2,2,3,5,6,3,4,4,4,3,2,1,1,3,1,2,2,3,3,1,2,2,1,2,2,2,2,1,2,3,5,3,2,3,5,3,2,3,1,1,1,2,3,3,4,3,3,3,3,3,3,3,4,4,3,3,5,6,5,4,6,7,3,3,3,4,4,3,3,4,4,4,4,4,4,4,0,0,1,2,3,2,2,2,2,3,1,1,1,1,1,3,4,1,1,2,2,4,5,6,4,4,2,2,2,2,2,4,3,2,2,4,4,3,4,4,5,6,4,2,2,4,3,2,3,3,3,3,3,3,3,3,4,4,3,4,4,3,3,2,1,0,2,3,4,3,2,1,3,6,6,5,6,6,6,6,4,3,3,3,3,4,4,4,3,4,5,5,3,3,2,3,3,1,2,3,3,2,2,1,2,1,2,2,3,4,4,5,4,5,4,3,2,3,3,3,6,3,2,1,3,4,4,3,4,4,2,3,2,2,3,3,1,2,2,2,2,1,2,2,1,3,3,5,6,6,5,8,4,3,2,1,1,1,1,1,2,2,2,2,2,2,2,2,4,4,3,3,4,4,3,4,2,1,2,2,2,1,2,3,3,2,2,2,2,2,3,2,4,4,3,2,3,3,3,2,3,4,4,2,3,4,4,3,1,1,1,1,1,1,1,1,3,4,5,4,4,3,4,3,0,0,2,2,3,4,4,4,2,3,3,3,2,2,2,2,3,3,3,3,3,3,3,3,4,5,5,4,4,4,4,3,2,2,2,2,3,4,4,4,4,2,2,1,1,1,3,3,4,4,4,3,3,2,2,2,2,1,1,2,2,3,2,2,2,2,2,1,1,3,5,6,3,1,4,3,4,3,3,3,4,4,4,4,3,3,3,3,3,4,5,4,3,2,2,2,4,3,3,3,3,3,1,1,4,5,4,3,3,2,4,4,6,5,4,4,3,3,1,0,1,1,2,3,3,4,4,4,3,2,3,3,3,3,3,4,5,4,3,4,3,3,3,3,5,6,6,5,5,3,5,5,3,4,4,5,5,5,5,5,1,1,2,2,4,4,2,1,3,2,2,2,2,2,2,3,3,2,2,1,1,1,2,2,3,3,3,3,3,3,3,3,2,3,3,4,4,5,4,4,3,3,2,2,2,3,3,3,5,5,3,3,2,1,2,2,1,1,2,2,1,0,1,3,1,3,3,4,4,4,4,3,4,4,4,3,2,1,1,1,4,4,4,5,6,6,4,2,3,4,3,3,3,3,3,4,3,2,2,3,3,3,4,4,3,3,2,2,3,2,2,2,5,4,3,2,3,2,3,3,3,3,2,1,1,1,2,4,4,2,2,2,3,3,3,3,2,2,3,3,2,2,2,2,3,3,3,4,4,3,4,4,3,3,3,1,1,1,3,5,4,2,4,5,5,5,3,1,1,1,1,2,3,3,2,1,2,3,3,2,2,2,3,3,5,5,4,3,4,3,2,2,2,1,2,2,2,2,2,3,3,4,4,3,3,3,4,5,5,5,5,4,4,3
108,3,2,4,4,3,1,2,3,2,1,2,3,5,5,5,4,3,2,2,2,1,0,1,4,4,3,3,2,2,1,1,2,3,4,4,4,4,4,4,4,4,3,3,3,3,3,3,4,4,2,1,1,2,2,2,2,3,5,4,5,5,4,5,6,6,4,4,3,3,4,4,4,3,2,4,3,4,4,4,4,5,3,3,3,3,3,2,2,2,4,4,3,4,3,2,4,2,2,5,3,2,1,2,1,0,1,1,4,5,4,4,4,4,3,2,2,4,4,4,2,2,2,1,3,3,3,3,3,2,1,2,4,2,1,3,3,4,3,2,2,2,2,2,1,1,2,3,3,4,4,4,3,3,1,1,2,3,3,2,2,3,3,2,4,5,4,2,2,3,3,3,3,2,3,5,5,3,3,3,3,3,3,3,3,3,4,3,3,3,4,5,5,4,3,3,5,6,5,4,3,3,4,5,4,3,3,2,3,4,2,2,2,2,3,3,2,2,2,3,5,4,4,4,3,3,3,3,3,3,3,3,3,3,3,3,3,3,3,2,1,1,3,5,4,4,4,4,3,3,1,2,2,2,1,1,1,1,4,4,4,5,5,5,4,4,4,3,3,4,4,4,5,4,3,4,4,4,2,2,3,3,2,2,3,3,3,3,2,2,3,3,3,4,4,5,5,3,4,3,1,1,4,4,4,2,3,3,3,3,3,3,3,3,5,5,4,4,2,2,1,1,3,3,3,2,4,3,3,3,3,4,7,7,5,3,1,2,2,2,3,3,3,3,4,4,5,4,3,3,2,2,4,4,1,2,3,3,2,1,1,3,2,1,1,1,2,3,3,3,1,1,4,1,1,3,3,3,2,3,4,4,4,3,4,6,5,4,3,5,6,4,3,3,5,3,3,5,5,4,4,2,1,1,3,3,3,3,3,1,5,6,4,3,3,3,6,7,3,3,4,4,3,3,3,4,4,4,4,2,2,2,2,2,4,2,1,3,4,5,6,6,5,3,3,3,3,4,4,3,3,3,2,3,2,4,5,4,4,4,4,4,4,4,4,4,4,4,2,1,3,5,4,2,2,3,3,4,3,3,2,2,2,2,4,4,5,4,3,3,3,2,1,1,2,3,2,1,3,3,4,3,2,2,3,5,3,4,2,3,4,4,2,3,2,1,2,2,1,2,4,4,4,2,2,4,6,6,6,3,2,4,3,3,3,3,3,3,1,2,3,2,2,1,2,4,5,3,2,1,2,3,3,2,1,3,3,3,3,3,2,3,3,1,2,4,4,3,1,3,5,3,3,4,2,3,3,4,2,2,2,3,4,4,4,3,3,4,3,3,3,4,4,3,2,2,2,2,2,2,2,2,1,3,4,3,2,1,2,3,2,2,2,2,2,2,2,2,2,4,6,4,2,0,4,7,0,2,5,5,5,4,2,1,3,3,3,3,4,5,3,3,2,2,2,2,3,3,3,3,2,3,5,3,1,1,1,2,5,6,5,4,3,2,3,4,4,5,4,4,3,2,3,3,4,4,3,4,4,4,3,3,4,4,4,5,5,5,5,5,4,3,3,3,3,2,2,3,2,1,1,2,2,4,4,3,2,2,2,3,3,4,4,4,3,2,1,2,2,3,3,2,2,2,2,1,1,2,2,1,3,5,5,5,4,4,4,4,4,5,4,4,4,3,3,3,3,2,2,2,3,3,3,1,1,2,2,2,3,3,3,4,3,1,1,2,2,2,3,3,3,5,6,5,3,1,1,2,4,3,3,4,4,4,3,3,2,3,2,2,0,1,1,1,1,1,1,2,3,3,3,2,3,4,4,4,4,3,3,3,0,1,1,1,1,4,6,8,4,4,3,3,4,3,3,3,2,2,2,2,2,2,2,2,6,5,4,4,4,5,4,4,5,2,3,3,2,2,2,2,6,4,2,2,2,4,3,3,1,1,4,4,5,5,4,4,2,4,4,4,3,3,4,4,4,5,4,3,3,5,5,3,3,3,3,3,4,4,4,3,3,4,4,6,5,3,3,4,1,1,3,3,3,3,2,4,5,2,1,1,3,4,4,3,4,3,2,3,2,1,1,1,3,4,4,2,2,3,2,2,2,2,2,2,3,4,5,5,5,4,3,3,3,5,6,5,3,3,3,2,2,2,2,2,2,4,4,4,4,4,3,3,3,3,3,3,4,4,4,4,3,3,3,4,4,4,4,4,3,3,3,3,4,4,3,5,8,7,7,5,5,4,4,4,2,2,2,2,2,2,2,2,4,3,3,4,3,3,3,3,1,1,3,3,2,1,2,3,3,3,4,4,4,4,5,4,2,2,2,1,1,3
109,3,1,2,7,6,3,4,3,2,3,2,1,1,2,2,4,2,2,3,4,4,4,5,4,4,5,3,2,3,2,2,1,3,1,1,1,2,1,1,1,2,2,2,3,1,1,1,2,3,6,5,2,2,2,3,4,2,5,6,4,2,3,3,2,1,2,3,4,5,4,4,5,4,4,4,5,5,4,5,4,3,1,2,3,3,3,4,3,1,4,6,3,2,2,3,3,5,3,5,3,2,3,3,1,1,1,2,3,1,1,1,1,1,2,2,1,2,1,1,1,3,3,2,2,2,2,2,2,1,2,4,5,6,4,3,5,7,6,5,3,3,1,2,3,4,4,2,2,2,2,2,2,2,4,5,3,2,2,2,2,3,4,3,2,2,1,2,3,4,7,6,4,2,1,4,5,5,3,3,2,2,2,2,2,1,2,0,0,0,1,1,1,1,4,5,3,3,3,1,1,3,4,3,3,3,3,2,3,4,2,3,2,3,3,2,3,3,4,3,3,2,2,4,3,3,2,3,3,3,2,2,1,2,3,1,2,2,2,2,1,0,1,1,2,2,3,3,3,4,3,2,3,3,4,5,5,5,4,1,2,2,4,6,8,6,3,3,3,2,4,4,4,3,3,3,4,4,4,5,4,2,0,1,1,1,1,4,3,3,2,2,3,3,3,3,1,1,2,2,4,4,5,5,1,1,3,7,3,1,3,4,3,1,0,3,3,1,1,2,3,4,3,1,2,3,4,4,4,5,1,1,4,5,6,6,5,5,1,1,1,2,4,4,4,2,4,8,5,2,1,1,2,4,3,2,2,2,3,4,4,4,3,5,5,4,4,4,3,2,2,1,2,3,4,4,1,0,4,5,3,2,3,3,2,0,4,4,4,5,6,5,3,2,3,4,4,3,3,3,2,3,2,4,2,2,3,3,2,2,3,4,4,3,4,4,3,4,3,4,5,4,2,3,1,3,4,3,3,2,1,2,4,5,4,2,0,0,1,4,6,6,3,3,4,3,2,1,2,4,4,3,2,2,2,2,3,3,4,3,3,3,3,3,3,3,1,1,3,2,1,1,1,1,2,3,2,2,2,3,3,4,4,2,3,4,3,3,4,4,3,1,1,3,3,2,2,1,1,1,2,2,2,3,3,3,3,3,3,3,3,3,3,2,2,1,3,3,3,3,2,4,4,2,4,3,5,5,5,3,4,3,2,1,3,5,7,7,4,5,6,4,3,2,2,3,1,1,2,3,4,2,2,4,5,5,5,5,4,4,3,2,4,3,1,1,3,5,5,2,3,4,4,4,4,3,3,5,2,4,5,4,4,4,6,6,5,5,4,3,4,3,2,2,2,2,2,1,1,3,5,4,4,3,3,2,1,2,5,5,3,3,2,2,3,4,1,1,2,2,2,2,2,2,2,3,4,3,4,2,2,1,1,1,3,2,3,3,3,3,4,3,3,3,3,4,3,1,3,3,1,0,2,3,1,1,1,0,2,2,3,4,4,3,3,3,2,3,2,1,3,2,3,3,2,1,2,3,4,5,5,3,1,1,2,2,2,2,1,1,2,1,2,3,3,3,2,3,2,2,1,2,3,4,4,4,2,2,2,4,3,4,5,3,5,4,3,5,5,4,2,2,2,1,0,1,1,1,2,2,4,4,4,4,4,4,5,4,5,5,4,6,4,2,1,0,2,2,1,2,3,4,4,3,2,2,0,0,0,2,3,2,2,2,2,2,2,2,1,2,3,4,3,3,2,2,2,1,3,3,4,4,3,3,3,3,3,2,1,2,3,4,2,2,1,1,1,1,2,3,3,3,5,3,1,1,2,2,2,4,2,2,2,2,1,3,5,5,5,4,2,3,4,5,4,4,1,0,3,3,1,2,2,1,3,3,3,2,2,2,2,1,1,2,1,1,1,4,5,2,3,3,3,3,3,4,3,4,2,2,1,2,4,3,2,2,2,2,1,1,3,2,1,1,0,0,1,2,2,2,3,4,2,2,1,1,2,2,4,5,3,2,1,0,1,2,1,1,1,0,3,3,4,5,6,6,1,1,0,1,2,2,3,5,0,3,3,3,2,3,3,3,3,4,3,4,3,2,2,2,3,3,2,2,2,3,2,1,1,2,1,2,1,4,5,5,1,1,1,1,1,1,1,2,1,1,2,2,1,4,4,2,3,2,3,3,3,3,3,4,1,1,1,1,1,1,1,3,4,4,4,3,4,2,3,8,6,4,4,4,3,4,3,3,1,3,3,3,1,2,2,1,1,1,1,1,1,2,3,1,1,1,0,1,1,2,4,4,4,2,1,2,2,2,2,3,3,3,3,3,3,3
110,1,3,3,1,2,3,1,1,4,3,1,1,2,1,3,5,4,5,4,4,4,3,3,3,3,2,2,2,2,2,2,3,5,4,3,4,3,5,4,2,0,0,1,1,2,2,3,2,3,3,5,4,3,3,4,3,2,1,2,2,3,2,2,4,3,4,3,6,7,8,8,5,3,0,1,1,1,2,3,3,4,2,2,2,2,2,2,2,2,3,3,3,3,3,3,3,3,4,3,5,5,3,4,4,5,4,3,1,2,3,3,5,6,4,5,6,6,4,4,5,5,2,2,3,4,3,1,3,5,4,3,2,3,2,3,6,6,2,2,3,3,4,4,4,6,2,3,3,3,3,3,6,7,1,1,2,2,2,2,1,1,2,2,5,5,5,4,4,3,7,6,5,4,3,3,5,6,1,2,4,6,4,3,3,2,2,2,1,1,1,1,1,1,1,3,3,3,4,4,3,5,6,5,5,4,3,3,2,3,5,5,6,6,7,4,2,1,7,7,6,4,3,4,4,2,5,4,4,4,4,3,3,3,5,5,6,6,4,3,4,5,3,3,3,2,3,4,4,5,4,4,4,3,2,1,1,3,5,4,3,4,3,3,3,3,2,2,1,1,1,1,1,4,5,1,0,1,2,2,2,2,1,1,2,2,2,1,4,4,2,5,3,3,4,4,4,7,5,2,2,3,4,2,2,4,7,5,0,0,2,4,2,2,5,3,3,3,4,7,5,1,3,3,4,2,3,3,3,5,4,5,4,2,2,2,2,3,3,3,4,4,3,4,6,4,3,2,1,1,1,1,2,3,3,4,5,4,4,2,2,6,3,1,3,3,2,3,3,1,0,1,3,3,2,2,3,2,3,4,2,1,1,0,1,4,4,4,4,4,4,3,3,4,6,5,2,3,3,3,5,5,1,2,2,2,2,3,3,5,3,3,4,4,2,2,3,2,4,5,3,4,4,4,4,4,3,2,3,3,3,2,4,4,2,3,4,4,3,4,5,5,4,3,1,0,2,3,3,4,2,3,3,3,4,4,5,3,4,2,1,2,3,4,3,3,5,5,5,4,3,4,2,2,3,4,5,5,3,3,2,4,3,2,2,2,2,2,2,2,3,2,2,2,2,1,1,1,2,4,3,2,0,0,2,3,3,3,3,3,3,2,3,3,2,3,3,2,2,3,2,2,3,4,6,5,4,5,5,5,3,2,3,3,1,1,3,3,1,1,3,5,5,3,1,1,1,2,4,4,3,3,3,2,2,2,2,1,1,2,3,4,2,3,3,3,3,3,3,4,2,1,1,1,1,4,3,1,1,2,6,5,4,1,1,3,3,2,2,3,3,3,3,2,2,3,3,1,1,2,3,3,4,4,4,3,4,6,5,6,2,0,2,2,4,4,5,3,2,2,3,4,4,4,2,1,3,7,6,5,3,2,3,4,3,3,1,2,2,1,3,4,2,3,4,2,3,2,3,3,6,4,5,5,6,5,4,3,4,3,5,7,7,6,3,2,2,2,3,3,3,1,1,1,6,4,3,2,0,1,4,4,5,5,4,5,4,3,3,3,1,1,3,3,1,2,2,3,1,2,1,0,2,3,3,3,5,6,5,5,5,4,3,4,4,4,3,2,2,3,2,4,6,5,5,5,3,3,1,2,1,2,4,5,2,1,0,1,1,2,4,5,2,3,3,3,2,2,3,3,4,4,2,2,3,3,3,4,5,5,4,2,5,5,5,4,4,4,3,4,5,2,4,6,4,2,1,1,1,1,3,3,2,3,4,7,5,4,3,4,3,2,1,1,4,4,4,5,4,4,4,2,4,3,3,2,2,3,3,3,4,5,5,4,4,3,1,2,5,4,2,3,4,5,4,2,3,2,2,3,3,4,4,5,2,2,2,2,3,3,4,5,4,3,3,4,4,4,3,3,3,4,2,2,2,3,4,2,3,3,2,3,3,1,2,3,3,2,3,4,5,5,4,4,7,7,5,4,2,1,1,1,3,3,3,3,3,3,2,3,3,2,3,4,4,4,5,4,1,2,3,2,3,4,4,3,0,0,1,2,3,4,5,7,4,3,3,3,3,3,3,3,0,2,2,1,3,5,4,4,3,2,4,2,1,2,4,4,4,2,0,3,3,2,3,6,4,3,4,5,5,4,4,4,2,2,2,2,2,2,3,2,3,3,2,1,1,1,2,3,5,5,3,4,3,2,3,5,5,2,2,3,2,2,2,3,4,3,5,6,2,0,0,1,1,1,1,1,0,1,1,1,3,1,2,2,2,2,2,1,1,2,4,5,6,4,3,4,2,2,1,1,1,1,1,1,3,3,3,2,1,1
111,3,2,2,3,4,2,1,1,2,2,2,1,1,1,2,3,3,2,1,2,2,3,3,6,7,4,3,4,5,4,3,2,3,3,4,4,3,2,1,2,3,1,1,3,4,3,3,1,1,5,7,5,4,4,4,4,5,8,8,7,6,5,4,4,3,4,3,5,5,5,4,3,1,2,1,3,5,3,1,3,3,5,3,2,3,3,2,2,2,4,3,1,0,1,1,3,2,3,3,3,4,4,3,1,2,2,1,1,1,1,1,1,2,5,5,5,3,4,4,3,4,6,6,7,7,6,5,2,3,4,2,1,3,6,6,3,3,2,1,2,3,5,6,6,5,1,2,2,2,3,2,3,2,3,4,6,6,4,2,1,1,0,1,2,2,2,2,2,2,2,2,2,2,3,4,3,3,1,1,2,3,3,2,2,2,3,3,3,4,2,3,2,3,3,4,5,5,3,2,3,2,1,2,2,2,2,2,3,3,3,2,2,2,2,3,2,5,3,4,5,5,2,3,4,3,0,1,1,1,2,1,1,3,1,3,2,3,4,2,2,3,4,2,3,3,4,5,4,3,2,1,1,1,1,3,3,3,6,5,4,4,3,3,1,3,5,5,5,5,4,5,5,3,4,2,0,1,4,4,4,0,1,1,2,3,4,5,5,4,5,4,4,4,3,3,5,4,2,5,6,6,7,6,5,2,4,4,4,4,2,1,2,3,3,3,3,3,3,3,2,5,3,2,4,4,2,3,4,3,1,1,3,2,3,4,5,5,4,4,4,3,3,3,2,1,1,1,1,1,1,1,2,2,1,1,1,1,2,2,2,2,2,1,1,2,2,2,2,2,4,6,6,2,2,3,3,2,3,4,3,3,3,2,2,4,1,1,2,2,2,4,4,3,3,5,6,6,6,4,3,2,1,1,5,4,3,3,5,5,6,3,2,5,5,5,4,3,2,3,4,3,3,3,3,3,5,4,3,3,1,2,1,2,5,4,1,1,2,5,2,1,3,1,1,1,3,5,4,2,1,2,1,1,1,2,3,6,5,5,4,1,3,7,6,4,0,1,1,1,2,3,3,2,2,5,5,2,0,3,2,1,6,3,3,3,3,3,2,5,4,1,3,3,4,4,2,1,6,6,5,4,6,5,4,2,6,5,6,6,4,4,3,4,4,5,6,5,3,3,3,3,3,4,5,6,4,3,2,2,3,4,3,2,2,3,4,7,5,4,2,1,3,3,2,2,2,2,2,2,2,2,4,2,3,2,1,3,3,4,3,2,1,1,3,3,5,5,6,7,3,4,4,4,2,1,1,1,2,1,2,3,3,3,3,3,1,1,2,2,2,0,1,3,5,5,5,3,2,1,5,5,4,2,3,2,1,3,4,2,2,2,1,1,3,2,2,2,2,3,4,5,5,4,3,4,2,2,3,2,2,2,3,3,3,2,2,2,2,2,3,3,1,2,5,5,2,2,5,4,1,3,3,2,1,2,3,2,1,1,3,3,1,1,3,4,3,1,2,4,4,5,3,3,4,4,4,4,4,3,4,3,1,1,2,2,3,3,4,3,4,2,1,2,3,4,3,3,5,4,1,1,1,1,4,4,4,3,0,1,1,1,3,4,3,2,2,2,4,7,5,3,3,3,2,3,3,3,2,2,2,5,5,3,4,4,5,4,3,2,3,3,3,3,3,4,1,1,2,2,2,3,3,3,1,1,3,3,1,1,1,2,3,2,1,1,1,2,3,3,1,1,1,1,1,2,2,2,1,1,1,2,4,4,4,3,4,1,3,6,3,1,2,3,4,2,3,2,1,1,2,3,2,4,4,4,3,3,2,3,2,0,1,3,3,2,2,1,2,2,3,3,3,3,3,2,2,3,4,2,2,3,3,4,3,2,1,2,2,2,3,3,1,1,1,1,2,2,2,2,3,2,4,4,5,5,2,1,1,2,3,3,1,1,4,4,4,3,3,2,2,1,1,2,6,3,3,2,2,2,4,4,2,3,4,3,2,4,2,1,1,1,1,2,5,5,4,2,2,2,3,4,5,5,6,6,3,2,2,2,2,2,3,3,3,1,3,3,2,0,3,3,4,4,4,4,5,7,3,2,5,2,2,2,4,5,4,3,6,5,1,3,3,2,6,8,3,2,2,1,1,1,2,2,4,4,2,2,2,3,4,4,2,2,2,2,2,1,1,1,3,3,3,3,2,4,4,4,5,4,3,3,3,2,2,3,3,2,3,3,4,4,4,4,1,4,2,1,2,4,4,1,3,4,5,5,4,1,1,1,5,4,4,5,3,3,2,3,2,2,3,5,7,6,3,3,3,4,4,5,5,5
112,4,2,3,3,2,2,1,1,2,1,0,2,3,5,4,4,3,2,2,3,4,3,4,3,4,4,3,3,3,3,2,2,1,1,1,1,1,1,4,3,2,3,3,4,6,6,6,5,4,3,3,2,2,2,2,2,0,0,2,3,1,1,2,3,2,1,1,1,3,3,3,2,2,3,3,3,4,3,3,4,5,5,1,3,3,1,1,2,3,1,1,1,2,2,2,4,3,3,3,1,2,2,2,2,2,1,1,2,3,3,2,2,2,4,5,5,4,4,4,7,6,3,4,4,3,3,3,3,3,3,2,2,1,3,5,3,4,2,2,2,2,3,3,3,5,5,5,5,4,3,3,5,6,4,5,4,5,5,6,5,6,4,3,2,3,3,4,5,4,1,2,2,2,3,3,3,3,1,2,1,1,2,1,0,1,5,5,4,4,5,5,6,4,3,3,1,1,3,3,2,1,1,2,3,3,3,3,1,0,3,1,1,2,3,4,4,5,5,3,4,4,4,3,2,1,3,3,5,5,6,6,2,2,3,2,4,4,5,5,3,2,4,5,4,5,5,4,5,4,1,2,2,2,3,3,4,4,4,4,3,2,1,2,4,5,2,3,3,3,3,3,3,3,3,2,2,3,4,3,3,2,2,4,4,2,1,1,1,4,2,1,2,2,2,2,2,2,0,0,2,3,4,3,2,0,3,2,2,1,1,1,2,3,5,4,3,2,2,1,1,1,5,4,3,5,4,3,3,2,2,4,3,1,3,4,3,1,6,6,3,2,3,3,4,4,5,4,3,4,3,3,3,0,2,3,3,3,2,4,6,2,3,3,2,2,2,3,6,3,1,3,3,2,2,2,3,3,2,3,3,3,3,2,3,4,5,4,4,4,3,3,4,4,1,2,3,4,4,3,3,2,5,5,6,6,5,4,3,4,4,3,3,3,3,3,4,4,1,1,1,2,3,2,0,0,2,1,3,3,3,4,4,4,3,3,2,2,3,4,4,5,4,4,3,2,2,2,2,3,2,1,3,3,3,3,3,4,5,5,3,3,4,3,3,3,3,3,3,4,3,4,4,4,3,2,5,5,5,6,4,2,1,1,2,2,3,5,5,5,8,5,2,4,5,6,5,4,6,6,5,3,4,4,5,5,5,4,3,2,2,3,4,3,3,2,2,3,3,2,1,2,3,3,5,5,5,5,3,3,4,4,4,4,3,3,3,2,2,1,1,1,2,3,4,5,4,4,1,1,1,2,1,1,1,3,5,4,5,3,1,2,1,2,4,3,3,3,2,2,0,3,3,2,2,1,2,2,2,2,4,3,1,1,3,3,4,7,8,7,6,5,6,4,3,2,1,4,5,5,4,4,1,2,4,5,2,1,2,3,3,4,5,3,2,3,2,4,2,2,3,2,0,1,3,4,5,5,4,4,3,3,6,5,2,2,3,4,5,3,3,5,4,3,2,2,2,2,2,2,0,3,4,4,4,3,3,3,2,3,4,6,6,4,2,3,1,1,3,4,4,4,3,3,3,3,5,4,2,2,2,4,5,3,2,2,1,2,3,2,0,1,2,1,1,1,3,4,3,3,2,1,2,2,4,5,3,3,3,4,4,4,5,5,3,3,3,2,2,2,1,1,2,2,2,2,3,3,3,2,0,2,3,1,1,2,1,1,1,1,3,3,3,3,1,1,1,1,3,4,3,2,3,2,3,2,2,2,3,3,4,3,1,2,1,1,2,2,2,1,1,2,2,2,2,2,3,3,3,1,3,5,4,5,3,1,1,1,2,1,2,1,1,2,4,4,5,4,4,6,7,7,4,3,1,1,1,2,2,1,1,2,2,2,2,2,2,4,1,1,1,2,2,3,4,2,2,3,1,1,2,2,1,1,0,0,1,2,3,4,1,1,3,3,3,3,3,3,3,1,2,3,3,4,5,6,5,4,2,1,2,2,2,2,2,2,3,3,2,2,2,2,2,2,3,1,1,3,4,3,4,6,2,3,3,5,5,5,3,5,2,3,3,2,2,2,3,4,4,3,3,3,2,2,2,4,2,1,2,1,1,2,1,2,3,4,5,5,4,1,2,3,2,1,3,3,3,3,2,2,3,4,3,2,2,3,4,2,1,3,3,3,3,3,2,3,1,1,1,1,1,3,4,2,1,3,2,3,1,2,3,3,1,1,2,2,2,1,3,3,3,3,4,6,6,3,1,1,1,1,1,2,4,2,3,2,0,2,4,4,4,1,0,0,2,2,2,3,3,3,3,4,3,2,3,2,2,2,3,3,5,6,8,7,5,2,1,2,2,3,4,3,2,2,3,4,3,2,2,2,3,3
113,2,2,1,1,4,5,1,4,6,4,7,6,4,3,4,3,2,2,3,1,1,1,1,1,2,1,1,4,3,2,1,2,3,2,2,2,2,2,1,1,1,3,3,3,3,3,4,6,7,2,3,3,2,2,2,2,4,2,1,2,3,2,3,2,1,3,1,1,2,2,1,1,3,5,3,4,4,4,3,4,4,3,4,3,3,3,3,3,3,3,3,2,2,2,2,1,1,5,4,3,3,3,4,1,1,4,4,2,2,4,5,4,4,4,2,3,3,4,4,5,5,1,1,3,3,3,4,4,3,5,6,6,3,4,8,6,3,2,4,3,3,4,4,5,3,2,2,2,2,2,2,3,3,4,3,5,4,2,3,1,1,2,1,1,2,3,5,6,5,4,4,3,3,3,3,4,4,4,5,5,6,6,6,5,5,2,2,2,2,2,1,1,1,3,2,3,3,2,3,5,4,1,1,2,3,2,1,3,3,3,2,1,3,3,3,3,2,5,3,4,5,3,3,3,3,5,4,4,3,5,6,3,1,3,4,5,4,2,2,3,4,3,6,8,7,5,3,2,3,4,4,4,3,3,3,2,2,2,0,1,2,3,4,3,1,3,3,4,5,5,5,4,3,0,1,2,3,5,5,4,4,4,2,2,2,2,2,2,3,2,1,3,4,4,4,2,2,4,3,5,6,6,5,3,5,5,4,1,1,3,4,4,4,4,4,3,2,2,2,2,2,2,2,1,1,1,1,2,2,2,2,2,2,2,2,1,1,3,3,3,3,3,3,3,2,1,1,2,4,4,4,5,4,3,3,3,3,3,4,3,0,2,3,3,3,4,4,4,4,1,1,1,2,2,2,3,1,1,3,5,4,4,4,1,3,4,4,4,4,4,3,4,4,2,4,3,3,4,4,4,2,3,4,2,3,3,2,1,2,3,2,3,3,4,5,4,2,3,3,4,2,2,3,4,3,2,3,3,4,5,5,5,5,3,2,3,4,4,4,4,5,3,4,6,6,6,5,3,3,6,5,5,5,5,7,7,5,4,3,3,4,3,4,4,3,2,3,3,2,3,3,3,3,1,1,1,3,6,6,5,3,4,3,3,3,3,3,2,2,3,2,2,2,3,3,3,3,5,4,4,3,4,3,2,1,2,2,3,4,3,5,3,1,4,4,4,3,3,4,4,4,5,4,1,2,4,3,2,2,2,2,3,3,2,3,2,1,0,1,2,4,4,3,2,2,5,3,3,5,4,2,0,3,4,2,1,3,2,1,2,3,1,3,4,3,3,3,4,3,4,5,5,4,4,4,3,4,2,3,4,4,5,4,4,4,5,4,4,4,4,4,4,4,1,2,2,2,1,1,2,3,2,3,4,4,5,4,5,8,3,4,4,4,4,4,5,6,5,5,6,5,4,3,2,4,4,2,3,3,4,6,5,2,3,5,5,4,4,5,3,2,4,3,4,4,3,3,2,1,6,6,4,5,3,4,6,4,4,5,6,3,3,3,3,3,6,3,2,1,2,3,3,3,4,4,2,2,2,2,3,1,3,3,2,2,4,4,4,2,3,4,3,3,2,1,1,0,0,2,2,2,3,4,4,6,6,6,4,4,3,4,3,2,1,1,3,4,3,3,6,5,1,4,3,1,1,1,1,1,1,2,3,3,3,3,3,3,1,3,4,4,5,6,3,2,2,2,4,4,3,1,1,3,3,3,3,3,3,3,3,3,2,2,2,2,2,2,2,2,4,3,3,3,3,3,3,3,1,2,4,6,6,4,2,2,1,1,2,2,3,3,3,4,4,4,7,8,7,5,4,6,5,3,3,4,3,4,4,2,1,2,1,0,1,2,3,2,2,3,4,3,2,4,5,3,3,2,2,2,2,2,2,2,4,3,4,4,4,4,3,3,3,2,3,3,3,3,3,3,3,2,3,3,4,3,2,0,3,2,2,3,3,4,4,4,4,3,3,4,4,4,5,5,2,1,3,3,2,3,4,4,3,3,3,2,3,2,2,2,3,2,2,3,2,4,4,2,3,3,2,3,3,3,4,4,3,1,2,2,3,3,3,3,2,2,2,1,2,1,1,3,1,1,0,1,1,2,4,2,4,3,1,1,2,1,1,1,3,3,2,3,5,2,0,2,4,4,3,2,1,4,5,5,3,1,1,3,3,3,4,3,4,3,3,3,2,2,1,2,2,2,3,3,4,5,3,3,3,4,3,2,1,1,0,0,3,4,4,4,3,3,3,4,3,2,2,2,2,2,2,1,2,2,2,3,4,2,2,3,3,3,3,2,3,4,4,3,3,4,5,4,3,2,3,5,3,3,4,4,4,4
114,3,4,4,4,4,4,3,3,5,4,4,2,1,4,6,6,4,3,4,4,4,4,4,4,4,3,4,4,3,3,3,3,2,1,2,3,4,3,1,1,1,2,2,2,2,3,4,4,3,0,1,2,1,1,3,3,3,1,2,2,2,2,2,1,1,3,3,2,3,3,2,2,3,4,3,3,3,3,2,3,5,2,2,2,2,2,2,1,1,2,2,1,2,2,1,3,3,2,2,3,3,3,3,3,4,1,1,4,3,1,1,0,1,1,3,5,3,2,0,1,2,2,2,2,3,4,3,4,3,2,3,5,5,5,5,4,3,2,4,3,3,3,3,1,2,2,2,3,3,2,2,3,2,3,5,5,5,3,2,3,3,0,2,4,4,3,2,1,1,3,3,1,1,2,3,3,2,2,5,2,1,1,3,5,5,0,1,2,4,3,3,2,3,1,1,2,4,4,4,3,3,3,5,5,3,2,1,2,3,1,2,2,3,3,3,3,3,1,1,1,2,2,4,4,3,5,5,2,2,3,3,4,6,2,3,4,3,3,2,1,2,1,2,3,4,4,4,3,2,4,3,2,1,2,3,5,6,2,3,2,2,1,1,2,2,2,2,4,3,1,1,2,4,4,1,2,2,2,2,2,2,3,2,3,3,3,3,5,5,2,2,1,3,3,3,2,2,3,2,2,2,1,2,3,3,3,3,3,1,1,2,3,4,5,5,5,3,3,3,3,3,1,3,5,3,2,2,3,3,7,7,6,5,4,3,2,2,1,0,1,3,4,5,4,1,3,3,1,1,3,4,4,3,4,4,2,3,3,2,2,1,1,1,1,2,2,3,5,4,4,3,4,5,5,6,5,4,4,4,3,2,3,3,3,4,5,7,5,4,4,4,3,2,4,4,3,4,4,3,3,2,2,4,3,3,3,5,5,8,3,0,3,4,3,4,4,3,1,2,2,2,1,1,1,1,0,1,1,3,3,4,4,4,4,4,3,3,3,2,2,3,5,4,3,3,3,2,2,3,2,3,2,3,2,4,4,5,2,3,3,3,3,3,2,3,2,2,2,2,0,0,1,2,5,5,4,5,5,5,5,5,3,3,3,1,1,3,4,4,6,3,4,3,3,3,3,2,4,3,1,1,2,2,5,5,2,3,2,2,2,2,2,2,5,5,4,4,2,3,4,3,3,3,3,4,3,2,3,5,5,4,5,5,5,5,5,3,1,2,2,4,4,1,0,1,2,1,1,1,2,1,1,1,5,4,4,4,4,4,5,4,2,5,6,5,3,1,2,5,6,2,1,1,1,1,1,2,3,3,3,3,3,3,3,4,4,4,1,0,0,1,4,5,6,4,4,3,3,2,3,3,3,2,2,3,3,3,4,3,2,3,3,3,4,4,3,3,2,2,2,4,5,5,3,3,3,2,4,5,3,5,3,2,3,3,3,3,4,2,2,3,0,1,2,2,3,3,4,4,4,1,4,4,4,4,4,6,3,1,1,1,1,0,0,2,3,5,6,5,3,1,2,3,7,6,3,4,3,2,1,1,1,2,1,3,2,2,3,4,5,4,3,3,3,3,2,0,3,3,3,3,2,3,5,6,5,4,1,3,4,4,6,5,4,4,2,3,4,5,5,4,3,3,2,2,2,2,2,2,0,5,6,4,4,4,3,3,1,2,4,4,2,2,2,3,1,2,3,3,5,4,1,0,4,3,2,3,4,4,5,5,3,4,3,3,3,3,3,3,1,1,1,0,1,1,3,2,1,3,3,2,3,3,2,2,2,2,2,2,3,3,3,4,3,4,4,3,3,2,1,2,3,4,4,3,3,2,3,4,4,4,4,4,3,3,1,1,1,2,1,2,3,2,2,3,3,2,1,2,3,3,1,1,3,2,1,1,1,1,1,2,3,3,2,2,3,3,2,2,4,3,2,2,2,4,5,2,1,1,2,2,2,2,2,2,1,3,5,3,2,3,3,3,2,4,4,3,3,2,2,3,2,2,1,1,1,1,1,1,3,3,3,2,3,2,1,2,5,3,2,2,1,2,3,2,3,2,2,2,3,4,2,2,3,1,1,1,1,2,3,3,2,3,3,2,2,2,2,2,2,1,3,5,3,2,4,5,3,3,3,2,1,2,6,5,2,2,2,3,3,4,4,3,2,1,1,1,2,2,3,3,4,3,2,4,4,2,1,1,1,3,2,1,1,2,1,4,7,4,2,3,4,4,5,6,4,3,4,6,7,6,7,4,2,5,5,5,3,3,5,6,3,2,2,2,2,2,3,3,2,2,3,4,4,3,1,2,3,2,1,2,2,3,4,3,2,3,2,3,2,1
115,5,3,2,1,3,1,1,1,3,3,3,5,4,2,3,3,3,1,1,2,2,2,2,2,1,2,2,3,3,3,3,1,2,2,1,1,1,3,5,8,8,5,5,5,3,3,1,4,3,4,3,3,3,3,2,3,3,3,3,3,3,2,2,1,2,4,3,4,3,3,4,5,6,4,4,5,4,3,5,5,4,3,4,5,3,3,5,2,1,4,3,4,4,3,4,3,2,3,3,2,3,3,2,4,5,4,3,5,5,4,2,3,4,1,1,2,2,1,2,2,3,4,2,1,2,2,4,5,3,2,2,3,4,5,5,3,3,3,4,5,5,5,4,3,1,4,0,2,2,3,3,2,2,1,0,1,2,2,4,3,1,4,3,2,1,2,3,5,6,4,2,1,2,1,2,4,3,4,4,4,4,4,3,1,2,2,1,1,2,3,5,5,3,1,1,2,3,3,3,6,5,4,4,5,5,5,5,4,5,2,2,2,2,3,3,2,2,1,1,3,4,5,4,3,2,2,2,3,2,2,3,6,5,2,1,1,1,1,1,1,1,6,6,5,2,3,3,2,1,2,5,6,6,3,2,3,5,4,2,3,5,4,3,3,2,1,3,3,2,4,5,6,6,1,2,2,1,1,2,2,5,1,1,0,2,2,3,3,3,3,5,5,5,3,1,1,3,4,1,2,2,2,3,4,3,3,2,1,3,4,3,2,1,3,3,1,1,2,3,2,2,3,2,3,3,4,3,3,0,1,1,3,4,4,4,1,0,2,2,3,4,4,4,4,4,2,2,3,3,3,3,2,2,2,2,2,3,3,4,5,6,4,3,3,2,4,5,2,1,6,4,4,4,3,3,3,2,3,4,4,4,3,4,5,4,5,6,5,4,2,1,2,0,0,2,3,2,1,1,1,0,3,3,3,4,5,5,5,4,1,3,6,4,3,5,4,4,1,1,2,3,4,5,3,4,3,1,1,3,3,5,5,4,7,6,5,6,6,3,2,5,6,6,1,1,1,1,1,2,4,3,3,3,2,3,5,4,4,2,4,4,5,4,3,2,1,1,2,2,2,2,1,1,1,1,4,4,6,5,3,1,4,5,3,2,2,1,2,4,3,1,2,3,2,2,0,0,2,1,2,2,2,2,1,2,4,4,5,7,5,4,3,5,3,2,3,2,3,3,3,2,5,3,3,4,6,5,6,3,5,7,4,3,3,3,4,5,3,4,3,5,6,6,7,6,2,1,1,1,1,1,1,1,4,3,1,2,3,4,2,2,5,4,2,4,5,4,2,2,1,1,2,2,2,1,3,3,3,3,3,3,2,3,3,3,2,3,5,3,2,3,3,3,2,4,5,5,4,5,3,2,4,5,4,3,3,3,3,2,0,1,2,2,2,2,2,2,4,3,3,2,2,3,3,2,3,3,5,5,2,1,3,5,3,6,5,4,4,3,3,3,3,4,4,3,4,4,2,3,3,1,1,2,2,3,4,4,5,2,2,0,0,3,4,2,3,4,4,4,3,3,4,4,2,2,1,1,1,2,2,1,1,2,1,1,3,4,3,2,3,3,3,3,3,3,3,2,2,2,3,6,8,5,6,7,7,4,2,2,2,2,2,1,0,1,3,6,5,2,2,4,4,4,3,3,3,2,4,5,3,4,4,6,5,4,4,5,2,4,6,6,4,1,2,2,5,3,1,1,4,4,1,0,1,1,2,4,4,4,1,2,1,1,1,1,1,2,1,2,3,3,4,3,2,1,2,4,1,1,5,7,4,3,5,3,2,3,2,2,4,6,6,5,2,3,6,4,2,3,4,5,3,3,5,4,4,4,2,4,2,2,3,3,3,2,2,2,3,3,1,2,4,7,5,3,2,2,1,1,2,2,2,2,4,3,3,3,1,1,0,0,0,1,1,1,1,1,1,1,4,4,4,5,4,5,5,5,3,3,2,1,1,1,1,2,2,5,7,5,4,4,5,3,2,3,3,2,1,1,1,2,1,3,5,6,6,5,3,3,1,1,1,1,2,2,2,2,2,1,2,4,3,5,3,1,1,2,1,1,1,1,3,3,4,5,2,2,3,3,2,3,5,3,3,4,4,3,2,2,4,6,6,5,5,2,1,3,4,7,4,1,1,4,5,2,1,3,5,5,5,4,2,2,4,4,3,2,2,1,3,3,4,5,3,2,3,2,1,2,5,3,3,3,3,3,4,3,2,3,2,2,2,3,2,2,3,4,4,3,3,2,3,4,1,2,3,3,3,3,2,3,4,3,2,2,3,3,3,4,1,1,2,4,3,3,4,4,1,1,2,2,2,3,2,2,3,3,3,3,3,3
116,1,6,5,4,3,4,3,3,3,3,4,2,3,3,2,3,1,1,2,4,3,2,2,3,3,3,4,2,1,3,5,2,1,2,3,3,3,1,1,3,3,3,3,3,3,3,3,3,3,2,2,2,3,3,4,4,4,6,6,4,4,3,3,4,2,3,3,3,2,2,2,2,1,3,4,3,3,3,3,1,2,1,0,2,3,3,4,4,4,4,2,3,3,4,4,3,2,2,1,3,3,2,3,4,4,1,5,4,2,5,2,2,3,6,5,2,2,2,2,3,4,5,5,5,4,4,2,1,1,4,3,2,2,3,5,5,2,2,4,4,3,3,3,3,1,3,4,3,3,2,2,4,3,1,3,4,3,3,2,3,3,3,2,2,2,2,2,2,1,4,5,4,3,3,2,1,1,5,5,3,2,4,6,4,1,1,1,2,2,1,1,3,4,3,5,4,4,4,4,4,4,0,1,4,1,1,1,0,1,3,2,3,3,4,4,4,2,2,4,3,3,1,2,4,3,4,5,4,5,6,5,4,4,1,0,2,2,1,3,4,4,4,2,2,3,3,3,3,5,3,1,2,2,1,1,2,3,2,3,4,4,1,0,1,4,1,3,2,2,2,2,1,0,2,2,2,2,2,2,2,2,1,1,2,2,2,1,1,2,3,4,3,2,2,3,4,3,0,2,4,4,3,4,3,2,3,0,3,4,3,2,5,4,1,1,2,2,2,2,2,2,2,2,1,2,2,3,5,4,2,1,1,3,3,3,3,4,2,3,3,3,3,1,2,6,4,2,2,2,3,3,4,2,6,4,3,4,4,2,1,4,6,2,4,5,4,4,4,3,2,3,4,4,4,3,1,1,0,0,1,4,5,5,3,3,3,4,4,2,1,1,2,4,3,3,3,3,3,3,3,3,6,5,6,5,2,2,2,4,5,4,2,5,7,5,3,2,1,4,4,4,1,1,2,6,2,3,3,3,3,4,5,5,3,3,3,4,6,5,5,6,3,2,2,2,3,3,3,3,3,2,3,3,5,3,2,2,3,3,1,1,1,2,2,3,4,5,5,4,3,2,3,4,6,6,4,4,8,7,5,8,4,5,5,4,3,3,3,2,3,2,1,2,5,5,3,1,3,3,2,1,1,2,3,5,5,3,2,3,4,5,4,5,4,5,6,7,7,6,4,2,3,1,1,4,3,1,1,3,7,4,2,2,1,2,5,6,2,3,2,3,2,3,2,2,4,4,5,4,3,2,3,3,3,2,2,2,1,2,1,0,1,3,2,2,2,2,2,1,1,2,1,2,2,3,3,2,3,3,1,2,2,2,2,3,2,1,1,1,1,2,2,2,2,3,3,4,4,4,2,1,5,6,4,4,4,3,2,1,2,2,2,2,4,4,2,3,3,3,3,3,2,1,1,1,2,2,2,2,2,3,2,2,3,4,2,2,3,2,1,2,1,1,4,4,3,3,3,3,4,4,5,5,7,6,3,3,7,1,2,4,4,4,4,2,2,0,1,3,3,3,2,3,2,4,3,5,4,2,3,6,4,2,3,3,2,3,2,1,3,1,2,2,2,3,3,3,3,2,1,1,1,0,5,9,4,1,4,3,2,2,1,1,4,2,3,3,2,3,2,1,3,3,2,1,1,1,0,1,2,1,1,2,2,2,2,2,3,3,2,2,3,4,4,4,2,3,2,2,2,2,3,1,1,2,2,2,2,2,3,3,3,2,1,2,2,2,1,2,4,4,6,5,3,4,4,5,2,2,4,3,4,2,1,2,1,4,4,2,1,1,2,4,5,4,3,4,4,4,5,5,0,1,4,2,2,1,1,2,1,1,2,2,2,1,0,1,1,2,3,2,1,2,5,7,1,1,2,2,2,2,1,2,3,3,3,3,3,3,3,3,4,3,2,2,3,4,5,6,1,3,5,5,5,4,3,4,5,2,3,3,3,4,4,3,4,4,4,4,4,4,3,3,2,1,2,3,3,4,3,2,1,1,3,3,4,4,2,2,1,1,2,2,4,4,4,6,3,2,2,3,2,2,2,1,2,3,3,3,3,3,4,5,4,1,0,1,2,3,2,2,2,2,2,3,4,4,5,4,3,3,3,2,2,4,4,3,0,0,3,5,4,4,5,5,3,3,2,2,2,2,2,3,1,3,5,3,3,1,2,4,2,2,2,2,3,3,3,3,2,2,2,2,2,2,2,3,5,4,2,2,3,2,1,3,2,1,1,2,1,1,1,2,2,1,2,3,3,3,4,4,1,2,4,2,2,2,1,1,3,3,2,3,3,1,2,2,1,3,5,3,2,3,1,1,2,2,2,2,2,2
117,4,2,4,4,2,4,5,3,3,3,3,4,3,3,3,3,4,4,4,3,3,3,3,2,3,5,4,5,4,4,4,3,3,3,3,3,3,1,1,1,1,2,2,3,3,3,5,5,4,3,2,1,2,2,2,2,2,2,3,3,2,3,3,1,3,2,2,3,3,3,2,2,2,2,3,4,3,1,1,2,3,1,1,1,1,1,3,3,2,3,3,3,3,3,3,3,3,1,2,2,1,1,2,2,2,2,1,2,5,8,6,2,1,2,3,4,4,4,3,2,3,3,3,4,3,3,3,2,1,1,1,2,2,1,2,3,4,4,4,3,1,2,2,4,6,2,2,1,2,2,4,4,4,5,5,3,2,1,4,7,5,2,4,5,3,3,4,4,4,3,4,5,4,4,5,6,4,2,4,5,4,4,7,5,1,1,2,3,4,3,4,3,2,2,4,4,4,4,2,2,3,2,2,4,4,2,2,3,6,6,3,2,2,1,2,3,3,3,4,4,3,2,2,3,5,3,4,5,2,1,2,3,3,3,2,2,2,2,3,3,2,3,3,3,5,7,7,7,6,4,5,5,4,5,4,5,4,1,1,2,2,2,3,3,3,4,4,4,4,3,3,2,3,3,3,4,4,3,4,3,4,3,2,3,3,5,3,0,2,2,2,2,1,2,2,3,4,4,4,3,2,1,2,5,4,4,3,2,3,4,4,5,3,2,2,4,4,3,3,3,4,2,2,2,2,1,3,3,3,1,1,1,3,4,2,2,4,4,4,5,5,4,5,4,3,2,2,2,2,1,1,2,2,2,1,3,2,0,0,1,4,5,5,5,6,6,4,3,4,4,5,5,3,1,2,2,3,4,3,3,2,2,4,3,1,4,4,4,3,3,3,1,2,3,3,3,3,3,3,3,2,1,2,2,3,5,5,3,4,3,3,3,4,4,5,5,4,4,4,3,3,3,3,4,4,3,3,2,2,3,5,4,4,5,3,2,3,4,3,1,0,1,3,3,2,5,6,6,6,1,1,2,3,2,2,1,1,3,3,3,4,4,3,4,4,4,3,3,2,3,2,1,1,3,3,3,4,5,4,4,3,4,4,5,5,5,4,4,3,4,5,5,4,3,3,2,3,5,6,4,3,3,3,3,3,4,4,1,3,4,4,4,4,2,3,6,5,4,4,4,4,6,3,2,4,4,3,2,1,4,6,5,4,4,4,5,5,3,3,2,1,1,1,3,3,4,3,4,3,4,4,4,4,2,2,2,1,0,1,2,2,1,1,1,1,1,1,1,1,2,1,2,3,2,2,3,5,5,3,3,4,3,4,3,2,3,2,1,2,5,5,7,8,2,3,4,3,5,5,4,2,0,2,2,1,2,2,2,2,3,3,3,3,3,4,4,4,5,3,0,1,3,2,5,5,1,2,3,1,3,4,2,2,1,1,1,2,3,2,2,2,2,2,1,1,1,2,1,1,3,3,1,2,3,1,1,2,3,3,4,4,5,5,4,3,1,1,2,1,1,2,2,1,5,4,3,4,4,3,4,4,3,2,2,4,4,4,5,5,3,4,4,2,1,2,2,3,2,1,4,4,4,3,4,4,3,1,2,3,3,3,4,4,1,1,2,4,5,4,3,2,6,4,3,2,1,2,3,3,4,4,3,3,2,2,1,1,1,3,2,3,4,3,3,2,3,4,3,3,2,2,3,2,2,4,1,1,2,2,2,3,4,3,4,4,3,4,4,3,4,3,1,2,3,4,3,1,1,3,5,4,5,7,5,3,4,3,2,2,1,2,2,2,2,2,2,1,1,3,5,5,5,4,4,4,3,3,2,3,3,1,1,1,3,4,3,2,5,4,0,1,4,3,2,1,3,4,2,3,3,2,4,4,3,1,2,3,2,2,2,2,3,3,3,4,4,4,3,4,1,1,1,1,1,1,2,2,1,4,5,3,3,5,6,3,3,3,4,6,6,4,4,4,1,1,1,1,3,4,4,4,4,4,4,4,3,3,3,2,2,4,3,4,5,3,3,3,1,1,1,3,4,2,1,1,2,2,3,3,3,3,4,2,3,3,2,2,3,1,1,2,3,3,5,5,5,3,3,3,5,3,2,3,3,2,3,4,2,0,2,3,3,4,4,4,2,3,4,4,5,5,4,4,4,3,1,1,1,2,3,2,1,0,1,1,1,1,2,2,2,1,1,2,2,2,2,3,3,3,2,2,3,4,3,4,3,2,3,3,3,3,4,4,1,1,2,2,4,3,1,2,3,3,2,1,2,3,5,5,3,2,3,3,3,3,4,4,4,4,4,3,4,4,5,3,2,2,5,5,4,4
118,4,4,2,3,2,1,2,5,4,3,3,4,4,3,3,4,5,5,5,1,1,4,3,1,3,2,2,4,4,2,2,2,4,2,2,2,3,2,4,4,1,0,1,1,2,2,3,3,2,4,4,4,4,3,3,3,2,3,3,3,3,3,3,3,4,5,5,3,2,2,3,4,3,3,3,2,2,2,2,3,4,5,5,5,5,5,5,5,5,2,1,1,1,1,3,3,4,1,2,4,4,2,3,5,4,1,3,3,1,2,2,3,2,3,1,1,2,3,2,1,2,5,5,4,3,4,3,1,3,1,2,2,5,6,5,3,3,3,3,3,2,1,1,0,1,3,4,3,2,4,4,4,4,3,3,2,3,3,1,3,4,2,2,1,2,4,4,3,4,6,6,6,5,4,3,3,5,4,4,3,3,4,3,3,1,1,4,5,4,2,2,2,1,6,4,4,4,4,5,4,1,1,2,3,4,3,1,2,2,2,1,1,3,3,3,2,2,3,3,4,3,4,5,4,2,4,2,5,7,5,4,3,4,3,2,4,4,4,3,3,3,3,5,6,4,4,3,2,2,1,2,3,2,3,3,3,3,2,3,4,3,2,3,3,4,4,4,3,2,2,3,3,3,4,3,3,3,3,3,4,4,3,3,3,3,4,4,4,4,2,5,5,5,4,2,2,4,3,1,1,2,3,4,5,4,4,4,2,2,2,2,3,5,6,4,4,4,4,4,3,3,2,3,2,1,3,4,5,4,3,3,2,3,5,4,3,3,1,1,4,3,1,3,3,2,2,1,3,3,1,2,3,4,3,0,0,2,3,4,3,2,5,6,5,3,3,4,4,3,2,3,3,3,4,4,3,2,2,2,3,4,4,4,4,4,5,7,7,5,3,2,2,3,4,4,3,2,2,3,2,3,4,5,3,2,2,3,3,3,3,4,3,3,5,4,3,2,2,4,3,3,3,2,4,5,4,5,3,3,4,5,3,1,3,1,2,4,4,4,7,6,2,2,3,2,1,4,5,2,6,4,2,1,1,1,1,3,2,1,1,2,2,2,4,4,4,3,3,2,3,3,3,3,1,1,2,4,4,4,5,5,2,1,2,4,5,4,2,3,3,5,5,4,3,1,3,4,1,6,5,2,2,4,3,3,5,5,3,3,4,4,5,3,3,3,2,2,2,2,1,3,5,4,3,2,3,4,4,4,1,2,5,4,5,5,4,4,3,3,4,3,4,5,3,1,3,4,2,1,2,3,2,2,2,2,3,4,4,3,1,2,4,3,3,3,3,3,5,5,3,2,3,3,2,2,2,3,3,4,4,3,4,6,5,5,6,5,3,4,3,3,2,2,2,3,5,5,5,3,3,5,2,2,2,1,1,1,1,1,0,2,3,4,3,3,2,2,2,3,4,4,5,6,5,3,5,6,5,4,4,4,4,5,4,3,2,2,2,1,1,1,4,4,3,4,4,4,3,3,1,1,3,3,3,3,3,3,2,2,4,4,2,1,1,1,2,3,2,1,2,1,2,1,1,3,3,2,2,2,2,1,2,4,2,1,3,1,1,1,2,2,1,2,2,1,1,2,3,3,4,4,5,5,5,5,4,2,2,2,2,2,2,2,2,2,6,5,2,1,1,4,2,1,2,1,1,1,1,1,2,2,3,3,2,3,2,2,2,2,2,2,3,2,2,2,3,4,4,3,5,5,3,4,4,3,3,3,3,3,3,3,4,4,3,4,4,4,4,5,3,3,2,2,2,2,2,2,3,2,3,3,2,3,3,2,4,4,5,5,4,5,5,4,2,5,5,3,2,1,2,4,4,3,3,4,5,4,1,1,3,5,5,5,5,5,4,5,3,3,3,4,3,4,6,5,5,4,3,3,3,4,2,3,4,4,3,3,4,3,2,2,3,3,3,3,3,4,3,3,4,3,3,4,3,4,4,3,3,5,5,4,3,4,8,9,5,3,4,5,4,4,2,3,3,2,2,2,3,2,1,1,1,1,1,1,1,2,4,3,2,1,2,4,2,3,5,3,4,2,3,3,3,3,3,3,1,2,3,3,2,3,5,3,4,4,4,3,3,3,2,2,0,2,4,5,4,4,4,4,2,3,3,2,3,5,6,6,4,3,3,3,3,3,4,4,1,1,3,3,3,4,4,4,3,2,2,3,4,4,3,5,5,2,3,2,3,4,4,3,2,2,2,2,3,3,3,1,3,2,3,3,3,3,3,3,2,3,3,3,2,3,2,2,2,2,2,2,2,2,2,2,1,1,2,3,3,3,3,3,1,4,5,3,2,4,3,1,1,2,3,3,4,4,2,2,3,3,3,3,3,3
119,4,6,7,7,5,3,2,2,4,3,2,1,2,2,3,2,2,2,1,3,5,4,2,3,4,3,3,3,3,3,2,3,3,4,5,5,5,5,4,4,4,3,3,4,4,5,5,4,4,3,2,2,2,3,3,2,1,3,4,2,2,3,2,2,2,4,5,5,4,5,5,4,4,4,3,4,4,3,2,3,4,2,3,2,1,2,3,3,2,4,3,2,3,2,2,1,1,2,2,1,1,1,1,2,2,3,6,5,2,0,2,5,3,2,4,4,2,2,1,1,3,7,6,3,3,3,4,5,3,4,1,1,2,6,6,3,3,4,3,3,3,4,4,4,4,6,6,5,4,2,1,2,3,3,3,3,4,4,3,1,1,3,3,3,3,3,3,2,2,1,1,2,3,2,2,3,4,4,3,3,3,1,2,6,3,2,4,4,3,4,4,4,3,3,3,2,2,2,2,2,3,3,2,2,2,3,3,3,3,4,4,4,4,4,4,4,4,3,2,2,0,1,3,3,2,4,3,2,3,3,3,5,5,4,3,3,4,4,4,5,4,3,0,1,2,4,4,4,3,8,7,4,4,4,3,3,5,5,3,3,3,2,4,5,4,4,3,1,2,3,5,6,4,2,4,5,3,3,3,3,2,2,2,1,2,2,2,2,0,4,2,3,5,5,3,2,1,3,5,5,7,7,4,4,6,2,5,7,4,3,5,6,6,4,2,2,4,2,1,2,2,4,5,5,6,4,2,2,2,1,2,1,1,3,3,2,5,5,1,1,2,3,3,4,4,1,1,4,3,2,3,4,3,1,1,3,3,2,4,5,5,3,3,2,2,2,2,2,2,2,2,2,1,3,3,2,2,2,2,1,3,4,5,4,2,2,5,3,1,1,3,4,4,4,4,4,4,3,4,4,4,3,4,5,6,5,2,4,4,4,5,5,4,4,4,3,3,2,0,3,3,2,2,0,1,4,2,1,3,5,5,3,4,4,6,4,2,3,3,1,1,3,2,2,2,3,4,4,2,1,2,3,4,2,1,2,4,5,2,2,5,5,6,5,4,4,5,4,2,2,2,1,2,5,5,5,6,4,4,6,5,4,3,5,6,5,3,5,5,5,5,4,4,4,3,2,3,4,3,2,2,2,2,2,2,2,2,2,4,4,4,4,4,1,3,4,3,3,2,3,3,3,2,3,3,3,4,5,5,1,1,2,2,4,3,5,5,2,2,2,2,2,5,5,3,2,3,4,3,4,3,5,4,1,1,1,2,2,2,1,1,4,4,3,3,3,3,1,1,4,4,2,2,2,2,3,4,3,1,3,5,5,2,2,4,3,2,3,3,2,3,4,4,4,2,1,2,3,3,2,2,1,2,2,2,2,2,3,1,1,3,2,4,6,4,3,5,5,5,5,4,4,5,5,5,2,2,3,3,5,4,6,6,3,3,1,1,3,3,4,4,4,3,3,2,2,2,3,4,2,1,2,2,3,4,4,4,6,9,8,7,5,3,2,4,3,2,3,4,4,3,3,2,2,1,3,4,3,2,3,5,6,4,4,5,3,3,2,2,2,2,3,4,4,4,4,3,1,4,4,4,5,5,7,5,3,3,3,3,3,3,4,4,5,3,2,3,3,3,6,4,3,1,2,2,3,4,5,6,3,1,4,5,3,3,3,3,2,1,1,1,1,1,1,1,3,4,5,5,5,4,4,5,3,2,2,1,2,1,1,2,1,1,1,1,1,3,1,1,4,5,4,4,3,3,2,1,3,3,3,3,4,5,5,2,2,4,3,1,1,2,3,3,3,2,3,3,2,1,2,2,3,3,2,1,2,2,2,2,1,2,4,4,3,2,3,4,4,4,3,3,1,1,1,1,3,2,1,3,4,4,2,2,2,4,3,2,2,2,4,6,6,3,2,3,2,2,3,3,3,4,4,2,2,2,2,3,4,4,3,2,3,3,3,3,1,1,1,1,1,1,2,5,5,1,3,3,1,0,3,3,3,4,5,3,2,3,3,2,2,3,3,1,2,4,4,1,0,1,2,2,3,3,3,4,2,0,0,1,3,4,3,3,3,3,3,2,2,3,2,3,3,2,2,3,3,3,3,4,2,3,6,7,6,4,3,4,2,2,3,4,5,5,5,5,2,3,3,3,3,3,3,2,2,2,1,1,1,2,2,1,1,3,1,1,3,4,4,3,2,4,5,2,3,3,3,6,4,4,3,4,4,4,5,4,3,3,1,0,2,3,3,3,3,2,2,1,1,3,4,1,0,3,4,3,4,4,4,3,3,2,2,1,1,2,2,2,1,2,4,3,1,1,2,1,3,2,2,2,2,2
120,4,4,2,4,3,3,3,2,4,5,3,3,3,2,2,2,2,2,2,3,4,2,0,0,3,4,2,2,3,3,2,2,3,3,4,3,2,2,2,3,3,1,0,0,2,4,4,3,4,3,3,3,3,3,3,3,4,4,3,3,3,2,3,4,3,3,2,3,3,3,3,3,2,4,5,3,2,3,4,3,2,2,2,3,3,2,2,3,2,1,2,1,1,2,2,3,2,1,3,3,2,2,1,1,3,3,1,4,6,6,5,3,2,1,3,2,2,4,4,1,2,4,3,2,3,2,1,4,3,5,2,2,1,3,5,5,5,4,5,4,4,4,3,3,3,2,1,3,3,2,2,2,3,2,0,1,2,3,3,3,3,3,4,5,5,4,4,3,4,5,4,4,5,4,4,5,3,4,5,7,6,5,6,4,5,4,2,2,3,5,4,3,4,3,3,3,3,2,3,3,3,2,2,2,1,2,2,2,3,3,2,2,1,1,1,3,4,4,3,4,5,4,3,3,2,3,2,1,1,3,4,5,5,4,5,4,3,4,3,3,2,2,3,4,2,1,2,3,2,1,3,3,3,2,2,1,1,3,2,2,3,3,4,4,2,1,4,5,5,6,2,3,2,3,4,5,6,3,3,4,3,2,3,3,2,3,3,2,1,2,2,1,1,2,2,1,2,5,3,2,3,4,4,3,3,2,4,5,5,5,2,3,5,4,4,3,2,2,2,3,2,4,5,5,4,3,3,3,2,1,2,2,2,2,4,5,3,4,5,5,5,4,2,2,4,5,4,3,3,3,3,3,3,3,3,2,2,3,3,3,3,4,4,4,4,5,5,6,5,2,3,3,4,5,3,4,5,3,3,2,3,3,4,5,5,3,4,6,5,5,4,2,3,3,1,3,4,3,5,4,5,4,3,1,0,0,2,4,2,3,4,4,4,4,4,2,1,2,2,4,4,4,3,3,2,2,1,2,4,3,2,3,3,4,3,3,3,3,3,3,4,4,4,4,3,4,4,3,5,6,4,3,3,3,1,2,4,3,1,2,3,4,3,1,2,3,3,3,4,5,5,4,5,4,2,4,4,3,3,4,4,4,3,3,5,6,6,2,1,1,2,2,2,2,3,2,2,1,1,2,2,2,2,1,1,4,5,4,4,4,4,3,1,4,7,6,6,5,2,1,1,1,1,2,3,4,4,5,3,1,2,2,1,1,1,1,2,2,1,3,3,3,3,2,2,2,3,3,2,2,2,2,3,6,6,2,2,4,2,1,2,2,2,2,1,2,4,4,3,3,3,5,5,4,3,3,2,2,3,3,3,4,3,3,5,2,0,3,4,2,1,3,2,0,3,3,1,1,2,3,2,1,1,1,1,2,2,2,4,6,5,4,6,6,5,3,3,3,3,2,2,2,3,3,4,3,2,2,2,2,2,3,4,4,4,4,5,3,2,3,2,2,2,2,2,2,3,4,4,5,5,4,4,5,5,3,4,3,2,2,3,2,2,1,1,3,2,1,2,2,3,4,4,1,2,2,3,3,3,3,4,3,2,2,2,1,1,1,1,2,3,3,2,2,3,4,2,1,3,3,3,2,2,3,3,5,6,2,1,2,2,2,2,4,5,5,4,4,4,3,2,4,6,4,4,5,3,1,2,3,2,2,4,4,5,4,3,0,0,3,3,2,1,2,3,2,2,3,4,5,2,1,3,3,2,2,2,2,3,3,4,4,3,3,3,3,3,3,4,2,2,3,4,4,4,4,2,0,1,1,1,2,2,4,4,3,2,2,3,5,5,3,1,1,3,1,4,7,7,6,4,4,2,2,2,4,6,7,3,1,2,5,6,8,5,3,3,3,3,1,1,3,3,3,1,1,5,7,7,5,3,3,4,2,3,3,4,2,2,4,5,3,2,3,2,0,1,2,2,3,1,2,4,8,8,7,3,1,3,3,2,2,3,5,5,4,3,1,1,3,2,3,2,1,2,3,3,3,3,3,2,1,2,2,3,3,4,4,5,4,4,3,3,3,2,3,2,2,2,3,3,4,5,4,4,4,4,4,4,4,4,3,2,3,2,2,2,1,2,3,4,5,4,3,4,5,5,5,4,2,3,2,2,2,2,1,1,3,1,0,1,3,4,4,6,3,1,2,2,3,3,2,3,4,3,2,2,2,3,3,3,3,4,4,3,3,2,5,8,4,3,3,3,3,3,5,5,1,3,3,3,3,3,2,2,2,1,2,2,2,2,2,2,4,3,2,1,2,2,2,1,1,1,1,0,1,2,3,2,1,2,3,2,3,3,3,4,3,2,3,4,4,5,5,3,2,2,3,3,3,3
121,1,2,2,4,4,2,1,3,5,3,4,5,5,5,7,8,5,1,1,1,1,1,1,2,2,3,2,1,1,3,3,4,6,3,3,4,3,3,1,1,3,2,2,2,3,4,4,3,3,1,2,3,3,4,3,4,4,3,2,5,6,4,4,2,3,4,2,3,3,3,2,3,5,3,4,5,5,4,3,1,1,3,3,4,3,5,6,3,3,2,2,3,3,4,7,3,3,3,3,3,4,3,3,4,4,1,2,2,2,3,2,3,2,1,1,1,1,2,4,2,1,1,1,2,2,3,3,3,4,8,6,4,5,3,4,5,3,1,1,1,1,2,3,2,1,4,3,3,3,3,2,3,4,2,1,2,3,5,5,3,4,2,2,3,2,1,2,1,1,2,2,3,3,4,4,5,4,2,2,1,2,3,2,5,5,3,4,3,3,3,3,2,3,4,3,3,3,3,2,2,2,3,3,3,3,3,3,2,3,3,3,4,4,4,3,3,5,5,2,3,5,5,4,4,2,5,5,4,4,5,5,5,4,2,2,5,5,3,3,3,2,3,3,3,3,3,3,3,3,1,1,1,1,1,1,2,2,3,3,3,3,3,3,3,3,3,3,4,4,2,4,4,5,3,3,3,3,2,2,2,3,2,1,2,2,4,4,4,3,1,1,2,2,2,2,2,1,3,3,4,3,3,2,2,3,3,4,4,4,3,4,3,3,3,3,4,4,3,3,3,2,3,3,3,3,3,2,1,2,2,2,2,2,2,2,3,3,3,4,3,2,4,6,5,4,2,3,4,3,3,4,4,3,2,5,5,3,3,4,4,3,1,1,5,6,6,2,0,1,1,1,4,4,1,1,1,1,0,1,4,10,9,3,1,2,4,4,2,0,1,3,2,1,1,4,6,6,4,2,3,1,0,1,4,5,6,5,2,5,8,4,3,3,2,3,1,1,3,2,1,1,1,1,3,4,1,2,3,2,3,1,0,1,6,4,2,4,4,3,4,4,4,4,2,2,2,4,4,2,3,3,4,3,4,5,4,6,5,3,4,4,4,3,4,7,3,1,2,2,1,1,1,1,3,5,6,6,7,4,4,4,4,3,2,2,2,2,2,3,5,4,4,2,2,2,2,1,2,2,4,3,4,4,4,3,2,1,0,3,3,3,4,4,3,4,6,4,3,4,5,4,3,1,2,3,3,3,2,2,3,5,6,6,6,4,4,4,5,5,5,5,5,4,3,4,4,3,1,2,2,2,4,4,4,4,1,0,1,3,3,3,2,4,3,2,1,1,4,5,3,2,2,2,1,1,1,2,3,4,3,3,2,5,4,4,2,1,3,2,2,2,3,4,4,3,3,3,3,3,3,2,1,2,3,2,2,2,1,1,2,1,2,3,3,4,5,6,4,2,3,3,3,5,5,5,2,4,5,4,3,3,2,4,4,3,2,3,3,3,3,2,2,5,4,3,3,2,2,2,2,2,2,2,2,2,3,4,3,4,3,3,3,4,5,4,3,3,3,2,2,2,2,2,2,2,1,1,2,1,1,2,4,3,3,4,3,3,2,2,4,4,4,3,3,4,6,4,2,2,2,4,5,5,4,4,4,3,2,2,1,0,1,3,2,1,2,3,4,2,1,3,3,4,4,2,1,2,3,1,0,0,1,2,2,2,4,5,4,2,2,5,6,3,1,1,3,3,3,3,2,2,2,1,1,2,1,1,1,1,2,4,3,1,1,1,1,1,1,2,1,3,5,6,6,4,3,3,3,2,1,2,4,5,5,4,2,2,2,3,3,4,4,5,3,2,2,2,2,2,1,3,1,1,2,3,2,4,4,4,3,3,1,1,1,1,4,5,2,1,0,1,2,3,3,2,2,2,2,3,4,4,5,5,4,4,2,2,1,1,1,1,2,1,2,3,3,3,4,3,4,4,1,1,3,2,1,1,1,1,2,3,4,5,4,4,2,1,1,3,2,1,1,3,3,2,1,1,1,1,3,4,1,0,1,3,3,3,3,6,6,4,6,6,5,6,5,4,3,2,1,3,4,3,2,3,5,5,3,3,2,1,2,3,2,1,1,1,1,1,1,2,6,6,4,4,3,4,4,5,4,2,1,2,4,2,4,4,1,2,2,1,1,1,3,4,3,3,5,5,2,2,2,1,1,1,2,2,3,3,4,4,4,3,4,4,4,3,4,4,3,2,3,4,3,3,3,3,3,3,4,6,5,3,1,2,3,4,3,4,4,3,3,3,2,3,2,3,3,3,3,2,1,3,5,6,6,5,3,2,4,4,4,4,4,4,5,5,3,3,3,3,3,3,3,3,3,3,3,3,3,3
122,3,3,3,3,2,2,4,3,2,3,3,4,5,3,3,4,3,1,1,2,2,2,1,1,1,6,5,3,2,4,5,4,5,4,5,1,2,2,2,2,2,3,2,3,3,4,3,3,2,5,3,2,1,1,1,4,5,4,4,2,4,4,3,3,4,4,5,5,4,5,4,5,4,0,1,3,5,7,6,4,2,3,5,5,5,5,5,3,3,4,4,3,3,4,4,3,2,3,4,5,4,2,3,3,5,7,5,5,5,6,5,1,2,5,3,3,3,2,3,4,5,4,3,1,1,2,3,5,5,2,2,1,2,5,4,1,1,2,2,4,2,2,4,4,2,2,4,4,3,3,3,4,5,4,5,4,1,1,3,5,3,3,1,0,1,2,3,3,2,3,5,4,5,4,3,3,4,3,3,3,3,3,3,2,2,3,3,3,3,3,3,2,2,5,4,4,7,6,3,0,0,3,3,4,4,4,5,5,3,4,4,4,5,2,1,2,2,2,4,5,3,3,4,4,3,3,2,0,0,1,1,1,1,1,2,2,3,3,2,1,2,4,4,2,2,4,6,6,6,2,1,1,3,3,2,1,2,2,4,4,4,4,4,3,2,2,4,5,4,4,3,3,3,2,2,4,3,3,4,5,4,2,2,1,1,1,2,4,4,2,3,4,3,2,1,1,2,2,2,2,2,1,1,1,1,4,4,3,3,2,3,2,3,5,5,4,4,4,4,3,4,8,5,4,3,2,3,3,2,2,2,1,1,0,1,1,1,2,3,3,3,3,2,3,3,2,2,4,4,2,1,2,1,2,1,1,3,2,3,3,2,3,3,2,3,3,3,2,2,3,4,4,4,3,2,3,2,0,2,3,3,4,3,3,4,6,6,5,3,3,5,2,2,4,4,4,3,3,3,2,2,6,3,1,1,3,2,0,3,5,4,3,3,4,5,5,4,3,4,3,3,3,3,3,2,1,3,5,4,3,4,6,6,1,3,3,1,2,3,3,2,2,2,1,1,2,3,4,4,2,2,3,4,3,2,1,1,2,1,1,1,1,0,1,2,4,4,2,2,2,2,3,2,1,3,2,1,1,1,2,5,3,3,4,4,4,4,3,2,3,0,0,2,4,4,3,3,5,4,3,2,2,1,2,2,3,5,8,7,6,5,4,3,2,3,7,7,7,4,0,3,5,3,3,4,5,4,5,2,4,3,4,3,4,5,4,5,5,3,2,1,2,4,4,3,3,3,2,3,3,4,4,5,2,3,5,4,4,3,2,3,3,2,3,2,3,3,2,3,3,3,4,4,3,3,2,2,2,3,3,3,3,2,3,5,6,5,3,3,3,3,3,3,5,5,4,2,2,4,5,7,3,3,4,4,4,3,3,3,4,3,3,3,2,3,3,3,4,7,8,5,4,3,3,3,1,1,1,2,2,1,4,4,2,2,3,2,2,4,4,4,2,1,1,3,3,2,2,0,2,3,0,0,2,2,2,5,2,1,2,3,4,4,6,8,6,3,3,5,5,5,4,4,2,2,1,0,1,1,1,2,3,1,1,2,2,1,2,3,1,1,2,3,3,3,3,3,3,3,3,3,3,4,4,4,4,2,3,3,3,5,5,5,6,2,0,2,4,3,3,4,4,3,3,3,2,2,3,3,1,3,2,2,4,2,3,3,2,2,3,2,1,2,3,1,2,3,3,2,1,1,2,3,1,1,2,2,3,3,4,4,3,1,2,3,4,3,2,2,9,7,6,6,5,3,4,3,2,3,4,4,3,5,3,4,3,5,5,5,4,3,4,4,1,0,1,3,4,3,4,4,4,4,4,4,6,5,3,2,2,2,3,2,2,4,4,4,3,2,1,1,3,5,8,7,1,1,3,2,1,0,0,1,3,3,4,4,3,3,2,2,2,2,2,3,3,5,4,3,3,3,3,3,4,4,2,1,1,2,1,1,2,2,2,3,2,2,1,2,1,1,1,1,1,1,1,3,3,2,2,5,4,3,3,3,4,3,2,3,2,2,2,1,1,1,1,1,2,4,4,4,4,3,3,3,3,3,3,2,3,3,3,2,3,4,3,3,3,3,3,3,2,4,5,3,1,1,3,4,4,4,4,6,6,2,0,2,3,3,2,3,3,1,1,2,2,3,5,4,3,4,4,5,4,1,3,2,2,2,0,2,2,2,4,4,4,3,3,4,2,2,3,3,3,3,1,2,2,1,2,3,2,1,2,4,5,6,5,3,5,5,1,2,4,3,3,3,3,3,2,3,1,1,2,3,3,3,4,5,4,3,4,4,3,3,4,3,1,1,2,2,3,3,4,4,2,2,2,2,2,2
123,4,2,3,3,2,3,4,4,3,1,2,4,5,4,4,4,4,2,2,1,1,1,2,3,2,1,3,3,2,3,2,1,2,2,2,2,2,2,2,2,2,4,4,4,4,4,3,3,3,2,1,3,5,5,4,3,4,4,2,2,3,3,3,2,2,6,5,4,3,4,4,4,5,2,1,2,2,2,2,2,2,2,2,2,2,3,3,3,3,3,4,3,3,3,3,3,4,4,2,1,1,1,2,3,3,5,4,1,3,6,4,1,2,2,1,1,1,3,3,1,3,4,4,5,5,2,1,3,5,6,7,5,4,5,6,7,5,2,2,3,3,3,3,2,3,3,1,3,3,4,6,5,2,2,3,4,5,3,1,2,3,2,3,4,4,3,3,2,1,4,4,5,4,2,3,4,4,4,5,7,6,4,4,3,2,2,1,1,2,2,4,4,2,2,1,3,2,2,2,3,3,4,1,2,3,3,3,1,1,4,3,2,1,3,4,3,4,4,2,2,1,1,3,3,4,2,3,5,5,3,2,2,3,3,3,2,2,4,4,4,4,2,0,2,2,5,5,1,1,2,1,2,3,2,3,2,3,2,1,1,1,0,1,2,2,2,3,4,4,5,5,3,1,1,1,3,4,4,4,3,2,2,2,2,2,2,2,4,4,2,3,3,4,4,3,2,2,2,2,3,3,2,3,3,2,3,4,3,2,2,2,1,2,4,2,2,2,2,2,3,2,3,2,4,6,5,3,3,3,4,3,2,2,1,1,3,4,2,3,3,3,3,3,3,3,3,3,2,1,1,3,3,1,2,2,1,2,4,4,6,5,2,4,5,3,1,0,1,1,0,2,2,3,2,2,2,3,1,2,2,2,3,2,3,2,5,6,3,2,4,4,2,2,3,3,4,5,5,6,7,4,2,3,3,2,2,1,3,3,3,2,1,2,3,2,3,3,5,5,5,4,3,2,2,4,2,4,6,5,3,2,3,5,5,2,2,2,2,4,3,6,4,1,1,2,2,3,2,1,1,1,2,2,1,2,2,3,3,2,2,3,3,3,2,2,2,3,6,6,5,3,4,5,4,2,2,3,3,3,4,3,4,4,6,5,5,5,3,3,2,4,4,4,4,4,4,4,4,4,4,3,4,4,3,2,0,1,3,4,5,4,3,4,2,2,4,4,1,0,1,2,3,2,3,3,3,3,4,4,1,2,5,2,2,4,4,5,5,4,4,3,3,3,2,3,2,2,3,3,3,3,3,1,1,2,2,3,4,3,5,5,3,3,4,4,2,1,3,3,2,2,2,3,3,2,2,1,2,1,3,5,2,4,6,5,4,1,2,3,3,3,2,1,2,4,3,3,3,3,3,2,3,2,2,3,2,2,3,4,6,5,3,4,3,2,4,5,1,1,3,3,2,3,4,4,2,3,3,2,2,3,4,2,0,0,2,3,3,4,4,1,1,2,2,3,4,2,4,3,3,6,4,1,1,4,6,5,5,2,1,3,4,5,4,1,1,1,1,2,2,2,1,4,2,3,3,3,3,3,4,6,5,2,2,3,1,2,3,4,3,3,3,3,2,2,2,2,2,2,4,4,4,4,4,4,5,6,3,1,1,2,3,4,2,2,5,3,1,3,3,4,3,5,4,3,3,4,4,4,3,3,3,3,2,2,4,5,2,4,4,2,2,3,2,2,2,2,2,2,2,1,1,2,4,4,4,3,1,1,3,3,1,1,2,2,2,2,2,2,4,4,2,2,2,2,3,4,3,2,1,2,4,4,4,4,1,1,2,4,4,4,3,1,1,3,2,2,0,2,3,4,7,5,4,4,4,3,4,5,5,4,3,1,2,3,3,1,2,5,4,2,2,3,3,2,2,2,1,2,2,2,1,1,1,3,3,4,2,2,3,2,2,3,1,1,4,3,4,4,5,5,4,3,3,4,3,2,1,0,0,1,2,2,3,2,2,3,2,2,2,2,1,1,3,3,1,0,1,2,2,2,2,3,5,4,2,3,4,5,6,3,4,5,6,4,3,3,2,2,3,3,3,3,4,3,4,5,4,4,4,4,4,4,2,1,2,3,3,2,1,2,2,2,4,3,1,0,1,4,3,3,4,4,4,4,4,4,3,6,6,4,3,2,3,4,5,3,3,4,2,2,2,1,3,4,3,3,4,3,3,2,2,2,2,2,3,3,3,4,3,1,1,1,2,3,4,4,1,1,3,1,1,1,3,3,1,2,3,3,3,4,4,1,1,1,1,2,2,2,3,3,2,2,3,3,3,2,2,3,1,1,3,5,4,2,2,3,2,2,2,2,1,1,2,3,2,3,3,3,3,3
124,3,2,1,1,1,2,1,1,2,4,4,4,3,3,3,4,4,2,3,2,2,1,1,4,3,4,4,2,2,2,1,3,4,3,2,2,3,4,3,2,2,0,1,1,1,3,3,3,4,3,2,2,2,2,3,4,5,4,4,4,3,3,4,3,1,1,1,3,3,3,4,3,4,5,5,4,4,2,2,3,3,5,4,4,4,4,3,4,3,1,2,2,2,3,4,3,1,2,4,5,5,4,1,2,3,2,2,0,1,2,3,1,1,2,2,1,2,3,3,3,7,7,4,5,5,5,4,2,3,4,3,4,7,10,11,5,1,3,5,5,5,5,4,4,4,4,4,5,4,2,3,5,4,2,1,3,4,4,3,1,1,1,2,3,3,5,7,7,4,1,2,1,3,2,2,3,5,7,5,3,4,5,6,6,4,3,2,1,1,4,4,1,1,3,2,2,2,2,3,2,1,3,4,6,6,5,4,3,4,2,3,1,1,2,2,2,1,1,1,2,4,3,3,3,2,3,4,3,2,1,2,2,3,2,0,1,1,2,2,3,3,1,1,1,1,1,2,4,4,1,2,2,2,2,2,2,4,4,3,3,3,3,2,3,4,5,3,2,2,3,3,3,4,2,1,2,2,1,2,3,3,2,2,2,0,0,0,1,3,2,1,1,2,3,3,3,2,1,2,2,3,4,3,2,2,5,2,1,3,5,5,6,5,5,5,5,3,4,4,3,5,3,5,5,3,2,3,3,3,3,2,2,2,2,3,3,3,2,2,2,3,3,4,4,4,3,1,1,2,1,2,2,2,3,3,2,2,3,4,6,6,2,2,3,2,3,3,2,1,1,2,3,2,2,3,3,3,2,4,5,6,6,6,3,5,3,3,4,4,3,3,5,3,0,2,4,3,4,5,4,2,3,3,4,3,4,4,5,5,4,6,5,4,1,0,2,4,3,4,4,2,2,2,1,1,3,2,1,2,3,3,5,4,1,2,3,2,5,6,3,1,2,4,5,5,4,4,5,4,4,2,4,4,3,2,1,3,3,2,2,3,3,3,3,4,5,4,5,5,3,2,3,5,3,3,5,6,6,6,5,3,3,2,1,4,3,3,4,5,3,2,2,2,2,1,1,3,4,5,5,4,5,4,3,2,3,4,2,3,5,4,3,2,2,3,2,3,5,5,4,4,4,3,3,4,3,4,4,4,1,2,3,3,5,4,5,5,4,4,3,3,4,4,3,3,4,3,2,2,3,3,1,1,2,2,2,2,2,1,0,1,1,3,2,2,4,6,5,4,2,2,3,3,3,3,3,2,1,1,1,1,1,2,2,1,0,1,3,3,2,1,3,2,1,3,1,1,1,2,5,4,4,4,2,2,3,4,4,3,1,1,1,1,1,1,1,1,3,3,2,2,3,3,2,6,5,5,5,5,5,5,4,1,0,1,1,1,1,3,3,2,4,5,4,3,4,5,6,6,2,2,1,0,0,0,3,2,4,3,3,4,5,5,4,4,5,4,5,5,3,4,4,3,2,4,5,4,4,3,3,3,1,2,3,3,2,2,3,4,1,2,2,1,1,1,1,3,4,2,3,3,3,3,3,3,2,2,2,2,2,2,2,2,3,2,4,4,4,5,4,3,4,2,1,1,3,3,3,5,5,5,6,5,5,6,6,3,2,2,1,2,3,3,3,4,4,3,1,1,2,4,3,2,1,1,2,1,1,1,1,1,1,1,1,1,1,1,2,2,2,2,2,2,2,2,2,2,2,2,2,2,3,3,3,3,2,1,3,4,5,5,4,2,0,1,2,3,3,3,4,4,4,3,3,2,3,3,2,0,1,2,1,1,2,3,3,0,1,1,1,1,1,1,1,1,2,2,2,1,1,3,2,3,2,2,1,3,4,3,2,3,2,2,2,2,2,3,3,3,4,4,3,3,4,4,4,4,2,3,2,1,2,1,1,3,5,5,5,3,4,4,4,5,5,4,1,1,3,3,2,2,2,1,1,1,1,2,3,3,2,3,5,6,3,3,2,1,3,4,1,2,3,4,4,2,1,1,1,2,2,1,1,1,1,2,3,2,1,1,1,2,5,4,3,3,2,3,5,7,3,1,2,2,4,5,5,6,4,2,1,2,2,3,4,4,1,2,3,2,1,1,6,5,3,3,1,1,1,1,1,3,2,2,3,3,2,2,4,4,2,2,2,2,4,4,1,1,3,3,3,4,4,4,3,3,3,3,6,6,6,5,4,5,3,2,3,3,3,4,5,3,2,2,2,2,2,3,3,2,1,1,1,1,1,1,1,2,1,2,3,3,4,3,1,2,2,2,3,3,2,2
125,6,5,6,3,1,4,5,4,2,2,4,4,3,3,4,3,4,3,4,4,4,3,3,2,4,5,4,6,5,4,3,4,3,1,3,4,3,4,6,6,6,3,1,2,3,3,3,6,7,3,4,3,3,3,3,3,3,3,3,3,3,3,3,3,3,3,2,3,2,1,1,4,7,4,3,4,3,4,4,6,3,2,4,3,3,2,3,2,1,4,2,2,2,3,3,3,3,3,3,4,4,5,4,4,4,5,5,6,6,4,4,4,4,3,2,2,2,3,2,1,1,2,2,1,1,3,4,2,2,1,4,3,2,4,6,6,4,4,5,4,4,3,4,4,2,3,2,4,5,5,5,5,5,4,3,3,4,3,4,3,3,3,5,4,3,3,4,3,4,3,2,2,3,2,2,1,2,1,1,3,2,1,3,2,1,2,3,3,2,3,3,1,1,1,2,3,2,3,2,3,3,2,1,2,2,2,2,2,2,1,0,1,3,4,3,1,1,5,6,4,3,3,5,5,7,2,2,4,5,4,4,4,4,2,1,1,1,1,1,1,2,4,3,3,3,1,2,3,2,6,8,5,5,2,0,0,2,2,2,2,1,2,2,1,3,2,2,2,2,3,3,4,3,1,2,2,2,2,2,1,3,2,1,2,2,1,1,3,3,3,3,3,3,3,3,4,3,2,1,1,3,6,5,3,3,5,6,6,5,3,2,1,3,3,2,4,4,3,3,0,1,3,3,3,3,3,2,1,2,4,3,4,4,3,4,5,5,3,4,3,3,3,3,3,2,2,4,3,3,3,3,3,2,3,3,3,2,1,3,3,2,2,1,1,2,4,5,5,6,5,2,2,2,1,1,1,2,2,3,4,4,4,5,4,5,4,4,4,2,2,3,3,3,1,1,2,4,3,1,1,1,0,1,4,5,4,3,2,3,3,5,5,4,3,4,5,3,3,3,4,4,4,4,5,3,1,1,1,1,2,4,3,2,1,0,3,4,4,3,2,2,3,3,4,3,3,4,4,2,2,2,1,3,2,1,4,4,4,4,4,2,3,4,3,3,2,1,1,1,1,1,2,2,2,3,3,2,2,6,5,1,6,5,4,4,5,6,6,7,7,4,2,4,7,6,4,4,3,4,3,2,2,2,2,2,2,2,3,3,3,3,3,4,3,1,2,6,7,4,2,3,4,5,3,2,3,4,5,4,2,3,4,4,4,3,3,1,1,3,3,2,4,5,5,4,4,4,4,4,4,4,4,5,5,5,5,5,3,2,3,2,2,5,4,3,3,2,3,4,3,2,2,2,2,4,4,4,2,0,1,1,2,2,2,3,1,1,3,3,4,4,2,2,4,4,3,3,3,3,4,5,3,3,1,1,1,3,3,3,4,2,2,4,3,3,4,2,3,4,4,4,4,4,3,4,4,2,2,2,3,4,4,2,2,2,2,2,2,2,2,2,1,2,3,4,3,3,4,4,3,3,4,4,4,4,3,2,2,3,3,1,1,1,1,1,2,2,2,2,2,1,2,2,4,4,3,3,4,4,6,4,1,2,3,3,3,4,2,1,1,2,2,2,3,3,3,4,3,2,1,2,4,3,4,5,3,4,4,4,4,2,2,4,5,4,3,3,3,2,2,4,3,5,4,4,5,1,1,1,2,3,5,5,5,5,3,2,2,2,3,3,3,3,3,4,1,1,1,2,2,3,3,2,1,0,1,2,3,2,1,1,2,2,3,3,3,2,1,1,2,2,2,2,2,2,2,2,1,1,1,2,1,2,2,2,3,2,4,3,1,1,2,3,1,4,5,3,1,2,5,4,4,4,3,2,2,1,1,2,1,2,2,1,2,3,5,6,3,1,3,4,4,2,1,2,2,3,2,2,3,1,0,0,2,3,3,3,3,2,3,3,3,3,2,3,3,3,2,3,3,4,5,5,5,4,2,1,2,3,2,3,2,2,4,4,4,3,3,3,3,2,3,4,5,6,4,3,3,3,3,2,3,2,2,2,2,1,1,1,5,4,4,6,6,5,4,4,2,4,4,2,4,6,4,2,3,3,3,4,4,4,4,4,2,2,3,4,3,3,2,0,4,7,6,3,0,2,4,3,2,3,5,5,3,4,5,1,1,4,3,1,2,5,5,2,1,1,1,1,1,3,5,3,1,1,2,2,3,4,4,3,4,2,1,1,1,1,1,1,0,1,1,2,3,3,2,3,3,3,2,4,5,3,3,2,4,6,6,5,4,2,1,0,1,3,2,2,2,2,2,2,2,2,2,2,2,2,2,2,3,3,2,1,2,4,4,4,3,1,1,1,1,2,1,1,5,5,4,4,3,3
126,5,4,4,4,4,4,2,3,3,1,3,4,4,2,2,4,4,3,2,2,2,2,1,2,1,1,2,2,3,3,3,3,4,4,2,3,4,6,7,3,4,1,1,1,1,1,2,2,3,4,5,5,4,2,2,2,1,1,2,3,2,3,3,4,3,1,1,2,3,4,4,4,3,4,5,5,5,5,4,3,3,2,2,4,3,1,1,3,2,1,2,2,2,3,3,3,3,4,3,2,3,3,4,4,5,2,1,1,1,2,3,2,2,2,3,3,3,4,3,3,3,2,2,2,3,3,2,1,4,2,3,3,4,4,4,2,1,2,2,2,1,2,2,3,3,4,4,4,4,3,4,6,6,4,3,3,5,4,5,6,5,2,1,2,4,4,2,1,1,1,3,3,3,4,4,5,6,6,5,5,5,4,4,6,5,5,3,3,4,4,3,2,3,4,3,3,2,4,5,7,7,3,3,4,4,4,5,5,2,3,3,3,1,1,3,4,3,3,3,4,5,4,3,4,5,3,3,3,3,3,3,3,3,5,5,4,5,4,4,4,5,4,4,4,4,2,2,4,4,3,3,3,2,2,3,3,3,4,4,4,3,4,4,4,5,3,3,3,2,1,1,3,2,1,2,2,3,3,2,1,1,2,2,3,3,2,2,1,1,1,1,3,4,3,4,4,3,2,3,5,5,5,4,1,2,3,4,2,1,1,2,1,2,3,3,2,1,1,1,2,1,2,2,3,3,2,1,1,1,1,1,3,4,3,4,3,2,2,1,3,5,3,3,4,2,1,2,2,2,4,5,4,4,5,5,4,5,4,4,5,5,4,4,4,4,3,4,4,5,2,4,4,3,3,4,3,3,1,1,5,6,4,2,2,4,2,3,3,4,4,3,2,1,2,3,3,3,4,3,4,4,3,3,1,1,1,2,2,2,3,3,3,3,3,3,3,3,3,4,4,4,4,4,3,3,3,1,1,1,1,1,1,0,1,4,4,4,4,3,3,3,3,2,2,2,2,2,3,2,2,1,2,3,4,4,3,4,5,5,3,3,3,3,2,1,2,3,4,4,3,4,5,6,5,5,5,5,4,3,3,3,3,5,5,2,1,1,1,3,3,4,5,3,3,2,1,1,3,2,2,3,4,4,5,3,3,2,4,4,3,3,2,2,5,6,6,5,4,4,4,3,3,3,2,3,3,3,3,2,3,5,4,4,4,4,3,4,5,3,2,3,3,2,1,2,4,5,4,2,1,2,1,1,2,3,2,2,3,3,3,3,2,5,5,3,3,4,3,3,7,6,4,3,3,2,2,4,3,3,6,5,5,4,5,6,5,4,4,3,1,1,1,1,3,3,3,2,2,3,3,3,3,3,3,3,2,2,0,0,1,1,2,4,5,4,4,4,4,3,4,4,4,3,4,4,1,1,2,4,4,4,3,2,2,2,2,1,2,2,3,2,3,3,3,3,3,3,4,2,2,3,1,2,3,3,3,2,2,2,1,2,2,1,1,3,4,4,4,4,3,2,1,3,4,4,3,3,4,4,2,4,5,4,4,4,4,3,3,3,3,3,4,4,4,3,2,3,2,2,3,3,5,3,1,3,4,1,1,1,3,4,3,3,6,9,6,0,2,3,2,6,5,2,2,2,3,4,3,1,1,1,3,5,3,3,2,2,3,4,3,3,4,4,4,4,5,4,5,6,5,5,4,2,2,1,3,2,1,2,3,2,1,2,3,4,4,2,1,1,1,2,3,3,1,0,0,0,2,2,1,2,3,4,4,3,2,2,2,2,2,2,2,2,3,4,4,4,4,4,5,5,2,2,3,1,0,0,0,1,3,3,3,3,3,3,3,3,1,5,5,2,0,0,1,1,1,1,2,2,1,2,3,1,2,3,3,3,4,4,3,2,4,4,3,3,4,4,3,3,1,2,2,2,3,3,3,3,2,2,1,0,1,3,3,3,3,3,4,4,4,3,3,4,3,2,3,3,4,4,4,3,1,1,3,3,3,4,4,3,1,1,1,1,1,3,2,1,1,2,2,2,3,3,3,2,4,5,6,6,6,5,4,4,3,3,3,3,3,2,3,3,1,2,6,6,5,4,4,4,1,1,2,4,5,4,3,2,4,5,5,3,2,2,4,4,1,1,1,1,1,1,1,2,4,4,3,1,1,1,2,5,1,2,3,3,2,3,4,4,3,4,4,4,3,4,4,4,1,1,1,1,2,3,4,3,3,3,3,3,3,3,3,3,1,1,1,2,2,2,3,2,3,3,2,1,1,2,4,4,3,4,2,4,6,6,7,5,2,3,3,3,3,3,3,3,2,2,2,3,3,4
127,3,4,1,1,1,3,4,3,1,2,4,3,3,4,4,5,5,2,1,2,3,3,3,3,3,3,3,3,3,2,3,3,3,1,1,1,1,1,1,1,1,1,2,2,2,1,2,1,2,2,1,1,0,2,3,3,3,1,0,1,2,2,1,0,1,4,4,5,5,6,7,5,3,3,3,2,1,1,3,2,1,3,3,3,3,3,3,4,4,1,2,3,3,2,2,1,2,4,5,4,5,4,2,3,4,6,6,4,4,2,3,6,3,2,3,3,3,3,2,2,4,5,6,5,3,4,4,2,3,4,5,5,5,3,2,1,3,1,1,4,5,5,3,1,1,5,4,2,1,1,2,5,4,2,4,5,2,2,4,3,2,4,4,4,3,3,3,2,2,3,4,3,1,3,4,3,2,1,3,6,7,6,6,4,2,1,2,3,3,2,2,2,4,4,4,2,2,2,1,2,2,3,3,3,3,3,3,2,3,3,1,2,3,4,4,1,1,3,3,3,5,5,5,4,2,1,0,1,2,3,3,1,3,3,3,4,4,4,5,4,3,4,2,3,4,5,5,4,5,5,3,2,2,3,1,1,2,0,1,1,1,1,1,3,3,1,2,3,4,4,3,1,1,2,2,3,3,4,4,4,3,0,2,2,2,3,3,2,2,3,4,4,5,5,4,5,4,2,2,2,1,1,1,1,1,2,2,3,3,3,2,1,2,3,3,3,3,3,3,2,4,5,5,4,3,4,4,2,1,4,6,5,5,4,0,1,3,5,5,6,4,4,3,2,1,1,3,4,3,4,4,1,1,2,2,3,4,4,5,5,5,5,3,1,1,2,3,3,3,4,5,3,3,4,4,4,2,1,2,3,6,6,6,5,5,5,4,4,4,4,3,3,2,2,3,3,3,2,1,1,0,2,5,4,4,3,1,2,4,7,5,3,3,5,9,8,1,3,6,4,4,4,3,4,3,4,5,3,4,4,3,4,4,5,5,3,3,2,3,4,4,4,4,4,4,2,2,3,3,3,2,1,1,1,2,3,2,2,2,2,2,2,3,2,2,2,2,3,3,2,2,2,3,2,3,4,4,6,5,4,4,2,4,4,3,1,1,3,4,3,3,3,3,5,5,3,2,1,1,2,1,1,3,5,3,3,2,2,2,1,1,2,2,4,4,5,5,4,5,7,6,5,3,0,1,3,3,2,3,2,1,1,1,1,3,5,3,1,3,3,3,2,1,2,1,3,4,4,3,3,2,3,4,4,4,3,4,3,3,3,1,2,3,2,2,2,2,3,3,2,3,3,3,3,3,2,2,2,3,4,1,1,2,4,5,4,3,3,3,3,3,5,3,3,1,3,3,1,3,3,2,1,1,1,3,3,2,1,1,2,4,4,3,3,3,3,2,3,4,4,4,4,4,4,5,2,1,4,3,3,3,1,2,4,3,2,1,1,2,2,1,2,3,4,3,3,3,2,1,1,1,2,1,0,1,3,2,1,3,5,5,5,4,3,4,2,2,2,1,1,1,2,1,4,4,2,1,2,2,5,5,3,3,2,2,2,2,2,3,4,5,4,4,4,3,3,3,3,3,2,2,3,3,4,6,2,3,3,3,4,4,3,3,2,2,2,2,2,2,2,1,2,5,4,2,1,0,0,1,2,0,0,3,2,0,3,4,5,4,3,3,2,2,3,4,5,4,3,3,3,3,3,4,3,3,2,2,2,2,1,1,1,1,1,1,1,1,0,1,2,6,7,10,10,8,5,0,2,5,5,5,3,3,3,4,2,1,0,1,2,2,2,1,1,1,5,5,2,1,2,5,5,3,4,4,3,3,3,3,2,1,1,2,2,3,3,3,3,2,2,2,3,3,4,4,3,3,2,2,3,2,4,4,2,2,2,1,1,2,3,3,3,3,3,3,3,2,2,2,3,3,3,3,3,3,3,3,3,2,4,2,1,2,3,3,1,1,2,4,3,1,2,2,3,2,1,1,2,2,1,1,3,2,3,4,4,4,5,5,2,2,2,3,2,3,5,4,2,2,1,1,2,2,3,3,1,1,3,3,2,1,1,1,2,3,2,2,3,2,1,0,0,1,4,4,2,1,1,1,3,3,4,5,5,4,4,2,1,2,3,4,3,2,1,2,1,1,2,2,4,3,3,3,2,2,5,5,5,5,3,4,2,1,1,1,1,1,1,1,3,5,3,3,3,2,2,1,3,3,3,2,1,0,0,3,4,4,5,4,3,3,4,3,3,3,4,3,4,4,3,3,5,2,3,3,4,3,2,0,2,3,1,1,3,3,2,1,3,4,3,3,4,3,4,3,4,4,4,4,4,4
128,1,3,4,4,5,4,5,5,5,4,2,2,1,1,2,1,1,6,8,6,5,6,5,3,4,3,4,3,3,2,1,2,1,4,2,2,2,3,5,5,4,2,2,4,3,4,4,2,2,3,3,2,2,2,2,4,5,4,4,4,4,4,4,4,5,3,3,3,5,5,4,4,5,4,3,4,5,5,5,1,1,3,3,3,3,3,2,2,2,3,3,2,4,5,3,4,4,4,6,4,2,2,2,2,4,5,2,2,1,3,3,6,6,3,4,2,2,3,3,4,6,4,2,3,3,2,2,3,3,2,3,4,3,3,3,3,3,3,3,2,1,3,4,4,3,3,4,6,5,4,4,4,4,2,2,3,4,4,4,3,3,1,1,3,3,3,5,5,2,2,5,3,2,2,4,4,3,4,5,4,3,3,2,4,4,2,2,2,3,2,3,3,3,3,3,3,3,3,3,3,3,3,3,3,3,3,3,2,2,2,2,2,2,3,4,4,3,4,4,3,3,3,4,3,2,2,2,3,4,3,4,5,4,3,3,2,2,1,3,4,4,1,3,3,3,4,6,6,6,5,3,2,3,3,2,2,3,3,3,4,4,4,4,4,5,5,3,2,3,3,3,5,4,1,2,3,3,4,5,4,4,3,2,2,3,3,3,3,3,3,3,5,5,6,6,6,4,2,3,3,3,3,2,1,2,2,0,1,3,3,3,3,1,1,2,3,3,3,3,4,5,3,4,3,2,2,4,5,4,3,6,7,5,4,4,4,3,4,4,3,4,3,3,5,3,0,0,1,2,4,4,4,5,2,1,2,2,2,2,3,4,3,0,2,3,4,5,4,4,1,1,2,1,4,5,4,2,1,3,5,5,6,5,4,5,6,4,4,3,3,4,6,4,2,2,3,3,4,3,0,2,2,3,3,4,4,4,4,3,4,5,4,5,5,4,4,4,5,5,4,4,4,5,5,4,5,5,4,3,2,2,1,0,2,3,4,6,4,1,1,5,7,5,5,4,2,2,1,3,4,3,4,4,3,2,1,3,3,2,1,1,2,2,3,2,4,2,4,5,3,3,3,3,5,6,4,3,4,3,3,3,1,4,4,4,2,1,1,1,4,3,2,3,3,3,4,3,3,2,2,3,2,2,2,2,3,3,2,2,5,7,6,3,3,4,3,4,4,3,3,1,2,3,4,3,4,4,4,5,2,2,7,10,8,6,4,1,1,2,2,2,2,2,2,2,3,4,4,3,3,3,2,1,3,4,3,4,3,3,3,2,2,3,3,3,4,4,4,2,2,4,4,2,1,2,3,4,3,4,4,4,2,2,3,4,2,1,1,1,1,2,2,3,2,3,1,1,1,1,2,3,4,3,3,3,3,4,3,5,4,3,3,2,2,2,2,1,3,4,5,4,5,4,2,3,3,3,3,3,3,4,4,3,4,4,4,4,3,4,3,4,3,4,5,5,4,4,4,5,2,2,2,2,2,2,1,1,2,2,2,2,2,2,2,3,2,3,3,2,2,3,3,3,1,1,2,2,4,5,4,3,3,3,2,1,2,3,4,4,3,2,2,2,2,3,3,3,6,6,6,6,6,6,9,7,3,1,2,4,4,3,3,3,4,2,3,2,2,3,4,4,1,2,1,1,3,2,4,5,5,5,5,4,2,2,3,3,3,4,3,3,1,1,2,2,3,4,5,5,5,4,4,4,4,4,3,3,3,2,2,3,5,6,5,4,4,4,3,4,2,3,3,3,3,3,2,3,3,2,2,3,4,4,4,4,2,2,1,2,1,2,2,1,2,4,5,2,2,1,3,4,3,3,2,2,2,2,4,3,1,4,5,5,4,4,3,3,4,4,2,3,4,5,3,1,2,3,2,3,2,2,2,2,1,3,3,2,1,2,4,3,2,2,2,2,2,2,3,3,3,3,3,3,4,4,3,3,2,2,4,4,4,4,4,4,1,1,1,2,3,4,5,5,4,3,1,1,3,3,2,2,0,2,4,4,4,3,1,2,3,3,3,2,2,4,6,5,4,4,4,4,4,4,5,4,4,3,2,2,1,1,2,1,3,4,3,4,3,2,2,1,4,4,4,3,4,4,3,3,2,4,5,5,5,3,3,2,4,3,0,1,5,3,1,1,3,3,1,2,4,4,4,4,2,2,4,3,1,1,2,2,1,3,4,3,3,3,2,2,2,1,1,2,2,2,3,4,3,2,3,3,4,4,2,3,2,4,4,4,4,2,2,2,1,1,1,1,1,1,1,1,3,3,3,3,3,3,3,4,4,2,3,5,4,3,4,4,2,1,2,4,5,5,4,4,4,4,3,2,2,3
129,2,3,2,1,2,4,4,4,5,4,3,4,3,2,3,4,4,3,4,3,4,4,3,3,3,3,5,6,4,3,1,2,5,2,1,2,3,3,4,4,4,2,2,3,2,3,3,4,3,4,4,4,3,4,4,4,4,4,6,4,2,2,3,3,3,2,1,4,4,3,5,6,6,4,3,4,3,3,4,3,4,3,2,4,5,5,3,2,3,2,1,2,3,2,4,6,3,4,3,2,1,1,1,2,3,2,2,3,2,3,4,5,4,3,3,4,4,4,4,4,5,9,10,7,7,4,2,1,0,3,4,4,5,8,8,4,2,3,3,3,3,3,3,3,4,4,3,3,4,4,4,3,2,3,4,3,3,2,2,2,2,5,5,5,5,4,4,1,0,2,2,3,3,3,2,3,4,4,3,4,4,4,3,3,4,3,1,3,2,3,4,3,4,2,2,3,3,4,5,2,1,2,2,2,2,1,1,3,3,2,2,2,2,3,3,3,2,1,3,3,2,2,2,3,1,2,4,6,4,3,6,6,5,1,2,2,2,2,2,2,2,3,3,3,3,4,4,2,1,4,5,3,5,5,5,3,5,3,1,2,2,2,2,2,2,2,1,1,2,1,1,5,5,3,3,4,3,4,4,3,2,1,2,2,3,3,3,2,1,2,2,1,3,4,3,3,2,1,1,3,4,4,3,3,4,5,5,5,4,4,4,3,3,3,3,2,2,2,2,1,1,1,1,2,2,2,3,3,2,1,2,1,1,2,2,1,4,8,5,2,3,3,4,6,7,5,3,4,4,3,3,2,3,5,5,3,2,3,4,4,4,4,4,3,3,3,1,1,3,5,5,3,4,3,4,4,4,3,3,1,1,1,2,3,4,6,4,3,3,3,2,3,3,3,3,3,2,3,2,1,3,2,1,2,1,1,1,3,2,3,4,3,2,3,3,3,4,5,5,4,4,4,4,4,3,3,3,3,4,4,5,6,7,8,6,3,2,1,3,6,7,2,1,3,3,2,2,2,1,2,2,2,2,3,2,3,1,3,5,4,4,3,3,3,2,5,4,5,5,3,2,4,4,2,1,2,4,4,3,4,6,3,5,5,4,3,3,5,5,8,7,3,1,1,1,2,3,4,3,2,3,2,3,2,2,1,3,5,3,2,2,2,2,3,3,3,2,2,3,5,3,0,1,2,3,3,2,3,2,3,4,4,5,7,6,5,4,4,5,5,4,5,4,3,4,1,0,1,2,3,3,3,4,2,3,3,3,3,3,2,3,3,1,2,2,3,4,3,2,2,2,4,5,6,5,2,2,5,4,4,5,4,4,5,4,4,4,4,4,4,5,5,6,4,4,4,3,4,4,4,3,2,3,4,4,2,4,5,5,4,3,2,1,2,2,2,2,1,1,1,3,3,2,3,4,2,1,1,2,3,3,2,1,2,2,4,4,3,2,1,3,3,2,4,3,3,4,4,4,3,5,4,1,1,3,4,3,3,3,3,3,3,3,4,7,5,2,3,3,2,2,1,0,2,3,3,3,2,2,2,2,2,2,1,2,2,1,1,1,3,3,2,2,2,1,1,1,4,4,4,3,1,2,4,2,4,4,3,1,2,3,4,5,4,3,3,3,4,3,3,3,1,2,1,0,0,1,1,1,1,1,3,4,4,4,5,3,4,5,4,4,5,4,4,6,3,1,1,1,1,1,0,1,5,5,4,3,3,3,3,3,4,4,3,4,4,2,2,1,1,2,1,2,2,2,2,2,1,1,1,2,3,3,2,4,2,0,1,2,3,3,2,1,1,3,5,4,4,3,3,4,5,5,2,3,4,5,4,6,8,5,5,5,4,3,5,3,3,2,1,3,4,4,4,3,5,5,4,3,3,3,2,3,3,3,3,3,3,3,2,3,2,1,1,1,1,1,5,4,2,6,4,3,4,4,3,3,3,2,2,2,3,3,4,3,2,4,4,3,1,1,3,5,1,2,3,2,2,1,1,1,3,4,5,3,4,4,2,1,3,3,3,2,2,2,1,3,4,4,5,4,3,3,3,4,3,3,3,3,4,4,4,4,3,3,3,4,3,3,3,3,3,4,5,3,3,5,2,1,2,3,2,3,3,2,3,3,4,4,2,3,2,1,2,3,3,2,3,4,4,4,3,3,2,2,2,2,2,2,2,3,2,2,2,3,3,3,5,5,3,1,2,2,4,3,3,4,3,3,2,3,4,3,2,2,5,6,4,4,4,4,5,5,3,3,3,2,4,5,3,4,4,2,3,4,2,1,1,2,1,2,2,2,2,2,2,2,3,3,3,3,3,3,2,3,4,3,4,4,4,4
130,4,2,2,4,6,6,3,1,2,3,1,1,2,2,2,2,3,2,3,3,2,2,3,5,4,3,3,3,3,3,3,4,4,3,3,1,1,1,1,1,0,2,3,4,5,5,5,4,2,3,3,4,4,5,6,6,7,4,2,3,3,3,2,3,4,4,3,3,5,5,3,3,4,3,2,5,4,2,1,4,5,4,5,5,4,2,2,2,1,3,3,3,3,3,3,3,3,1,2,2,2,2,2,2,2,3,3,1,1,3,3,2,1,6,5,3,4,3,1,3,7,7,4,4,3,2,3,2,1,4,3,3,3,5,8,8,7,3,4,6,5,5,5,3,3,3,3,2,1,2,3,4,4,4,4,3,3,3,4,3,3,4,2,1,0,1,2,3,3,3,4,4,3,4,4,4,3,2,2,1,2,3,4,5,3,3,2,2,3,4,3,3,2,2,3,2,3,3,3,3,4,2,0,0,0,0,2,3,5,4,4,3,4,5,5,6,3,4,4,5,5,4,4,6,4,3,4,3,2,3,3,3,4,3,3,3,3,1,1,3,4,1,2,6,6,8,7,3,1,4,5,4,4,3,1,1,2,1,1,1,2,2,3,1,1,1,2,2,2,2,2,1,1,1,1,1,1,2,3,3,3,3,3,2,2,2,2,2,2,1,3,3,1,3,4,1,2,3,1,1,2,2,4,5,3,3,4,6,4,3,2,3,4,3,5,5,4,3,3,2,3,2,3,5,6,5,4,3,2,2,2,3,3,2,3,4,4,4,3,3,4,4,4,5,5,3,3,4,4,3,2,4,3,3,3,4,4,4,3,3,1,2,3,4,4,5,5,4,3,2,1,2,4,4,3,4,5,3,2,3,4,4,4,3,4,4,6,6,4,3,4,4,3,1,2,3,2,2,2,2,3,5,4,4,2,2,4,3,2,2,1,4,4,3,2,2,3,4,4,2,4,4,6,5,3,4,5,4,3,1,2,6,3,1,1,2,4,6,5,4,3,2,2,3,4,4,3,4,4,4,3,0,1,1,1,3,2,1,2,3,3,3,3,1,4,5,6,5,4,2,2,5,6,6,7,6,6,5,5,6,4,2,3,4,3,4,4,2,4,4,3,3,3,2,1,1,1,1,1,1,2,1,2,2,3,4,4,4,4,4,4,4,3,3,4,6,5,4,4,3,3,3,2,3,3,3,4,3,1,4,5,5,6,5,4,3,4,5,5,6,6,5,4,6,5,3,3,2,1,4,4,4,2,2,4,4,5,5,7,5,5,3,4,2,2,2,2,2,4,6,4,5,4,4,6,7,6,1,2,3,3,2,2,2,2,4,3,4,4,4,4,4,4,2,4,4,2,2,3,5,7,6,4,4,4,4,3,3,3,5,3,3,3,3,3,4,4,5,6,5,4,5,5,5,5,3,2,1,1,1,1,1,2,1,1,1,2,1,1,2,1,3,3,4,4,3,3,2,3,1,1,2,3,3,4,4,3,1,1,2,3,3,3,1,2,5,4,4,3,3,4,5,4,4,1,2,3,3,3,4,3,3,4,4,3,3,4,5,4,3,3,3,3,3,3,2,2,3,3,3,3,3,3,3,4,5,3,4,4,4,5,5,4,6,4,3,5,6,6,3,4,4,4,4,4,4,3,1,1,1,0,2,6,3,0,3,4,2,1,2,1,2,1,1,2,3,3,2,3,2,2,5,2,1,3,4,3,3,4,4,3,1,3,4,3,3,3,3,2,2,2,2,2,3,3,2,3,5,5,4,4,4,4,4,3,3,3,2,1,2,2,3,1,3,4,5,4,4,5,3,3,1,2,2,2,2,2,2,2,2,2,1,2,4,4,3,2,3,2,3,3,3,5,4,1,1,1,1,1,1,1,2,2,3,3,3,3,3,3,3,4,4,4,3,2,2,1,1,1,5,5,3,3,4,4,4,4,2,2,2,1,3,5,3,3,2,2,5,3,1,4,5,4,4,3,3,5,4,1,2,4,2,3,3,6,7,6,5,2,1,2,3,4,3,1,1,1,2,4,5,5,4,3,2,1,1,2,2,2,3,4,5,3,2,2,2,2,2,2,1,1,1,2,2,1,2,2,5,5,3,1,2,5,4,3,4,3,5,4,2,1,1,2,1,1,4,2,3,3,3,2,2,1,2,4,2,0,1,2,1,1,1,2,1,1,1,1,3,3,2,2,3,3,3,3,2,1,1,2,2,2,1,2,4,4,2,1,3,4,3,3,2,1,2,2,1,1,2,3,2,2,2,2,2,2,3,3,3,4,3,2,3,1,2,6,7,4,3,3,4,4,3,4,4,4,4,4,4,4,4,4
131,4,2,1,0,1,3,3,3,3,3,3,3,2,3,4,2,2,4,3,4,4,2,2,1,2,2,2,3,4,3,3,3,2,4,4,3,1,1,2,4,5,2,3,3,3,2,1,2,3,3,4,3,3,4,3,2,3,2,3,4,4,4,4,5,4,3,5,6,5,5,4,3,3,3,4,3,2,2,4,5,3,1,2,2,1,2,4,5,4,2,4,6,4,3,4,3,5,5,5,3,5,6,3,1,3,4,4,5,5,3,1,0,1,2,2,2,2,1,2,2,3,2,1,2,2,2,2,4,5,5,6,5,4,8,7,3,6,3,2,2,2,2,2,2,1,3,4,3,3,3,3,3,5,2,1,1,1,1,3,3,1,1,2,2,1,1,2,3,2,1,1,2,2,4,4,4,2,4,4,3,3,3,2,2,2,0,2,4,4,5,5,4,2,3,3,4,4,3,3,2,3,2,2,1,1,2,2,3,3,2,1,1,3,3,2,3,5,2,2,3,1,1,0,3,4,3,5,3,2,4,4,1,1,2,4,4,5,5,5,3,3,2,2,2,1,1,1,1,1,3,3,4,4,4,3,4,3,3,2,2,2,5,5,4,4,1,0,1,3,3,3,4,6,4,2,4,4,3,1,2,5,2,1,2,3,2,2,4,4,3,2,2,2,1,1,1,1,5,5,2,1,2,3,4,2,2,4,4,5,5,4,4,4,3,3,3,3,3,3,3,3,1,2,0,1,1,1,1,2,2,3,3,3,5,5,5,6,3,4,3,2,4,3,2,4,4,4,4,4,4,4,4,4,4,3,3,5,5,5,7,6,5,5,4,4,4,3,3,3,2,2,3,4,4,3,3,1,2,4,3,3,2,3,3,4,6,6,4,5,5,4,3,4,5,3,3,2,3,2,2,3,6,6,4,3,4,3,3,4,5,4,4,4,4,4,2,2,3,1,2,3,4,4,2,3,3,4,4,4,4,3,4,5,3,2,2,3,3,5,4,5,2,4,4,4,5,5,5,6,2,1,2,3,3,4,4,4,3,2,2,3,3,4,6,5,3,3,3,3,3,3,2,2,1,1,3,3,1,1,2,5,1,3,4,3,3,3,3,6,7,4,2,2,3,3,5,5,3,5,5,4,2,2,2,3,3,3,3,4,6,5,3,0,3,3,3,3,2,2,2,2,2,3,4,4,4,2,3,2,8,8,6,4,2,3,2,2,2,2,2,3,4,4,3,2,3,3,2,2,3,3,3,3,3,4,4,4,6,5,4,5,6,6,4,4,4,3,4,4,3,2,3,3,3,3,4,3,4,2,0,2,5,6,5,3,1,2,2,2,1,3,2,2,3,3,2,2,3,3,4,4,5,7,7,6,5,5,5,7,3,1,2,4,4,2,2,2,2,4,4,2,3,4,5,4,4,1,1,2,3,3,2,1,3,3,2,2,3,3,3,3,4,4,3,5,5,5,3,4,1,2,3,2,1,1,1,2,3,1,1,2,1,1,5,5,3,3,3,4,3,2,2,1,1,2,1,2,2,1,1,3,4,2,3,3,2,2,3,3,4,5,3,3,4,3,1,3,6,3,2,4,5,6,5,4,2,2,3,2,2,4,4,4,6,4,2,2,4,3,1,1,3,2,1,2,2,2,2,2,2,3,3,2,2,2,3,3,2,1,1,2,2,2,2,2,3,2,2,1,1,3,5,4,1,3,2,1,2,3,3,3,3,1,2,1,1,2,2,1,2,3,2,3,2,2,2,2,1,1,1,1,1,1,1,2,2,2,1,2,2,1,1,1,1,1,3,3,4,5,4,5,0,0,1,2,3,3,3,5,5,6,5,3,3,2,2,1,0,1,1,3,3,3,4,4,4,5,5,4,5,3,2,2,2,2,2,3,3,3,4,4,3,3,3,3,3,3,3,5,6,4,3,2,3,4,4,2,2,3,5,5,4,2,2,4,4,4,5,6,7,7,5,4,3,2,3,4,3,3,5,2,0,1,2,3,4,3,2,4,4,3,3,3,4,7,7,2,1,1,2,3,3,3,2,2,4,5,2,0,2,6,6,4,3,3,3,3,3,2,1,0,1,4,5,4,2,2,3,4,4,4,3,3,3,3,3,4,5,3,2,3,4,3,3,2,3,3,2,2,4,3,3,4,2,1,2,2,2,1,1,2,3,3,3,2,2,2,2,1,1,1,1,1,1,1,1,1,4,4,4,3,1,2,3,2,1,2,3,4,4,3,1,1,1,3,3,2,1,1,2,2,2,3,2,2,2,2,3,3,1,1,2,2,3,5,5,4,5,4,4,5,3,2,2,2,2,2,2,2,2,2
132,2,2,4,5,5,5,4,3,1,2,3,2,4,5,4,3,4,5,4,0,1,2,2,2,2,2,2,4,4,3,2,3,3,2,3,5,5,6,5,5,3,1,3,4,5,5,3,3,3,7,5,5,4,3,4,3,5,5,4,5,4,5,4,5,3,3,3,2,1,2,2,1,2,3,2,2,3,2,2,2,2,2,3,5,5,3,3,4,4,4,3,4,3,3,1,1,3,5,4,3,2,3,3,4,4,3,2,5,5,2,2,3,3,4,3,4,5,4,3,2,3,3,4,6,7,5,3,3,5,4,1,0,1,3,3,1,2,4,5,5,5,6,5,5,3,6,5,4,4,3,5,6,6,5,5,4,3,3,3,3,4,3,2,3,4,4,4,4,3,4,6,9,8,5,3,5,6,4,4,5,5,4,4,4,2,3,3,3,3,3,3,3,4,3,3,4,4,4,3,1,1,3,3,2,1,1,2,2,2,8,8,5,3,5,5,3,3,5,5,6,6,3,2,3,4,2,2,1,2,2,3,3,3,2,3,4,3,2,3,6,5,1,4,6,6,4,3,3,2,3,3,3,2,2,1,4,4,5,3,3,2,2,1,1,3,4,5,4,4,2,1,1,1,2,3,5,3,2,3,3,3,2,1,1,1,1,1,1,1,3,1,1,2,2,2,1,1,6,5,5,6,6,6,5,5,4,3,4,3,3,3,2,2,2,3,3,3,4,4,3,3,1,1,1,1,1,1,1,1,2,2,1,2,4,4,4,4,4,3,4,5,5,5,5,6,4,4,4,3,3,3,3,3,4,3,3,4,4,4,5,5,2,2,3,1,1,2,1,0,2,0,1,1,2,3,4,4,1,3,5,5,3,2,1,3,5,5,2,4,7,6,3,2,3,3,3,3,1,1,1,2,4,4,4,3,4,4,3,3,5,5,5,4,4,3,3,3,3,1,2,3,5,5,2,0,0,2,4,3,3,3,3,6,4,4,4,4,4,3,4,4,3,3,2,2,0,1,3,5,4,5,5,3,2,2,3,5,4,2,2,2,2,2,3,4,3,3,2,3,3,3,3,4,2,2,4,5,5,4,2,1,3,3,1,2,1,0,1,1,3,4,4,3,3,4,3,4,5,3,4,4,4,3,3,3,1,4,5,1,1,3,5,3,5,5,4,4,3,3,3,3,3,2,3,6,6,3,3,3,3,5,4,1,1,5,4,4,6,3,1,3,2,2,4,4,4,6,4,3,2,1,3,3,2,3,3,3,4,4,3,2,1,3,4,2,2,2,4,4,5,5,3,3,4,4,3,2,3,3,2,2,2,3,6,5,4,4,4,3,2,1,1,3,5,5,4,2,2,3,3,4,4,4,4,4,4,5,5,5,4,3,1,1,3,2,2,4,4,4,4,4,4,4,4,4,2,4,5,2,1,1,1,1,2,2,2,4,4,6,6,3,1,2,1,3,3,2,3,2,1,2,4,5,6,7,6,5,4,4,2,3,3,4,6,3,1,4,3,2,2,3,4,2,1,2,3,3,2,1,2,1,0,0,1,2,4,5,4,2,1,1,1,3,3,3,4,2,3,2,1,1,2,3,3,3,4,4,3,3,4,5,6,4,1,3,3,3,3,2,1,2,4,4,4,4,4,5,4,4,2,3,3,3,3,1,2,3,3,4,4,4,3,3,3,4,2,2,3,2,1,2,1,1,2,2,2,2,3,3,2,4,5,3,3,3,2,4,4,1,1,3,4,3,2,2,4,5,2,2,2,2,2,2,2,2,2,2,3,2,2,4,5,5,2,1,1,2,2,2,2,1,7,5,4,5,5,5,3,1,3,3,3,3,3,3,4,3,3,2,3,3,3,3,3,4,1,1,2,1,1,1,3,4,4,2,3,3,3,4,4,5,3,1,1,3,3,3,2,3,2,2,2,2,2,2,2,2,2,2,2,3,4,4,4,2,1,1,2,2,2,2,4,5,2,2,3,3,3,3,3,2,2,3,2,2,2,2,1,1,2,4,3,2,2,4,4,3,2,2,4,4,3,3,2,3,2,2,2,2,4,4,3,2,5,3,1,2,3,2,1,0,1,1,2,2,2,3,3,2,10,7,4,2,0,0,1,1,3,4,5,3,1,1,4,6,4,5,6,5,5,3,1,2,3,4,4,3,2,2,2,2,2,3,3,3,3,3,3,2,1,2,3,4,4,3,2,2,1,2,3,3,4,4,3,2,1,1,2,2,2,2,1,1,3,3,3,2,2,2,0,2,4,3,3,4,4,3,6,5,2,4,3,2,3,4,6,5,3,2,1,1,1,2,1,1,3,3,3,3,3,3
133,1,4,5,5,4,4,5,7,6,3,5,6,5,4,3,3,5,5,3,2,3,3,4,7,6,4,3,2,1,3,4,3,1,1,2,1,2,4,2,1,1,2,4,4,4,4,3,4,5,5,4,5,5,4,2,3,5,3,3,3,3,3,3,2,2,5,5,3,3,3,4,4,3,4,4,4,4,4,4,3,4,3,3,7,7,2,3,6,3,0,1,3,5,4,4,4,2,5,5,3,2,3,3,4,5,5,3,3,5,5,4,4,4,1,2,3,3,1,1,1,1,2,2,2,3,3,2,3,2,2,4,4,6,8,8,6,4,3,3,3,3,3,4,5,5,6,5,3,2,3,3,3,4,3,1,4,5,4,5,6,4,4,5,4,3,3,5,4,3,2,3,3,4,4,5,5,4,2,1,1,1,2,2,1,1,4,4,4,3,3,3,3,4,4,5,2,1,2,2,1,1,1,1,3,4,4,2,2,1,1,2,3,3,1,2,4,4,5,5,5,4,3,5,2,1,3,6,6,5,2,1,2,4,2,1,2,1,2,2,3,3,2,2,4,5,5,5,7,5,3,4,4,4,4,4,4,3,4,3,1,2,4,4,4,4,2,3,3,2,2,2,2,2,3,4,3,3,2,2,2,4,3,3,3,1,1,2,2,2,2,1,2,2,2,2,2,2,2,2,5,6,3,1,4,4,2,3,4,5,4,3,1,0,4,5,4,4,4,3,4,3,2,2,2,2,3,3,3,2,2,4,3,3,3,3,2,2,3,3,3,3,3,3,3,3,2,2,2,2,3,2,3,3,2,1,1,2,3,4,3,2,4,4,5,5,6,7,3,1,1,1,2,3,3,1,1,2,2,1,1,2,1,1,1,4,6,6,7,5,2,2,6,6,2,3,3,4,3,2,2,3,3,4,3,2,0,2,4,3,2,2,4,4,3,4,5,3,4,2,3,3,3,3,3,2,0,1,2,1,2,3,3,4,6,5,3,2,3,2,0,2,5,4,3,3,4,5,4,4,4,4,3,3,3,3,2,2,1,1,2,3,3,3,2,3,1,2,3,3,2,2,2,3,2,1,3,4,3,2,2,3,2,3,6,6,5,4,4,6,7,6,4,4,4,4,4,3,3,3,2,2,1,2,1,0,1,4,4,2,3,3,2,3,4,6,6,6,6,5,3,3,3,2,2,4,5,5,2,1,3,3,3,4,4,4,4,4,4,2,2,4,4,3,3,2,4,4,4,4,5,4,3,3,2,3,3,3,3,3,2,1,5,6,6,5,4,2,2,4,1,4,7,7,5,5,4,2,2,1,1,1,1,1,1,1,4,4,3,3,3,4,4,2,2,4,4,4,6,7,3,2,4,4,5,5,5,5,4,3,1,1,1,2,3,3,3,3,1,1,2,2,2,2,3,2,1,1,2,4,4,3,1,3,4,3,2,2,2,2,2,2,2,3,4,3,4,3,2,2,2,4,4,3,3,2,1,3,2,1,2,1,1,2,1,1,2,2,2,2,2,3,3,2,2,2,1,1,1,1,2,3,3,2,2,3,3,3,3,2,3,4,3,2,3,3,3,5,4,0,2,5,6,5,2,2,5,5,2,3,3,2,3,3,3,5,4,4,5,5,4,2,1,1,2,3,2,2,2,2,0,1,3,4,4,3,5,7,2,1,2,2,4,3,1,0,0,1,1,1,2,3,2,2,4,5,2,1,2,2,2,3,2,2,1,1,1,1,1,2,3,3,3,4,4,3,3,3,3,3,2,2,2,2,2,2,2,2,2,2,2,2,2,2,1,1,2,2,4,4,6,7,5,5,5,3,1,3,4,4,4,4,2,2,3,3,2,3,6,4,1,1,2,4,5,4,4,3,3,3,3,3,3,3,3,3,3,2,1,2,2,3,3,3,2,1,2,4,3,3,1,2,1,1,2,2,2,2,3,3,3,3,3,3,2,2,3,4,5,5,5,5,5,4,2,2,2,2,3,2,2,2,5,4,3,3,3,3,2,4,4,2,2,3,4,5,4,2,1,2,3,3,4,4,3,2,2,2,1,3,5,4,2,3,4,3,3,4,3,1,1,2,3,3,3,3,4,4,4,4,3,2,3,3,2,3,2,0,2,4,2,0,0,2,3,2,2,2,2,3,3,3,2,4,5,5,5,5,5,5,5,4,1,0,0,0,1,1,1,1,3,3,3,3,2,3,4,3,3,4,4,4,4,3,1,1,3,4,4,4,4,4,3,2,3,3,3,3,4,4,4,4,3,3,3,2,2,3,3,1,2,3,4,4,4,3,2,2,2,2,2,2,3,2,2,2,2,2,3,3,3,3
134,3,2,2,4,4,4,5,3,4,5,3,4,4,5,5,2,1,3,3,2,1,1,4,5,5,2,3,3,3,2,1,3,3,3,3,4,4,3,3,3,2,1,2,4,4,3,2,2,4,5,5,6,5,3,2,2,3,4,3,3,5,4,5,5,3,2,3,3,4,4,4,4,4,4,4,4,4,3,3,3,3,4,2,2,2,2,1,3,1,4,4,3,4,3,2,4,2,3,4,4,4,4,5,4,7,6,3,1,3,3,4,5,4,1,1,2,3,3,3,5,5,5,4,4,4,4,4,3,2,3,5,4,2,6,8,7,7,5,6,4,2,2,1,1,1,5,3,3,3,2,1,3,1,2,3,4,3,1,1,1,1,4,4,3,3,2,3,3,4,3,3,3,3,3,3,3,2,1,1,2,2,2,2,2,2,4,4,2,2,3,3,4,4,2,2,3,3,2,1,1,0,0,1,3,5,4,3,2,1,3,3,2,3,4,3,2,2,1,3,4,3,3,3,3,1,2,0,1,2,3,2,3,3,5,4,5,5,4,4,4,4,2,2,2,2,2,2,2,4,4,2,1,1,3,3,1,2,3,3,2,2,2,2,1,3,2,3,3,2,3,2,2,4,1,1,1,2,2,1,2,3,4,4,3,3,2,2,1,2,2,3,3,3,1,1,1,2,4,3,4,6,7,7,7,6,3,2,2,2,2,3,3,2,2,1,1,1,1,2,1,1,1,2,2,2,3,3,5,2,2,2,2,1,0,0,1,3,2,2,3,4,5,5,4,4,1,2,3,4,5,6,5,5,2,4,2,3,4,3,4,4,5,5,4,5,6,6,5,5,5,4,4,4,4,6,7,5,0,1,3,2,4,4,4,4,4,4,3,3,3,3,2,2,4,4,4,4,4,3,1,1,3,3,3,3,3,4,4,6,6,5,3,2,2,2,2,3,1,2,2,3,2,3,3,3,1,2,3,4,4,3,2,2,5,5,4,3,5,6,5,3,2,2,2,1,1,1,1,1,2,2,3,3,2,1,3,4,5,5,4,4,4,4,4,4,1,2,2,2,2,2,2,1,3,4,3,4,3,2,3,4,1,3,4,3,1,1,2,4,4,3,2,2,3,4,3,4,3,3,3,3,3,3,3,3,4,4,4,4,3,3,3,2,4,5,4,1,1,5,5,2,2,2,2,2,2,3,3,2,2,1,2,3,2,4,4,4,2,1,2,4,4,4,4,4,6,4,2,2,2,3,4,5,3,4,3,2,4,5,6,6,3,3,2,1,1,2,3,3,4,4,3,3,3,3,3,3,0,1,2,2,3,4,2,1,0,1,1,2,1,2,3,3,3,3,3,3,2,3,2,1,2,3,4,3,1,1,1,2,2,2,2,1,2,1,1,1,2,2,3,3,4,6,6,6,2,2,2,2,3,3,3,3,1,2,3,3,3,3,2,1,2,2,2,2,2,2,2,3,0,3,4,4,2,3,4,2,3,3,3,2,3,3,2,3,2,2,2,3,2,3,2,3,3,3,4,2,2,1,1,2,1,1,1,2,1,2,2,2,2,1,3,4,3,3,3,1,1,1,1,1,2,3,3,3,2,2,2,2,1,1,1,1,1,2,2,3,5,4,3,3,3,4,2,1,1,0,1,1,1,2,3,2,3,2,1,2,0,1,3,3,4,2,2,1,2,2,3,2,2,3,2,3,2,2,2,2,4,5,7,8,3,3,2,2,3,3,2,1,3,2,1,3,4,5,3,2,2,3,3,4,4,4,5,4,3,2,2,2,3,4,3,3,3,3,3,5,5,3,2,2,8,6,5,4,5,5,5,5,5,2,2,3,3,3,3,2,4,2,2,3,3,3,5,5,2,1,1,2,3,3,2,2,3,2,1,1,3,3,2,2,3,1,0,0,1,1,3,3,2,1,3,3,2,4,3,2,2,1,0,1,1,2,5,5,7,5,3,3,3,4,2,0,1,1,2,2,3,5,7,5,1,2,3,3,3,3,1,2,1,1,3,3,3,3,3,2,3,2,3,4,4,5,5,4,1,4,4,3,3,4,4,6,5,4,4,4,4,4,4,4,2,3,1,1,1,2,3,1,2,3,3,3,2,2,2,2,3,4,2,2,1,0,2,3,3,4,4,5,5,4,3,3,1,3,4,5,3,2,2,2,1,2,3,2,2,3,4,5,1,1,3,3,2,1,3,5,3,3,2,2,2,3,5,6,2,1,2,2,1,2,2,2,3,2,2,2,2,2,2,2,2,2,3,3,3,3,3,4,2,2,2,2,2,2,2,2,3,3,3,4,3,4,5,5,2,1,1,2,1,1
135,7,3,1,1,2,4,4,1,1,0,2,2,2,2,1,3,6,1,1,2,2,3,3,4,4,4,3,3,3,3,3,3,4,2,2,3,3,2,3,3,2,0,0,3,3,3,3,3,3,3,3,2,2,2,2,2,2,3,5,6,4,3,4,3,4,1,3,2,2,3,1,2,3,3,4,3,2,4,5,1,3,3,4,6,5,4,4,2,2,3,3,4,3,2,3,3,4,5,4,3,4,4,4,3,3,4,4,3,1,3,4,4,3,5,5,1,2,3,3,1,1,3,2,1,1,2,2,1,3,3,4,3,4,4,2,0,2,3,2,2,4,5,7,5,1,3,5,5,5,3,4,2,1,4,4,4,4,4,3,3,2,3,5,4,4,5,4,3,4,0,1,2,1,1,2,4,4,4,4,4,4,4,4,2,1,2,3,3,3,4,3,1,2,5,4,2,3,3,4,3,2,2,2,2,2,4,4,4,3,1,2,1,1,2,3,2,1,1,2,3,3,1,1,2,1,4,4,4,3,3,2,2,2,3,4,3,4,4,3,3,2,1,1,2,2,2,1,3,3,3,3,1,2,2,2,1,2,3,3,3,3,3,2,2,2,1,1,1,1,1,2,2,2,2,3,2,2,4,5,3,3,2,2,1,1,1,2,5,6,2,1,3,3,4,4,3,1,2,3,1,1,2,2,2,1,3,4,4,4,4,4,4,3,2,4,3,2,2,2,4,2,1,1,1,1,1,1,4,3,2,2,2,3,4,4,5,4,4,4,5,5,4,6,5,5,2,1,1,1,2,2,2,2,3,3,3,2,2,3,4,4,5,5,4,6,5,5,5,2,1,2,3,4,4,3,1,1,2,1,1,2,4,4,3,3,1,2,2,2,3,3,3,4,5,3,4,6,6,6,5,5,3,3,3,4,3,3,4,4,2,4,5,4,4,4,2,1,4,3,2,3,3,4,4,4,1,3,3,3,2,2,3,3,3,2,3,4,4,5,5,5,4,2,1,0,1,1,4,1,3,3,3,4,4,4,7,7,4,3,3,3,3,3,4,1,2,4,3,4,5,6,5,6,4,3,2,3,2,4,6,3,1,2,3,2,3,3,3,5,5,4,3,3,5,5,5,3,3,3,3,4,4,4,4,4,1,2,4,4,5,6,6,5,5,6,5,5,5,5,4,4,1,3,3,4,6,5,6,6,3,2,3,3,3,4,5,5,7,6,5,4,3,4,2,2,1,3,3,4,3,3,1,2,1,1,2,2,3,3,3,1,3,1,2,3,4,2,1,2,3,4,4,3,4,3,3,3,2,2,2,3,4,5,4,2,5,5,2,3,3,3,2,2,7,5,5,4,3,2,1,0,2,2,3,3,3,2,2,3,2,2,3,3,3,4,4,4,6,5,5,5,4,4,4,5,5,4,3,4,6,7,6,4,1,2,4,3,2,3,5,3,3,3,1,1,1,1,4,3,3,4,4,4,4,4,2,2,7,5,3,2,3,2,3,3,2,2,2,1,1,2,2,2,1,2,3,3,2,2,2,1,2,2,1,2,2,3,3,3,3,3,3,3,3,3,2,1,1,3,3,3,4,6,7,6,4,4,3,3,3,2,3,1,0,3,2,2,2,3,3,5,6,4,5,5,3,2,3,3,3,5,4,4,5,4,4,3,3,2,2,3,2,1,2,4,2,2,2,3,3,1,1,3,4,3,3,2,2,4,3,1,2,3,2,2,1,1,2,3,5,5,5,4,2,2,3,3,2,2,2,2,2,2,3,5,2,3,4,3,2,1,2,2,5,4,5,3,4,6,4,4,2,4,3,3,2,2,3,1,1,1,1,2,2,3,4,2,0,2,4,4,5,6,2,0,2,3,3,4,3,2,1,1,3,3,4,3,2,1,1,2,1,2,3,3,4,2,1,1,3,3,3,2,2,2,1,3,2,1,1,3,4,4,4,2,5,5,4,4,4,3,4,4,6,4,3,3,3,5,6,4,5,3,2,4,6,7,4,3,2,2,2,2,5,3,1,1,3,3,3,3,3,3,3,3,2,2,2,2,2,2,2,2,3,4,4,2,4,4,2,2,2,2,2,3,1,2,3,5,5,4,3,3,3,3,2,1,4,5,5,4,1,2,1,0,1,1,1,1,2,2,2,1,2,2,3,3,3,3,4,5,3,1,2,2,4,4,3,3,3,4,3,3,3,3,3,4,5,3,2,3,3,5,5,4,3,4,3,2,2,3,4,4,4,3,3,3,3,3,3,3,1,1,2,3,3,2,2,1,1,1,1,1,3,3,2,2,1,1,2,2,2,2,3,3,3,3,5,5,5,5
136,6,3,3,2,5,4,2,1,2,5,4,4,5,5,4,5,4,4,3,2,1,0,0,0,3,3,2,4,4,3,3,4,3,1,2,3,3,5,4,3,3,3,3,4,4,4,4,4,3,2,1,1,3,4,4,4,4,4,3,3,3,2,2,2,2,3,2,3,3,3,2,1,1,4,5,4,3,3,3,1,1,3,4,3,2,3,5,4,5,5,4,3,3,3,3,3,3,2,2,2,2,4,5,4,2,5,3,3,2,1,1,3,3,2,2,2,3,2,2,3,4,2,3,2,3,4,4,3,4,5,4,4,4,6,6,5,4,1,2,5,4,2,1,1,2,4,4,2,2,3,4,3,2,2,2,3,3,3,3,4,4,2,1,2,1,3,4,3,4,6,6,6,6,5,4,3,2,1,3,3,3,3,3,3,3,5,6,4,4,4,4,4,4,4,4,4,4,3,3,1,1,2,2,3,3,3,2,2,2,2,2,1,1,1,3,6,5,3,3,4,5,6,4,5,8,5,5,3,2,2,2,3,4,4,3,1,2,2,2,1,1,0,1,3,3,3,4,5,4,2,3,2,2,2,3,2,2,5,5,5,4,4,4,1,1,2,2,3,3,3,5,6,4,3,2,1,3,3,2,1,3,1,3,4,4,4,3,4,1,3,2,3,5,4,3,2,3,4,1,1,1,1,2,2,2,3,3,3,3,3,3,2,4,1,1,1,1,2,2,2,2,4,5,4,3,3,3,2,1,3,2,0,2,3,4,4,3,2,2,2,2,3,2,3,3,2,3,4,3,3,3,3,4,3,1,1,2,2,4,6,6,1,0,0,0,1,1,2,3,4,4,4,3,3,2,2,2,4,4,4,4,4,4,4,4,5,4,4,3,4,4,3,4,3,3,3,5,3,2,2,2,4,3,3,4,4,4,4,2,3,3,3,2,3,3,5,4,1,1,3,4,5,4,3,2,7,5,4,3,4,4,4,5,4,3,2,2,2,4,4,4,5,3,4,3,4,3,2,2,3,2,2,2,2,2,2,2,2,3,3,4,3,3,4,3,3,2,3,5,5,2,1,1,3,5,7,5,3,3,4,4,2,2,3,2,1,1,0,2,3,4,4,2,1,2,3,5,1,2,2,2,3,3,3,2,4,4,3,2,2,2,4,3,5,4,4,3,3,3,3,5,3,2,4,4,4,3,1,1,4,4,3,4,3,3,3,6,5,3,2,3,3,3,3,4,1,1,1,1,2,1,1,1,3,3,4,4,3,2,4,5,2,3,3,1,1,2,4,5,2,1,6,5,1,3,6,4,1,2,1,1,2,2,2,1,2,2,1,2,4,3,4,5,2,1,0,1,1,1,1,2,3,5,5,3,1,2,2,3,3,3,4,4,2,4,5,6,4,4,5,5,5,4,5,4,6,5,5,4,4,4,4,4,6,6,5,5,3,2,1,2,1,1,1,3,5,5,4,1,1,2,3,2,2,4,4,5,7,3,4,4,4,3,4,3,1,3,2,2,2,2,2,2,2,2,2,2,2,2,2,2,4,4,3,3,3,3,3,3,3,3,3,2,3,2,1,2,3,3,2,3,4,4,3,4,3,5,5,3,1,2,4,2,3,2,1,1,1,1,3,3,3,3,3,1,2,2,2,2,4,4,5,4,3,1,2,3,1,3,4,5,3,2,1,2,2,1,2,3,5,3,1,1,1,2,2,2,3,4,4,5,3,5,3,1,2,3,1,3,2,2,3,6,6,6,5,4,0,1,2,3,4,5,5,4,6,5,5,4,5,4,4,2,4,3,3,3,2,2,2,3,5,3,3,4,5,5,4,3,2,2,2,2,2,2,2,2,2,1,2,2,2,3,3,2,1,2,2,3,2,1,1,1,2,3,2,1,2,1,2,3,3,3,3,3,3,3,2,1,2,3,2,2,3,2,3,2,3,4,3,3,4,2,3,4,3,2,2,2,2,2,2,2,3,3,1,0,0,1,1,1,2,3,3,3,3,1,1,1,1,2,2,3,3,1,2,4,0,1,1,2,2,3,3,4,1,2,4,2,2,5,5,6,2,2,2,2,2,2,2,2,2,2,2,2,2,3,2,1,2,2,2,2,3,3,3,3,3,3,1,1,2,2,4,4,4,3,2,2,2,2,2,1,4,5,3,2,3,5,6,5,5,4,4,4,4,2,3,4,4,4,3,2,2,4,4,4,2,2,2,2,3,5,6,6,4,4,4,3,2,3,3,2,3,3,4,4,2,1,1,1,2,3,4,4,4,5,5,3,2,1,3,3,4,5,4,5,3,2,3,3,2,3,4,3,6,4,3,4,4,5
137,5,4,2,0,2,4,5,3,1,3,4,4,4,4,3,1,3,3,3,3,2,2,2,2,2,3,3,3,3,3,3,3,3,4,4,4,5,5,5,4,4,4,2,4,4,5,3,2,1,2,2,3,3,3,3,3,2,1,4,3,2,2,3,3,2,3,3,4,4,5,6,4,3,4,4,3,3,2,2,4,4,3,3,3,3,3,3,3,3,3,4,5,5,3,2,3,5,4,2,1,1,2,2,4,3,3,4,3,3,3,3,4,4,1,3,6,5,3,2,4,5,2,2,3,3,3,1,2,4,2,3,4,5,10,8,3,2,4,4,5,5,4,4,3,7,6,7,2,5,4,2,1,3,3,3,1,3,5,7,7,3,4,3,1,1,1,1,1,1,1,1,3,4,4,2,2,3,7,5,3,3,4,3,1,3,3,2,3,4,2,2,3,3,3,3,2,2,4,4,5,5,4,5,5,5,4,4,2,2,1,1,2,1,2,2,2,4,6,6,4,5,5,5,4,3,2,1,3,4,4,4,1,1,5,4,3,4,5,5,2,1,1,2,5,4,4,5,6,2,2,2,1,2,2,1,1,1,1,1,1,1,1,1,1,1,1,1,3,3,3,3,1,1,3,2,3,2,2,2,2,1,1,3,3,2,1,1,3,3,6,5,3,3,1,1,1,1,3,2,3,3,3,3,3,3,3,4,2,2,3,1,2,2,2,3,4,5,4,4,4,3,0,1,3,3,4,3,3,5,3,2,1,1,2,2,3,2,2,5,6,4,4,4,6,8,4,2,5,5,3,3,5,7,2,2,2,3,6,6,6,5,1,2,3,3,3,2,3,4,4,4,4,4,3,3,2,2,3,3,3,3,3,3,3,3,3,3,3,5,6,5,2,2,3,2,4,4,4,4,2,1,2,2,2,2,2,2,2,2,4,5,5,4,3,2,3,3,3,4,3,2,3,2,3,4,6,4,2,2,2,2,4,5,1,2,3,3,3,2,1,1,4,5,3,3,4,4,7,5,1,3,4,4,3,4,3,3,4,4,3,3,2,2,4,4,3,3,3,2,3,4,3,3,1,2,5,6,6,4,1,2,2,2,2,2,3,3,3,4,5,5,5,4,5,5,3,2,2,2,1,1,2,2,3,5,3,3,3,3,3,3,4,4,1,2,3,4,4,4,4,5,3,4,4,3,3,3,1,2,5,6,6,5,4,3,7,8,3,3,3,2,1,4,4,2,7,5,4,2,3,3,1,1,3,3,3,3,3,3,4,4,3,3,3,3,3,3,3,3,2,2,2,2,2,2,3,3,2,3,3,2,3,4,4,2,4,5,5,3,3,2,1,0,2,2,3,3,2,3,3,2,3,2,2,2,2,2,2,3,4,5,4,4,4,4,4,3,1,2,1,5,7,6,5,5,4,4,4,3,2,2,2,2,3,4,5,5,4,3,3,4,2,2,2,2,2,2,2,3,1,1,2,1,1,3,4,4,3,2,2,1,2,2,3,4,3,3,3,3,3,2,3,3,4,2,2,2,3,4,5,4,4,3,3,2,2,4,4,4,4,1,2,2,1,2,2,3,4,3,1,1,1,4,4,2,2,2,3,4,4,4,3,2,3,3,2,2,2,3,3,2,4,4,2,2,1,1,1,0,1,1,2,2,1,2,2,3,4,2,3,3,2,2,3,3,2,1,2,2,3,2,2,4,2,3,3,2,2,2,1,1,4,4,4,4,5,4,4,6,4,4,3,2,2,1,1,1,2,3,4,4,4,4,3,3,6,3,3,3,2,2,2,1,1,2,3,3,3,3,2,2,2,3,6,6,6,5,3,4,3,5,5,3,2,3,3,4,5,5,3,3,1,1,3,3,3,3,3,3,4,4,4,5,2,3,2,2,3,3,3,5,3,2,3,3,3,4,4,3,2,3,2,2,3,3,2,2,1,0,2,3,3,3,0,0,2,4,5,5,5,4,3,1,3,3,4,5,5,5,6,6,3,4,2,1,2,2,3,4,4,2,1,3,8,10,5,1,1,3,2,2,2,4,2,1,3,4,5,4,3,3,3,5,3,3,4,5,5,3,3,2,2,3,4,3,2,1,3,4,5,4,3,4,4,5,4,4,2,2,2,3,3,3,4,6,4,3,4,3,3,2,3,2,3,4,5,3,4,3,0,0,2,2,2,2,2,2,2,2,1,1,1,1,3,3,3,3,2,2,4,4,4,4,3,3,5,4,3,3,4,4,4,4,5,4,1,1,2,3,3,4,3,2,2,2,2,2,2,1,2,1,3,4,3,2,1,1,2,2,2,2,2,2,2,1,3,3,3,3,3,3
138,2,1,1,4,4,3,2,1,2,1,2,3,5,6,5,3,1,3,3,2,3,2,2,3,2,2,2,2,2,2,2,3,3,2,3,5,4,3,3,4,5,3,3,5,4,2,1,3,3,4,2,2,3,4,5,3,2,1,2,3,4,4,3,2,3,2,2,3,3,3,4,4,4,5,4,4,5,5,3,3,2,0,2,7,6,3,3,1,1,0,2,5,5,4,4,3,4,5,6,4,4,4,3,2,2,2,0,1,2,2,2,2,2,6,4,4,3,3,4,4,5,5,5,4,4,4,4,4,4,2,2,0,1,4,5,4,2,0,0,2,3,2,3,5,4,2,2,4,2,3,5,5,3,3,4,3,3,3,3,4,4,0,2,4,4,3,2,3,5,4,3,2,2,3,3,5,5,4,4,4,5,5,4,3,3,5,4,5,3,1,4,7,2,2,4,4,5,5,5,3,2,2,1,1,1,2,3,3,3,2,1,1,1,2,2,1,2,3,4,5,4,3,3,3,2,0,1,1,2,4,3,3,3,1,1,2,2,3,4,3,3,2,2,3,3,3,4,4,4,3,2,2,2,2,2,2,2,2,2,2,3,3,2,3,4,2,1,3,3,3,4,2,1,0,1,4,4,2,3,3,2,4,4,3,2,3,4,4,3,2,4,2,2,2,4,4,5,3,4,2,1,1,2,3,4,3,4,4,2,1,4,3,2,5,3,3,2,3,4,6,5,1,2,2,2,3,3,4,5,2,2,4,4,3,1,3,3,3,3,2,2,2,2,2,2,0,3,4,4,4,3,1,2,3,2,2,3,3,3,3,4,6,3,3,4,3,3,2,1,3,2,1,3,3,3,3,2,3,3,1,2,3,2,3,3,4,5,5,5,5,4,3,2,2,5,3,2,2,3,3,3,4,4,4,4,5,5,5,4,2,2,1,1,1,2,2,2,5,3,5,4,3,4,3,3,4,3,6,7,5,5,3,2,1,1,3,4,5,4,2,2,1,1,4,4,4,2,4,5,2,2,3,3,2,2,2,2,2,1,3,4,4,4,5,4,3,5,4,3,2,4,5,4,3,3,5,5,4,4,3,4,4,3,4,4,4,2,2,4,4,3,1,1,1,2,1,1,2,2,2,2,2,2,2,2,2,2,4,5,4,3,2,3,1,2,4,5,5,4,2,1,2,2,1,1,2,3,3,2,3,3,2,3,3,3,4,4,4,4,3,3,3,3,3,2,3,2,3,3,3,4,3,4,4,3,4,3,3,4,4,3,4,4,4,4,4,4,4,3,6,5,4,4,4,4,2,1,2,5,4,1,1,2,3,4,3,3,3,5,5,5,4,4,2,3,1,0,1,2,3,3,2,3,3,3,2,2,2,2,1,1,2,2,4,4,4,5,4,6,8,8,7,5,4,4,2,3,3,3,3,3,2,2,2,1,3,5,3,3,4,3,2,1,1,1,1,1,3,4,2,1,2,4,2,2,2,1,3,2,3,3,2,2,3,2,4,3,3,4,4,4,4,3,0,1,2,2,4,4,2,1,4,4,3,3,3,2,2,3,2,3,4,3,2,2,1,1,2,2,2,2,2,3,5,5,3,1,1,2,3,2,1,1,3,3,1,2,5,6,5,2,1,2,3,3,3,3,3,3,1,4,5,2,1,2,3,2,3,3,2,2,1,2,1,2,4,2,2,3,4,4,4,4,1,2,2,3,3,4,4,4,1,2,2,2,2,2,1,1,4,2,2,2,2,2,1,1,1,3,4,2,1,3,5,3,4,4,4,4,4,4,4,5,3,1,1,2,4,4,3,2,6,7,4,3,4,4,2,2,4,4,4,4,5,5,6,3,1,2,1,3,4,3,1,1,1,1,1,1,2,2,1,1,2,2,2,2,2,2,2,1,3,5,4,4,4,4,2,2,3,4,3,3,3,3,1,0,3,3,2,3,4,4,4,6,5,4,3,3,2,2,3,5,1,2,3,0,1,4,4,2,2,1,1,1,1,1,1,3,4,2,2,4,4,4,1,1,2,1,0,2,4,3,4,3,2,3,3,0,1,3,3,2,2,3,2,1,2,3,5,5,4,4,3,4,3,3,2,2,2,2,2,3,3,3,3,4,4,4,4,4,3,4,5,4,2,2,2,1,1,3,4,4,4,3,3,4,4,3,4,3,5,3,3,2,1,1,2,1,2,2,3,3,3,3,3,4,3,0,2,3,3,3,4,4,4,4,4,3,3,3,3,3,3,3,3,3,3,3,2,2,2,2,2,2,2,2,3,2,4,3,1,1,1,2,3,4,6,4,3,3,4,4,2,2,1,3,4,1,1,3
139,4,4,5,5,3,2,2,2,4,2,1,2,3,4,3,3,4,3,3,3,4,3,2,2,1,1,1,2,2,2,3,3,3,2,3,4,4,3,4,5,1,1,3,2,2,3,4,4,1,0,2,0,2,3,2,4,2,2,3,2,2,3,3,3,2,1,3,4,4,3,2,3,3,5,4,3,2,2,3,5,5,3,2,3,2,2,3,3,4,3,3,5,5,4,5,6,5,2,3,4,3,4,3,3,1,2,2,1,2,2,2,2,3,3,6,8,6,7,5,5,7,6,6,7,6,5,2,2,4,2,2,3,2,3,5,4,4,4,3,2,4,5,5,6,4,1,1,2,2,2,2,2,2,3,4,3,3,4,3,2,1,3,4,4,3,3,3,3,2,2,2,2,2,2,3,3,2,5,4,1,0,3,5,5,4,3,3,3,1,1,2,4,3,3,2,2,4,5,5,5,4,2,2,3,3,3,3,4,3,2,4,5,5,4,3,5,4,4,4,4,4,3,3,3,3,4,4,3,3,2,3,2,5,7,4,3,3,4,3,4,3,2,1,0,0,1,3,3,3,4,4,4,4,3,4,3,2,2,2,2,3,4,4,2,2,4,4,3,3,2,2,2,2,3,2,3,5,4,5,6,6,1,2,3,3,3,1,1,1,4,2,3,4,4,4,1,1,1,1,2,3,3,4,4,5,2,2,3,3,2,3,3,2,2,3,1,3,3,2,1,1,1,1,0,1,1,1,2,3,3,4,2,2,4,4,3,4,3,3,5,4,1,1,4,5,4,2,1,3,3,5,4,2,1,1,1,1,1,2,3,1,1,7,6,3,4,1,1,3,3,3,2,2,1,1,1,1,1,1,2,2,2,3,3,3,5,5,6,6,5,3,2,4,1,1,3,5,5,2,1,1,5,5,4,3,2,3,3,3,4,6,6,4,4,3,1,4,0,1,2,2,3,3,3,3,5,5,3,2,3,4,4,3,3,4,4,3,5,4,2,1,5,4,4,4,3,4,4,4,2,3,4,3,2,1,2,1,2,3,1,3,5,7,5,4,4,7,7,4,3,2,3,3,2,4,6,7,6,5,2,1,1,2,2,3,4,4,4,5,2,3,3,3,4,2,1,2,2,2,1,1,2,4,4,3,2,4,3,2,2,2,1,1,3,4,6,4,2,2,4,2,3,3,4,5,4,3,6,6,4,3,4,4,3,4,3,3,1,2,1,2,2,2,2,5,3,3,1,1,1,1,2,4,3,2,2,3,4,3,4,1,3,1,1,3,4,4,3,2,2,2,2,2,3,3,3,2,1,3,4,5,4,5,5,3,3,3,3,3,3,3,3,2,4,4,4,2,2,2,1,1,3,4,2,2,2,2,2,2,4,5,5,5,6,6,4,3,3,3,3,3,3,3,3,4,7,6,2,3,4,5,6,6,3,3,4,4,4,3,5,5,3,3,4,3,3,4,3,4,5,5,3,2,2,3,3,2,3,3,3,2,1,1,1,4,2,2,3,3,3,3,3,2,3,3,3,3,3,3,3,3,1,1,2,2,2,3,3,3,2,3,3,3,2,2,2,2,4,3,3,3,3,2,2,1,5,4,2,2,3,3,2,0,5,3,1,2,2,1,2,2,2,2,2,2,1,3,3,2,2,2,3,4,4,3,3,4,5,4,5,5,5,5,4,3,3,3,3,2,2,1,2,3,1,1,3,2,2,2,2,3,2,1,2,2,2,3,4,4,1,1,2,3,1,1,1,1,2,2,3,3,3,3,2,3,3,3,2,3,4,3,4,3,1,1,2,3,4,4,2,4,2,2,2,1,1,1,0,1,2,1,1,1,1,1,2,1,4,1,1,2,2,3,4,5,2,2,1,3,4,4,5,5,3,4,3,3,3,1,3,5,4,3,4,4,3,2,5,4,2,3,3,3,3,3,3,3,2,1,1,2,4,5,4,4,5,5,3,4,3,3,2,1,4,3,2,3,4,5,3,3,1,2,1,3,5,6,5,2,1,1,1,2,4,4,4,3,1,1,2,2,2,2,1,1,3,3,2,3,2,1,1,1,4,4,4,4,4,3,3,3,4,5,5,4,4,3,3,2,3,1,1,2,3,5,4,2,1,3,3,2,1,1,3,3,2,1,2,1,3,3,1,3,2,2,2,1,0,0,2,5,1,1,2,1,2,2,1,1,2,2,2,2,2,2,2,3,1,2,1,2,2,2,1,1,4,2,4,5,5,2,2,1,2,2,1,2,2,2,3,5,3,3,3,3,3,2,2,2,2,4,4,3,2,2,1,1,2,1,2,3,3,4,2,1,2,2,2,2,2,2
140,4,3,1,1,2,3,4,2,1,1,1,2,2,2,3,3,2,3,3,1,1,1,1,2,3,3,3,2,3,3,3,4,4,6,6,7,6,5,5,3,2,2,3,4,3,4,3,2,5,4,5,5,5,5,3,4,5,4,5,7,6,4,1,3,5,2,4,3,3,3,4,4,1,2,4,2,2,4,5,7,7,1,1,4,4,2,3,2,4,3,1,0,1,1,2,4,5,0,1,2,3,4,4,5,5,8,5,3,4,6,6,5,3,4,3,2,2,2,4,4,4,3,5,5,6,5,4,4,2,3,2,3,4,5,4,2,2,2,3,3,5,3,2,4,4,3,3,3,3,1,1,4,4,3,5,6,5,3,2,3,4,2,3,3,3,2,2,3,4,5,5,4,3,1,1,1,1,5,6,5,4,3,3,2,3,4,4,4,3,3,3,2,2,3,4,4,4,3,3,3,3,2,3,4,3,4,3,2,1,1,3,3,2,2,4,1,1,4,4,3,1,3,3,4,3,2,2,4,5,5,4,2,3,4,4,3,3,3,2,2,3,3,3,2,3,4,4,3,1,2,2,2,3,3,3,3,3,2,3,3,2,2,1,1,1,2,2,2,2,2,2,2,2,3,2,2,3,2,2,3,2,2,3,3,3,3,4,2,1,2,1,2,3,2,2,1,2,1,1,1,1,2,3,3,3,6,3,1,0,0,1,2,1,2,4,4,4,4,2,2,2,1,2,3,1,1,1,1,3,4,4,2,1,3,3,2,1,5,4,3,3,3,5,4,3,2,3,2,1,1,2,2,3,1,2,4,4,4,4,3,2,2,3,1,1,1,2,1,2,1,1,3,4,4,4,3,3,3,1,3,3,3,4,4,3,6,7,6,4,5,4,4,4,5,5,5,5,6,5,5,5,1,2,3,3,2,2,1,4,5,3,2,2,4,4,3,3,2,3,3,3,3,4,4,4,3,5,3,2,2,2,4,4,3,4,3,3,4,5,3,2,2,1,2,3,3,3,3,2,3,2,2,1,2,2,1,1,1,2,2,1,2,2,2,3,1,1,1,2,2,2,3,2,3,2,3,4,4,4,2,1,3,1,3,1,1,1,2,3,5,4,2,2,3,5,6,5,3,3,2,3,2,3,4,5,2,2,1,1,0,0,0,0,2,4,4,6,5,6,7,5,0,1,1,2,3,1,1,0,3,1,2,3,3,4,6,7,4,1,2,3,3,4,2,2,3,2,1,1,3,5,6,4,1,1,3,4,5,5,5,4,2,1,1,2,4,5,6,5,4,4,4,4,4,5,4,4,2,2,3,4,3,3,4,2,0,0,1,2,2,3,3,3,2,4,5,2,1,1,2,3,4,5,4,4,3,3,1,1,2,2,3,3,3,3,3,1,2,3,3,3,2,2,2,1,2,3,2,3,3,5,5,3,1,3,2,1,1,1,3,3,4,3,3,3,3,3,3,3,1,1,1,2,1,2,2,3,5,5,4,4,3,4,4,5,1,1,1,1,2,2,2,2,2,3,3,3,3,4,3,2,3,3,3,3,3,2,3,3,3,4,4,4,2,2,4,3,1,1,3,3,3,3,3,2,4,5,5,2,2,1,1,1,0,1,2,3,3,3,2,1,5,4,3,3,3,4,4,3,3,3,3,3,3,1,3,4,2,2,2,1,1,1,1,1,2,2,2,3,3,3,3,2,2,2,2,2,2,2,2,2,2,1,0,0,2,4,1,0,1,1,2,3,4,4,3,3,4,3,2,2,2,3,2,1,1,0,1,1,1,3,1,1,5,4,3,1,1,0,1,1,2,2,3,3,2,2,1,1,1,1,2,2,3,4,2,1,4,5,5,6,3,2,4,3,1,3,2,2,3,4,4,3,3,3,3,3,3,2,2,2,2,1,2,4,2,1,5,6,2,1,2,2,3,3,3,1,2,2,3,4,4,4,3,2,4,5,6,7,6,3,2,3,4,4,5,4,4,2,3,3,3,4,3,4,4,3,3,3,3,3,3,3,4,4,4,4,2,2,4,4,4,5,3,3,3,3,3,3,3,3,3,3,1,2,2,2,2,2,2,2,4,4,4,3,3,3,3,4,4,4,4,4,5,5,3,1,0,2,2,1,1,1,0,3,1,3,3,4,5,6,4,5,5,3,3,3,3,4,4,4,3,2,1,2,3,3,2,2,4,2,4,5,3,2,0,2,2,4,5,5,5,4,3,2,3,3,2,2,2,2,1,1,1,2,2,1,1,1,1,2,2,3,4,3,3,3,4,3,5,4,4,4,4,4,3,2,2,4,3,2,2,2,3,3,2,2,2,2,3,3
141,4,3,3,3,4,4,5,4,4,6,4,2,3,4,5,7,4,3,2,1,2,1,2,1,1,3,5,5,4,3,3,4,3,2,4,4,4,3,2,1,2,5,2,3,4,4,2,2,3,6,4,3,4,4,4,4,3,3,3,4,4,4,4,4,1,2,3,3,4,3,3,4,2,3,3,3,3,3,2,3,2,3,3,3,3,3,3,3,3,2,1,2,3,2,2,3,4,4,3,3,3,3,2,2,2,2,6,6,6,5,3,2,1,1,1,1,1,2,2,2,3,1,3,3,3,4,3,2,1,1,1,2,3,4,5,5,6,6,3,4,3,3,3,4,5,1,1,1,1,1,1,1,1,3,3,3,3,3,3,3,3,2,3,2,3,3,4,4,3,5,5,6,6,6,5,3,5,4,3,1,1,2,3,1,1,4,4,3,4,4,5,5,5,2,3,2,1,1,2,3,3,4,4,2,2,2,3,2,2,3,2,1,0,1,3,3,2,2,4,4,3,3,5,4,3,1,2,2,3,3,2,1,1,0,0,2,3,3,2,1,0,0,1,2,2,4,4,4,2,2,2,3,3,3,3,3,2,2,3,4,5,3,1,1,1,2,2,2,2,2,2,2,2,3,2,2,2,3,3,3,3,4,4,3,3,3,2,2,2,3,3,3,3,3,4,5,6,4,1,3,4,4,4,4,3,4,3,3,4,2,1,2,0,3,3,3,2,4,4,3,3,3,3,2,2,2,2,3,3,2,3,4,3,4,3,3,3,3,3,4,5,5,5,4,4,2,3,4,4,3,3,4,4,1,1,2,3,5,6,6,8,8,5,5,3,4,4,5,4,5,4,2,1,0,2,5,3,3,4,4,4,5,5,6,5,5,5,5,5,4,4,5,4,2,3,2,2,1,2,2,1,1,1,1,1,2,3,4,5,3,5,6,5,4,2,2,2,3,2,3,2,4,5,5,4,4,4,2,2,3,3,2,3,7,4,2,3,2,2,4,6,1,2,2,2,3,3,3,3,3,2,1,1,1,2,5,6,6,4,1,1,3,3,3,5,1,1,2,2,2,3,3,3,5,5,3,3,3,3,4,5,2,1,3,3,3,2,4,5,2,2,2,2,2,2,3,2,3,3,2,2,2,3,4,5,4,4,4,4,4,4,4,4,3,3,1,1,1,2,3,1,4,3,5,5,4,4,4,3,2,3,4,4,5,6,6,8,4,4,3,4,4,3,2,3,6,5,4,4,3,3,4,3,2,2,2,2,3,3,4,4,2,2,2,4,6,7,5,5,0,2,2,2,2,2,1,1,4,4,4,3,4,2,2,1,2,3,4,3,3,3,2,3,4,3,3,3,3,4,5,4,1,1,2,2,2,3,2,1,1,2,1,2,2,2,2,5,6,5,4,2,0,3,6,4,3,2,2,1,1,2,4,5,4,4,5,3,1,1,4,8,1,1,1,2,2,1,1,1,2,3,4,4,3,2,4,5,4,2,1,2,4,4,4,3,3,3,2,1,2,2,2,3,3,2,2,2,3,2,3,3,2,1,1,1,3,4,6,4,3,2,1,2,2,2,1,1,2,2,2,2,2,2,3,5,6,6,4,4,3,3,3,2,3,3,3,3,3,3,2,4,1,1,2,3,1,1,1,1,1,2,3,2,1,2,2,1,4,4,4,5,6,5,2,1,2,4,5,5,5,3,3,4,3,3,2,3,2,3,4,4,3,2,3,3,1,2,2,3,5,2,1,1,1,2,1,2,3,2,2,2,2,2,2,2,1,1,1,2,3,2,2,2,2,2,2,3,1,2,3,4,3,3,5,5,5,6,4,3,2,3,2,2,3,2,3,2,1,1,2,1,1,1,2,4,4,2,2,1,2,2,4,2,2,2,2,1,3,3,3,3,1,1,3,3,3,3,3,3,5,5,5,4,4,5,3,3,2,3,5,5,4,5,4,4,3,3,2,3,4,4,2,2,4,4,3,2,2,2,3,1,4,5,5,3,2,2,2,3,4,3,1,0,2,4,4,3,1,1,1,2,3,2,3,3,1,1,1,1,1,2,1,1,4,3,3,2,3,2,1,1,3,2,2,1,2,2,1,1,4,2,3,3,2,3,3,3,3,4,3,2,3,2,1,0,2,2,2,3,6,6,6,6,4,2,2,3,3,2,3,4,2,2,4,3,3,2,1,0,1,2,4,3,4,5,2,1,1,1,3,3,1,1,2,2,2,3,2,2,2,1,2,3,5,4,3,3,3,3,2,1,1,2,3,5,5,4,4,2,2,1,1,1,1,1,1,3,5,3,2,3,4,4,3,2,2,2,1,1,1,2
142,5,5,5,1,1,4,5,3,3,3,4,4,3,4,5,6,4,2,2,2,3,3,5,7,5,4,5,4,4,6,4,3,3,2,2,4,4,2,2,5,5,2,3,4,4,4,3,3,4,5,4,2,1,1,1,1,2,2,2,2,3,3,2,2,2,3,4,3,3,4,5,4,4,4,5,5,3,3,3,3,2,2,2,2,3,3,3,2,2,3,4,2,3,4,4,3,1,2,1,4,5,3,3,4,8,8,5,3,3,4,5,5,3,4,2,2,3,3,2,2,2,2,2,3,3,2,3,3,2,2,2,4,4,6,6,4,2,2,2,3,3,4,3,2,1,3,3,2,4,5,6,5,5,4,3,5,4,3,3,1,1,3,3,2,3,3,3,3,4,3,2,2,3,3,3,2,2,3,2,1,1,1,1,2,3,2,1,1,3,2,2,2,1,5,4,3,2,2,3,4,4,4,5,4,4,5,5,4,3,3,4,4,4,3,3,4,5,2,3,4,4,3,4,4,4,3,2,1,1,2,3,3,1,2,3,3,3,2,2,3,3,3,2,2,4,4,3,2,2,3,4,3,3,3,4,2,2,1,1,3,2,3,1,1,2,4,3,3,2,2,2,3,4,2,1,4,3,3,3,2,4,3,2,3,3,3,3,3,3,2,3,3,2,2,4,6,5,4,4,3,4,4,4,4,3,2,2,2,2,2,2,2,1,4,5,3,2,2,1,1,1,1,2,4,2,2,2,1,1,0,1,3,4,2,2,4,6,5,4,2,2,4,4,4,2,3,3,3,3,3,3,5,5,7,8,5,4,5,5,7,7,3,2,2,2,2,2,2,3,2,1,1,2,4,4,3,1,2,2,3,3,2,3,5,6,6,5,4,5,2,1,1,3,5,4,3,3,3,2,0,3,1,1,1,1,2,3,4,5,5,5,4,4,5,3,4,4,4,3,3,3,3,3,3,3,3,3,3,2,2,2,3,2,2,3,3,3,3,3,3,3,3,2,3,4,4,4,3,2,2,2,1,2,2,2,3,3,4,4,4,4,4,3,4,4,5,4,4,4,2,3,2,2,4,3,3,5,5,4,6,6,3,3,4,3,3,3,3,2,3,3,2,2,2,1,3,2,1,1,2,2,3,4,2,1,3,3,4,5,5,5,3,3,3,2,2,2,4,4,5,4,5,5,3,3,3,2,3,4,3,3,2,3,4,4,5,5,5,4,3,3,5,5,4,4,3,2,0,1,3,3,3,3,4,3,2,2,3,4,6,5,3,2,2,1,1,1,3,3,2,1,1,3,4,3,1,2,4,4,4,3,2,2,3,3,3,3,3,3,3,3,3,4,2,1,2,5,4,2,1,3,6,5,4,4,4,4,4,4,3,0,1,2,1,3,3,2,3,6,4,4,5,4,3,4,3,3,2,2,2,2,2,2,3,1,1,3,3,1,1,2,4,3,2,4,4,4,5,4,5,5,4,4,4,4,4,4,1,1,2,4,4,3,2,2,2,2,4,4,3,3,2,2,2,2,2,2,2,2,2,2,3,4,2,2,2,1,1,3,1,1,2,1,1,2,2,3,3,2,3,5,5,6,5,3,3,2,3,3,4,4,3,3,6,7,6,5,2,1,1,1,5,4,3,2,2,2,4,5,3,0,0,2,3,3,3,1,0,2,2,2,1,1,2,3,2,2,3,5,5,4,2,2,2,1,1,2,2,2,2,2,2,2,2,2,2,2,2,1,1,2,2,2,2,2,1,1,3,4,2,3,3,3,3,3,3,3,5,4,5,4,3,3,3,3,4,4,4,4,4,3,5,6,5,5,5,2,1,1,1,2,4,3,2,2,2,4,7,4,3,2,2,3,3,3,2,1,3,3,3,2,2,1,1,2,3,3,4,3,3,3,2,3,3,2,1,1,2,3,3,2,3,4,3,1,3,5,4,2,3,4,4,3,3,4,2,4,5,5,4,2,0,0,3,3,4,4,3,3,3,3,2,2,2,2,3,3,3,3,2,4,3,3,4,5,3,2,4,3,4,4,4,4,4,3,3,2,3,3,3,2,3,3,2,2,2,2,2,3,3,3,2,2,2,2,3,3,3,3,4,4,4,3,3,3,4,4,3,1,1,2,3,3,3,2,4,3,3,3,3,3,3,3,1,1,2,3,3,4,5,5,3,3,2,3,3,3,1,1,3,3,2,2,4,4,2,3,2,2,1,1,3,3,1,1,1,3,4,4,2,2,3,3,3,3,3,2,1,2,1,0,2,2,2,2,2,2,2,3,3,3,2,2,3,3,3,4,4,5,4,4,4,3,2,3,3,3,3,3,3,3
143,3,3,0,2,2,3,4,2,2,4,4,4,3,3,3,3,2,4,3,4,4,4,5,6,4,3,3,3,3,3,3,2,1,4,2,1,4,4,3,4,2,3,5,6,5,5,5,5,6,2,2,2,3,2,1,1,2,4,3,3,3,3,3,2,2,2,2,2,3,3,4,4,3,4,3,3,4,3,3,2,2,2,2,1,2,2,3,3,4,3,2,3,3,3,3,2,2,3,3,3,4,2,2,3,3,3,4,3,2,2,3,3,2,3,2,3,3,3,3,4,5,4,3,1,1,4,3,1,1,4,5,4,4,5,4,3,2,1,2,2,2,2,2,3,3,2,3,3,3,4,4,5,4,2,2,2,2,3,4,4,2,4,6,5,4,4,3,2,1,0,1,3,3,2,3,4,4,4,2,2,2,4,5,2,1,0,0,2,3,2,2,2,0,2,3,2,3,4,4,4,4,2,2,4,4,3,3,3,4,6,5,3,2,4,5,4,2,5,7,4,2,2,2,2,3,3,3,3,2,2,2,1,1,1,4,5,5,4,3,5,6,5,4,4,5,5,4,5,3,5,4,2,1,1,2,4,4,2,3,3,2,2,1,1,1,3,3,2,2,3,5,5,4,2,2,2,2,4,5,5,4,2,4,5,3,3,2,1,2,1,1,3,4,5,5,3,3,5,5,5,4,2,3,3,2,4,2,1,2,2,1,1,2,1,1,1,2,3,3,3,1,1,1,2,3,3,3,3,2,1,1,1,2,1,2,3,2,3,3,3,3,3,3,4,3,4,4,4,4,5,4,5,6,2,1,1,1,3,2,2,3,1,1,3,3,2,1,4,6,2,2,3,4,5,6,6,7,3,1,2,3,4,6,5,4,4,5,5,5,3,3,3,3,3,2,2,2,3,2,2,4,3,4,2,1,2,3,3,4,4,4,4,3,2,1,1,0,1,3,2,2,4,4,3,3,5,5,4,3,3,3,2,1,4,4,4,3,3,4,3,4,4,4,4,4,2,2,2,1,2,2,1,1,1,1,2,2,4,3,3,3,4,4,4,3,1,2,2,2,2,2,2,2,2,2,1,4,6,4,2,2,3,3,4,5,5,4,4,5,3,3,3,3,3,4,4,2,3,2,2,3,3,2,2,4,4,3,2,2,2,2,2,3,4,2,2,2,2,2,3,3,1,1,3,3,3,4,5,4,3,4,4,3,3,3,3,3,4,4,4,4,4,4,4,3,2,2,4,2,1,2,5,4,4,4,3,3,5,5,6,5,3,3,2,1,1,3,5,5,5,2,1,2,4,3,1,1,4,4,4,4,5,4,5,6,3,3,3,3,3,3,3,3,2,3,3,5,4,4,3,3,5,4,4,4,3,3,2,2,3,3,2,2,2,3,3,3,3,4,4,4,5,5,4,4,4,4,3,4,3,4,4,4,4,3,3,3,3,3,3,2,2,2,4,3,3,2,3,1,2,4,5,4,2,1,0,2,1,0,1,3,4,5,5,2,1,3,2,2,3,3,3,3,4,4,5,5,2,1,2,2,1,3,4,3,2,3,5,7,5,4,3,2,2,4,4,4,1,1,3,3,1,2,3,1,4,4,3,2,3,4,3,2,3,3,3,3,3,3,3,3,6,2,1,1,2,1,1,2,5,4,6,5,3,3,2,1,4,4,3,4,6,6,6,6,3,4,5,4,4,5,6,5,4,4,3,3,2,3,6,5,3,3,2,2,1,2,3,3,2,2,3,3,2,2,1,1,3,2,4,4,5,4,3,4,1,1,1,1,1,1,1,2,2,1,2,3,2,2,3,3,1,4,4,2,2,3,2,2,2,1,2,3,3,3,3,3,3,3,1,3,5,4,2,3,4,3,3,2,2,2,1,1,1,3,3,3,3,2,3,3,3,3,3,2,2,3,4,4,1,1,2,1,1,1,3,4,3,4,5,3,2,4,5,3,3,3,3,2,2,2,3,3,1,1,4,3,0,1,3,2,4,4,4,4,5,4,3,5,5,5,5,5,4,4,3,5,3,3,4,4,3,5,4,4,6,4,4,4,4,3,3,2,3,2,4,4,3,3,3,2,3,3,3,4,3,2,2,2,2,4,5,2,1,3,4,2,1,2,2,2,3,5,4,2,1,3,3,3,3,4,3,2,3,4,5,5,4,5,6,6,5,4,4,4,3,3,3,3,2,1,1,2,1,2,4,4,2,3,6,6,4,4,3,4,3,2,1,3,3,1,1,2,3,3,3,3,3,3,3,2,2,2,2,2,2,2,2,3,2,1,0,1,2,5,2,2,1,2,4,4,2,1,1,2,2,2,2,2,2,2
144,4,4,6,8,7,5,5,5,3,3,4,3,3,4,4,4,4,2,2,2,2,2,2,2,2,3,3,3,4,3,4,5,4,3,3,3,3,3,3,3,3,3,3,3,3,3,3,4,4,2,4,4,2,2,2,2,2,1,1,3,3,2,4,5,3,3,3,3,4,4,4,4,3,2,2,3,2,2,2,2,2,2,1,1,3,5,5,5,3,3,6,2,0,0,1,3,4,3,3,3,1,3,3,3,3,5,5,6,3,2,3,2,3,1,2,2,2,3,3,3,5,5,3,3,4,3,4,4,4,6,4,1,1,3,5,4,3,4,3,2,3,4,3,4,3,3,4,4,3,4,4,3,3,3,2,2,2,2,2,2,3,3,3,3,4,4,4,4,4,4,4,2,1,2,2,3,4,4,5,4,4,3,3,3,3,6,7,7,5,5,5,6,6,5,5,4,4,4,5,4,5,5,3,2,2,2,2,1,2,1,2,5,4,4,4,4,4,4,4,4,4,5,5,4,3,3,2,4,3,3,4,4,5,4,4,3,3,3,4,4,4,3,3,3,3,2,2,2,2,3,3,3,3,3,4,4,4,5,6,4,4,3,3,3,3,2,2,1,1,1,2,4,4,5,3,2,2,2,2,3,1,1,3,3,3,3,2,2,1,2,2,1,1,2,4,5,5,2,3,2,2,1,1,1,1,4,3,2,3,3,3,3,5,6,4,4,4,4,5,5,5,5,5,4,4,4,4,3,4,4,3,3,4,3,4,4,4,3,2,2,2,1,1,1,3,3,3,3,3,3,3,3,1,0,0,1,2,4,5,5,3,2,1,2,3,3,4,3,1,2,2,4,4,4,4,3,2,2,2,5,4,2,2,2,0,3,5,3,4,3,3,3,2,2,3,5,4,2,2,3,5,2,2,3,3,3,3,3,2,2,6,9,5,1,3,6,4,3,1,2,4,5,4,5,5,3,5,5,4,2,3,3,2,4,3,3,3,2,2,1,1,1,1,2,3,3,4,4,4,2,2,2,3,3,3,3,1,2,4,3,4,4,2,2,1,2,2,3,5,4,0,3,5,3,3,4,4,4,4,3,2,5,7,5,2,2,1,1,3,5,5,4,3,1,1,2,1,3,3,2,2,2,2,2,2,4,4,4,3,3,3,4,4,2,1,2,3,3,4,2,2,3,2,4,5,4,5,4,2,5,5,4,4,5,5,4,5,5,3,4,5,5,4,4,3,2,2,3,3,3,3,3,3,3,2,1,1,1,2,3,4,5,4,4,3,1,3,2,1,4,4,2,1,3,4,2,3,2,4,2,1,0,1,4,3,3,3,2,1,2,4,3,4,3,6,2,0,1,2,3,3,6,6,3,3,4,4,2,2,2,2,4,4,3,4,2,3,2,1,1,2,2,3,5,5,3,3,5,4,2,1,3,5,3,2,2,2,1,1,1,1,1,2,3,3,2,2,3,2,3,5,4,3,3,5,3,2,4,2,2,3,3,3,2,1,2,4,3,3,2,3,3,1,1,1,1,2,3,3,2,3,3,3,3,3,3,3,3,4,3,1,2,3,2,3,3,3,2,3,3,2,2,2,4,4,4,3,2,3,2,2,2,2,2,2,3,4,3,5,6,4,4,2,2,2,2,3,2,3,3,1,2,1,1,2,1,1,1,2,3,4,4,5,4,3,3,3,2,3,3,3,4,4,4,3,3,3,3,3,2,2,3,2,2,2,2,2,3,4,6,2,3,3,3,3,2,3,5,3,2,1,2,1,1,1,3,3,2,3,2,3,3,3,1,2,2,2,3,4,4,2,2,3,4,3,2,2,3,3,2,3,3,2,3,3,2,2,1,3,3,3,3,2,2,3,2,2,3,3,3,3,2,4,3,4,4,3,1,1,1,1,0,1,1,2,3,3,3,3,3,4,3,4,5,4,3,2,2,4,3,1,2,3,4,5,5,5,7,5,3,3,4,6,6,5,4,3,2,2,3,3,4,5,6,6,5,3,3,2,0,1,3,3,3,3,1,1,1,1,1,3,4,3,3,2,2,1,1,1,2,3,4,4,3,3,3,2,2,2,2,1,2,2,2,2,3,3,3,3,3,3,3,3,3,3,3,3,3,3,3,2,3,4,6,5,2,2,2,2,2,2,1,1,1,1,2,2,3,3,2,3,4,4,3,2,1,1,2,3,3,3,3,2,2,2,1,1,4,4,4,3,3,4,4,4,4,5,5,4,5,5,3,2,2,2,2,2,2,3,4,4,4,4,4,4,3,3,4,2,4,2,2,4,4,4,4,2,2,3,2,2,4,6,6,4,4,4,4,4,4,4
145,3,3,3,3,3,4,5,5,5,1,2,3,4,4,5,5,4,2,2,2,2,2,2,2,2,3,3,4,3,2,3,5,5,5,5,3,3,4,3,3,4,5,5,6,4,4,4,4,4,2,3,3,4,4,3,3,2,4,3,3,2,2,3,3,4,7,4,3,2,1,5,8,6,3,4,4,3,3,3,2,2,3,3,2,2,1,1,2,1,2,2,3,1,1,2,3,2,3,3,2,2,2,2,2,4,3,4,3,3,3,3,2,1,3,2,2,1,1,2,3,4,3,4,5,4,4,4,4,5,4,2,2,4,6,7,5,3,4,5,5,5,5,5,2,2,2,3,3,4,3,3,4,5,4,3,3,3,3,3,2,2,2,4,5,4,4,5,4,3,3,3,3,3,3,3,3,2,1,1,3,5,4,4,4,4,4,3,3,3,3,2,3,2,1,2,2,2,2,2,2,2,4,1,1,4,4,5,4,3,4,5,3,3,3,2,1,3,4,5,7,6,4,2,3,4,3,2,2,2,2,2,2,2,0,0,3,5,4,5,4,4,3,2,1,2,2,2,3,1,0,1,3,3,4,3,0,1,1,1,2,2,2,3,3,3,1,0,2,2,2,2,3,5,2,1,1,2,3,4,5,3,1,1,2,3,4,3,2,1,1,1,3,4,3,3,5,6,2,0,1,1,1,3,4,5,3,3,4,3,1,2,2,2,3,3,1,1,1,1,3,3,2,3,3,3,3,2,2,3,4,4,5,3,3,4,5,6,4,3,5,5,5,4,5,4,1,1,1,1,1,1,2,2,4,5,4,4,5,5,6,6,4,1,3,4,3,2,1,2,2,2,4,5,4,5,4,2,5,7,6,5,4,4,3,2,4,4,3,3,3,3,3,2,3,3,3,3,3,3,4,4,3,2,2,3,3,3,4,5,6,4,4,3,2,2,1,0,1,4,4,4,3,2,4,5,4,5,3,1,1,2,3,3,1,1,2,3,2,3,2,2,2,3,4,2,3,4,3,2,3,4,3,4,3,3,2,4,3,2,2,3,3,3,4,5,2,2,2,2,2,1,1,2,3,2,4,5,4,5,6,4,4,3,2,2,2,3,3,3,3,3,3,3,3,3,3,3,3,3,3,3,3,3,3,3,3,4,4,5,5,4,4,3,4,3,2,2,4,5,5,4,1,1,1,3,3,3,3,2,1,1,1,1,1,1,2,1,2,2,2,3,3,3,3,3,2,3,2,2,3,2,3,4,4,4,4,4,4,5,5,4,2,1,3,4,1,3,5,5,5,4,3,2,3,3,2,2,2,2,3,3,4,4,5,4,3,1,2,5,3,3,4,3,2,3,3,2,3,3,4,4,3,2,3,3,2,3,3,2,4,4,3,3,3,2,2,2,2,2,3,3,3,4,4,3,4,3,3,4,4,4,4,4,4,3,4,5,5,5,4,3,3,3,4,4,4,4,4,3,4,4,2,2,3,3,3,1,4,4,3,3,3,2,2,3,3,2,1,2,3,2,3,3,2,2,3,3,3,2,3,3,2,3,3,2,1,1,1,2,5,3,1,2,3,3,2,0,1,2,2,3,3,3,4,4,4,3,3,3,4,4,4,4,4,2,1,3,6,7,2,0,1,1,1,3,4,4,2,2,3,3,3,4,4,2,2,3,6,2,1,1,2,1,2,3,4,4,2,3,3,3,3,2,2,1,3,3,5,5,6,5,3,3,2,2,2,2,2,3,3,3,3,3,3,3,3,4,5,3,1,2,3,1,2,6,1,1,2,2,2,2,1,2,5,5,5,5,5,4,2,4,3,3,3,3,2,2,3,5,3,1,2,3,3,3,3,3,3,2,2,2,3,4,4,4,2,1,1,2,2,2,2,2,3,3,4,4,5,5,3,3,2,0,1,2,3,5,3,3,4,5,4,3,3,4,4,4,4,2,0,2,5,8,6,4,4,2,2,3,3,3,3,3,2,2,1,1,2,3,2,3,0,1,1,3,4,5,7,4,1,3,3,5,5,4,2,3,2,1,2,2,3,3,3,4,5,3,2,4,5,4,2,3,3,3,2,2,4,5,3,3,2,1,2,2,2,4,4,3,3,2,4,3,3,1,0,0,1,3,6,4,2,2,3,2,2,2,4,4,4,4,2,3,2,1,2,2,2,2,2,2,1,3,4,4,2,2,2,2,4,3,3,3,3,3,3,3,2,3,4,5,4,2,2,3,1,1,1,1,2,2,2,1,1,1,2,2,3,4,4,4,3,4,4,4,4,6,4,2,2,2,4,4,4,4,4,5,3,3,4,4,3,3,3,3,3,3,3,3,3,3
146,1,3,4,3,3,1,1,1,1,1,2,3,5,5,5,5,2,3,3,3,3,3,3,2,2,2,2,2,3,3,2,1,3,1,2,3,3,1,0,2,2,2,3,4,4,3,2,2,3,2,1,1,2,1,1,3,2,0,1,2,3,2,3,3,3,3,3,3,3,4,4,1,0,3,3,3,4,4,4,2,3,3,1,1,2,4,5,4,2,3,3,4,3,2,3,2,2,2,1,3,4,4,4,3,4,3,1,4,4,4,3,4,4,2,3,3,3,3,3,3,3,2,3,4,3,3,2,2,4,5,4,4,7,8,4,1,2,3,1,3,4,1,1,5,3,1,1,1,3,3,3,2,1,2,3,3,4,4,4,4,1,1,1,2,3,3,4,4,4,6,5,3,2,2,2,2,4,3,3,2,2,3,3,2,3,3,3,4,4,2,2,2,2,1,1,2,4,3,3,3,2,1,2,2,3,3,3,2,2,2,2,3,3,2,2,2,5,7,6,6,6,4,4,6,7,5,5,5,4,3,3,2,1,2,2,2,3,3,3,2,1,1,3,4,4,4,4,4,3,1,1,2,2,2,2,3,5,3,3,3,2,4,4,3,3,3,4,3,4,4,3,3,3,3,3,3,2,3,3,3,1,1,1,3,3,3,3,3,2,4,4,5,5,5,5,5,4,3,4,6,5,3,2,2,2,2,3,2,3,3,1,1,2,1,1,1,2,1,1,1,1,3,3,3,4,5,5,4,2,3,4,2,3,3,3,4,3,2,5,8,6,4,2,2,3,1,1,1,1,2,4,3,2,2,4,3,1,1,2,2,2,4,4,3,3,3,2,2,1,2,2,4,3,1,2,4,4,2,2,3,5,5,1,0,2,2,4,5,5,5,5,4,3,1,1,1,1,1,1,1,1,5,4,4,3,5,6,6,4,3,5,5,5,4,3,2,4,4,2,4,5,3,3,4,3,3,3,1,2,2,2,3,4,3,3,5,4,3,2,3,4,4,3,3,3,3,3,3,3,1,2,2,2,1,2,2,2,2,2,2,2,2,2,2,3,3,4,4,3,3,2,2,3,3,3,5,6,6,5,3,3,2,4,4,3,3,4,2,2,4,4,3,2,3,3,4,3,2,1,1,1,1,1,2,3,2,4,5,3,4,5,4,2,4,7,5,3,3,2,1,1,2,2,3,3,3,3,4,3,2,2,2,2,2,2,2,3,4,4,3,2,2,1,1,3,4,4,2,1,0,1,2,5,4,3,1,1,1,2,2,1,2,2,3,3,1,1,3,3,4,3,3,4,4,4,4,4,3,3,3,3,3,4,3,2,4,6,4,3,2,1,2,2,4,3,5,4,3,2,4,5,5,6,4,4,4,3,2,3,3,5,4,2,3,5,5,3,4,6,3,1,2,3,4,3,3,4,2,3,5,9,6,1,0,2,1,2,3,4,3,2,2,1,2,3,3,4,4,4,4,1,1,2,3,3,3,4,5,4,3,3,3,4,4,2,1,1,2,4,5,4,2,3,5,3,3,3,3,3,3,3,3,3,4,3,3,3,1,1,3,2,4,4,2,1,1,3,3,3,3,3,2,2,2,3,4,3,3,3,4,4,6,5,3,2,2,3,3,3,3,3,2,2,2,2,2,2,1,2,4,2,1,3,2,4,6,4,3,2,4,4,4,4,4,3,1,0,2,3,2,1,1,2,2,2,2,2,2,2,2,2,2,2,2,1,2,2,2,3,2,2,1,1,1,1,1,1,1,3,2,1,3,6,6,3,2,4,5,6,5,1,1,1,1,2,3,2,2,3,2,2,3,2,3,5,5,4,2,1,2,3,1,1,3,3,1,1,2,2,3,5,4,3,2,3,4,3,1,1,1,3,2,1,2,2,2,1,3,4,4,4,2,2,1,1,1,3,5,5,2,1,1,2,3,2,2,1,1,3,3,2,3,4,4,4,5,4,2,3,3,3,3,3,1,3,5,5,5,5,4,4,4,4,4,4,3,3,2,2,3,4,3,3,3,4,1,3,3,2,2,3,3,3,3,3,2,2,1,1,1,2,4,4,2,3,3,3,4,4,4,5,5,5,4,2,1,3,4,3,5,4,2,1,1,2,2,3,2,1,3,4,2,1,4,1,2,6,4,4,5,5,2,2,4,4,3,2,2,2,2,4,4,3,4,3,3,3,4,4,3,3,2,2,2,1,2,2,2,1,1,1,1,2,1,0,1,1,1,2,2,3,3,3,3,4,4,3,3,4,4,2,0,3,5,4,3,3,2,3,2,3,3,3,3,3,4,4,2,2,2,2,2,2,2,2,3,3,3,3,4,4
147,4,4,2,2,3,4,4,2,3,5,4,5,5,4,4,5,4,3,4,4,2,3,3,3,4,3,3,3,3,3,3,2,1,2,1,3,4,5,3,2,1,4,6,5,5,4,5,6,6,3,2,3,5,5,5,5,4,7,8,8,5,4,5,4,3,2,2,2,4,4,3,5,5,2,4,4,4,4,4,4,3,4,3,1,2,3,4,5,5,5,5,4,2,2,2,3,2,0,2,2,2,3,4,4,4,6,5,3,3,5,4,3,3,4,4,4,4,4,4,4,4,3,3,3,3,3,3,3,3,5,5,3,2,3,5,5,1,2,3,3,4,4,4,5,4,3,3,3,3,3,3,4,5,5,6,5,4,3,4,3,1,3,4,6,5,6,4,4,4,2,3,4,3,4,3,3,3,3,3,3,3,3,3,3,2,2,2,3,4,5,4,2,3,3,4,3,3,3,3,3,3,1,0,3,5,4,3,1,0,1,0,0,1,2,2,4,4,2,2,3,4,4,2,3,6,3,2,2,2,4,4,4,3,2,2,1,2,2,2,4,3,1,2,1,0,1,2,2,1,0,2,3,2,2,3,6,5,3,4,5,4,1,1,2,3,2,3,3,3,3,3,5,4,1,1,1,3,4,3,3,5,3,2,2,3,3,3,4,4,2,4,5,5,4,3,4,5,3,3,3,2,2,2,2,1,3,2,1,2,1,2,3,5,2,1,1,1,1,2,2,1,1,2,2,4,4,1,2,3,3,1,2,4,3,2,3,3,4,3,2,2,2,1,0,1,4,5,5,6,4,3,2,1,2,1,2,3,2,4,7,4,2,4,4,3,2,2,2,2,7,6,6,6,5,5,5,2,1,3,4,3,4,3,2,2,4,5,5,3,3,3,2,1,1,3,4,4,2,2,1,3,4,1,2,4,4,2,4,4,3,4,3,3,2,2,1,1,1,2,4,4,3,3,2,3,4,3,3,3,3,5,5,4,4,2,1,2,5,6,4,2,3,2,2,3,5,4,1,0,3,4,4,3,4,4,4,4,4,4,3,4,4,4,3,2,3,3,2,2,5,5,5,5,3,2,3,4,3,2,2,2,3,2,2,2,3,3,3,3,6,6,6,6,6,4,3,2,2,3,3,4,4,4,2,3,6,4,3,3,3,3,6,5,1,3,5,3,4,5,2,1,3,3,3,3,2,3,3,3,2,2,4,3,3,2,1,2,4,4,5,5,6,5,4,4,2,2,2,2,2,3,3,3,3,1,2,3,4,5,7,6,4,4,4,4,2,2,3,3,3,3,3,2,2,2,1,2,4,4,3,3,4,4,4,5,4,2,3,4,4,4,4,4,3,1,1,2,6,8,5,2,2,2,3,2,1,1,2,2,4,3,4,2,2,2,2,2,6,6,7,5,3,1,3,4,5,3,2,3,2,1,2,5,3,1,3,6,5,3,3,3,3,1,3,4,4,5,5,5,4,4,3,1,1,2,4,4,4,5,4,3,3,2,2,2,4,5,4,3,3,4,4,3,2,2,3,3,2,3,3,3,5,4,3,2,3,3,4,4,2,3,3,1,3,3,2,3,4,3,2,3,3,2,4,5,3,4,4,3,2,2,4,5,3,3,2,1,1,1,1,1,5,5,4,2,1,1,2,3,4,4,4,3,1,1,1,1,4,4,2,2,1,1,1,1,2,4,6,6,5,3,3,5,3,4,3,4,4,3,2,2,4,5,3,3,4,4,6,4,2,2,3,4,3,3,2,2,3,2,2,3,3,3,3,3,4,2,1,2,4,4,3,3,5,5,6,7,6,5,4,4,5,4,2,2,2,4,5,4,2,4,3,4,3,2,1,1,5,4,5,6,5,4,3,3,3,2,1,2,2,3,3,2,0,1,2,2,3,3,4,3,4,4,4,3,2,0,2,3,5,3,3,3,1,2,3,2,1,1,2,3,3,4,4,6,5,3,1,1,1,2,4,4,4,4,3,4,4,3,2,3,3,3,2,2,2,2,2,2,2,1,2,4,4,3,4,4,2,1,2,5,6,6,6,4,3,3,3,3,3,3,3,3,5,5,4,3,4,4,4,4,3,1,4,6,6,6,4,3,5,5,3,3,5,5,3,2,1,1,2,4,5,5,3,2,3,3,3,3,2,5,7,2,1,1,1,1,1,2,2,3,5,4,4,4,3,4,3,3,2,2,2,2,2,2,2,2,4,3,2,3,3,3,2,1,1,2,3,3,3,1,1,1,1,2,3,2,2,1,1,2,4,3,3,4,3,3,3,2,3,1,2,1,1,3,4,3,1,2,2,2,2,1,2,3,2,2,2,2,2,2
148,2,4,3,4,5,4,4,3,2,4,4,2,3,3,2,2,3,5,4,5,4,2,2,2,3,3,3,4,2,1,3,3,4,4,3,4,4,3,3,3,3,3,3,3,4,4,4,3,2,1,1,2,2,2,4,7,5,5,5,5,5,5,3,6,6,3,3,2,4,5,5,5,5,5,6,4,4,3,3,3,3,1,2,1,2,4,4,3,4,6,4,3,3,2,3,4,2,3,4,4,3,2,1,2,2,4,4,1,1,2,4,4,2,1,1,1,2,3,3,3,4,4,4,3,2,3,3,3,3,1,2,3,3,5,5,7,8,5,3,2,3,2,3,2,3,3,1,2,2,2,4,6,4,2,1,2,3,3,3,2,2,2,1,3,3,3,3,3,2,3,5,4,5,6,5,5,5,1,3,3,3,2,2,2,3,3,2,3,5,3,2,2,3,3,3,3,2,2,2,4,3,1,2,1,1,2,2,3,3,3,3,3,2,2,2,4,4,2,3,3,3,3,3,3,3,3,4,4,4,3,3,2,1,3,3,3,3,3,4,4,3,2,1,1,1,2,2,2,2,3,2,1,2,2,2,2,2,2,0,0,4,4,3,4,2,1,2,2,1,1,3,3,3,1,2,3,3,3,3,2,3,4,3,2,2,2,1,1,3,3,2,1,1,2,4,4,4,1,1,1,1,1,1,3,3,5,5,4,3,2,1,2,3,4,4,3,2,1,1,2,4,4,2,3,3,3,2,0,2,4,3,3,2,2,2,4,4,3,4,7,6,3,3,5,2,1,3,3,4,4,3,3,3,3,4,4,3,3,3,1,2,6,5,4,4,2,2,2,1,7,6,4,5,4,2,4,6,6,5,4,4,4,5,2,1,3,5,3,1,4,6,3,3,6,3,2,2,1,1,2,3,3,2,3,3,2,1,2,2,2,3,3,3,3,2,3,5,7,5,5,5,5,5,3,3,3,4,3,3,3,3,3,3,3,4,4,4,4,3,2,3,2,1,2,1,2,2,2,3,3,1,1,1,1,2,2,1,3,3,2,2,2,2,4,3,3,3,4,4,5,5,5,5,3,3,3,3,3,3,4,4,3,3,2,2,2,2,2,2,2,1,1,1,1,1,2,1,3,3,3,4,3,4,4,3,3,3,4,4,3,3,2,2,3,3,1,1,1,1,1,2,2,2,2,3,4,6,5,2,2,3,3,3,3,3,3,3,3,2,3,2,2,2,2,2,3,3,3,3,3,4,4,4,4,4,4,4,4,4,3,2,3,4,3,3,3,3,2,2,3,2,2,2,4,3,3,3,2,2,4,4,4,4,4,6,4,2,2,2,2,2,2,3,3,3,2,2,2,1,1,2,3,3,2,2,2,2,2,2,2,3,4,3,3,3,3,2,2,1,1,2,3,4,6,5,2,1,1,1,2,2,3,3,6,6,5,4,3,2,3,3,2,2,2,3,3,4,5,4,3,4,4,2,1,2,3,2,5,3,4,4,3,4,4,5,5,3,3,3,3,3,3,4,3,3,2,2,3,2,2,2,2,1,3,3,2,2,2,3,2,3,2,2,3,3,3,3,2,3,3,2,2,3,5,4,8,9,7,6,5,5,5,3,3,4,4,3,3,4,3,3,2,2,2,2,2,1,1,2,1,2,2,3,2,3,4,5,2,2,3,3,3,3,4,4,4,5,4,4,3,3,2,3,3,2,2,2,2,2,2,1,3,2,2,3,3,2,1,2,1,2,5,4,1,3,4,4,4,3,3,5,6,7,6,5,3,3,2,2,2,2,5,6,1,0,2,3,4,4,1,4,6,3,2,3,3,3,2,2,1,2,1,1,1,2,2,2,3,2,2,2,3,3,3,6,6,3,3,4,3,3,3,4,4,3,4,3,4,6,4,4,1,1,2,2,4,6,5,4,5,5,4,4,4,3,4,5,5,4,3,3,3,4,4,3,4,3,3,3,3,2,1,1,1,1,1,1,2,3,4,4,6,4,3,2,1,1,2,2,2,1,1,1,3,3,4,4,5,3,2,3,4,4,4,2,5,5,6,5,4,5,6,4,3,2,2,3,3,3,2,4,3,3,4,4,4,4,2,2,1,2,4,4,2,1,1,2,4,3,1,1,2,2,2,1,2,3,3,3,3,3,3,5,6,4,3,2,1,2,4,2,2,3,1,1,1,2,1,1,3,4,2,2,2,2,2,4,5,4,4,4,4,4,4,4,4,4,4,4,4,3,3,4,2,4,4,3,1,1,2,3,4,3,2,2,3,4,5,4,1,1,1,1,1,4,7,3,5,4,3,3,3,2,3,4,3,3,3,3,3,2
149,3,1,3,4,5,4,4,5,6,3,1,2,2,3,3,2,3,3,2,5,5,5,3,1,1,3,2,4,5,5,5,4,3,3,3,3,2,3,3,4,2,1,3,5,5,4,3,2,1,2,3,4,2,2,3,3,2,1,1,3,5,5,5,4,4,4,3,4,5,5,6,6,5,6,6,3,3,4,5,2,3,3,3,4,5,3,2,2,1,4,5,3,2,3,2,2,2,3,3,3,3,2,2,2,4,4,3,4,4,4,2,2,3,2,1,1,2,1,1,3,3,2,1,2,2,2,1,1,1,4,4,4,3,6,9,7,6,2,2,3,3,2,2,4,4,3,5,5,2,3,3,3,6,4,1,3,4,4,4,4,2,2,2,3,3,3,4,3,2,3,4,4,2,3,3,3,2,3,3,3,3,3,3,4,4,3,3,4,4,4,4,4,3,3,3,3,3,3,3,3,3,2,2,2,2,2,2,2,2,4,4,3,3,3,2,1,3,3,2,2,2,2,1,1,1,4,5,3,3,3,1,3,5,3,2,3,2,3,4,4,4,2,1,2,2,2,2,2,3,2,1,2,2,2,2,4,3,3,5,4,2,2,2,4,4,3,3,2,3,3,2,3,4,3,3,3,4,5,5,5,3,2,2,3,2,2,2,1,2,5,3,4,4,4,3,4,5,4,2,2,5,5,3,2,1,0,2,4,4,1,1,2,2,1,1,1,1,2,2,2,1,4,5,3,4,4,4,4,3,2,3,4,5,3,3,4,4,3,3,3,3,3,3,3,3,2,3,4,4,3,4,4,3,2,1,2,3,4,3,3,6,7,5,4,4,3,3,2,3,3,2,1,1,1,1,2,2,2,1,2,4,4,2,0,0,5,5,6,6,5,4,5,5,2,3,5,5,3,0,2,4,3,2,4,4,4,4,3,2,2,3,3,4,4,3,2,3,4,3,2,3,3,3,4,5,3,2,3,3,3,3,4,5,4,2,4,4,7,7,7,5,2,1,3,4,4,4,3,2,1,1,3,2,1,1,2,2,5,5,4,2,3,5,4,4,1,3,5,3,2,1,3,3,1,1,2,3,4,4,4,3,5,5,3,4,3,5,6,6,4,5,4,3,2,4,4,3,3,3,3,3,2,2,2,1,3,3,3,3,3,3,3,3,3,3,4,7,7,6,9,8,3,1,1,3,4,4,2,1,2,3,3,3,4,2,2,3,2,1,2,2,3,3,3,6,5,4,3,3,3,3,3,3,2,2,2,3,3,4,4,4,3,2,3,4,4,3,4,3,1,1,1,1,2,2,2,2,4,4,5,5,5,5,5,4,3,3,1,1,1,1,2,3,4,4,4,3,4,4,3,2,3,4,4,3,3,2,3,2,2,3,3,3,3,3,4,5,3,3,3,2,2,2,3,3,4,4,4,4,3,3,3,3,3,2,2,2,2,1,1,1,2,1,2,2,3,3,4,5,5,3,2,2,1,1,1,1,1,0,1,3,4,4,4,3,4,5,4,5,4,3,3,3,0,0,2,3,4,3,4,4,2,2,3,3,3,2,2,3,3,4,4,4,3,2,2,2,2,2,2,2,2,2,2,2,1,2,4,5,5,4,2,2,1,2,3,0,1,3,4,3,3,3,1,1,1,1,1,1,3,3,2,1,1,1,0,1,3,1,2,2,3,4,4,3,1,3,3,3,2,2,3,4,1,2,2,1,1,1,1,2,2,1,1,1,1,1,3,3,1,2,2,3,3,5,5,4,4,4,4,5,4,6,6,4,2,2,2,2,2,3,3,1,3,4,4,4,5,5,6,6,3,4,4,4,3,3,2,3,3,2,2,2,2,3,3,3,3,2,2,2,2,2,2,2,2,4,4,3,4,3,3,5,3,3,3,3,2,2,3,1,2,2,1,2,3,2,3,4,3,2,2,3,3,3,4,2,1,2,3,2,2,2,4,4,3,4,4,4,4,4,4,5,3,3,2,4,6,7,7,6,3,2,2,4,6,5,2,1,2,3,4,4,4,3,3,3,2,2,4,3,3,4,3,2,4,3,1,0,2,3,4,4,3,2,3,1,1,2,2,2,3,4,5,5,4,3,1,4,4,3,3,5,7,5,4,7,7,5,4,4,2,2,3,4,2,0,1,3,4,4,3,3,3,1,3,4,4,4,3,4,1,1,2,3,5,4,3,4,6,4,6,7,4,1,4,6,0,1,2,4,5,4,2,1,2,3,4,4,5,5,5,3,2,2,3,4,2,1,3,5,4,6,6,5,5,4,4,4,3,2,1,1,1,2,2,2,3,2,3,4,4,3,3,4,4,3,3,4,4,4
150,8,5,4,4,3,1,2,3,3,4,4,4,3,4,4,4,4,3,3,3,3,2,1,1,1,3,3,3,3,3,3,3,3,2,2,2,3,4,4,4,3,4,4,5,5,5,6,7,7,2,2,4,5,4,2,3,4,4,4,4,4,4,4,3,5,3,5,4,3,3,5,5,3,2,3,4,4,3,1,2,2,3,2,2,2,2,3,3,5,5,4,3,4,4,4,4,3,1,1,1,3,3,2,3,3,4,4,2,4,5,4,2,2,2,1,1,2,2,2,2,1,2,4,5,4,5,4,2,2,4,4,3,5,5,3,3,2,1,2,2,2,1,2,2,1,2,2,3,3,3,4,4,2,3,3,4,5,4,3,3,3,3,3,2,4,4,4,4,4,4,4,4,4,4,2,2,3,2,1,2,2,2,2,1,2,3,2,2,2,3,3,3,4,5,3,4,4,4,4,4,4,3,4,2,1,1,1,2,3,2,1,2,2,2,3,3,4,3,4,4,4,4,3,3,3,0,1,3,3,3,2,0,0,0,1,3,4,3,4,4,4,4,4,4,3,3,3,3,3,4,5,4,3,2,2,1,1,1,3,2,2,1,2,4,3,1,3,4,4,3,3,3,1,3,4,4,4,2,1,1,1,2,3,2,2,4,4,3,3,4,4,4,4,4,4,3,1,3,4,4,5,4,5,3,2,1,1,3,3,3,5,5,3,1,3,3,2,2,2,1,1,3,3,1,4,4,3,3,3,4,3,2,2,3,4,2,3,5,5,3,2,3,2,2,3,1,2,4,5,5,4,2,2,3,4,3,1,2,3,3,2,1,2,3,2,3,1,1,0,4,3,3,4,4,2,1,2,3,2,3,3,3,3,3,2,3,3,3,3,2,2,4,4,1,1,3,3,2,1,0,0,2,3,4,4,5,4,1,3,4,3,4,5,5,5,4,1,2,3,3,4,3,3,3,3,3,2,3,4,4,3,2,2,2,2,3,1,0,2,3,4,3,4,3,2,3,4,2,2,2,4,3,3,3,2,1,4,6,2,1,1,1,1,1,1,3,3,3,3,3,3,4,5,3,3,5,6,6,5,3,3,4,3,2,0,1,2,2,3,6,5,2,1,2,4,4,2,1,1,1,2,2,1,2,2,3,2,3,3,2,2,2,3,7,8,7,9,7,5,5,3,4,4,3,4,5,5,4,3,3,4,4,4,5,6,6,5,4,3,4,5,5,4,3,3,0,3,5,4,4,4,4,4,3,4,4,4,5,5,4,3,0,2,3,3,3,3,3,4,3,0,2,3,2,1,0,2,3,2,2,2,3,5,5,5,5,5,4,3,2,1,1,3,3,4,3,1,0,1,4,7,7,5,3,3,3,4,5,4,3,2,3,3,3,3,4,3,2,3,2,2,4,4,4,5,5,3,3,4,2,2,4,4,2,2,3,2,3,3,3,3,1,2,4,4,2,2,2,2,3,2,2,4,4,3,2,2,5,5,5,4,3,4,3,3,3,3,3,3,4,4,4,6,4,3,3,3,3,3,3,3,3,3,2,2,1,1,2,2,3,4,5,4,3,2,1,3,1,1,1,1,1,1,2,5,3,3,3,2,2,2,2,1,1,3,5,5,4,3,2,2,4,3,1,2,3,4,2,1,0,1,1,1,1,0,1,0,1,1,2,3,1,1,1,2,5,6,6,5,4,4,4,4,2,2,2,3,4,2,2,2,2,2,2,2,2,2,1,1,1,1,2,3,3,2,3,3,3,4,5,5,4,3,3,5,4,5,3,3,3,4,4,3,4,5,3,2,2,1,2,2,6,6,6,5,4,4,4,4,3,4,4,4,5,4,3,3,3,4,4,4,3,4,4,3,1,2,3,3,3,4,4,3,3,2,2,4,4,3,1,3,5,6,5,4,3,3,2,2,1,2,1,1,3,4,5,5,4,3,3,3,5,5,4,4,3,5,2,1,1,1,1,0,2,3,3,3,3,3,2,2,1,2,2,2,2,2,2,2,1,3,4,5,6,4,3,2,2,0,2,4,3,2,3,4,5,6,5,5,4,4,3,4,6,5,4,2,2,1,1,3,3,4,3,2,2,2,3,3,2,1,1,1,2,4,5,4,6,3,3,3,2,3,4,5,2,1,1,1,2,2,2,3,4,5,3,3,4,3,3,4,1,2,3,2,3,3,1,1,1,0,1,1,1,2,3,2,3,3,2,2,3,4,5,2,0,2,4,4,3,2,1,2,3,3,3,2,3,4,5,3,3,4,4,3,3,2,2,3,3,1,2,3,3,3,3,3,2,3,2,1,1,2,2,2,2,2,2,2,2,2
151,5,4,2,1,0,2,2,1,4,3,4,5,5,5,4,2,3,2,2,2,1,2,2,2,2,1,4,8,7,5,2,1,4,5,4,4,4,3,2,3,2,3,3,3,4,5,5,5,6,2,3,3,3,3,3,3,4,3,3,3,3,3,3,2,3,0,1,2,4,5,4,2,2,2,3,6,9,8,4,2,2,3,3,3,4,4,5,5,5,5,5,3,2,4,7,7,6,4,3,4,4,4,4,4,3,1,2,4,3,3,2,3,3,2,3,2,2,2,2,2,3,2,2,1,3,4,3,3,3,0,2,3,2,2,5,6,5,3,2,1,1,3,3,3,3,3,3,2,2,4,5,5,6,3,1,2,1,3,4,3,3,3,2,2,2,2,2,2,3,6,5,6,5,5,4,2,2,1,0,2,2,4,4,4,2,1,1,1,1,1,1,2,3,2,2,2,3,3,3,3,4,4,3,2,2,3,5,4,2,3,3,2,3,4,4,3,2,3,4,4,4,3,1,3,3,3,3,4,4,3,3,5,5,1,3,3,3,2,1,2,2,1,2,2,2,4,3,3,3,1,1,2,2,3,4,4,4,2,2,3,3,3,3,4,4,1,3,4,5,3,2,3,3,3,3,3,3,3,3,3,3,2,2,2,3,3,3,3,3,3,3,1,1,1,4,6,4,1,4,7,6,4,4,3,2,3,3,3,3,3,3,3,1,3,4,6,6,5,4,2,1,3,3,3,4,3,4,4,4,3,1,3,3,2,2,2,2,2,3,3,3,3,3,4,4,2,3,3,5,5,4,3,5,5,4,5,4,3,5,5,5,4,4,3,2,2,2,2,2,4,4,4,4,4,2,2,2,2,2,4,5,4,4,3,2,2,2,3,3,3,4,4,4,3,4,4,3,4,3,3,2,3,2,2,1,2,4,5,5,4,3,4,4,3,2,4,2,2,3,3,3,3,3,3,3,4,4,4,4,3,2,3,5,4,3,3,3,3,3,3,3,3,3,2,2,2,2,2,2,4,3,3,2,2,2,2,3,3,2,3,3,2,2,4,4,3,2,2,4,3,5,5,5,6,2,1,3,5,7,6,5,4,4,5,7,5,3,4,4,5,5,5,4,4,3,3,3,2,1,2,3,2,2,1,2,3,4,4,3,4,4,4,5,3,3,3,3,3,3,3,3,2,2,2,2,2,2,2,2,7,5,4,3,2,1,3,4,1,2,5,3,3,3,2,2,2,3,4,5,5,4,3,2,3,3,3,3,3,3,3,2,4,4,2,2,2,2,2,3,2,2,2,2,2,3,1,0,1,1,1,1,1,1,1,1,3,3,3,3,3,3,3,3,5,6,4,4,4,4,3,3,2,2,3,1,1,2,3,5,2,3,4,4,4,4,4,2,1,2,2,3,5,5,4,4,2,2,4,4,4,3,2,2,3,3,3,1,1,2,1,2,5,5,3,3,2,1,2,5,5,4,3,2,2,3,4,4,2,2,2,1,1,3,4,3,3,4,4,3,4,4,3,3,5,3,4,4,4,4,5,4,3,3,2,2,4,3,2,3,7,4,3,3,3,3,3,3,1,1,2,2,2,2,4,1,0,1,2,2,3,3,4,3,3,5,6,6,6,5,5,4,2,2,3,3,4,4,4,4,4,3,2,2,4,4,2,4,4,4,3,4,5,5,5,3,1,1,3,3,4,4,2,1,3,3,1,0,2,4,5,3,3,3,3,4,3,3,3,3,5,5,2,2,3,2,2,5,4,2,2,2,2,2,2,2,1,1,1,1,2,2,2,2,1,2,3,3,1,1,2,3,4,6,5,3,2,3,4,5,3,3,3,2,2,2,3,4,0,1,1,3,4,5,5,5,5,4,4,3,2,2,1,1,2,1,1,2,2,1,1,1,3,3,1,2,3,4,6,6,3,4,4,4,4,4,5,3,1,2,3,5,5,4,4,4,3,4,3,3,3,3,3,4,3,2,2,3,3,2,3,4,5,6,5,5,4,4,3,3,1,1,5,6,5,5,6,3,2,2,2,2,3,2,2,2,2,3,4,3,2,2,4,4,2,1,2,2,2,2,3,2,6,7,4,2,1,2,4,6,4,3,4,5,5,5,6,5,3,5,5,1,0,1,3,4,2,1,2,3,3,4,4,4,2,2,2,2,3,4,2,1,3,0,1,1,1,1,3,2,2,3,2,3,5,5,3,5,3,3,4,4,5,4,4,4,2,1,1,1,1,2,3,2,1,1,1,1,2,2,2,1,4,5,4,4,3,3,3,2,3,3,2,3,3,3,2,3,3,3,2,3,2,2,2,2,2,2,3,3,3,3
152,2,3,1,2,3,2,3,4,3,2,2,2,2,2,3,4,2,3,1,2,3,4,3,3,3,2,3,3,1,3,5,4,2,2,3,4,5,4,4,5,4,2,3,5,5,4,4,3,3,4,4,4,4,4,4,5,5,4,4,5,5,5,4,2,2,2,2,2,1,1,1,1,4,6,4,4,3,2,1,1,2,5,5,5,5,5,5,4,4,2,2,3,3,2,1,1,1,1,1,2,2,1,1,2,2,1,3,4,3,4,3,1,2,1,1,1,1,1,4,5,2,2,3,4,3,4,3,2,4,5,5,2,4,7,5,1,1,4,4,4,4,2,2,2,3,5,5,6,5,2,3,3,2,1,3,3,3,3,3,3,3,4,3,4,2,2,3,4,4,4,4,4,4,4,4,4,4,4,3,2,3,3,3,3,3,2,2,3,3,2,3,3,3,3,2,3,3,3,2,3,2,2,2,2,2,2,2,2,3,3,2,2,3,3,2,3,3,5,6,6,4,4,3,4,4,3,3,4,3,3,1,3,5,7,5,4,4,3,3,3,3,5,4,3,2,2,3,2,2,2,2,3,2,2,3,2,5,2,1,1,3,3,2,1,1,3,3,3,2,1,2,2,2,4,4,4,4,4,4,4,2,2,2,2,2,3,3,4,3,2,2,4,4,4,4,3,2,3,3,3,3,4,4,4,4,4,4,4,3,3,2,2,2,2,2,2,1,1,1,2,2,2,2,3,2,4,5,6,6,5,4,4,3,2,1,3,3,2,2,2,2,2,2,4,4,4,5,5,3,3,3,1,1,3,5,6,6,5,4,3,2,2,3,5,4,4,2,1,2,2,2,1,0,2,3,3,1,4,4,3,5,6,4,4,6,4,4,4,4,4,4,4,3,2,3,3,3,3,3,2,2,2,1,2,2,3,3,2,2,3,3,4,4,2,1,2,2,4,3,2,3,4,3,3,4,1,1,3,5,4,2,1,1,5,5,4,3,2,3,4,4,3,3,3,3,3,3,3,3,2,2,2,1,2,2,2,2,3,3,3,2,2,4,4,3,3,4,5,5,5,6,5,3,3,5,5,6,6,7,5,3,4,5,5,5,5,5,5,5,6,6,5,3,3,2,2,3,3,3,3,3,3,3,3,3,3,3,3,4,3,3,3,1,3,4,3,3,3,5,6,4,2,3,4,3,2,2,3,4,2,1,3,3,4,4,3,4,3,3,4,4,3,3,4,3,2,2,3,3,2,2,3,4,5,7,6,6,5,4,4,3,5,4,5,4,3,3,5,5,2,1,1,3,3,1,1,1,3,3,5,5,4,4,3,3,3,3,2,3,3,3,3,3,2,2,3,2,1,2,5,4,3,4,4,3,3,3,4,5,6,7,6,5,4,4,3,2,3,5,7,6,5,3,3,4,3,3,3,3,3,3,3,3,2,2,3,3,3,4,4,4,3,3,2,3,3,4,5,4,2,3,3,2,2,4,4,4,3,1,0,1,2,2,1,0,1,2,3,2,2,2,2,2,3,1,2,4,4,2,1,2,3,2,2,1,1,2,3,3,3,2,3,1,1,1,1,0,1,1,2,3,4,4,4,4,2,2,2,4,4,5,3,2,2,2,3,2,2,3,2,1,4,3,3,1,2,2,2,4,5,6,5,3,3,2,1,4,2,0,1,1,1,2,2,3,2,1,1,1,2,2,3,4,3,3,3,3,3,2,4,4,2,3,3,3,4,3,2,2,3,2,2,4,4,4,2,3,3,2,2,3,3,4,4,4,2,2,2,2,2,2,2,2,2,2,2,2,2,2,2,2,4,3,3,3,4,4,4,4,4,3,3,3,3,3,3,2,2,4,4,4,4,4,3,3,2,2,1,2,3,2,3,3,4,3,3,3,3,3,3,3,2,1,2,1,1,2,3,3,3,2,2,2,2,2,2,3,3,3,3,3,4,4,4,3,2,3,2,1,2,3,3,3,2,1,0,2,2,2,3,3,2,1,1,3,4,5,6,5,5,5,4,4,3,3,3,3,3,1,2,2,3,2,1,3,5,2,2,2,3,4,5,3,2,2,3,2,2,2,2,3,4,3,3,4,4,4,4,3,2,3,4,3,2,1,0,2,5,5,5,4,3,3,5,5,4,5,5,5,5,4,4,4,5,4,4,4,4,4,2,2,5,3,4,4,3,3,4,4,2,2,2,2,2,3,3,3,3,4,5,5,5,6,5,3,4,4,5,5,6,6,6,5,4,4,3,2,3,4,4,4,2,2,3,3,3,3,2,2,6,3,3,4,4,5,3,1,3,3,3,2,1,3,3,2,2,2,2,2,3,3
153,3,3,3,1,1,1,3,3,2,4,5,4,4,2,3,5,5,3,3,3,3,2,2,2,2,2,2,3,3,3,3,1,1,3,4,3,3,3,3,3,3,2,1,3,3,2,2,3,4,4,1,1,1,1,0,0,0,2,3,2,1,1,1,2,3,5,4,4,4,1,1,2,2,3,3,2,1,1,2,2,4,3,3,3,2,3,3,2,3,3,2,3,3,4,4,5,4,3,3,3,2,1,2,2,3,3,2,3,4,3,3,3,3,4,3,3,3,2,2,3,4,2,2,2,2,2,3,2,3,4,4,5,4,6,7,7,8,4,2,2,4,6,6,4,2,3,3,3,3,3,3,2,2,2,2,3,3,5,6,4,2,2,3,3,2,2,2,2,2,3,4,4,5,3,4,4,4,4,3,4,4,4,4,3,2,4,4,3,2,2,3,3,2,4,4,6,7,4,4,4,3,3,2,2,2,2,3,2,2,2,2,2,2,2,2,2,3,5,4,3,5,5,5,4,2,5,5,4,4,3,1,1,3,1,1,1,2,2,3,3,3,3,3,3,2,1,3,2,3,2,1,1,1,1,1,1,3,6,5,4,4,4,3,4,4,2,2,5,5,4,6,4,2,2,2,2,2,3,3,3,3,4,4,3,3,2,2,3,3,2,3,2,3,3,2,3,5,4,3,3,3,3,4,5,5,4,4,1,1,2,2,2,2,2,1,1,1,1,2,1,1,2,2,2,2,2,2,2,2,2,3,3,3,2,3,3,3,4,4,4,4,2,2,1,1,3,3,2,3,3,2,3,2,2,3,3,4,5,6,6,7,4,1,2,2,2,2,2,3,3,3,4,5,5,4,3,2,3,3,4,3,2,2,2,3,3,6,6,4,4,4,4,2,2,2,5,4,2,3,4,2,2,3,2,1,3,3,1,1,1,3,5,4,2,1,2,5,3,2,2,2,2,2,2,2,3,3,3,3,2,2,2,4,4,4,2,3,3,4,7,4,3,4,4,3,3,2,3,3,4,4,3,1,1,2,5,5,3,2,2,2,1,2,2,1,2,4,5,4,5,3,2,4,5,4,5,4,2,2,1,1,4,4,3,3,4,4,5,6,4,2,3,3,2,3,4,4,2,4,4,4,4,5,3,3,3,3,4,4,5,5,5,6,4,5,5,3,2,3,5,3,3,4,3,2,2,2,3,4,3,2,2,2,1,2,1,3,6,5,3,4,3,3,3,2,5,3,2,3,4,4,3,2,4,3,2,2,3,5,5,4,5,4,3,3,2,2,3,3,3,4,3,3,3,2,2,1,3,4,3,3,3,2,3,2,1,1,1,1,1,1,2,4,2,2,2,3,4,4,3,4,3,3,3,4,4,3,4,4,4,4,3,1,2,2,1,2,5,4,3,2,2,2,2,4,3,3,3,3,2,3,5,4,4,3,3,4,5,5,4,2,0,1,2,2,3,3,3,4,2,2,2,3,3,3,3,2,3,3,3,3,3,3,3,3,1,2,2,2,4,4,1,1,2,2,2,2,2,2,2,2,2,2,2,2,2,2,2,4,4,3,4,3,3,3,3,4,5,5,4,4,4,4,4,4,3,3,3,3,3,3,2,6,5,2,1,3,6,7,5,5,4,2,2,3,3,2,2,2,1,1,3,4,3,3,5,3,3,3,2,2,3,3,2,2,1,2,2,2,2,1,1,1,4,3,3,4,4,3,1,2,1,1,1,2,2,2,2,2,2,1,1,2,4,4,3,2,4,2,2,4,5,5,3,2,4,1,2,2,2,2,1,1,1,1,2,1,1,2,2,1,4,3,3,3,5,5,3,1,3,3,4,4,3,3,4,5,1,2,3,3,3,3,2,2,3,3,3,3,3,3,3,3,4,3,3,3,3,4,3,3,3,3,3,2,2,4,5,5,5,4,4,4,4,5,4,4,4,3,1,1,3,4,4,2,6,4,4,4,4,4,4,4,3,1,1,2,1,1,1,1,3,3,2,2,4,4,4,3,2,3,2,1,2,2,2,1,2,2,1,1,3,4,3,2,1,1,2,3,3,5,6,6,3,2,1,1,1,1,1,1,0,2,4,4,4,3,1,2,4,4,5,5,3,3,3,4,6,6,5,4,4,4,3,5,5,5,4,4,4,4,4,3,1,1,1,1,1,1,1,1,4,4,4,4,3,3,3,3,2,3,4,2,3,4,3,1,3,4,4,4,4,4,5,4,3,4,5,4,4,4,4,3,2,3,3,2,3,3,3,3,1,3,2,1,1,2,2,1,3,2,1,3,2,2,3,3,1,1,1,1,1,1,1,1,3,3,3,3,3,3
154,2,2,4,4,3,2,1,1,1,3,4,2,2,2,1,1,3,3,4,4,2,2,2,3,3,4,3,2,3,3,4,3,5,3,4,4,1,2,3,3,1,1,1,3,5,5,4,5,4,2,3,2,2,3,3,5,5,5,5,4,4,4,4,4,4,5,4,4,3,4,5,6,6,4,4,3,3,3,3,3,2,4,5,3,2,2,2,2,2,3,4,4,3,3,4,4,4,5,4,4,3,2,2,1,1,5,6,5,5,5,5,3,2,3,5,4,3,2,2,2,2,3,3,5,4,4,3,2,3,3,3,5,3,3,7,5,1,1,2,1,0,1,2,3,1,2,3,2,1,0,2,3,4,4,3,3,3,3,3,3,3,3,4,5,5,4,3,2,3,4,3,4,4,4,4,4,5,4,3,3,3,4,4,4,3,1,1,2,2,2,2,3,2,2,2,3,3,2,2,1,1,2,2,2,2,2,2,2,2,3,3,3,2,2,2,2,2,2,3,5,5,4,4,2,3,3,4,4,2,1,3,5,5,5,4,4,6,6,4,4,4,2,1,1,1,3,3,3,2,2,2,2,2,3,3,3,2,1,2,3,3,2,2,2,2,4,4,4,5,4,1,2,3,4,4,2,2,2,2,3,4,3,3,3,3,3,4,4,3,3,3,4,5,3,1,1,1,3,4,2,2,2,2,3,2,2,3,5,4,3,3,4,5,5,4,2,3,3,2,2,5,3,1,3,2,1,1,1,2,3,3,4,3,4,4,4,3,3,3,2,1,2,3,2,1,2,3,3,3,3,3,3,2,3,3,1,1,6,8,6,3,3,4,4,3,2,2,2,2,3,3,3,3,3,3,3,3,2,2,4,4,4,4,2,2,5,5,4,5,5,5,5,4,1,1,2,2,3,2,3,3,3,5,2,2,3,4,5,4,3,2,2,3,3,4,4,4,3,3,3,3,2,3,3,3,3,4,4,4,4,4,5,5,3,4,4,4,3,2,4,4,2,2,4,5,5,4,4,3,2,3,4,3,1,0,1,5,4,2,4,3,3,3,3,2,1,1,1,1,2,2,2,3,3,3,3,5,6,6,6,4,4,4,4,1,1,2,2,2,2,1,3,3,6,6,4,4,5,6,5,4,2,2,3,2,2,3,4,4,3,3,5,5,3,3,3,3,3,3,3,2,2,2,2,2,2,2,2,2,1,1,2,2,2,2,3,3,2,3,3,2,2,1,3,3,3,2,1,2,3,4,4,2,3,3,3,3,3,3,3,2,3,4,4,3,3,2,2,2,2,1,1,3,2,2,3,1,4,3,2,1,1,1,1,2,2,2,3,3,3,2,2,2,4,2,2,2,4,3,4,5,3,1,3,3,4,4,4,3,3,3,3,4,5,5,5,4,4,3,4,6,6,6,4,3,3,2,3,3,3,3,3,3,4,5,4,5,4,4,4,4,4,3,3,3,3,3,3,3,3,3,3,3,3,4,4,4,1,1,3,4,3,3,3,1,2,2,3,5,3,2,1,2,4,2,2,3,4,6,5,3,3,3,3,3,2,2,2,2,3,2,2,2,3,3,3,3,2,2,2,3,3,3,4,3,4,3,3,2,2,3,4,4,2,4,3,3,4,2,1,1,3,4,5,4,1,1,2,2,2,1,3,4,4,4,4,2,1,1,2,1,1,2,2,3,3,3,2,2,3,3,2,2,2,3,3,3,3,3,3,3,2,1,1,1,2,2,1,3,1,3,3,2,1,1,2,1,2,3,3,2,2,4,5,3,1,1,1,1,1,1,2,2,1,1,2,2,3,3,2,1,2,4,6,6,5,5,4,3,5,7,5,3,4,6,6,4,2,1,2,3,4,3,3,4,4,4,4,4,3,3,2,2,4,4,4,5,5,5,5,5,2,3,3,3,3,3,3,2,2,3,4,5,4,3,2,3,2,1,1,1,3,4,3,6,3,3,4,4,4,3,4,4,2,2,1,1,1,2,3,3,1,1,1,1,2,3,3,4,0,0,2,2,4,6,6,7,3,2,2,2,2,2,2,2,2,2,2,3,3,4,4,4,2,2,2,2,3,2,3,2,1,1,3,3,3,3,4,5,2,4,4,3,4,4,4,9,10,7,5,4,4,3,2,3,2,2,2,2,3,3,3,3,3,1,2,3,3,2,3,2,2,3,3,3,3,3,3,2,1,2,2,3,4,4,3,2,4,4,3,3,4,4,2,3,2,2,3,3,4,4,3,3,3,1,1,0,1,2,2,1,3,3,3,3,3,4,4,3,3,2,3,3,3,2,2,2,3,5,5,3,5,4,3,2,2,2,2,2,2,2
155,5,4,2,2,3,2,2,4,4,2,3,3,3,2,2,3,2,3,3,4,4,5,3,2,1,3,3,1,2,2,2,3,3,1,1,2,3,4,6,5,4,6,4,2,3,3,3,2,3,2,3,2,1,1,2,2,3,3,4,4,2,2,3,4,3,3,4,6,6,3,5,5,6,4,3,3,3,3,3,4,4,3,3,4,3,2,2,0,1,2,1,1,2,1,2,1,1,1,2,4,4,2,1,3,3,2,1,0,1,4,6,4,3,7,7,7,7,5,4,3,5,5,3,2,3,4,3,4,6,2,3,4,4,4,6,4,3,3,4,4,3,3,3,3,3,3,2,2,1,2,2,1,1,2,2,2,2,2,3,3,2,2,2,2,2,3,3,3,4,3,2,3,2,3,4,5,6,5,5,5,5,4,2,1,1,3,2,1,1,3,3,2,1,5,6,6,5,5,3,2,3,4,4,4,3,3,2,2,3,2,1,1,3,5,6,3,2,2,2,3,4,4,5,4,5,4,2,3,3,4,5,4,5,4,2,1,2,2,3,3,4,4,3,3,3,3,2,2,3,1,3,2,2,4,3,3,4,5,3,2,2,2,4,6,3,3,5,3,1,1,0,2,6,1,4,6,3,1,3,6,5,2,1,1,1,1,1,1,1,7,7,5,2,1,1,3,5,4,2,2,3,4,2,4,4,2,3,4,4,4,3,4,4,3,3,3,3,3,3,3,3,3,3,2,2,2,2,2,2,2,2,2,2,2,2,2,2,4,4,4,4,4,3,5,7,5,4,3,3,3,3,3,3,2,2,2,2,2,2,2,2,4,4,4,4,3,3,4,2,6,4,3,5,4,4,3,3,3,3,3,3,3,3,3,4,6,6,6,6,5,5,5,5,2,1,2,3,3,2,1,1,1,2,2,2,3,3,3,2,1,2,6,6,6,6,4,3,3,2,3,4,3,2,1,3,4,3,3,3,3,3,3,3,2,3,4,4,4,3,2,2,3,4,3,3,3,2,4,3,3,4,4,3,2,2,3,3,2,3,3,3,3,3,2,3,5,5,4,2,3,3,2,1,2,4,4,3,2,2,1,1,2,2,1,1,2,3,2,2,4,3,2,2,3,3,3,3,3,2,2,2,2,2,2,3,5,4,4,4,4,4,5,4,2,2,2,3,2,3,6,4,2,5,6,3,2,3,2,1,2,4,5,6,6,4,5,4,3,2,1,1,2,1,1,2,2,1,1,2,2,4,4,5,6,3,2,5,6,3,3,4,3,3,3,3,3,3,3,3,2,1,1,2,2,2,3,3,6,5,3,2,1,2,2,2,0,1,2,3,3,4,4,5,5,4,3,3,3,2,4,5,4,4,3,3,4,4,4,2,3,3,3,3,3,4,4,4,2,2,2,2,2,2,2,2,1,2,3,4,4,4,5,4,2,2,2,2,3,1,2,5,2,3,4,3,4,4,5,4,4,5,5,3,3,5,4,2,1,2,2,3,3,3,1,2,4,3,3,3,2,2,2,3,2,2,2,2,2,2,2,2,2,2,2,2,2,2,2,2,2,1,1,2,2,1,1,1,2,2,2,2,2,3,4,5,6,5,3,3,4,3,1,2,2,1,1,3,2,1,1,1,3,3,3,2,2,2,1,1,3,4,4,3,3,5,3,2,2,1,1,2,2,2,4,3,1,2,3,3,3,4,4,3,1,1,1,1,2,2,2,3,2,1,2,3,3,3,2,1,2,3,4,4,4,4,3,2,2,2,3,4,4,3,3,3,2,2,3,3,4,4,5,5,2,1,1,1,1,1,1,1,1,0,1,2,2,2,2,1,1,4,5,5,3,1,2,3,5,6,5,4,2,1,2,5,6,5,4,2,2,2,3,4,3,4,4,3,3,3,4,4,4,2,2,2,2,3,3,4,3,3,2,1,3,5,4,3,2,2,2,1,2,4,4,3,2,2,2,2,1,2,1,1,1,2,3,4,4,3,3,4,2,1,2,3,3,3,3,3,2,1,1,1,1,3,5,1,3,3,2,3,4,3,4,4,3,4,4,2,2,2,3,5,3,1,3,3,3,3,3,2,4,4,4,3,3,3,3,4,3,3,4,4,5,5,5,4,2,3,5,5,4,2,4,4,4,3,3,3,3,2,2,3,2,1,2,3,3,4,3,2,3,2,1,1,3,4,3,2,3,4,3,2,3,5,4,5,4,1,1,3,6,5,3,3,2,2,3,3,4,4,2,2,3,3,3,3,3,3,3,3,2,2,2,2,3,4,4,4,3,3,3,3,3,2,4,3,3,4,3,4,3,3,2,2,3,3,4,3,2,2
156,5,3,2,5,4,2,3,2,1,1,2,3,3,2,2,2,3,1,2,4,3,3,3,2,3,3,4,5,4,4,4,2,2,2,4,4,4,4,4,3,3,5,4,3,2,2,2,2,3,2,2,2,3,4,4,4,5,4,3,4,5,4,3,3,2,4,3,3,3,3,2,0,2,3,3,3,3,3,2,3,3,4,4,4,3,2,4,3,2,2,3,3,3,2,2,2,2,2,2,2,2,2,1,1,1,2,4,5,4,5,6,3,3,4,3,3,3,2,3,4,4,3,1,0,2,3,3,2,3,6,6,1,3,4,3,3,4,5,6,4,3,2,2,3,4,4,4,3,3,3,3,3,3,5,5,3,3,2,2,2,2,4,5,4,3,3,3,3,4,5,4,4,3,3,3,3,4,2,3,2,2,3,4,2,1,1,2,3,3,2,1,2,2,3,5,6,5,4,5,3,2,3,4,4,2,1,3,5,4,3,3,2,3,3,2,2,2,3,4,4,2,2,3,3,2,8,6,4,2,1,0,1,3,3,3,3,3,3,3,3,4,2,3,4,4,4,4,5,3,3,3,3,3,3,4,5,5,1,2,3,2,2,2,4,5,4,3,3,3,3,3,3,3,3,3,3,3,4,4,3,3,2,2,3,2,2,2,3,2,3,3,3,4,5,4,4,3,4,4,4,3,3,2,2,3,3,2,2,2,3,3,1,3,3,2,2,3,3,3,3,2,5,4,2,1,1,1,2,2,2,3,3,3,4,4,3,5,3,2,1,1,1,2,2,1,2,3,2,3,3,3,3,3,2,3,4,4,2,2,3,4,5,5,5,3,1,4,4,2,2,3,3,3,3,2,1,2,3,3,3,3,3,3,3,4,4,5,5,5,3,1,3,4,2,3,5,3,2,1,2,3,4,4,3,3,3,3,4,2,2,4,3,3,3,2,2,3,5,4,2,3,3,3,2,3,3,3,3,3,2,2,3,3,2,3,4,3,4,3,2,3,4,4,3,3,3,3,3,4,4,2,1,0,0,1,3,4,3,3,3,3,3,3,3,3,2,2,2,2,1,2,2,1,1,3,3,3,1,1,1,1,2,2,2,2,2,2,2,3,3,3,4,3,2,1,2,1,3,2,2,1,2,2,2,2,5,6,7,6,7,6,6,5,2,4,4,4,4,3,5,6,1,0,2,6,7,4,3,3,3,4,3,4,4,4,4,3,2,2,2,4,4,3,2,1,1,2,4,5,5,3,3,4,4,2,3,4,4,5,4,2,2,4,3,3,3,3,4,4,3,4,4,4,4,4,4,4,4,4,3,3,3,2,1,1,1,2,4,3,2,2,2,3,1,1,2,2,2,3,3,2,4,6,6,4,2,3,4,3,1,1,2,3,4,4,4,6,2,1,2,2,2,1,1,1,3,2,3,3,3,4,4,2,1,2,2,2,2,2,2,2,1,2,3,4,4,3,6,6,3,3,2,2,2,3,3,5,4,3,2,2,3,5,5,4,2,3,1,1,1,1,2,3,4,3,3,4,4,2,2,3,4,4,3,3,2,2,2,3,1,1,1,1,2,2,2,1,2,3,3,3,1,1,1,3,6,5,5,5,4,2,2,2,1,1,0,1,2,3,4,3,2,3,3,2,2,1,1,1,3,5,4,2,1,1,4,3,1,1,1,1,1,1,1,1,3,3,2,2,2,2,3,3,3,3,2,3,2,2,3,3,2,3,3,2,1,1,2,2,3,3,3,3,3,3,2,1,2,3,3,4,4,3,2,3,3,2,2,3,2,2,2,2,2,2,3,3,4,4,4,3,3,3,3,2,2,2,3,3,0,1,1,1,1,1,1,1,1,4,4,4,3,3,4,4,6,5,2,2,5,6,4,2,2,2,3,2,2,4,5,3,4,4,3,3,3,3,3,2,2,3,4,4,3,2,1,2,3,3,3,2,2,4,4,3,4,4,3,3,3,2,2,3,2,2,2,3,3,2,3,2,3,2,1,1,2,3,3,2,2,2,1,1,0,1,2,3,2,3,3,4,3,4,4,5,4,3,3,1,2,2,3,4,3,1,1,1,1,1,1,2,1,1,2,2,3,3,3,4,6,7,4,3,1,1,2,4,3,2,3,4,3,2,4,3,2,2,2,2,3,3,3,3,3,3,2,1,1,1,1,2,1,1,1,1,1,1,1,1,2,2,3,2,1,4,6,7,1,2,4,5,3,1,1,1,1,3,3,4,3,1,1,1,2,1,2,2,2,3,3,3,4,4,4,4,4,5,4,4,1,3,4,1,1,2,3,2,3,3,3,2,2,2,3,4,4,4,4,4,4,4
157,3,4,4,5,3,3,3,1,1,5,5,2,2,1,2,5,4,5,3,2,2,2,2,2,2,1,1,3,3,2,2,3,2,4,6,4,4,1,0,3,4,4,4,4,4,3,2,1,2,1,1,1,1,2,2,2,2,1,1,1,1,2,3,3,4,4,4,4,3,3,4,2,3,2,2,3,1,1,1,1,2,1,2,2,3,4,4,4,4,4,2,2,4,4,1,0,1,4,4,4,4,4,3,4,6,5,3,3,3,2,3,3,3,2,3,3,2,1,3,5,5,4,5,5,4,2,2,2,4,4,4,2,4,6,8,8,7,3,2,2,2,4,4,6,5,3,3,4,3,4,4,3,3,3,4,3,3,3,3,4,3,1,1,1,1,1,1,1,1,2,0,2,4,4,4,3,2,6,5,4,3,3,2,1,2,5,4,4,4,4,3,1,1,3,3,3,3,3,3,3,3,3,4,4,3,2,1,2,4,2,4,3,2,1,2,3,2,2,2,1,1,2,2,2,3,4,3,2,2,4,5,4,2,3,3,3,2,3,3,4,4,4,3,4,2,3,3,2,3,3,3,3,4,4,4,4,3,3,3,4,3,4,3,3,4,4,2,4,4,4,3,3,3,1,1,1,1,3,3,2,2,2,2,2,4,4,4,4,4,1,1,1,1,1,1,1,4,3,1,2,4,5,4,2,1,4,2,2,3,2,4,4,4,4,4,3,4,5,4,1,2,3,3,2,2,2,2,3,3,2,3,4,4,3,3,3,3,4,4,5,3,2,3,3,3,3,3,4,3,3,4,5,4,5,5,4,2,1,1,1,2,2,3,1,2,4,7,6,3,2,1,3,4,4,2,1,1,3,3,4,5,3,3,3,4,4,4,4,3,3,4,4,3,3,4,5,5,3,2,4,4,4,3,2,2,3,3,2,4,7,6,4,4,4,3,3,3,2,3,4,4,5,4,3,3,3,3,2,2,2,2,2,2,3,3,3,3,4,4,2,2,3,4,3,3,2,2,3,4,4,4,5,5,5,5,4,3,2,3,3,3,3,3,3,3,3,4,4,2,4,4,4,2,3,5,4,5,4,6,6,5,4,3,3,3,3,3,3,2,1,2,2,3,3,4,4,3,2,1,1,1,1,2,4,4,1,0,2,5,7,6,4,5,6,8,7,2,2,3,4,4,3,2,3,4,4,3,3,3,4,4,2,3,5,5,6,7,3,1,2,2,3,4,4,3,4,4,3,3,3,3,4,6,3,3,4,3,4,5,3,3,3,3,3,3,3,3,5,5,4,4,4,4,4,4,4,4,4,4,2,1,1,2,4,3,3,3,3,2,2,2,1,2,2,1,3,3,3,3,3,2,3,5,3,5,7,5,3,4,1,1,1,2,4,5,2,2,3,2,3,4,3,2,2,1,1,3,3,3,3,3,2,2,3,3,3,2,1,1,1,3,3,3,3,2,1,3,4,4,1,4,6,3,2,3,5,7,9,7,5,3,1,0,2,4,4,4,5,4,2,1,2,4,4,3,2,2,2,1,2,4,2,2,2,2,2,2,3,3,3,3,3,3,3,3,3,3,3,3,4,3,3,4,3,3,1,2,2,4,4,4,5,5,4,2,1,2,2,4,5,3,1,1,1,2,1,1,1,2,2,3,4,3,4,2,1,1,3,3,3,2,2,0,1,2,2,4,4,4,2,2,2,4,4,3,2,2,3,3,3,4,4,4,3,3,4,4,3,3,3,3,1,1,1,2,3,2,2,2,3,3,3,3,2,2,3,2,2,2,1,1,2,3,3,5,5,4,3,5,5,3,3,1,1,2,2,1,2,3,3,2,3,4,4,4,4,4,3,2,1,3,5,3,1,2,2,1,1,1,1,2,4,3,1,0,1,2,1,2,2,5,4,1,1,1,1,1,3,1,1,2,3,3,4,4,2,1,2,4,3,3,2,4,5,5,4,3,3,4,4,4,4,2,3,4,2,1,1,1,3,4,4,3,4,4,3,3,3,3,2,2,3,3,3,3,5,6,3,2,2,3,3,3,2,2,2,2,4,4,4,3,3,4,4,3,3,4,4,2,1,2,6,5,3,2,3,5,5,6,5,2,3,4,3,3,3,2,2,4,5,4,2,1,2,6,5,3,3,4,5,6,5,4,4,5,3,2,4,5,5,2,2,2,3,4,4,4,3,4,5,4,4,3,2,2,2,2,2,3,4,4,4,4,2,2,4,4,6,5,4,4,5,5,2,2,2,2,3,3,3,2,2,3,3,3,3,3,3,3,1,2,2,2,2,3,3,4,5,4,4,4,4,4,4,4,1,1,2,3,3,3
158,5,3,3,1,1,3,4,4,6,4,2,4,4,4,5,5,3,1,1,1,1,2,2,2,2,2,2,2,3,4,5,4,4,2,1,2,2,2,2,2,2,2,2,2,4,4,4,2,2,3,3,3,3,3,2,1,2,5,6,6,4,3,4,4,4,4,4,3,3,4,4,4,3,2,4,5,4,3,4,4,3,2,2,2,2,3,3,3,3,3,3,4,4,4,3,3,1,3,4,3,3,3,2,2,3,6,5,3,3,5,7,6,5,4,2,2,2,2,2,1,1,1,2,2,2,4,5,5,3,3,1,1,1,3,3,2,1,2,2,2,2,2,3,3,4,2,4,4,2,0,0,0,1,3,2,3,3,4,5,4,2,2,2,2,2,3,2,3,3,2,4,5,4,3,2,4,5,2,2,1,2,3,3,2,4,5,2,3,4,5,6,3,2,3,3,3,3,3,3,3,3,3,2,2,2,2,2,2,2,3,5,2,1,1,1,2,3,6,5,5,4,3,2,3,4,4,1,0,1,2,3,1,2,6,6,2,2,3,2,3,5,3,2,3,4,4,4,4,4,2,1,2,3,3,3,4,3,7,4,0,2,5,5,3,1,2,3,3,3,2,1,1,1,2,3,3,3,3,4,4,4,2,2,4,5,4,5,5,4,3,3,3,3,2,2,2,4,4,3,4,3,3,3,3,2,3,3,3,3,4,4,4,4,3,3,3,3,2,2,2,3,3,3,3,3,3,3,3,3,3,3,1,2,6,7,7,5,1,3,3,3,3,2,1,1,2,2,2,2,2,2,1,2,3,2,3,5,5,3,2,3,2,3,4,4,3,3,4,4,3,2,2,2,2,3,3,2,2,3,5,5,4,4,4,4,3,3,4,6,6,4,4,3,1,1,2,2,1,0,1,3,5,3,4,5,5,5,4,2,7,8,7,6,4,4,3,2,4,4,4,2,3,2,3,3,4,4,4,3,3,3,5,6,5,6,7,6,5,5,4,4,3,4,4,3,3,1,2,2,3,2,2,3,3,3,4,3,3,3,3,2,3,3,3,1,2,1,1,1,1,3,3,2,4,4,4,4,4,4,4,3,2,3,5,5,6,6,5,5,5,2,3,4,4,3,3,2,4,5,4,2,2,1,1,2,2,3,5,5,4,3,2,2,1,2,3,4,3,2,2,3,3,2,1,1,2,4,4,2,2,2,4,4,3,3,4,4,4,4,1,1,3,4,4,4,2,3,4,4,4,3,2,3,5,3,2,2,2,3,4,4,5,5,5,5,5,5,4,1,1,1,1,1,1,1,2,4,3,3,3,2,3,4,4,4,5,3,3,3,2,3,4,4,1,2,1,2,4,4,3,2,2,1,1,1,1,1,3,4,2,3,4,5,5,5,3,2,2,1,1,1,1,2,4,4,3,2,2,2,2,2,2,2,4,4,3,3,2,2,2,4,3,3,2,3,3,1,1,2,3,3,3,3,3,3,1,2,2,4,6,4,2,2,4,4,2,5,6,2,4,5,5,3,4,3,4,5,5,6,5,3,2,4,3,2,2,1,2,2,3,3,3,3,3,3,3,3,2,1,2,4,3,4,4,5,4,3,3,3,1,3,5,4,2,3,2,1,1,1,2,1,2,3,4,6,8,7,4,3,1,2,4,4,4,4,4,5,5,4,2,3,5,5,5,4,3,3,3,3,2,1,2,3,4,4,3,3,3,3,3,3,3,3,3,3,3,4,3,2,2,2,5,6,6,5,2,0,1,2,3,3,5,6,5,3,1,1,1,1,2,3,4,4,3,3,3,3,3,4,4,4,3,3,3,3,4,4,4,4,2,2,2,3,3,2,2,2,1,2,2,4,4,4,3,1,1,2,3,3,4,4,2,1,3,2,3,4,3,3,3,2,3,4,4,3,4,3,3,3,2,2,3,3,1,1,3,4,4,3,2,2,3,3,3,2,1,3,5,5,4,3,3,4,2,2,2,4,6,6,6,5,2,2,2,2,2,2,1,2,5,4,4,5,5,3,4,3,3,2,2,3,3,4,4,4,4,3,4,4,3,3,4,7,4,3,3,2,2,2,2,3,1,2,3,3,2,3,2,2,1,3,2,2,2,1,1,1,1,2,3,2,2,4,4,3,1,5,5,4,3,4,4,4,5,4,4,4,3,3,4,3,4,3,2,2,2,3,3,3,3,3,4,5,4,4,3,1,4,3,3,3,4,6,3,1,2,1,2,2,1,1,1,2,3,1,0,1,2,2,3,2,1,2,3,3,3,4,4,5,2,1,0,1,3,3,3,3,2,3,3,2,3,2,3,3,3,3,3,3,3,3
159,5,4,4,2,3,3,3,3,2,4,2,3,4,5,5,4,2,2,3,5,5,3,3,3,3,4,3,4,3,3,2,3,3,3,2,2,2,2,3,3,4,4,3,2,2,2,2,2,2,4,4,3,4,4,4,3,4,4,3,1,2,3,2,4,3,2,4,5,6,5,4,4,5,4,4,4,3,4,3,4,4,5,5,5,5,4,4,4,4,1,1,3,3,1,1,2,3,2,3,4,4,1,1,1,3,4,4,4,4,4,5,4,5,3,1,0,1,5,7,4,1,1,0,0,1,5,5,3,2,5,4,5,5,6,6,6,3,3,3,2,2,3,3,3,3,3,4,4,4,4,4,4,4,1,1,3,4,5,5,3,2,1,1,2,2,3,3,3,3,5,4,4,4,4,4,4,4,3,2,3,3,3,2,3,3,3,2,2,2,2,2,3,3,1,1,2,3,4,5,4,3,2,2,2,3,3,3,2,2,1,3,4,6,6,6,4,5,5,5,6,6,6,4,4,4,2,2,5,6,4,1,2,2,4,4,4,4,3,3,2,4,3,2,2,2,3,3,4,2,2,2,4,3,4,4,3,1,0,0,2,1,3,4,3,1,1,2,2,3,3,2,3,2,2,2,2,2,2,2,2,2,2,2,2,3,4,4,3,3,4,4,3,3,5,6,8,7,5,4,4,4,4,2,2,1,3,4,5,3,2,2,1,3,3,3,2,1,2,2,2,1,3,5,4,3,3,3,5,6,3,3,3,3,3,3,3,3,4,6,6,6,6,6,4,5,5,4,4,3,2,4,4,4,4,5,2,2,2,5,7,6,2,3,2,4,4,6,4,4,1,2,3,3,1,1,3,3,1,2,2,2,2,2,4,2,1,2,5,5,5,4,2,2,2,2,2,3,3,3,3,5,3,3,3,3,3,3,3,3,2,2,3,3,3,4,2,3,6,5,5,6,6,3,4,4,1,1,2,2,3,2,2,2,5,4,4,3,3,2,2,1,3,3,3,3,3,3,3,4,2,3,2,2,2,2,2,2,1,1,1,2,2,4,4,4,6,4,3,2,4,4,1,2,7,7,5,4,4,5,3,2,2,2,2,3,3,3,2,3,2,2,2,4,4,4,2,1,2,3,5,3,3,2,3,4,4,4,4,4,4,4,4,4,5,4,6,5,4,3,3,3,2,3,5,5,5,5,3,3,2,1,2,5,5,3,1,1,2,1,2,3,3,3,2,2,4,4,3,2,2,3,5,4,1,3,3,2,1,1,2,3,3,1,2,3,2,3,2,2,2,2,3,2,2,2,1,1,3,4,4,2,2,2,3,3,3,4,2,1,2,4,4,2,3,3,0,0,1,4,4,2,3,5,5,4,2,2,4,3,2,2,2,1,2,3,4,4,3,4,4,5,5,3,3,2,3,3,3,3,3,3,3,4,1,1,1,1,2,2,2,2,5,4,2,2,0,0,2,5,5,3,4,3,3,3,3,2,3,4,5,5,4,4,3,4,3,2,2,2,2,1,2,1,3,3,3,3,3,3,3,3,3,2,2,1,1,1,2,2,4,2,2,3,3,3,4,4,5,4,4,3,3,3,4,4,2,1,2,2,2,3,3,2,1,1,2,2,2,3,4,4,3,5,4,3,3,3,2,0,4,4,2,3,4,5,4,2,3,2,1,2,1,1,1,1,3,4,4,5,2,2,1,2,2,1,1,1,1,1,1,2,1,2,2,1,1,2,2,1,4,3,3,4,4,4,3,2,2,2,4,4,4,4,4,4,1,0,0,1,1,2,1,1,2,3,3,3,4,4,4,3,4,4,4,4,4,4,4,2,2,2,2,3,3,3,4,5,2,2,2,2,2,2,2,2,2,2,3,3,3,4,3,4,0,3,3,4,2,3,6,6,1,3,4,5,5,3,1,0,1,2,3,3,2,1,0,1,2,1,1,3,4,3,1,1,2,2,2,2,2,2,2,2,2,3,4,3,5,6,6,2,2,2,3,2,2,2,3,2,2,4,4,3,4,4,2,0,2,4,4,5,4,4,2,2,3,3,3,3,3,3,3,3,3,2,2,2,2,3,2,2,1,1,5,3,2,2,5,6,2,1,2,3,3,2,3,4,4,4,4,4,5,4,2,1,4,2,2,1,1,3,3,3,3,2,1,2,3,3,2,1,0,1,2,3,3,2,3,2,6,4,4,4,4,4,4,3,4,2,1,5,7,7,7,6,1,2,3,2,1,1,1,1,1,3,2,4,4,5,4,5,1,1,5,5,3,2,1,1,0,1,3,3,5,5,6,6,3,3,2,2,2,2,3,3,3,3,3,3,3,3
160,4,0,2,4,4,2,1,3,5,3,2,1,2,3,3,3,2,2,3,3,1,1,2,4,5,4,2,2,4,5,5,3,2,2,3,4,6,6,6,7,4,1,4,4,3,3,3,5,5,2,1,1,2,2,2,1,1,4,3,1,2,2,3,4,3,0,2,5,6,5,3,2,2,8,6,4,3,2,3,1,1,1,3,4,4,3,2,2,3,3,4,4,3,4,5,5,3,2,3,3,3,1,1,3,4,1,1,3,4,4,4,3,3,3,3,3,2,3,1,2,3,7,4,4,4,3,2,3,5,7,4,5,4,4,4,4,2,2,3,3,4,4,3,2,1,1,3,5,5,2,1,1,1,2,2,2,2,2,2,3,3,2,3,3,2,3,3,2,0,2,4,5,5,4,4,4,5,3,0,2,3,3,4,4,4,3,1,0,2,3,2,2,5,1,1,4,5,3,2,1,2,4,4,1,1,1,3,1,1,0,2,2,3,3,4,2,4,2,2,2,2,2,2,2,4,4,5,4,4,4,4,4,4,5,3,4,3,4,3,2,0,1,1,1,2,2,3,5,5,3,3,4,4,4,3,2,2,3,3,3,3,3,3,3,3,4,5,2,1,2,1,1,2,2,2,3,3,3,2,3,3,1,1,2,2,3,3,2,2,2,2,2,4,3,5,4,4,2,4,6,4,3,2,3,4,3,3,3,3,3,3,3,3,5,4,4,3,2,1,0,0,3,4,4,4,4,3,4,3,3,3,3,3,3,3,3,3,2,2,3,3,3,3,4,4,4,4,4,4,4,4,4,4,2,4,4,3,3,2,4,6,2,2,3,4,3,2,3,4,2,1,3,3,4,4,4,4,5,3,5,3,4,5,5,5,3,4,3,3,4,4,4,4,1,1,0,0,1,1,4,6,6,5,4,2,1,1,4,6,3,3,2,3,3,4,4,4,2,2,3,4,4,4,4,3,4,4,3,2,3,4,5,6,4,4,3,3,3,3,3,3,1,2,2,3,4,5,5,6,4,4,4,4,4,4,4,4,2,2,2,3,2,3,3,3,4,3,4,5,5,5,4,2,2,2,2,3,4,5,4,3,1,1,5,4,2,3,1,1,3,2,3,3,2,2,1,1,4,4,4,4,4,4,4,4,5,3,3,3,3,1,1,0,3,4,6,5,4,5,5,3,4,4,2,3,4,2,1,2,4,3,2,1,2,2,2,1,5,5,4,4,4,4,1,0,3,3,3,3,4,4,4,4,4,3,1,3,4,5,3,2,1,2,2,2,3,3,2,2,0,3,6,4,2,3,6,5,2,3,5,6,5,5,6,7,4,4,4,3,3,3,2,2,0,0,1,1,1,2,2,2,1,2,2,2,1,1,3,4,1,1,3,3,2,2,4,3,3,3,3,3,3,3,3,3,2,3,4,3,4,4,3,2,0,1,2,2,4,4,4,3,2,2,3,3,3,4,3,2,1,1,1,3,3,2,4,4,3,3,2,2,3,3,1,1,3,2,1,1,3,3,3,4,2,2,1,1,1,3,3,3,3,2,3,3,2,2,2,2,2,3,2,1,1,2,3,4,2,2,2,3,4,4,5,5,4,4,4,4,3,3,3,3,4,4,3,3,1,1,3,3,5,4,2,1,1,1,1,1,1,4,4,3,2,1,1,1,3,3,3,3,3,3,3,3,2,2,2,2,2,1,1,1,4,4,4,4,5,5,6,7,2,1,1,2,2,3,2,1,2,2,2,2,2,2,2,2,1,1,2,3,3,4,3,3,3,2,3,4,3,4,4,4,3,3,3,2,3,3,2,1,1,1,1,2,4,6,6,3,1,1,1,1,2,1,2,2,3,3,4,3,4,3,3,4,3,2,1,2,2,2,1,2,4,4,4,4,4,4,4,4,3,3,2,2,1,1,1,0,2,2,1,1,2,2,3,3,2,2,2,1,1,3,3,2,6,5,3,3,3,3,5,6,1,1,2,3,3,1,2,3,1,1,1,1,2,3,3,4,3,3,3,3,2,2,3,4,3,3,4,4,4,4,4,4,2,2,2,2,2,2,2,2,3,3,3,3,3,4,4,4,3,3,2,1,3,3,4,3,1,2,3,4,4,5,4,4,2,2,2,2,1,2,3,2,3,1,1,2,2,2,3,3,3,3,3,3,3,3,3,3,3,3,2,2,4,4,3,1,3,3,2,3,3,2,4,3,3,2,1,1,2,2,4,4,3,2,2,3,5,5,5,4,3,3,4,4,4,4,5,5,6,6,4,3,1,1,2,3,4,4,4,3,3,2,2,2,5,5,4,4,4,4,4,4,2,2,2,2,2,2
161,2,7,4,3,4,4,2,1,0,1,2,4,4,3,3,3,2,2,3,4,4,3,2,1,1,1,1,1,1,1,1,1,2,1,3,3,3,2,2,2,2,2,2,2,2,1,1,2,4,4,3,4,4,4,3,4,2,2,2,2,2,4,4,1,2,4,4,4,4,4,4,4,5,5,5,4,3,2,2,1,0,1,3,3,2,3,3,3,3,3,4,5,5,5,4,2,2,1,1,2,3,2,3,3,3,5,4,3,4,5,4,4,5,3,3,3,2,2,2,2,4,4,3,2,2,3,3,1,4,4,4,4,3,4,4,4,4,4,4,3,5,6,6,4,2,5,4,2,1,1,2,4,5,3,4,4,3,3,3,3,3,3,3,3,3,3,1,1,2,3,3,3,4,3,3,3,3,5,3,5,6,4,4,5,3,1,1,1,1,1,1,1,1,1,1,1,2,2,2,2,2,1,1,1,1,2,2,3,3,2,3,3,3,4,3,3,3,2,3,3,4,5,5,4,4,3,3,3,3,3,3,3,3,5,5,4,4,4,3,3,3,2,2,2,2,3,3,3,3,2,2,2,2,3,3,3,3,3,3,3,4,3,4,4,4,4,4,4,4,4,4,4,4,3,3,2,2,2,2,2,2,1,2,3,3,2,1,3,4,3,3,4,4,4,2,1,2,3,2,2,2,3,3,4,4,3,3,3,3,3,3,3,2,4,5,4,4,4,3,2,2,2,2,2,2,2,1,1,1,4,4,3,3,4,4,5,5,3,3,3,3,3,3,3,3,2,3,3,3,3,3,4,4,4,2,4,6,5,6,8,7,3,3,5,4,2,3,5,3,3,3,3,3,3,3,3,3,1,1,2,4,5,5,4,3,8,6,5,4,3,3,3,4,5,2,2,1,2,1,1,1,3,2,2,2,2,2,2,2,3,1,2,2,2,2,3,2,9,7,1,0,1,2,5,6,4,4,3,2,2,4,6,9,3,5,6,5,3,3,5,1,3,3,3,4,4,4,4,4,1,0,1,2,3,3,3,3,2,2,2,3,2,3,3,4,4,4,6,6,7,6,5,6,4,4,4,4,4,3,3,2,2,4,3,2,2,2,3,4,6,4,4,3,2,2,3,3,2,2,1,1,1,1,2,2,5,4,4,3,2,2,1,1,3,3,2,3,3,3,3,3,4,4,4,5,5,5,5,6,2,2,1,1,3,3,3,2,3,5,5,5,4,3,3,3,4,3,3,3,3,3,3,3,3,2,2,2,2,2,1,1,2,2,2,2,2,2,2,4,2,2,4,3,3,3,2,4,5,5,5,3,3,3,1,1,1,1,1,2,2,2,2,3,2,1,1,1,1,1,1,1,2,3,1,0,0,2,2,2,3,2,2,2,2,2,2,2,2,3,3,3,3,3,3,3,3,3,3,3,3,3,3,3,3,3,3,3,3,3,3,3,3,3,5,5,5,3,2,3,2,3,4,4,4,4,3,2,6,4,5,4,5,4,2,2,4,4,3,2,2,1,2,3,3,2,3,4,4,4,4,4,3,2,2,2,1,1,1,1,4,3,3,4,3,3,3,3,2,2,1,1,1,2,4,5,4,3,3,3,2,3,4,4,5,4,1,2,2,3,3,2,6,5,3,2,2,3,4,5,4,3,2,2,0,2,3,3,2,2,1,1,1,2,4,3,3,3,3,3,3,3,3,2,2,3,4,2,1,0,1,0,1,3,3,3,2,1,0,0,1,2,2,1,1,1,1,2,1,1,1,1,2,3,5,7,2,1,1,1,1,1,1,0,3,3,3,3,3,3,3,3,4,4,4,4,4,2,2,2,4,4,4,4,4,4,4,3,1,1,1,1,3,2,2,4,3,3,3,3,3,3,3,3,1,2,2,3,2,3,3,3,2,2,2,2,2,3,3,2,2,2,3,2,2,1,1,1,1,1,0,1,1,3,4,4,0,1,4,4,5,4,3,2,2,2,2,3,3,3,4,3,3,3,2,2,2,1,1,1,0,2,5,2,1,5,5,0,3,1,2,3,4,4,2,2,3,4,5,4,3,3,2,3,1,1,1,2,2,2,2,2,4,3,3,2,3,4,4,4,1,0,1,2,0,1,5,3,4,4,4,4,5,6,6,5,3,2,2,5,6,5,4,3,3,3,3,3,3,3,3,3,0,1,2,1,3,2,5,6,4,4,2,2,3,2,3,3,4,2,2,1,1,1,2,1,2,4,4,4,4,3,3,2,3,3,3,3,3,3,3,3,4,4,4,3,3,2,3,3,2,2,2,2,2,2,2,2,5,4,2,1,1,2,4,5,2,2,2,2,2,2
162,5,3,2,1,1,3,3,1,1,1,1,1,1,2,3,3,3,2,2,2,3,2,1,1,2,1,1,2,3,3,1,1,2,1,2,3,3,2,1,3,4,0,1,2,2,4,3,4,5,4,3,3,3,2,2,3,3,3,3,4,4,4,4,3,3,3,3,3,3,3,3,3,3,3,4,2,2,2,1,2,2,2,4,4,3,4,3,2,2,4,4,3,3,2,4,5,6,4,4,4,3,3,3,3,4,6,4,2,3,3,3,3,4,7,4,1,0,0,1,4,6,3,2,3,4,4,3,4,4,2,2,2,3,4,5,4,2,2,3,1,3,3,2,3,1,1,2,2,2,2,2,2,2,3,4,4,4,4,6,4,2,3,3,3,3,3,2,3,3,3,3,4,4,4,4,5,5,4,4,4,5,4,4,4,2,6,5,3,2,3,4,4,1,3,4,3,2,2,1,3,3,3,5,5,5,5,3,2,3,5,7,6,4,3,3,2,2,5,6,6,5,5,4,4,4,2,2,2,2,1,1,1,1,0,2,3,3,2,1,2,1,1,1,3,4,4,3,1,1,1,1,1,1,2,2,2,2,2,2,2,3,2,2,3,3,2,3,5,5,5,6,5,6,5,3,4,3,3,4,4,2,0,0,2,3,3,4,4,3,3,3,3,3,1,1,1,1,0,0,1,3,4,4,4,3,2,4,2,1,3,4,3,3,4,3,2,2,2,2,3,2,2,2,2,2,2,2,2,3,3,2,3,5,7,5,3,1,4,5,3,5,5,4,3,3,1,1,3,3,5,5,3,1,2,3,3,2,4,4,5,6,3,2,3,3,3,4,4,5,4,3,5,5,5,4,4,3,3,3,3,4,5,5,6,5,4,5,2,2,2,1,4,3,4,4,3,3,3,3,3,3,3,4,4,3,3,2,2,3,5,6,4,3,4,3,3,3,7,5,6,4,4,3,3,1,2,2,2,2,2,2,2,2,2,2,5,5,4,2,1,1,2,2,2,2,2,1,1,1,3,4,3,2,4,5,2,3,3,2,2,2,2,2,2,2,0,1,1,2,1,1,2,3,4,3,3,4,5,5,4,3,3,1,1,2,3,4,6,8,9,6,2,3,4,4,3,6,2,2,3,4,5,4,4,4,4,4,3,3,3,3,2,3,2,2,3,2,2,3,3,3,1,2,3,4,4,3,1,2,2,2,3,2,2,1,2,2,3,3,3,2,4,4,4,4,2,2,2,2,3,3,3,3,4,3,1,1,4,4,5,4,2,2,3,3,3,3,2,3,1,1,3,3,3,2,1,2,2,4,4,5,4,2,2,4,5,4,3,2,2,1,2,2,3,2,1,3,4,2,2,2,2,3,4,4,3,3,2,3,2,2,2,2,2,2,2,2,2,4,6,7,8,6,4,3,3,2,1,1,1,2,3,2,2,2,3,3,2,1,1,2,2,2,2,3,3,4,4,4,3,3,3,3,1,1,1,3,1,2,4,2,2,1,2,2,2,2,2,2,2,2,2,3,4,3,2,2,2,3,4,3,3,2,3,3,2,2,2,2,1,1,3,4,3,2,1,3,2,1,1,2,2,4,5,5,4,4,3,3,3,2,2,3,4,5,6,4,4,3,3,4,4,5,5,3,1,2,1,1,0,3,5,4,2,0,1,0,1,1,2,2,3,3,3,3,4,3,1,2,4,4,3,1,0,2,2,3,4,3,3,3,3,2,2,2,2,3,2,3,3,3,3,3,3,3,3,3,2,4,5,5,4,2,2,3,2,2,3,2,3,2,1,1,3,3,3,3,3,3,3,3,4,5,4,4,3,3,3,2,3,3,2,2,3,5,5,3,2,2,3,3,2,3,3,2,1,2,1,1,1,1,2,4,4,3,4,5,5,4,3,3,4,3,3,3,3,3,3,3,1,3,2,2,4,5,5,6,1,1,2,3,4,3,2,2,4,4,2,2,3,2,2,4,3,2,2,1,2,5,5,3,1,0,0,2,4,4,3,3,2,1,1,3,3,4,1,3,1,1,2,2,2,3,4,3,1,3,4,3,2,3,3,3,1,1,1,1,1,1,2,2,2,2,3,3,4,5,5,5,4,4,5,5,3,1,2,3,1,1,3,1,1,3,4,4,6,4,2,1,0,0,0,1,2,2,2,1,2,2,4,5,3,1,1,1,1,1,1,2,1,1,2,1,1,2,3,4,3,3,3,3,3,3,3,3,3,3,3,3,3,3,3,3,2,1,1,2,2,3,3,3,5,3,4,5,2,2,5,4,3,2,4,3,4,4,3,3,4,4,4,4,4,4,4,4,3,3,3,3,3,3
163,3,2,1,2,2,3,4,3,2,3,3,4,3,5,6,4,2,3,3,1,1,2,1,2,2,5,5,4,2,3,3,2,3,4,3,3,4,5,6,5,4,0,1,1,1,1,2,4,5,3,3,2,3,3,1,1,1,3,4,4,3,4,5,5,3,2,3,5,6,3,0,0,1,1,1,1,1,1,1,1,0,2,3,4,3,3,2,2,2,2,4,4,3,2,1,1,1,2,1,3,3,3,3,3,4,5,6,2,1,1,1,2,4,4,3,2,2,3,2,3,4,6,5,2,2,2,2,3,3,5,4,3,6,8,9,7,2,3,5,3,4,4,5,5,4,4,4,4,4,4,4,4,4,1,1,3,3,3,2,2,3,2,4,5,6,5,5,4,4,3,3,3,3,4,6,7,8,4,2,2,2,5,5,5,3,4,5,4,4,3,4,4,4,3,4,3,3,3,3,2,2,3,3,3,3,3,3,3,3,2,3,3,3,3,3,2,3,4,5,5,4,5,5,5,3,5,4,3,3,3,3,3,3,3,4,4,4,4,3,3,3,2,0,2,2,3,3,2,2,2,4,4,4,5,4,4,3,4,5,3,2,2,2,2,3,3,2,3,4,4,4,3,2,4,4,3,3,3,2,3,3,2,2,2,1,1,2,3,3,1,1,1,1,2,2,1,0,1,2,5,5,4,2,3,5,3,3,4,4,3,3,3,3,3,3,3,3,2,2,2,3,2,1,2,2,2,2,3,3,1,2,6,7,5,3,2,5,7,6,5,2,2,2,4,4,4,3,2,3,3,4,4,5,3,2,1,2,3,3,4,3,3,3,3,3,4,4,4,4,2,4,4,3,3,4,4,3,1,4,6,6,4,2,2,4,4,5,5,4,3,1,3,2,4,4,3,2,2,4,5,5,5,8,6,4,5,3,4,5,0,0,2,4,6,5,4,3,3,3,2,2,3,4,4,3,2,4,4,4,3,1,3,4,4,2,4,4,4,2,2,6,3,3,2,2,2,3,3,2,1,1,1,3,3,4,4,4,2,1,2,2,2,2,2,1,3,4,4,4,3,2,3,7,5,3,4,3,2,2,3,2,3,5,5,4,3,3,4,4,2,2,4,3,3,3,1,2,2,2,3,4,4,3,2,2,3,2,3,3,4,4,4,5,2,3,2,2,2,2,2,2,4,4,5,2,1,2,4,2,3,5,4,2,2,2,3,4,4,4,2,2,4,4,3,2,1,1,2,3,2,3,3,2,5,4,4,3,3,2,2,1,6,4,3,4,4,3,3,2,2,1,1,2,3,3,3,2,2,2,4,4,4,5,4,1,4,4,4,3,3,3,2,2,2,2,2,2,1,1,2,2,3,3,5,5,5,5,4,4,1,0,1,1,2,4,4,1,3,5,4,3,1,2,2,1,3,3,2,2,2,3,3,3,0,2,3,2,2,2,3,3,4,2,1,3,4,5,4,2,5,4,3,2,3,4,4,5,2,2,2,3,3,4,3,2,2,2,2,2,2,2,2,2,2,2,4,4,4,4,4,4,4,4,5,5,5,5,4,3,0,0,4,4,3,3,3,1,2,1,1,2,2,2,2,3,2,2,2,2,2,2,2,2,2,2,2,2,2,2,2,2,3,3,3,3,2,2,2,3,5,3,3,2,2,1,3,3,1,1,1,2,2,3,3,1,3,3,4,4,3,3,3,4,3,2,2,2,2,4,4,4,2,2,3,2,3,3,3,4,3,3,3,3,2,1,1,1,1,2,5,4,3,3,3,3,4,2,4,5,2,2,2,2,2,2,1,2,3,3,2,1,3,3,3,2,2,2,2,3,4,3,2,3,3,4,5,4,3,3,3,3,3,3,3,3,4,3,3,5,6,4,5,7,2,3,2,1,2,3,3,5,4,3,3,3,4,4,4,4,4,4,3,3,3,3,3,2,1,3,2,2,3,4,4,2,4,2,1,3,4,4,4,4,2,1,1,1,3,4,5,4,4,3,3,2,3,2,2,0,2,1,0,0,1,3,3,1,5,3,3,4,4,4,4,3,3,3,3,3,3,4,3,3,2,2,3,3,3,3,2,2,3,4,2,2,2,3,3,1,1,1,3,5,5,5,5,4,3,2,3,3,2,3,3,5,5,4,4,2,3,2,2,3,4,3,2,3,2,2,2,2,4,4,3,3,3,3,3,3,2,2,2,2,2,2,2,2,1,2,2,3,2,2,3,5,2,3,3,4,4,4,4,4,3,2,2,2,1,2,3,3,2,2,2,2,2,2,2,2,3,4,4,3,2,2,2,2,4,3,3,5,5,3,2,2,2,2,2,2,2,2
164,4,5,4,3,1,2,6,4,2,3,4,5,6,5,5,3,1,3,2,1,1,1,2,4,4,3,3,3,1,1,1,1,3,4,4,4,3,2,2,2,3,3,2,3,4,4,4,3,4,4,3,3,2,1,1,1,1,2,2,2,2,3,3,3,3,3,4,4,3,2,2,3,7,5,2,3,5,4,3,5,5,3,3,3,2,2,1,3,2,2,2,2,2,3,2,2,2,3,3,2,3,3,3,5,3,0,2,3,3,3,3,3,3,2,3,4,4,1,1,4,4,3,2,3,3,2,1,3,3,2,4,4,3,5,7,6,3,2,2,4,3,2,1,1,3,2,4,5,4,3,2,3,3,4,4,3,3,3,3,3,3,2,4,4,3,3,2,4,4,2,2,2,3,4,4,3,3,5,5,3,2,3,4,5,6,2,2,4,4,4,4,1,0,1,2,3,1,1,0,1,3,5,4,5,5,5,4,3,3,4,3,3,2,2,2,3,2,6,5,4,2,2,3,3,2,4,4,4,3,3,4,4,4,2,2,5,4,1,1,3,3,1,1,1,1,1,1,1,1,1,2,2,2,2,1,2,3,4,3,4,2,1,2,2,4,5,5,5,3,3,4,4,3,4,3,4,4,4,4,2,3,2,1,1,2,1,2,1,1,2,2,3,3,3,3,4,4,3,3,4,4,2,2,4,4,4,2,2,2,3,2,1,1,5,5,3,1,2,3,4,2,4,4,4,4,3,4,2,3,4,3,3,3,2,1,1,2,0,5,8,5,1,3,4,4,6,5,4,2,3,3,3,4,3,3,1,1,3,4,4,2,3,4,3,3,3,2,3,2,2,2,2,3,3,4,4,4,2,2,3,3,2,3,4,6,7,5,4,4,4,5,4,2,1,2,2,3,3,2,1,2,5,5,5,5,5,5,5,5,4,3,1,3,3,2,3,3,3,2,2,2,2,3,3,2,2,2,2,2,2,2,2,2,3,2,1,1,3,4,5,4,2,2,2,2,1,1,1,2,2,2,2,1,2,2,3,4,2,1,2,2,4,3,3,3,2,2,2,2,3,3,3,3,4,4,5,3,1,2,3,2,1,2,2,3,3,3,3,4,6,3,4,4,4,3,2,0,3,2,1,2,3,3,2,2,4,2,1,1,3,4,5,4,3,4,4,4,5,5,5,4,3,3,3,5,5,3,3,4,4,4,4,4,4,4,4,5,7,6,5,5,3,3,2,0,2,4,3,2,1,2,4,4,3,1,1,2,4,6,5,1,0,4,3,3,2,1,2,3,4,4,4,4,4,4,4,4,3,3,3,3,3,3,3,3,1,1,2,2,2,2,3,3,3,2,2,3,3,4,4,4,3,3,4,4,4,4,4,5,6,4,5,7,7,5,3,2,1,4,8,9,9,7,6,7,3,1,1,1,2,1,1,1,3,4,3,2,2,1,2,2,3,3,3,3,3,3,2,3,5,4,4,5,6,6,4,3,2,1,2,3,2,4,6,4,1,2,2,2,2,2,2,3,2,2,1,3,3,3,1,3,3,1,2,2,1,2,2,3,2,3,4,4,2,3,1,1,3,3,3,2,3,4,4,4,3,3,3,3,3,1,1,1,4,4,4,4,3,3,3,3,2,2,4,4,3,2,2,1,1,1,2,2,3,3,2,2,1,1,1,2,2,2,2,2,1,2,1,2,1,2,1,4,2,2,4,3,2,2,3,3,5,4,2,1,1,2,4,5,1,1,1,1,1,1,1,1,4,5,6,7,5,3,3,5,3,3,3,3,4,3,3,3,3,3,4,4,4,3,1,2,4,6,7,6,5,4,5,6,1,3,4,4,4,3,3,3,4,3,3,3,3,3,3,3,2,2,2,2,2,2,2,2,3,3,3,3,3,3,2,1,2,4,3,3,3,2,2,1,3,3,4,4,4,4,3,3,3,1,2,1,2,1,2,2,2,4,4,4,4,4,3,3,4,3,4,3,3,0,0,2,3,3,3,3,4,3,3,4,4,3,3,4,4,4,5,4,3,3,3,3,3,3,3,2,2,2,2,3,4,4,4,3,1,2,2,1,1,1,2,3,1,2,4,2,0,0,3,3,4,3,3,3,4,4,4,3,6,4,3,2,3,2,2,3,3,2,2,2,3,5,5,2,2,2,3,3,3,3,3,2,2,1,3,4,5,5,3,4,1,1,1,1,1,2,2,2,2,1,3,3,4,4,4,3,2,1,3,3,4,4,3,5,4,3,3,3,3,3,3,3,3,3,3,2,3,3,3,4,1,2,3,3,1,1,2,3,3,3,4,3,3,4,4,4,1,1,2,2,2,2
165,3,2,4,5,4,2,1,0,2,1,1,2,2,4,4,5,4,2,2,3,4,3,4,3,4,1,2,2,3,2,4,5,6,2,2,4,4,4,3,3,3,1,3,4,4,3,3,4,4,2,3,2,1,1,1,1,1,4,5,6,5,3,2,2,4,2,2,2,2,2,1,3,4,4,4,3,3,3,2,2,2,2,3,4,3,4,3,3,1,3,2,1,2,3,3,3,3,4,3,3,3,4,4,4,3,10,6,5,5,1,1,4,4,2,1,1,2,2,1,3,4,5,3,2,2,2,3,2,1,5,6,3,0,0,2,3,3,1,3,3,5,5,5,3,2,3,3,3,3,3,3,3,3,3,3,3,4,4,4,3,2,3,3,3,2,2,2,3,3,5,5,5,5,4,4,5,5,4,3,3,3,3,3,3,3,3,3,3,3,3,3,3,3,2,1,3,6,5,1,0,1,1,2,2,2,2,2,2,2,0,1,1,1,2,2,2,2,5,5,4,4,4,2,1,1,1,1,2,3,2,2,3,5,2,2,2,2,2,2,2,2,2,2,3,4,5,6,6,5,4,2,2,2,2,2,1,1,5,5,3,2,3,3,2,2,5,5,5,5,5,5,5,4,1,2,3,4,4,3,3,3,1,1,2,1,1,1,2,3,4,4,4,4,4,4,4,4,1,1,3,3,3,3,3,3,5,6,7,8,7,6,5,4,2,2,2,2,2,2,2,2,2,3,3,3,3,3,3,1,2,2,4,5,4,3,2,2,2,3,3,3,3,3,3,3,1,2,4,4,3,2,2,5,5,3,2,2,4,5,5,4,5,5,5,5,6,5,5,6,5,3,3,2,2,2,4,4,1,2,5,5,4,5,4,3,4,4,4,4,4,4,2,2,4,5,5,3,3,1,1,1,3,3,3,3,3,3,3,3,2,3,4,3,3,3,3,2,4,2,1,2,4,5,3,1,3,3,4,5,4,4,4,4,1,2,3,3,3,2,1,2,4,5,4,4,3,3,2,2,4,3,3,4,4,4,4,4,1,1,1,1,2,1,2,2,1,2,2,3,3,2,0,0,5,5,5,4,3,1,2,1,1,2,3,4,4,5,6,6,4,4,4,3,1,1,2,3,4,4,4,4,3,4,3,2,3,3,3,3,3,3,4,3,3,2,1,2,3,3,2,1,5,4,3,3,3,1,2,1,6,4,4,6,6,5,7,6,3,2,1,1,3,4,4,3,2,1,2,2,2,2,4,4,6,4,3,3,3,5,5,4,2,3,2,2,4,4,4,3,2,3,3,3,3,3,3,3,2,1,2,4,3,2,2,3,3,4,3,4,3,2,4,5,1,2,2,1,1,2,2,1,2,2,1,2,2,3,3,1,1,2,2,2,2,2,2,5,7,5,3,2,3,3,4,3,2,2,2,2,2,2,2,2,3,4,4,2,1,0,0,2,2,2,2,2,2,2,2,2,4,3,1,1,2,5,6,6,5,4,1,1,3,4,4,3,5,3,2,1,3,5,3,1,0,1,2,3,4,4,3,3,2,1,1,2,2,2,2,2,3,4,4,3,3,2,1,1,0,2,2,3,3,3,3,3,2,3,3,4,4,3,3,3,2,2,2,4,4,2,1,3,6,5,4,3,3,2,3,3,1,1,1,1,1,1,1,1,2,3,3,3,2,2,3,3,2,3,3,4,4,3,4,5,4,4,4,4,4,4,3,3,2,2,3,3,4,4,4,3,5,3,3,4,3,3,2,2,2,2,2,2,2,2,3,4,4,4,3,2,3,4,2,2,4,3,3,3,3,3,3,3,2,2,2,3,3,4,3,2,4,4,4,4,4,4,4,3,4,4,2,1,3,2,2,3,1,0,4,5,4,3,3,3,2,2,2,2,3,3,1,1,1,1,1,1,1,1,3,2,1,2,2,2,3,4,5,5,2,2,1,2,3,3,2,2,1,2,3,2,2,2,2,2,3,3,3,3,3,3,3,2,3,4,4,3,3,2,3,3,3,3,4,4,4,5,4,4,2,2,2,2,2,2,2,2,1,3,4,3,2,1,4,7,4,4,4,3,3,3,2,2,2,4,5,4,3,2,3,4,3,3,3,2,3,3,3,3,3,4,4,4,2,3,4,4,1,3,3,1,1,2,2,0,1,1,2,2,2,2,1,2,1,1,1,1,2,2,2,2,4,4,4,4,4,4,5,5,1,1,2,2,3,3,3,2,3,3,3,4,3,3,2,2,3,2,2,3,4,5,7,7,4,4,3,3,2,2,1,1,3,3,3,3,4,4,3,3,1,1,3,4,4,3,2,2,3,3,3,3,3,3
166,2,3,3,3,4,4,4,5,4,2,4,4,3,2,3,4,4,4,4,4,2,2,1,1,2,2,2,2,3,3,4,5,5,4,4,3,4,3,3,3,4,5,5,4,4,4,3,3,3,4,5,3,3,1,2,4,4,4,4,3,3,4,4,3,3,0,1,3,4,5,5,4,3,4,3,3,3,2,2,1,3,6,5,4,3,3,5,4,4,1,1,2,4,3,2,2,3,6,5,5,5,5,5,5,5,3,3,2,3,6,6,7,5,4,3,2,3,3,1,0,2,6,5,5,4,4,3,3,3,6,4,5,6,6,6,5,4,5,4,6,6,6,5,3,4,2,2,3,4,4,5,4,3,1,4,2,3,3,2,2,3,1,1,1,1,1,1,1,2,2,3,2,2,2,3,5,8,7,6,7,7,5,4,3,2,2,1,1,2,3,3,2,1,3,3,3,3,3,3,3,3,5,4,2,2,3,3,3,3,2,2,1,1,1,1,1,1,3,4,3,4,4,3,3,3,1,1,2,2,1,1,1,1,3,3,2,2,2,2,2,2,2,1,2,3,4,3,2,3,4,1,2,3,3,2,2,1,2,2,2,1,0,1,1,1,1,1,2,3,2,2,2,2,6,3,1,1,3,5,4,1,0,1,3,3,4,2,4,5,4,4,3,4,4,3,3,5,4,2,2,3,3,4,5,4,2,3,4,4,2,1,2,4,5,3,3,3,3,3,1,1,4,3,3,3,3,3,3,3,3,2,2,3,3,2,3,3,2,3,2,2,2,2,3,4,3,1,1,1,1,2,2,1,1,2,4,5,4,3,2,1,3,3,3,3,3,3,3,3,3,2,3,3,3,3,3,3,4,4,3,3,4,3,4,4,3,6,6,4,2,2,3,4,2,2,2,2,2,2,2,2,2,1,2,3,2,2,5,6,5,6,6,5,3,3,1,3,7,7,5,4,3,2,3,2,1,3,3,2,1,2,4,6,8,6,5,6,6,5,4,4,4,3,2,4,4,3,2,3,4,1,2,3,3,2,4,4,1,0,3,5,5,4,2,1,2,3,4,4,4,4,4,4,4,3,4,4,4,3,3,1,5,3,4,5,6,7,6,4,4,3,4,5,5,4,2,3,3,3,3,3,3,3,3,3,1,1,2,2,3,2,2,3,3,3,4,4,3,4,4,4,3,2,2,1,3,3,3,2,4,4,4,4,4,4,4,5,5,4,4,5,5,4,2,2,1,1,1,1,2,3,2,2,2,1,1,3,4,5,4,4,3,3,4,3,5,5,5,5,1,1,2,2,2,2,2,2,2,2,3,3,3,4,3,4,7,6,6,4,3,4,6,5,5,4,2,3,3,3,1,2,3,3,3,3,4,4,4,3,4,3,1,2,2,2,2,2,3,2,2,3,2,2,2,2,4,3,3,3,4,5,5,4,1,1,0,1,2,2,3,3,2,2,2,3,3,4,4,4,2,2,2,1,2,2,1,1,3,3,3,3,3,3,3,3,4,3,1,1,1,1,3,4,0,2,3,3,3,4,6,5,3,3,2,2,2,2,4,2,3,2,3,3,3,3,4,4,3,2,4,5,4,4,5,4,4,2,2,1,1,1,1,0,0,3,3,1,2,2,1,3,3,2,1,3,4,4,3,1,3,3,3,2,2,2,1,2,3,2,2,2,3,3,3,3,1,1,1,1,1,1,1,1,1,1,1,1,2,3,3,4,4,2,1,3,3,2,0,1,0,3,4,5,4,4,4,5,5,3,1,1,3,4,4,3,1,2,5,4,3,3,2,1,5,6,5,4,5,4,3,2,1,3,3,3,5,4,1,2,3,2,1,1,2,2,1,0,3,2,2,2,4,6,4,1,3,5,5,4,3,3,3,2,2,3,3,3,2,3,2,2,1,1,1,2,2,2,3,2,2,2,4,4,5,4,4,2,1,3,2,3,4,3,5,4,2,0,1,1,1,2,1,0,2,2,2,3,3,4,3,3,3,2,1,1,1,2,3,2,5,3,1,0,0,1,2,3,5,4,4,4,4,5,4,2,2,1,2,3,4,4,3,3,2,2,2,2,2,1,2,5,7,6,4,2,2,4,3,1,3,3,3,4,4,4,3,1,3,3,4,4,3,2,2,4,4,3,2,3,2,2,2,2,3,3,3,3,3,3,3,3,2,1,1,3,3,3,2,1,1,3,3,1,3,2,1,2,4,5,4,3,1,1,3,3,2,2,3,4,4,4,4,5,1,2,2,3,2,2,1,1,2,1,2,3,3,3,2,1,1,1,3,3,4,5,6,5,2,2,2,2,2,2,2,2,3,3,3,3,3,3
167,6,6,5,3,3,3,4,3,1,1,1,1,2,3,4,2,3,4,2,1,2,2,2,2,4,5,3,2,2,3,4,4,3,2,2,1,1,1,1,2,1,1,2,3,4,4,3,4,3,3,3,2,2,3,3,3,3,3,2,2,3,4,3,1,5,6,6,5,5,4,4,3,4,4,4,4,4,4,4,4,4,3,2,2,2,1,2,2,3,4,2,4,3,3,4,2,2,3,3,2,1,1,1,2,2,3,2,1,2,1,1,1,1,3,3,1,2,3,4,2,2,3,2,2,3,5,5,5,3,7,6,4,3,3,6,5,4,8,6,5,4,1,1,0,1,2,1,2,3,3,3,2,1,2,3,3,3,3,3,3,3,3,3,2,1,1,3,3,6,6,4,3,4,1,1,5,4,2,2,1,2,2,4,5,4,4,4,3,3,2,2,2,2,1,1,1,1,1,1,1,2,3,2,2,2,2,2,2,1,4,4,4,4,4,4,4,3,2,2,2,2,2,2,2,2,1,1,1,1,1,1,1,1,5,4,2,2,2,3,5,3,4,2,1,1,1,3,5,5,3,3,3,3,3,3,3,3,2,2,3,3,2,2,3,3,3,3,3,2,2,2,2,2,2,3,4,4,4,3,0,0,3,4,3,3,3,4,4,3,3,4,2,2,2,1,1,1,2,3,3,5,6,4,4,5,3,4,4,3,3,3,5,4,1,3,3,3,4,4,3,2,3,4,4,4,4,5,6,5,2,3,4,3,3,3,2,3,4,3,2,3,3,3,2,1,1,1,1,1,1,0,1,2,1,1,3,3,3,2,2,2,3,3,3,3,3,3,3,3,5,4,4,4,3,3,4,7,5,3,3,3,3,3,3,3,3,3,4,5,4,3,2,1,1,1,2,2,3,3,4,3,3,2,2,1,1,1,2,3,3,3,6,6,6,4,4,4,5,4,3,3,3,3,4,5,5,4,3,3,3,2,2,2,4,4,3,3,3,3,3,2,3,4,2,2,2,2,5,5,3,2,1,1,2,3,4,3,1,2,3,4,3,2,1,3,4,4,2,2,2,3,3,3,4,4,5,5,3,2,3,4,3,3,3,3,3,3,7,9,6,3,4,2,2,3,2,2,2,2,4,5,6,6,4,4,3,1,2,4,3,2,2,2,2,3,5,6,6,5,6,7,5,4,4,5,5,4,4,4,3,2,2,3,3,3,3,3,4,4,3,4,4,3,3,3,2,2,3,3,3,3,3,3,2,1,4,5,4,3,2,3,4,5,3,2,1,2,4,4,2,2,4,3,3,3,3,3,3,3,3,3,3,2,2,2,2,3,3,4,3,3,3,4,2,1,3,3,3,4,4,3,3,3,3,3,3,2,2,2,6,3,3,3,3,4,3,1,2,3,3,4,3,3,3,3,3,2,2,3,2,2,2,2,2,5,5,5,3,1,2,5,5,3,2,2,2,3,4,4,3,3,4,4,3,3,3,3,3,3,3,4,4,4,3,2,3,3,2,3,3,3,3,3,1,1,2,2,1,0,1,1,1,3,3,3,4,4,4,3,3,2,2,1,1,2,2,1,3,3,3,3,3,4,5,4,2,3,3,1,1,2,2,2,3,4,2,1,1,3,3,2,1,1,1,1,1,1,0,0,2,2,3,3,4,4,4,4,3,5,5,5,3,3,2,3,1,1,1,1,1,1,1,1,3,3,3,4,4,5,6,6,6,4,3,2,2,3,5,4,3,2,3,2,2,2,2,2,2,1,2,2,3,3,3,4,6,5,3,4,4,4,3,2,2,3,5,5,5,3,3,3,2,2,3,4,4,4,3,2,1,3,3,3,3,3,3,3,3,1,2,2,3,4,4,3,2,2,4,3,4,4,3,5,4,2,3,3,2,2,2,1,2,3,2,3,3,3,2,2,4,3,3,4,3,3,2,0,1,3,2,2,4,4,4,5,4,2,6,6,3,2,2,2,2,3,2,2,1,1,1,2,4,4,4,4,4,4,4,4,4,5,4,4,4,4,4,4,3,1,1,1,1,1,1,1,3,3,3,3,3,3,3,3,2,3,2,1,3,4,4,2,1,2,2,3,3,1,1,2,5,3,2,4,5,6,4,4,5,5,5,5,4,4,3,2,2,1,3,3,3,4,5,4,3,2,3,3,3,3,3,2,2,2,2,2,3,3,3,3,4,3,3,3,3,3,3,3,2,2,2,3,3,3,2,3,3,3,4,3,3,3,3,1,2,2,1,2,2,2,2,3,3,3,2,2,4,4,4,4,2,2,4,4,3,3,3,3,4,3,3,3,3,3,3,4,3,3,3,3,3,3
168,4,3,3,5,5,3,2,2,1,2,3,3,5,5,5,6,4,3,4,4,2,2,2,2,1,1,2,2,2,2,2,1,1,3,2,3,3,3,4,2,1,3,3,3,3,3,3,3,4,4,2,3,3,3,3,4,5,3,2,2,1,1,3,5,5,4,2,2,4,3,3,4,4,5,4,3,3,5,6,5,2,3,4,3,2,1,0,1,0,2,3,3,2,3,4,4,3,1,1,1,2,3,3,3,2,1,3,5,4,6,4,2,3,1,1,2,3,1,1,1,1,3,3,3,3,2,2,2,1,2,4,3,3,5,4,2,2,1,2,4,4,5,4,4,3,1,1,1,2,4,4,2,3,2,2,4,4,4,4,4,3,2,2,2,2,2,2,2,2,3,3,3,3,3,3,3,3,3,4,4,5,7,8,5,2,4,4,3,5,3,3,4,2,2,3,3,3,3,1,3,4,3,3,2,1,1,1,1,1,1,2,2,2,2,2,4,5,5,5,5,5,5,5,4,4,4,4,4,4,4,3,3,2,2,3,3,5,5,3,2,2,1,1,0,1,3,4,6,4,2,3,3,3,3,1,2,4,3,1,2,3,4,4,3,3,2,2,2,3,3,2,2,2,4,4,3,2,1,1,1,2,1,1,2,2,2,2,1,1,1,1,3,4,4,3,2,3,3,3,2,1,2,2,2,2,3,3,3,3,3,3,2,2,2,2,2,2,2,2,2,2,3,3,3,3,3,3,3,3,2,3,4,4,4,4,4,5,3,3,3,3,3,3,3,3,1,2,2,2,2,3,5,3,2,3,1,1,3,3,2,2,2,1,3,4,4,5,4,5,1,1,1,1,1,2,3,1,2,2,1,1,1,2,2,3,4,4,4,3,4,5,6,5,2,2,2,2,2,2,2,2,2,3,2,1,2,4,4,5,8,6,3,2,2,3,3,2,1,1,2,5,6,6,5,2,3,3,3,4,3,4,6,5,3,4,5,5,3,3,3,0,2,3,3,3,2,1,2,2,3,3,3,3,4,5,5,5,2,1,1,1,2,2,3,3,3,3,3,3,4,4,4,3,3,4,4,3,3,3,3,3,2,3,3,3,4,4,4,4,4,4,3,3,3,2,3,3,3,5,6,4,3,4,2,1,2,2,3,4,4,5,4,4,4,3,3,3,4,4,3,4,3,4,4,4,5,4,4,4,3,1,2,3,3,5,6,6,5,3,3,4,3,3,5,5,3,2,2,2,3,3,4,4,3,3,3,4,4,3,3,2,2,2,3,3,4,4,3,3,5,3,1,2,3,4,5,5,3,2,2,3,2,2,3,4,4,4,4,4,4,4,3,3,3,3,3,2,2,4,4,4,3,3,2,2,2,1,1,3,3,4,4,4,3,2,2,2,1,3,5,5,4,2,2,1,1,1,1,1,3,3,3,5,5,3,3,4,3,3,4,3,5,5,4,4,4,3,3,3,3,2,2,2,3,4,4,4,2,1,3,3,1,2,3,3,3,4,5,5,5,3,4,4,3,4,3,2,1,3,3,2,2,3,2,2,2,4,3,2,2,2,1,1,1,1,3,3,2,1,2,2,2,2,3,3,5,4,5,4,5,3,3,2,2,3,3,1,4,6,4,4,4,3,3,2,2,1,0,1,4,3,4,4,4,4,4,4,2,3,5,4,3,2,1,3,4,4,4,3,3,3,6,5,3,3,4,4,4,5,5,4,1,1,2,2,3,3,2,3,5,4,4,3,3,3,2,2,3,3,3,3,3,3,3,3,3,3,3,3,3,3,3,3,2,1,1,2,4,5,5,2,3,1,3,3,4,3,1,2,3,2,2,2,2,2,2,1,3,5,3,2,2,2,4,4,2,1,2,2,2,3,3,5,2,1,2,3,3,3,3,3,3,2,1,2,3,5,4,2,3,3,2,2,1,2,3,3,1,3,4,1,0,1,4,4,5,4,4,4,4,3,3,3,3,3,3,4,4,5,5,5,3,2,2,1,1,2,2,2,2,3,4,4,4,3,2,2,3,3,5,5,4,4,4,3,3,1,2,2,2,2,3,2,3,2,2,3,3,2,2,1,2,4,5,5,5,5,4,2,3,2,1,1,3,4,3,2,4,3,2,2,3,4,3,2,3,3,3,3,3,3,3,4,4,3,3,3,3,4,6,4,3,3,2,1,1,3,3,3,3,2,2,4,5,7,6,6,5,4,3,5,7,5,3,4,4,4,5,5,4,3,3,4,3,3,3,3,3,3,3,3,4,4,3,3,3,3,2,2,4,4,4,4,5,5,5,5,3,4,3,2,3,3,3,5,2,3,3,3,3,3
169,3,4,4,4,3,2,1,1,1,2,2,2,2,2,3,3,3,1,0,2,2,2,3,3,3,3,3,1,1,1,1,1,1,3,3,2,2,1,1,1,1,1,1,1,2,2,3,2,2,3,3,3,3,3,3,3,4,4,3,3,3,3,3,3,3,3,2,1,3,4,4,3,2,3,2,3,4,3,3,3,2,4,4,3,2,3,6,7,4,3,5,5,5,4,2,3,3,5,4,4,3,3,3,2,2,1,1,2,4,4,3,2,1,3,5,4,2,2,3,2,2,2,2,2,2,3,3,3,3,5,4,3,4,4,4,4,4,3,3,3,3,4,5,5,2,2,2,2,2,2,2,2,3,4,4,4,4,4,3,4,2,1,4,4,3,3,4,2,3,5,3,3,4,4,4,3,3,5,5,5,5,5,5,5,5,5,4,2,3,4,4,3,2,3,6,4,4,4,3,3,3,3,2,3,3,3,4,4,3,2,4,3,2,3,2,1,1,1,1,1,2,4,4,3,1,1,2,3,2,1,2,3,4,4,5,5,5,5,4,3,3,2,2,2,2,2,2,2,2,5,5,5,5,5,3,2,3,2,3,2,1,2,3,3,2,2,3,3,3,3,3,3,3,4,4,4,4,4,4,4,4,4,5,6,5,2,2,4,4,4,3,3,3,2,3,2,4,4,3,3,4,5,5,4,3,2,2,2,2,3,3,3,2,2,3,3,2,2,3,4,3,3,4,4,3,4,4,4,3,3,3,3,1,1,3,4,3,4,4,3,2,2,3,4,4,2,2,2,3,4,4,3,2,3,5,5,4,4,5,5,4,4,2,3,3,3,2,2,3,2,2,4,3,3,4,3,3,3,3,2,1,3,4,2,2,3,5,2,1,1,1,1,3,2,1,2,2,2,1,2,1,2,2,3,3,3,4,4,4,4,5,6,4,2,2,1,2,4,5,3,3,4,5,5,4,3,3,4,4,5,4,4,3,4,4,4,4,4,4,4,4,2,2,1,1,1,2,2,2,3,6,5,2,1,3,5,4,1,1,0,1,1,2,2,2,3,4,3,3,3,2,1,2,5,5,5,5,4,4,3,3,3,3,3,3,3,3,3,3,1,1,1,2,2,3,3,3,2,3,4,3,2,3,4,4,3,3,3,3,2,2,3,3,3,2,1,2,2,2,2,2,1,1,2,3,3,2,2,2,3,3,4,4,4,4,3,3,3,3,3,3,3,3,3,3,1,1,4,3,2,4,3,2,3,3,3,3,3,3,3,3,1,4,4,3,2,2,2,3,3,3,2,2,3,4,4,5,5,7,8,7,3,2,4,6,5,3,5,6,5,5,3,4,5,3,3,2,1,1,1,0,1,5,6,4,3,3,3,3,3,3,4,4,4,4,4,4,4,5,6,4,2,1,3,3,1,3,3,3,3,3,3,3,3,2,1,3,3,4,6,5,4,3,3,3,3,3,3,2,1,3,4,4,3,2,1,1,1,2,3,3,2,3,3,3,2,4,5,5,5,4,3,3,4,3,3,1,2,4,7,7,3,2,2,2,2,3,4,3,1,1,2,2,1,1,3,3,2,2,3,3,3,3,3,4,3,3,3,3,3,2,3,5,6,6,6,6,4,4,3,2,3,3,3,3,3,3,3,2,1,2,3,5,5,4,4,2,1,1,1,1,1,1,1,2,2,3,3,3,2,1,1,1,3,2,2,1,2,2,3,5,3,1,2,2,2,1,1,0,2,1,1,1,1,1,1,1,4,4,4,4,4,4,4,4,3,3,3,3,3,3,3,3,3,3,3,3,3,3,3,3,4,4,4,4,3,3,3,2,2,2,2,3,4,4,3,3,1,1,1,1,1,1,1,1,1,2,2,1,2,2,3,3,3,4,4,4,3,2,3,4,3,3,3,2,2,2,3,3,3,2,2,2,3,3,4,5,5,4,4,4,4,4,4,3,3,3,5,4,4,2,1,1,1,2,4,3,4,6,5,1,6,4,4,4,3,4,4,3,2,1,1,2,2,3,2,4,5,5,5,4,4,4,3,3,4,4,5,5,4,3,4,5,4,1,1,1,1,1,1,3,7,6,5,6,5,4,1,2,5,5,5,5,4,3,4,6,5,2,2,3,2,2,4,4,3,2,1,2,2,3,1,1,2,2,2,2,2,2,2,1,1,2,2,1,2,3,3,2,2,3,2,2,4,5,4,1,4,3,5,5,5,3,2,4,2,3,4,3,1,1,2,4,2,3,2,3,3,2,3,5,3,1,2,4,3,4,2,1,0,2,3,3,3,3,6,6,5,5,5,3,4,5,4,2,2,2,2,2,2,2
170,5,3,3,4,2,2,3,4,3,4,5,6,6,6,5,4,2,3,3,1,1,1,2,2,2,3,2,3,3,3,3,3,3,2,4,4,4,5,5,5,5,3,4,4,3,3,4,4,4,3,3,2,2,3,2,3,4,5,5,4,5,5,5,4,4,5,4,5,4,3,2,2,5,3,2,3,2,2,2,1,2,3,3,4,4,4,5,5,5,2,2,3,2,2,2,2,1,2,3,5,4,3,2,3,4,3,1,2,4,1,0,3,3,2,2,3,3,3,2,3,3,1,2,3,3,5,5,5,6,5,6,6,4,4,3,2,2,2,2,3,5,6,5,5,5,4,4,4,5,4,5,5,5,5,5,4,4,4,3,2,1,2,3,3,4,4,4,3,1,1,2,3,3,4,3,3,3,4,3,3,3,3,3,1,3,2,1,1,2,3,3,2,1,2,1,1,1,1,1,1,2,4,4,1,1,1,1,1,1,2,2,2,2,2,2,2,3,3,3,3,3,3,3,3,3,2,2,3,2,2,2,2,1,2,3,4,5,5,4,4,3,3,5,6,6,7,5,2,2,3,1,1,2,2,3,4,5,4,4,4,3,3,2,1,3,3,2,5,4,3,3,3,3,1,1,2,4,4,3,2,2,2,2,1,2,2,2,5,4,6,5,4,3,3,3,3,3,3,2,2,2,2,2,2,2,2,3,3,2,1,1,1,1,2,2,2,2,2,2,2,2,3,3,3,2,2,3,4,4,2,3,2,1,2,3,3,2,1,1,4,5,2,2,3,2,1,2,2,3,3,3,3,3,4,3,3,3,3,3,4,5,1,2,3,1,1,2,2,2,3,3,3,4,4,4,5,4,3,3,6,7,6,3,4,3,1,3,4,5,3,1,1,1,3,3,4,5,5,5,3,3,2,4,5,3,3,3,3,3,5,4,4,3,3,2,0,1,2,2,2,3,4,4,5,7,5,2,3,3,2,2,3,5,5,5,7,8,6,5,5,6,5,2,1,1,1,1,2,2,3,3,3,3,2,1,1,2,3,3,3,2,2,2,1,2,4,4,5,4,5,5,6,6,1,3,5,5,3,1,3,4,3,4,4,4,3,3,4,7,8,5,4,3,6,7,5,4,4,5,4,3,1,1,1,3,4,5,5,4,4,3,4,4,3,5,4,3,2,2,1,1,4,3,3,4,4,3,3,3,3,2,2,3,3,3,2,3,2,2,2,2,3,2,2,4,4,4,4,4,4,4,3,2,1,2,3,3,2,3,4,3,2,1,1,1,1,2,3,1,1,1,1,1,2,3,3,2,1,1,1,1,4,4,6,8,5,4,4,4,3,1,1,1,2,2,2,2,2,2,2,2,2,4,5,5,5,3,5,6,4,3,2,2,5,5,3,4,5,5,5,4,5,6,6,6,4,3,2,2,2,3,4,4,3,2,2,1,1,1,1,2,2,2,3,3,3,3,4,4,3,3,3,2,2,2,4,4,3,3,4,3,3,3,3,4,4,4,3,2,3,4,3,2,1,2,3,4,4,3,3,4,3,2,2,2,3,2,3,3,3,3,1,1,2,2,2,2,2,2,2,2,3,3,4,3,3,2,2,2,2,2,1,1,3,3,2,2,3,5,6,4,1,2,2,2,2,3,2,1,2,2,2,2,2,2,3,3,2,3,3,4,3,3,3,3,3,4,6,4,3,3,1,0,1,2,4,6,7,6,4,2,2,4,4,3,2,4,4,3,4,3,2,1,1,1,2,3,2,2,2,2,2,2,2,2,3,4,3,3,5,6,2,2,2,2,2,2,2,2,2,1,2,2,3,4,3,3,2,4,5,4,3,2,1,1,2,3,2,1,0,2,3,5,7,6,4,2,2,1,2,3,4,2,1,2,2,2,3,3,3,3,2,2,2,2,2,2,2,2,1,1,2,3,3,2,1,2,1,1,2,2,4,5,7,7,5,5,4,5,6,5,6,6,5,4,2,4,4,6,7,4,3,2,3,3,2,2,3,2,2,2,3,4,5,4,3,3,1,1,0,1,2,2,2,2,2,2,2,2,2,1,1,1,3,3,2,2,2,2,1,1,4,4,4,4,4,4,4,4,2,3,3,3,3,4,3,5,6,3,4,4,2,3,3,4,3,3,3,2,2,1,1,3,2,1,1,1,3,3,3,3,4,4,4,5,5,4,4,3,4,3,4,4,4,4,4,4,3,3,2,4,4,3,4,4,3,3,3,5,4,2,1,1,3,5,3,2,3,3,3,4,4,2,2,2,2,2,2,2,3,3,3,3,4,4,4,3,2,1,3,3,3,3,3,3,3,2,3,3,3,4
171,3,5,4,3,3,4,5,3,1,2,2,3,2,2,2,2,1,4,5,6,4,2,2,2,1,1,3,4,5,5,3,2,4,4,4,4,5,4,4,4,3,3,3,3,3,3,4,3,4,2,3,3,2,2,2,3,3,5,5,5,5,5,5,4,3,5,4,1,2,1,1,4,7,4,2,2,3,4,4,2,2,4,2,1,1,1,1,3,4,3,2,1,1,1,1,1,1,1,1,3,2,1,2,3,4,3,2,2,2,3,4,3,3,4,4,2,2,2,1,1,2,5,1,0,0,1,3,6,4,3,4,6,5,3,2,3,2,2,3,6,6,3,2,3,4,4,2,2,3,3,2,4,6,2,0,4,6,7,8,5,3,4,3,2,4,3,2,3,4,3,3,3,2,2,2,3,4,2,1,2,3,4,4,5,3,3,3,3,3,3,3,3,3,4,3,4,4,6,6,5,3,2,2,1,3,4,4,3,3,3,3,4,3,3,2,2,2,3,4,3,3,4,5,4,3,3,3,2,1,3,3,2,1,1,1,3,3,4,4,3,2,2,2,3,3,3,3,4,4,2,3,3,2,3,2,1,1,3,4,3,3,3,3,3,2,2,3,3,2,2,2,2,3,4,5,6,7,6,6,5,4,3,3,3,3,4,4,4,3,3,3,2,2,2,3,4,2,2,5,5,5,3,2,1,1,2,3,3,4,4,4,3,3,3,3,2,2,2,2,2,2,3,3,2,2,1,2,2,3,3,2,2,2,2,3,2,1,3,3,4,5,3,2,3,4,3,2,4,5,5,5,5,3,1,3,4,5,6,7,8,4,2,3,3,3,2,2,2,4,3,2,1,1,2,3,7,5,4,4,4,4,4,4,4,4,4,3,2,2,2,2,3,3,1,1,2,3,3,2,1,3,1,0,3,3,3,3,3,2,1,2,3,4,4,2,1,4,5,3,3,4,5,5,5,2,1,6,6,2,2,4,4,3,4,1,2,4,6,5,3,5,7,3,2,4,4,2,3,4,2,3,4,2,2,3,3,5,4,1,2,4,3,1,3,5,3,2,2,2,4,3,3,4,3,3,3,3,2,3,2,2,3,2,2,4,6,6,5,4,3,3,3,3,3,3,3,3,3,3,3,3,2,2,1,0,0,1,2,3,4,4,4,4,3,4,5,4,3,3,3,4,4,5,5,5,4,5,5,4,4,4,4,4,4,4,4,5,7,5,5,5,6,5,3,2,3,2,3,3,1,1,1,2,2,2,2,2,2,2,2,2,3,2,2,2,3,3,3,4,5,5,5,4,3,3,3,2,1,1,1,1,1,2,2,2,3,3,3,3,3,3,3,3,2,2,1,1,2,4,4,3,2,1,3,3,2,1,1,2,1,3,3,5,5,4,2,2,3,3,3,3,3,4,5,5,6,3,2,4,3,2,4,3,1,2,2,1,1,2,2,1,2,2,2,2,2,2,2,2,4,3,2,2,3,3,3,4,2,3,3,3,3,3,3,1,3,3,3,3,3,3,3,3,1,2,2,2,2,2,2,2,2,2,2,2,2,2,2,2,1,2,3,2,4,4,6,4,2,2,4,4,4,4,5,3,3,3,4,5,5,5,3,3,2,1,2,2,1,3,2,2,2,2,2,1,1,1,1,1,2,1,2,2,2,3,3,3,2,3,3,3,4,4,4,4,4,4,5,5,5,5,5,5,4,4,4,3,3,3,2,3,3,3,3,3,3,4,4,3,3,3,3,2,3,3,3,3,3,2,3,3,5,5,6,5,6,6,5,5,3,3,2,2,2,3,3,2,1,1,1,3,5,4,4,4,4,4,5,4,2,3,3,2,2,3,3,3,5,3,3,2,2,1,2,2,2,3,3,4,3,3,3,2,2,3,3,2,3,3,3,4,4,4,5,5,4,4,4,3,2,2,2,4,4,4,3,4,4,3,1,1,3,4,6,4,4,6,5,4,4,5,5,7,5,4,3,4,3,1,1,1,3,3,3,3,4,3,4,4,4,4,5,5,4,4,1,0,3,1,1,1,1,3,3,2,2,3,2,2,2,3,2,2,4,3,3,3,2,2,3,2,1,1,3,2,1,1,1,2,2,2,2,3,3,3,3,3,3,2,3,3,2,3,3,4,2,2,3,3,2,2,2,2,3,3,3,3,4,3,2,1,2,0,0,2,2,3,4,3,1,3,5,3,5,4,6,7,1,3,3,3,2,2,4,5,3,3,3,3,3,3,3,3,1,1,1,2,1,1,2,1,2,3,4,6,5,3,4,3,3,2,3,4,5,4,1,2,4,4,4,4,4,4,5,2,3,3,3,3,2,2
172,3,7,5,2,1,3,3,2,4,6,4,3,2,2,2,3,2,1,1,1,1,1,2,3,3,4,4,4,3,2,3,2,3,4,3,3,2,1,1,3,4,2,1,2,2,2,3,5,5,3,2,1,1,2,2,2,3,4,4,3,4,3,2,2,3,3,2,2,4,4,3,2,2,1,1,2,2,2,2,1,1,3,5,5,4,3,2,3,5,5,3,2,1,1,3,4,3,1,2,2,1,1,1,4,3,3,4,3,3,3,2,1,1,4,3,3,2,2,3,3,4,5,4,2,1,2,2,4,4,2,2,5,8,13,15,9,5,1,2,3,3,3,3,3,1,3,4,4,5,5,3,2,2,1,2,2,3,2,2,5,4,0,3,4,5,3,3,3,4,3,2,2,3,5,6,4,2,2,1,2,2,2,2,4,3,4,5,5,4,4,4,3,2,2,2,1,2,2,2,2,2,4,2,2,2,4,5,5,2,2,1,1,1,2,2,2,1,2,5,5,5,4,4,4,3,2,2,3,3,3,3,2,2,3,2,2,3,3,3,4,4,4,3,3,2,4,6,3,2,3,3,3,2,3,3,3,3,4,3,2,3,3,4,4,4,3,2,2,2,1,1,2,3,2,3,4,4,5,5,4,3,3,4,3,4,5,6,6,3,3,3,4,5,5,3,3,3,4,4,5,5,4,3,3,3,2,3,3,2,2,3,1,2,2,1,1,1,1,1,1,2,3,3,3,3,3,3,3,3,1,2,2,2,4,4,4,4,4,4,4,4,4,4,4,4,2,1,2,2,2,3,5,4,4,2,4,5,4,4,3,3,6,6,4,4,3,2,2,1,2,3,5,6,7,6,5,3,3,3,4,4,3,4,4,2,2,2,1,3,4,3,3,3,3,4,6,6,4,2,1,3,5,4,3,4,4,3,2,2,3,2,3,4,4,4,2,4,3,3,3,3,4,2,2,2,1,1,2,2,2,2,3,3,3,3,5,5,5,5,4,5,5,3,2,2,2,3,5,4,3,3,4,4,4,4,4,2,1,4,6,4,1,3,3,3,2,3,2,2,2,3,3,3,3,3,3,3,3,3,4,3,4,5,4,3,3,3,2,2,3,2,4,6,7,5,3,5,3,3,3,3,3,3,3,3,3,3,3,3,3,3,3,3,3,4,4,5,5,5,4,4,2,2,4,5,6,4,3,3,1,1,2,3,3,3,3,2,5,7,3,1,1,2,2,1,2,3,3,3,2,3,5,6,2,1,1,2,1,1,1,1,4,6,4,3,3,5,4,2,2,4,3,2,2,3,4,4,2,1,4,3,1,3,4,5,5,4,4,6,6,4,1,3,3,2,2,2,2,1,1,4,4,1,0,1,2,4,3,1,3,4,3,3,5,7,5,4,5,6,6,5,5,5,3,2,3,3,2,3,3,3,3,3,4,3,4,3,3,2,2,1,2,2,2,2,2,2,2,2,4,4,3,1,2,5,4,2,4,5,4,3,3,3,3,4,3,2,3,3,3,3,3,4,4,3,3,3,3,4,3,3,3,3,3,3,3,2,2,2,2,2,2,3,4,4,4,5,2,1,1,1,1,2,3,3,3,2,2,2,4,3,3,3,3,4,3,3,2,2,3,4,3,2,2,2,2,2,3,2,1,2,3,3,4,4,2,2,3,3,2,3,3,3,3,2,2,2,1,1,2,3,2,1,2,2,1,1,2,2,3,3,3,3,2,2,2,3,2,2,2,2,3,3,3,4,4,5,0,0,1,1,4,5,6,5,8,4,2,3,3,5,4,3,3,3,4,3,3,4,4,4,4,3,2,2,3,1,0,0,1,1,2,1,1,2,1,2,4,3,4,4,2,2,3,3,2,2,2,2,2,2,2,3,3,1,1,2,2,1,1,2,3,1,1,1,0,0,1,0,3,3,3,2,2,2,0,0,2,3,2,1,2,3,2,1,2,2,3,3,3,2,2,1,2,3,2,3,4,5,5,3,2,2,2,2,2,2,2,2,2,3,3,2,4,5,4,0,2,3,1,2,2,3,2,2,2,2,3,3,2,1,2,4,4,3,3,2,3,3,4,3,2,3,5,4,2,2,5,4,4,5,5,4,4,4,4,3,4,4,3,2,2,5,5,5,2,4,4,3,1,1,2,2,2,4,4,4,4,4,3,2,3,2,1,2,2,2,3,4,3,1,0,0,1,3,3,2,2,2,2,2,4,4,4,4,3,3,1,2,3,3,3,3,2,0,1,1,1,1,1,2,4,3,2,2,2,2,3,4,4,4,4,2,3,3,3,4,2,1,2,2,2,2,2,3,3,2,2,2,2,2
173,3,4,4,5,5,4,3,2,3,4,3,4,4,4,3,4,3,3,3,3,4,3,2,2,4,4,4,2,2,1,2,2,2,2,2,2,2,3,3,4,4,3,2,2,1,2,2,3,5,3,3,3,2,3,3,3,3,4,4,4,3,3,3,3,3,3,4,5,5,5,4,1,2,4,4,3,4,2,1,2,2,3,5,4,4,4,5,5,3,2,4,4,3,3,3,3,4,5,4,4,4,4,3,3,3,4,3,1,2,3,3,2,2,3,2,2,2,2,3,5,5,5,3,3,4,6,6,4,5,3,6,3,3,4,5,5,3,1,1,4,5,3,2,1,1,2,5,4,3,3,2,2,3,2,3,4,4,4,4,4,4,6,4,2,2,2,2,3,4,4,4,4,4,4,4,4,4,4,3,4,5,5,5,4,5,1,1,3,4,4,2,2,2,1,1,2,5,5,2,1,2,3,3,3,3,3,2,1,1,3,1,2,2,3,3,4,5,5,4,4,4,4,4,3,2,3,3,3,3,3,3,3,3,3,2,3,4,3,6,9,7,3,3,3,2,1,2,1,2,4,5,5,4,3,3,4,5,4,4,3,3,3,3,2,2,3,3,3,3,3,3,3,4,3,3,3,3,4,3,2,3,2,1,2,2,1,1,4,3,4,4,3,3,4,3,3,3,2,2,1,1,3,4,5,4,5,5,5,3,3,2,3,3,3,5,3,2,3,2,3,4,2,2,2,3,3,3,3,3,6,4,4,5,5,3,3,5,3,2,3,3,4,4,3,3,1,1,3,4,4,4,5,7,3,3,4,5,5,6,6,5,4,4,4,3,3,3,3,3,6,6,5,5,4,4,6,6,2,3,3,3,3,4,4,5,4,5,4,4,4,4,4,4,5,5,3,3,3,3,3,2,4,4,4,4,4,2,2,3,1,0,5,6,3,1,2,2,6,5,5,4,3,3,3,4,3,2,2,2,1,1,3,1,1,1,2,3,3,4,4,5,7,7,5,4,5,3,2,1,1,4,4,3,2,2,2,3,2,1,1,1,1,1,1,1,4,4,4,3,2,2,4,3,1,1,1,1,1,1,1,1,5,4,4,4,3,3,3,2,3,3,2,2,4,4,3,2,1,1,1,1,1,1,1,1,3,3,2,3,4,4,5,6,4,5,5,4,4,3,3,3,5,5,3,3,2,3,5,5,4,3,5,5,4,2,1,2,2,1,1,1,1,1,2,4,3,3,1,3,4,4,4,2,3,3,3,3,3,3,3,3,4,4,4,3,4,3,3,3,3,2,2,2,2,4,4,4,4,3,3,4,4,4,4,5,3,1,1,1,2,3,3,1,3,3,3,3,3,3,3,3,1,2,5,6,6,5,3,2,3,3,3,3,3,3,3,3,2,2,1,2,3,2,3,5,4,2,3,2,1,1,2,3,3,3,2,3,2,2,2,1,4,4,5,2,3,1,1,2,4,6,7,4,1,2,4,4,2,2,5,5,3,2,1,2,2,1,2,3,3,2,2,2,6,6,6,4,3,2,2,3,3,3,3,3,3,3,2,3,4,4,3,1,1,1,1,0,1,1,1,1,1,2,1,1,1,1,2,4,4,3,4,5,5,3,2,1,4,4,3,2,3,4,4,4,2,1,1,1,1,1,1,3,6,6,4,2,1,1,2,2,2,1,3,4,5,4,2,2,3,4,4,3,3,2,1,1,2,3,3,1,2,4,2,1,1,2,4,5,2,3,4,5,6,5,3,2,1,0,1,1,2,1,2,2,3,4,3,2,2,3,4,5,1,1,1,2,2,3,3,4,5,5,5,5,3,3,3,4,3,2,2,2,2,1,1,1,3,1,1,4,6,5,5,5,3,3,3,3,3,3,3,3,3,2,3,3,4,4,4,4,3,2,2,3,2,2,2,1,3,2,3,3,2,2,3,2,1,1,1,1,1,2,4,3,4,3,3,3,4,4,5,5,5,5,3,3,3,4,5,5,1,1,2,2,1,1,1,2,2,2,4,5,4,3,3,2,2,2,2,1,1,2,1,3,5,4,3,2,2,3,3,2,1,1,2,2,2,2,1,1,2,2,3,3,3,3,4,2,2,3,4,4,3,1,1,2,3,3,3,3,3,3,2,3,3,4,5,3,4,6,4,1,2,4,3,2,0,1,4,3,1,2,2,2,2,2,2,1,4,4,4,4,4,4,4,4,4,4,3,2,3,4,4,3,3,2,3,4,4,3,2,2,3,3,3,1,2,2,3,3,3,1,1,1,1,1,3,4,3,4,4,3,3,2,1,2,2,1,1,1,1,1,1,2,4,5,4,4,4,4
174,5,4,1,1,0,2,3,1,2,6,5,4,3,2,2,4,4,2,3,3,3,4,4,4,4,3,2,1,2,4,3,2,4,3,4,5,7,6,3,1,2,3,1,2,4,4,4,4,3,0,1,2,2,2,3,3,4,3,3,3,4,4,4,4,4,3,4,3,3,4,4,3,5,6,3,3,5,6,5,3,3,5,5,3,3,1,2,4,5,5,4,4,3,4,3,3,2,4,5,3,2,2,4,4,4,4,5,4,3,3,2,3,2,3,4,4,3,3,3,4,4,4,3,3,3,3,3,4,5,4,4,5,1,2,4,3,3,5,4,3,4,4,4,4,3,2,2,2,2,2,2,2,3,3,3,5,5,3,4,4,4,1,1,3,4,4,4,4,4,3,4,4,5,6,3,3,5,3,4,2,3,3,3,4,3,1,2,2,3,5,4,5,3,4,4,3,3,3,3,4,3,4,3,3,3,3,3,3,4,3,3,3,3,3,3,3,2,5,5,5,5,5,3,1,1,9,7,4,2,1,1,2,2,3,2,2,4,5,6,4,2,4,4,4,2,1,2,3,3,3,3,3,3,3,3,3,4,3,3,2,2,2,4,5,5,3,3,3,2,3,3,4,3,3,6,6,5,5,5,4,4,3,3,4,3,3,2,2,3,2,3,3,3,3,2,2,3,3,4,4,3,3,4,4,4,5,5,4,4,3,3,3,3,3,3,3,3,3,3,3,4,3,5,4,5,4,3,2,1,2,1,3,3,2,3,3,5,1,3,5,5,3,3,1,2,4,4,2,2,3,2,3,4,2,3,3,5,5,8,12,6,5,5,5,5,4,5,5,5,4,3,1,2,3,5,3,2,3,5,6,6,4,2,0,0,2,2,2,2,2,2,2,2,2,2,2,2,2,2,2,2,7,6,5,4,4,4,3,5,5,4,4,5,5,5,5,4,3,3,2,1,2,2,1,1,0,1,1,1,1,1,3,3,4,2,1,2,4,5,4,4,6,4,2,3,1,3,5,3,5,5,4,3,3,5,6,4,3,3,3,3,3,3,3,4,4,4,4,3,3,3,2,1,0,3,4,5,5,3,0,0,1,2,4,4,4,4,5,5,5,4,4,3,3,3,3,3,2,2,1,2,4,2,1,2,3,2,4,5,3,3,2,1,3,3,2,2,4,4,4,3,3,3,2,0,1,1,1,2,3,4,5,4,4,4,3,3,3,3,2,2,2,3,2,1,4,4,4,4,4,4,3,4,3,3,3,4,4,4,2,1,3,3,1,1,3,3,3,4,3,3,3,3,3,3,3,3,2,3,4,3,4,4,5,6,4,2,3,3,2,2,2,3,2,2,2,3,6,7,6,4,6,6,4,3,3,3,3,3,1,2,1,2,2,2,2,2,2,2,2,2,2,2,2,2,4,3,3,3,3,2,3,4,4,3,3,3,4,4,4,3,2,4,4,4,3,3,2,2,4,6,4,1,2,4,5,4,3,3,2,1,1,1,2,2,1,0,1,1,3,3,3,1,2,1,1,1,2,3,3,2,2,5,4,2,2,2,1,1,2,3,2,1,1,1,1,2,3,2,2,3,3,3,4,5,5,4,4,4,4,3,3,2,1,2,3,3,1,1,3,4,4,3,2,3,4,2,1,1,1,2,2,2,2,2,2,2,1,1,1,2,2,1,1,1,5,5,5,5,5,5,4,3,1,1,2,2,3,2,2,1,2,2,2,3,3,2,4,4,2,3,3,3,2,2,1,1,1,1,1,1,2,2,3,3,2,3,3,1,1,1,1,1,2,2,2,2,2,2,2,2,3,3,4,3,1,1,2,2,3,1,3,3,2,3,3,1,3,4,3,4,3,1,4,4,2,2,2,2,2,2,2,1,3,3,3,2,3,3,4,5,6,6,4,3,3,4,3,3,2,1,2,2,3,3,3,3,3,2,3,3,3,5,5,5,2,2,2,2,2,2,2,2,2,2,2,3,3,2,2,2,1,2,1,1,1,1,2,5,5,3,2,2,4,4,3,1,3,4,3,4,5,6,5,2,1,1,3,5,4,3,4,7,4,2,2,3,3,3,3,3,1,4,5,4,2,3,4,3,2,2,3,3,3,3,4,2,2,4,3,3,3,2,4,2,1,2,1,1,2,3,4,3,2,2,2,2,3,3,3,3,3,2,2,2,2,2,2,2,3,4,3,3,3,3,5,5,3,2,2,2,3,2,2,2,1,2,2,2,3,2,2,2,2,1,1,1,2,2,2,1,1,1,2,2,2,1,1,1,2,3,3,3,3,3,4,4,3,3,3,3,3,2,2,3,4,3,3,3,2,3
175,6,1,1,3,5,3,1,0,0,3,3,1,1,4,6,5,3,4,4,4,4,3,2,1,2,3,2,2,3,3,3,4,2,1,2,3,3,4,3,3,1,1,2,2,3,4,3,2,2,3,3,2,2,1,2,2,1,3,3,3,3,3,2,2,1,3,3,4,4,4,3,2,3,2,1,1,4,5,4,3,2,3,3,3,3,3,3,3,3,3,3,3,3,3,3,3,3,2,2,3,3,2,4,4,5,7,4,3,2,3,5,2,3,2,3,2,2,2,3,2,2,7,5,3,2,2,6,8,7,2,4,1,3,6,4,4,4,4,3,2,2,1,1,1,2,3,3,3,3,1,2,3,3,2,2,2,2,1,1,0,0,4,3,3,3,3,4,4,2,2,2,3,4,4,5,5,3,3,4,4,3,1,1,1,2,1,1,2,2,1,1,1,1,3,4,4,4,4,4,4,2,3,7,7,6,5,5,4,3,1,2,2,3,3,4,4,3,4,4,4,5,4,4,2,2,2,1,2,3,3,3,3,4,5,4,3,5,6,7,7,6,5,4,2,4,4,5,7,6,2,2,2,3,2,3,3,2,4,3,2,1,1,2,2,1,1,2,2,2,2,2,2,1,4,3,3,3,3,3,4,4,4,2,2,3,5,6,5,4,3,3,3,4,4,4,4,4,4,4,3,3,2,2,1,2,4,4,2,2,3,4,2,1,1,1,1,1,1,1,3,4,4,4,3,3,2,2,3,3,1,2,5,5,2,1,1,3,3,5,6,6,5,4,5,7,2,1,2,3,3,3,2,1,2,3,2,3,3,5,8,9,7,5,6,7,5,5,4,4,2,3,8,7,5,4,5,4,2,3,6,6,4,3,1,2,4,4,3,2,2,2,4,5,3,2,1,2,2,3,2,4,3,1,2,3,2,3,3,2,3,4,4,4,5,5,4,2,3,3,3,3,3,3,2,2,4,3,2,1,3,4,3,4,1,2,3,3,4,5,5,5,3,2,2,2,3,4,2,1,4,5,3,2,2,3,4,4,3,3,3,3,4,4,4,4,3,1,1,3,4,5,2,2,3,2,2,2,2,1,2,3,4,2,2,4,5,3,2,3,4,4,2,2,3,4,4,2,2,2,2,2,2,2,2,2,2,1,1,1,2,4,4,3,2,3,2,4,4,5,3,4,2,2,4,4,3,3,4,5,5,4,4,3,3,2,2,1,3,4,4,4,4,4,4,4,3,3,3,3,3,2,1,1,2,2,3,2,2,3,3,3,4,2,2,2,2,2,2,2,2,2,2,2,3,3,3,2,6,6,4,3,2,2,3,3,3,5,5,4,3,4,5,5,4,4,3,4,4,5,4,3,2,3,5,5,5,3,1,1,3,2,2,2,2,2,2,2,3,3,3,4,5,5,5,6,7,7,5,3,2,2,2,3,3,2,4,6,5,3,3,3,4,4,5,4,2,1,2,3,3,2,3,4,3,2,2,3,1,1,1,2,3,4,5,4,2,3,4,5,5,5,3,2,3,5,5,5,3,2,2,3,3,3,3,2,3,3,3,3,3,5,4,3,3,4,4,6,5,2,4,4,4,4,3,2,1,1,1,2,1,1,1,1,5,4,3,3,4,4,4,3,3,4,4,4,3,3,3,2,2,1,3,4,4,3,3,3,1,1,1,3,4,2,4,6,2,0,4,4,3,3,3,6,3,1,2,3,3,2,2,4,4,2,2,3,5,5,4,4,1,3,5,3,2,1,3,2,2,2,2,2,2,2,2,2,3,3,1,2,2,2,2,2,3,4,4,3,4,4,4,4,2,2,2,1,2,4,4,3,2,2,2,2,2,2,3,3,2,2,1,2,5,5,4,3,3,3,3,3,3,3,3,3,2,3,3,3,4,4,3,3,3,3,2,1,2,3,4,5,3,3,2,1,3,4,4,4,1,1,2,3,3,3,3,2,4,3,2,2,2,2,3,4,4,3,3,2,2,2,3,3,3,3,3,3,2,2,1,2,4,5,6,6,6,6,4,4,3,5,3,3,2,3,4,4,4,3,3,3,3,3,4,4,3,2,3,3,3,3,2,3,1,3,5,6,6,4,2,3,2,2,2,3,4,4,4,3,3,2,2,2,3,4,4,3,3,4,4,4,5,4,5,4,2,4,6,6,4,3,1,2,4,4,4,3,2,4,3,2,1,2,2,2,2,2,2,2,2,2,2,2,1,1,0,1,4,3,3,3,3,3,3,3,4,3,3,2,2,2,1,1,2,2,2,1,1,1,1,1,3,3,3,2,4,4,4,4,3,2,2,3,3,3,3,4,4,3,3,3,3,3
176,1,3,2,1,2,4,5,5,4,1,2,4,4,3,4,2,2,3,4,4,2,3,3,4,4,2,2,3,4,3,3,3,3,2,3,4,3,3,4,3,3,2,3,4,5,3,3,4,5,5,5,4,3,3,3,4,4,3,2,2,1,1,2,4,6,3,3,3,3,3,3,3,3,4,4,3,3,4,4,4,3,3,3,3,3,3,3,2,3,3,2,3,3,3,3,3,4,3,3,4,4,4,3,3,4,4,3,2,3,4,3,2,3,4,4,6,7,5,5,4,4,6,6,4,2,1,2,2,2,3,3,2,2,4,5,5,4,3,2,3,4,3,2,2,2,2,4,4,3,3,3,2,3,3,2,3,3,1,1,2,1,1,1,1,3,4,4,2,2,5,5,5,5,5,5,6,5,2,3,2,2,3,2,2,2,3,3,3,3,3,3,3,3,4,2,3,3,3,2,1,2,0,0,0,1,1,1,2,2,2,3,6,5,3,3,5,5,3,3,3,4,3,2,3,3,4,3,2,4,7,7,5,3,2,2,2,2,2,3,5,3,5,5,4,4,5,5,7,8,5,4,4,4,2,2,0,0,0,2,3,3,4,3,2,2,0,0,1,1,2,3,2,2,5,4,3,4,6,7,7,6,5,5,3,2,2,3,4,5,6,5,4,4,4,4,5,5,1,1,1,1,2,2,3,3,3,3,4,4,4,4,3,3,3,3,3,3,3,3,3,3,0,2,5,6,4,2,0,0,2,1,1,1,1,2,5,5,2,3,4,4,3,4,5,3,4,4,4,3,2,2,2,2,3,4,3,4,4,5,5,5,1,0,2,2,2,1,2,2,2,2,1,2,3,3,4,4,5,5,3,3,4,4,4,2,3,4,3,3,2,2,3,3,4,4,3,3,3,4,5,3,3,4,4,4,4,4,4,4,4,4,4,4,4,3,3,3,4,3,2,2,2,3,5,3,4,4,4,3,3,3,2,3,4,4,3,2,2,3,4,4,4,5,5,3,3,2,3,2,3,3,2,3,3,3,3,3,1,1,2,2,2,2,1,2,2,2,3,2,3,2,2,2,1,1,3,3,4,5,4,2,2,2,3,4,5,5,4,4,3,2,1,2,3,3,2,2,3,2,1,1,1,1,1,2,1,1,2,3,4,4,3,3,4,4,4,4,3,3,3,3,2,3,3,4,4,3,3,2,2,3,3,4,4,3,3,2,4,4,4,4,3,3,3,3,4,3,3,3,3,4,4,4,3,2,2,1,1,1,2,2,5,4,4,3,2,3,2,2,2,3,4,4,5,5,4,3,4,3,5,6,6,6,4,3,3,3,5,4,1,1,3,2,1,3,4,4,4,5,4,2,1,3,2,2,2,2,3,3,4,3,3,3,4,4,4,2,3,2,4,4,4,4,3,4,4,4,3,4,4,4,4,4,3,3,3,3,3,3,3,4,3,3,4,4,4,3,2,3,4,4,4,4,3,3,3,4,5,5,4,4,4,3,2,4,2,2,2,1,1,1,3,5,2,2,2,2,2,2,2,2,1,2,2,2,2,3,3,4,2,3,3,3,3,4,4,4,4,3,3,4,4,6,6,6,2,2,3,3,1,1,1,2,3,0,1,4,3,3,4,3,4,3,2,2,2,2,1,0,1,3,4,4,2,2,1,1,2,2,2,3,3,3,3,3,2,2,3,3,4,4,4,5,3,2,2,1,2,2,3,3,1,3,4,6,6,5,5,4,2,2,3,4,4,3,2,2,2,2,2,3,5,5,4,3,3,3,3,3,3,3,3,3,2,2,3,3,4,5,5,6,5,5,4,4,3,3,2,2,2,1,1,1,1,2,3,4,6,4,2,2,3,3,4,4,3,3,3,3,3,3,3,3,2,2,3,3,4,4,4,4,2,2,2,2,2,2,2,2,5,5,4,3,3,2,3,3,3,3,3,3,3,3,3,3,2,2,4,4,3,1,0,2,2,3,3,2,2,1,3,4,3,3,4,4,2,3,2,1,2,2,2,2,2,2,3,3,3,4,4,4,4,3,2,1,1,1,1,1,1,1,1,1,1,1,1,1,1,1,2,2,4,4,6,5,3,3,4,4,3,3,3,3,4,4,4,3,2,2,2,2,2,2,2,1,2,3,3,3,2,2,2,2,4,4,3,3,4,5,5,4,2,4,2,2,4,3,3,4,3,2,4,4,4,4,2,2,3,2,3,5,5,5,3,2,2,3,3,3,3,2,2,1,0,4,6,4,4,5,4,4,4,3,2,2,2,2,2,2,1,0,1,1,1,2,3,2,4,4,4,4,3,4,4,4,4,2,2,2,2,4
177,7,5,3,3,2,1,1,2,4,4,4,4,3,4,4,4,4,3,3,3,4,4,4,3,2,3,4,4,4,4,5,3,1,2,2,4,5,4,4,3,1,1,2,2,3,4,2,2,3,2,2,2,3,3,3,3,2,1,2,2,2,3,3,2,2,3,2,2,2,3,4,6,5,2,2,2,2,3,3,1,2,3,1,0,1,2,2,3,4,3,2,1,2,2,3,2,3,3,4,4,5,5,5,6,8,7,6,3,2,4,4,2,1,2,2,1,1,3,5,6,4,4,5,5,3,3,3,3,3,4,4,6,6,5,5,4,5,3,2,3,2,3,3,3,3,2,2,2,3,3,3,3,4,5,3,3,5,3,1,3,3,2,3,2,3,2,2,3,2,1,1,3,3,5,6,5,4,2,4,4,4,5,5,3,4,1,1,2,2,2,2,1,1,3,3,3,4,4,4,3,1,1,1,2,3,4,4,4,4,3,2,2,2,1,1,1,1,6,7,6,3,4,5,5,4,3,3,1,1,1,1,2,2,1,1,4,4,4,3,3,4,3,2,3,3,2,2,2,3,4,4,4,3,4,4,4,4,5,6,5,5,5,4,4,5,5,3,3,3,3,3,3,3,3,3,3,3,3,3,3,3,3,3,3,2,2,2,4,4,2,3,3,2,3,3,3,2,1,3,5,4,2,2,2,3,4,4,4,4,4,3,3,5,5,5,5,4,4,5,4,4,4,4,4,3,4,5,4,2,3,3,4,3,2,2,4,4,4,4,4,4,4,4,3,4,2,1,1,2,3,2,1,1,0,0,2,4,4,4,3,3,3,4,4,4,4,4,3,3,2,2,2,3,3,4,5,4,3,3,4,4,4,4,5,5,2,2,4,5,4,4,4,2,3,4,2,1,3,3,4,4,2,3,3,3,3,3,2,4,6,6,6,6,5,3,4,5,5,4,3,2,2,2,1,3,4,4,4,4,4,4,4,5,4,5,5,5,5,5,5,5,5,4,3,3,3,3,3,3,3,4,4,3,4,4,4,4,4,4,4,2,3,2,4,4,5,7,4,3,2,1,1,2,4,3,2,3,3,4,4,3,5,6,5,5,4,4,6,6,7,9,6,4,2,3,4,5,1,1,1,1,1,1,1,1,2,2,3,3,2,2,2,2,4,6,6,4,4,5,5,6,4,3,5,6,6,5,4,4,3,3,3,4,4,4,4,3,4,4,3,3,3,3,3,3,3,4,4,4,4,3,3,2,3,3,4,5,3,3,2,1,3,1,1,2,2,2,3,5,5,3,2,2,2,2,3,5,1,4,4,2,1,3,3,3,4,3,2,1,1,2,3,2,1,2,4,4,4,4,2,2,4,5,4,4,4,4,4,3,1,2,3,3,2,3,4,4,3,3,3,1,2,2,1,1,2,3,3,4,3,2,1,3,6,4,2,1,1,1,3,3,2,2,2,2,2,2,2,2,3,4,3,2,1,1,2,2,3,3,2,2,3,3,5,4,1,1,2,2,2,2,2,2,3,2,3,3,3,2,2,3,3,3,2,2,2,2,2,2,3,3,5,5,3,2,2,2,2,2,2,3,3,3,3,4,3,3,3,3,3,3,3,2,3,4,6,6,5,5,5,6,5,4,2,1,1,2,3,4,6,6,4,2,4,6,3,3,6,6,3,3,2,2,2,1,2,2,2,2,2,2,2,2,2,2,2,1,2,3,4,4,3,2,2,3,3,1,1,2,2,3,4,2,3,4,4,5,4,3,2,1,1,3,3,3,2,2,3,4,4,3,1,1,1,1,3,3,2,1,2,4,6,2,5,7,5,5,3,1,1,1,2,2,2,3,4,4,4,3,3,3,1,3,3,4,1,1,1,1,1,1,2,2,2,2,2,2,2,2,2,2,4,3,2,1,2,3,2,1,1,1,2,3,4,4,3,3,3,2,1,2,3,3,3,4,3,4,5,5,4,2,2,3,1,2,2,2,3,4,6,6,3,2,3,3,3,3,3,3,2,3,4,4,4,3,2,4,4,4,4,4,5,5,4,3,2,2,3,4,3,3,3,2,1,2,4,3,2,1,1,1,4,4,4,4,4,4,4,4,4,3,2,2,3,4,4,3,4,6,2,2,2,1,2,2,4,3,3,4,3,4,3,3,2,1,2,2,2,2,3,3,2,1,2,2,2,2,3,3,1,2,2,3,3,2,2,1,0,2,4,4,3,1,1,2,3,3,3,2,2,2,1,1,2,2,2,2,2,2,2,2,3,3,3,3,3,3,3,3,4,4,3,2,2,4,3,0,3,3,3,3,3,3,3,3,2,2,3,3,3,3
178,4,3,2,2,3,3,3,1,1,2,2,3,4,2,2,3,3,2,2,3,3,3,3,3,2,2,3,3,3,2,1,1,2,3,4,4,5,4,3,2,2,2,1,4,5,3,3,3,4,2,2,2,2,2,2,2,3,5,5,4,3,1,1,3,4,4,4,5,6,5,4,4,3,2,3,3,2,3,2,2,3,2,3,3,3,3,3,3,3,1,1,2,2,2,2,1,1,1,2,4,4,4,3,3,3,4,3,3,3,3,4,6,5,2,1,1,3,3,3,3,3,2,2,3,4,5,5,7,6,4,4,4,4,4,3,3,3,3,4,5,4,3,3,3,4,3,2,3,3,3,5,5,3,1,2,4,4,2,1,3,5,4,1,1,2,5,3,1,4,5,2,2,2,3,3,3,2,3,4,3,3,3,3,3,3,2,1,1,1,2,2,3,3,2,2,3,2,2,3,3,4,4,0,1,3,4,5,5,5,5,5,4,4,3,4,4,4,5,5,5,6,5,4,5,5,0,2,3,3,2,1,3,5,3,3,4,5,5,4,3,3,3,3,2,1,2,2,4,4,2,2,2,2,3,3,4,5,2,2,1,2,2,2,1,1,3,5,5,4,4,3,2,3,2,2,2,2,2,4,5,3,3,3,2,1,1,1,3,3,2,1,2,2,1,2,3,2,1,1,2,2,3,4,4,2,5,4,4,3,4,3,1,3,4,2,2,1,1,1,3,3,0,1,1,1,2,2,3,2,2,3,4,4,2,1,1,1,2,1,3,5,4,4,3,2,4,5,4,4,3,4,4,4,2,3,4,4,3,3,2,1,2,3,4,4,4,3,4,3,2,2,2,2,2,2,2,2,3,4,4,4,4,4,3,3,3,6,6,4,5,6,5,3,1,2,2,2,2,2,1,2,3,3,3,3,4,4,4,4,4,4,5,5,3,3,2,2,4,3,3,2,2,2,3,3,3,3,3,3,3,6,6,5,3,4,3,2,1,1,3,5,7,4,3,4,4,4,5,5,3,2,2,3,4,5,5,4,2,2,2,2,3,3,3,4,3,5,4,4,1,2,4,3,4,3,1,1,4,6,6,4,2,2,2,2,2,2,2,2,4,4,3,4,4,4,5,4,1,2,3,4,4,4,3,3,4,3,2,3,4,4,4,2,4,6,6,4,3,3,5,7,3,4,6,6,4,3,1,2,3,3,4,4,4,4,4,3,2,1,4,7,7,6,4,3,2,2,3,3,3,3,3,5,5,4,4,4,4,4,4,4,3,3,1,2,1,2,3,3,4,3,3,4,3,2,2,2,2,2,3,3,3,5,4,4,4,2,1,3,3,4,4,2,3,3,2,3,5,7,8,7,1,1,2,1,1,3,4,3,3,3,3,3,3,3,3,3,3,3,2,2,2,2,2,2,1,3,4,5,5,3,3,1,1,2,3,3,2,1,1,1,3,3,3,3,2,2,3,2,2,3,4,3,2,3,5,5,2,2,2,2,2,2,1,2,3,2,3,4,3,4,5,7,8,6,4,2,2,3,3,2,1,1,1,1,1,1,1,2,4,4,4,3,3,2,2,2,3,2,1,2,4,4,5,5,4,4,4,4,4,4,4,2,1,2,2,1,1,2,3,5,5,6,5,3,2,1,1,0,1,3,5,6,4,0,0,3,4,4,4,2,2,3,5,6,5,5,4,4,4,4,4,5,3,3,3,3,3,3,3,3,2,1,3,4,3,1,1,2,2,2,2,2,2,2,2,2,3,4,5,4,3,3,3,5,4,4,3,3,2,1,1,1,3,3,3,3,3,3,3,3,2,3,3,1,2,3,4,3,2,4,4,4,2,2,2,2,1,2,2,3,6,5,2,1,3,3,3,3,3,4,6,5,3,2,2,2,2,2,3,5,3,1,3,4,5,5,2,2,2,1,3,3,2,2,2,3,3,3,3,2,2,2,3,3,2,2,3,3,3,3,3,4,4,3,2,2,4,5,4,4,0,0,3,6,6,5,3,1,2,2,1,1,2,4,3,2,3,3,3,3,4,5,3,2,2,2,2,1,1,2,3,4,1,0,0,0,1,1,2,3,5,4,3,3,4,4,4,3,1,1,2,2,2,1,2,3,4,3,1,1,2,2,2,1,1,1,1,3,3,3,4,6,5,4,5,5,4,4,3,1,2,2,1,2,3,5,7,8,7,4,5,5,6,6,5,5,4,4,4,4,3,3,3,2,2,3,4,4,3,3,3,3,3,2,2,2,2,2,2,2,3,3,3,5,6,7,6,3,3,1,1,2,4,5,5,3,2,2,2,2,3,3,3,3,3,3,3,3,3,3
179,4,3,3,5,4,3,3,1,1,4,4,3,3,3,4,5,5,1,1,2,3,3,2,1,1,5,5,5,5,4,4,3,3,3,4,5,5,2,1,1,2,3,4,5,5,5,5,5,4,2,2,2,2,2,2,2,4,3,2,3,4,4,4,2,1,3,4,4,4,4,4,3,3,2,2,2,1,1,1,1,1,2,2,3,2,3,3,3,3,2,2,1,3,4,3,3,4,4,5,6,5,4,4,4,5,5,4,2,2,4,5,6,6,6,5,4,3,2,3,2,3,3,3,3,3,3,3,3,3,1,2,3,3,4,4,4,3,4,5,4,1,1,1,3,5,2,2,2,3,3,3,4,3,2,5,4,3,2,2,5,4,2,2,3,3,3,3,4,4,2,1,2,3,3,2,2,3,3,3,2,1,1,1,2,3,3,2,2,2,2,3,2,2,1,3,4,4,4,4,3,3,3,2,2,2,3,3,3,3,3,3,3,3,3,3,3,3,3,4,5,5,3,2,1,1,2,2,2,2,2,2,2,2,2,3,4,4,4,4,3,2,3,3,2,4,5,6,7,5,3,5,3,1,1,1,1,3,5,4,3,3,3,3,4,3,2,3,3,3,3,3,4,4,4,4,4,4,3,3,3,4,2,2,4,4,4,5,3,3,2,2,3,4,5,5,4,2,3,3,4,3,2,3,5,7,6,5,5,4,4,3,4,4,2,2,2,2,3,2,3,2,4,4,4,4,4,4,4,4,4,3,3,4,4,4,4,3,2,2,3,2,2,2,2,4,5,3,4,4,5,4,3,3,1,3,4,3,2,2,2,2,2,3,3,3,2,2,3,4,6,3,3,3,4,4,4,3,2,2,3,4,4,4,4,4,4,5,6,4,2,2,3,6,3,3,4,5,5,4,3,3,1,2,4,3,4,3,2,1,4,4,4,4,3,2,2,2,5,4,4,4,4,2,2,2,3,3,3,3,2,2,2,2,2,0,2,5,5,4,4,5,2,1,1,1,2,2,2,2,3,3,3,3,3,3,3,3,4,4,2,2,3,5,5,2,3,6,6,5,3,3,3,2,2,3,5,5,4,2,1,1,2,2,2,2,2,3,3,4,4,2,2,2,2,2,2,1,5,4,4,4,4,3,3,3,2,2,3,3,4,4,4,5,4,4,4,3,3,3,3,3,4,5,3,2,5,4,2,4,2,2,2,4,4,4,4,4,2,3,3,3,3,4,4,4,4,3,2,2,3,3,4,4,4,2,2,3,3,4,4,3,4,2,3,3,3,2,2,3,2,3,2,1,3,4,4,3,1,1,1,1,3,4,4,2,1,2,2,2,2,2,2,2,3,2,1,3,2,3,5,5,3,4,6,6,5,4,3,3,3,2,4,4,4,4,3,2,2,2,2,2,2,2,2,2,1,1,1,1,1,2,2,2,7,5,4,3,2,2,3,3,3,4,3,2,3,3,4,4,4,5,3,2,2,2,3,2,5,4,4,4,4,4,4,2,3,3,2,2,3,2,3,4,3,3,3,3,3,3,3,3,3,3,3,3,3,3,3,3,3,3,4,4,4,4,4,2,1,1,1,1,2,3,3,3,3,3,3,3,3,3,3,3,4,4,4,4,4,3,2,2,3,2,1,1,2,2,2,1,2,2,3,3,2,3,2,3,4,4,4,4,3,4,5,5,5,5,5,5,4,3,3,3,2,2,2,3,3,3,4,3,3,4,3,3,3,2,2,3,5,3,2,1,1,3,5,6,3,3,3,3,3,3,3,3,3,3,3,3,3,3,3,2,1,2,3,3,4,5,5,6,6,6,6,5,4,3,3,3,2,2,2,2,2,2,2,2,3,3,3,3,3,4,4,4,3,3,3,3,3,3,4,3,3,2,2,3,3,4,4,5,3,1,1,1,1,2,3,4,4,4,3,2,2,2,2,3,3,2,2,1,1,2,3,4,4,5,4,3,2,1,1,1,1,2,1,2,2,1,2,3,1,1,1,2,4,3,2,2,1,2,4,2,1,1,3,3,2,2,2,3,3,3,3,3,3,2,1,1,1,1,2,3,1,1,2,3,3,2,1,1,1,2,3,3,3,3,3,3,3,4,4,3,4,3,4,5,5,4,4,5,4,4,4,2,2,2,2,2,2,2,3,3,3,3,3,3,3,3,3,3,4,4,4,4,2,2,2,2,4,4,4,3,4,5,5,4,2,2,3,2,2,2,1,1,2,1,1,2,2,2,3,2,2,2,1,1,2,2,4,4,1,2,2,2,3,3,3,4,4,3,2,2,4,5,5,3,3,3,3,3,2,3,4,4,4,4,4,4,4,4
180,6,5,3,3,4,6,6,6,3,7,8,4,2,3,5,6,5,4,4,3,2,1,2,2,3,2,1,3,4,5,5,5,5,6,6,4,2,3,4,6,7,4,3,3,4,4,4,4,4,3,3,3,2,1,1,1,1,3,4,3,4,4,4,3,3,8,7,6,6,5,5,4,3,5,5,6,6,6,4,2,2,3,3,2,0,1,3,3,2,3,3,3,3,3,3,3,3,3,3,3,3,3,3,3,2,2,2,2,3,2,2,2,2,4,4,5,3,4,4,4,5,5,4,2,2,4,5,4,3,3,4,4,5,6,6,5,4,3,4,4,3,3,4,4,4,2,1,1,1,1,3,4,1,3,3,3,3,3,4,2,2,1,2,2,1,1,3,4,4,4,3,2,2,4,3,4,6,0,2,3,2,1,2,5,6,2,3,2,2,4,5,5,5,2,2,3,3,4,3,4,3,1,3,3,2,1,1,2,3,2,2,2,4,4,4,5,4,4,4,3,2,3,5,5,4,2,2,2,2,2,2,2,3,4,3,1,1,1,1,3,3,2,2,3,3,3,3,3,3,3,3,3,3,3,3,3,3,2,3,3,3,2,1,2,3,5,4,4,3,3,3,4,4,1,1,2,2,2,3,4,3,2,2,2,2,1,1,1,1,2,2,3,3,3,3,4,4,2,2,2,3,3,3,4,4,3,3,3,3,3,3,3,3,4,4,4,4,4,4,4,4,5,5,3,3,4,4,3,2,1,3,4,2,2,4,4,1,4,4,4,4,4,4,4,4,3,2,3,3,3,3,4,4,2,3,3,2,4,4,4,3,2,4,5,5,3,3,2,3,3,3,3,3,3,3,3,3,3,3,3,3,3,3,3,3,5,6,5,4,4,5,4,3,2,2,5,6,6,5,3,3,2,1,1,2,2,3,3,3,5,5,4,4,4,2,3,3,3,2,2,3,4,5,4,5,5,3,2,3,3,2,4,4,2,4,4,4,4,5,5,5,5,4,4,4,4,4,4,5,3,4,4,3,3,4,4,3,2,2,2,3,3,4,4,5,4,4,4,4,5,6,5,5,2,2,2,3,3,2,1,2,4,4,3,4,4,4,4,4,4,4,4,4,6,6,4,3,3,3,3,3,3,3,3,3,2,4,5,4,3,2,3,5,1,4,4,2,2,4,4,4,2,2,4,4,4,4,3,3,1,1,2,2,2,3,3,3,4,4,3,4,3,2,2,4,4,3,3,3,3,3,3,3,2,2,2,1,1,3,3,3,3,3,3,3,3,3,3,3,3,3,3,3,3,3,3,3,3,3,3,3,3,3,3,3,2,2,2,2,2,2,2,2,2,3,4,2,2,3,4,5,4,4,4,4,5,5,5,5,3,3,3,4,4,4,4,4,2,3,4,4,4,4,5,6,5,3,2,2,3,3,2,0,3,3,4,5,3,1,0,0,4,3,3,4,3,3,2,1,2,4,5,4,3,2,1,2,2,2,2,2,2,2,2,2,2,0,0,1,3,3,2,1,4,4,1,1,1,3,3,3,0,0,1,1,1,1,3,3,2,2,2,2,2,2,2,2,2,2,2,2,3,3,3,3,4,4,4,5,4,3,3,3,2,1,1,3,3,3,3,4,3,2,1,1,2,3,4,4,4,4,4,4,4,4,3,3,2,2,3,4,4,3,2,2,1,2,3,2,2,3,2,1,4,5,5,5,4,3,2,2,2,2,2,2,2,2,2,2,2,2,2,2,2,2,2,2,5,6,6,4,4,5,5,3,1,2,3,3,3,2,1,1,4,3,3,2,1,1,1,1,2,2,2,2,2,2,2,2,4,4,4,2,2,5,6,2,1,1,1,3,3,3,5,5,5,3,1,1,1,2,2,2,3,3,3,3,3,3,3,3,1,1,1,1,2,2,2,3,3,1,1,1,3,3,3,2,4,3,2,3,4,4,3,2,1,1,1,1,2,2,2,2,3,2,4,4,3,2,1,1,4,4,4,3,3,3,3,3,2,3,2,1,3,5,3,2,2,1,2,3,4,4,3,3,1,1,2,2,3,4,4,3,1,1,2,2,1,3,3,1,4,4,3,3,3,4,4,6,4,4,4,3,3,3,3,3,3,3,3,3,3,3,3,3,4,5,5,5,3,3,2,3,2,2,2,2,2,1,1,2,1,2,4,5,6,4,2,3,5,5,4,3,2,2,3,3,2,2,2,1,1,1,1,2,3,2,1,1,1,1,1,2,1,0,0,1,2,3,3,3,4,3,3,3,3,3,3,3,3,5,4,3,3,4,5,5,5,3,3,5,5,4,4,4,2,2,2,2,2,2
181,2,2,4,4,2,0,1,1,2,3,4,4,4,4,5,4,3,2,6,4,1,1,3,4,3,5,4,3,2,2,2,3,3,3,3,2,1,2,3,3,3,2,2,3,4,3,2,3,5,4,3,2,2,2,3,2,2,2,2,2,2,3,3,4,4,3,2,1,3,3,3,4,6,5,4,5,5,4,2,2,3,3,3,3,4,5,4,3,3,2,2,2,2,2,2,2,3,4,4,4,4,4,4,3,3,2,2,2,2,2,2,2,2,2,3,3,3,3,3,3,3,3,3,5,6,6,5,5,4,1,2,1,2,3,1,1,4,1,1,3,3,2,3,3,2,1,2,3,3,3,4,4,5,3,4,4,4,3,2,1,1,3,4,4,4,4,3,2,2,4,5,4,2,2,4,5,4,3,3,4,4,4,4,4,3,4,4,4,4,3,3,3,3,3,2,2,3,3,3,3,4,2,3,3,3,3,3,3,2,3,3,2,2,3,4,5,4,3,2,3,5,5,5,5,3,4,4,3,3,3,3,3,3,3,4,5,4,4,4,3,3,3,3,3,2,3,3,4,5,3,2,3,3,3,2,1,1,1,2,2,2,2,3,3,3,5,5,4,3,3,3,4,5,4,1,2,2,2,3,3,2,2,2,2,2,2,2,2,2,2,2,3,3,4,4,4,2,3,4,4,3,1,2,3,5,4,4,4,1,1,2,3,1,3,3,2,2,2,3,5,6,3,3,5,5,3,3,1,2,3,4,2,2,3,3,3,4,3,2,2,2,2,3,4,4,6,5,3,2,3,4,4,2,3,4,2,2,1,1,5,7,3,3,4,4,4,4,3,2,1,1,1,1,1,1,2,2,1,2,1,2,3,3,3,5,5,5,4,4,4,5,4,4,4,4,3,3,3,2,2,2,3,3,3,3,2,3,3,4,2,2,3,3,3,3,2,2,5,4,4,2,2,2,2,4,6,4,3,2,2,2,3,3,2,3,3,3,3,4,4,5,4,2,2,2,4,5,3,2,1,1,1,1,1,1,1,1,2,2,2,2,2,2,2,2,3,3,4,4,3,2,2,2,3,4,4,3,2,1,2,3,1,1,1,1,1,1,3,2,2,2,2,3,3,3,3,4,4,4,4,5,4,3,3,3,4,4,3,3,2,2,2,2,2,2,3,4,5,4,4,4,3,3,3,3,3,4,4,4,2,2,2,2,2,2,2,2,4,4,2,2,2,3,3,3,0,2,4,3,1,1,2,5,3,1,1,3,4,3,2,3,3,3,5,5,2,2,5,4,2,2,4,3,2,3,4,4,4,4,5,5,3,3,3,4,3,3,3,3,3,3,3,3,3,3,3,3,4,5,6,4,2,2,3,3,3,2,2,1,2,2,5,6,6,5,2,1,0,2,4,5,6,6,6,4,3,3,3,3,3,3,3,3,3,3,4,4,4,3,2,1,1,1,1,1,2,3,4,5,4,4,4,3,3,3,1,1,2,4,5,5,2,1,1,1,2,2,2,2,3,3,3,3,4,1,0,3,4,3,2,4,7,5,4,3,2,2,1,1,3,3,3,2,2,3,3,2,2,3,3,2,2,3,4,2,5,4,4,4,3,3,3,3,4,3,3,3,2,2,2,3,4,3,1,1,1,1,1,1,2,1,2,3,3,3,3,5,5,4,2,4,5,5,5,4,3,3,2,3,3,3,4,4,1,2,3,4,4,3,3,3,3,3,3,2,3,3,3,3,2,3,2,2,3,4,3,3,1,1,1,1,1,1,2,2,3,3,2,2,3,3,3,4,2,3,4,5,4,5,5,5,4,4,4,3,3,3,2,2,3,3,3,3,3,2,3,3,3,2,2,2,1,1,1,2,4,3,3,3,4,3,3,2,3,2,2,2,2,2,2,3,2,2,1,2,3,2,2,2,3,2,2,3,4,5,5,4,2,3,4,3,2,1,3,5,3,2,2,2,2,2,2,2,3,3,1,1,3,3,3,4,1,1,2,1,2,2,1,1,3,4,4,4,4,3,2,1,3,3,3,4,4,4,4,5,5,4,3,4,4,3,2,3,2,1,1,1,2,2,3,3,3,3,3,3,4,4,4,4,1,3,3,4,3,4,4,6,2,2,2,1,1,2,2,1,3,3,3,4,4,3,3,4,3,2,2,3,4,5,4,3,2,3,3,3,4,4,4,4,1,1,1,3,4,4,3,2,2,4,6,4,2,2,2,3,4,4,4,4,4,4,3,4,3,3,3,3,4,6,4,3,4,4,4,4,3,3,2,1,1,1,2,2,4,6,4,1,1,1,1,1,3,4,4,4,5,5,5,5,5,5
182,5,8,3,2,3,2,2,4,5,3,2,2,3,3,3,0,2,1,3,3,2,2,1,1,0,1,1,2,2,3,3,3,3,4,3,2,3,3,3,3,2,0,2,2,1,1,1,3,3,3,4,3,2,2,4,4,1,1,1,3,4,4,3,2,2,3,4,4,2,2,2,2,4,4,2,2,3,3,4,5,5,1,0,1,2,2,3,2,1,1,0,2,4,3,2,2,3,3,4,5,5,4,2,2,4,5,4,3,3,4,5,5,4,3,4,3,2,4,5,2,2,3,3,3,3,3,3,3,2,4,5,5,5,4,2,1,2,3,3,3,3,1,2,2,4,6,6,5,4,3,3,3,3,4,4,3,2,2,4,6,4,2,2,1,1,3,3,2,2,2,2,2,2,2,2,2,2,1,3,5,4,3,2,4,5,4,3,3,3,3,3,3,2,3,3,3,3,2,2,2,2,1,1,1,1,2,2,3,3,3,3,4,4,4,4,4,2,1,2,2,3,2,2,1,1,3,3,3,3,3,3,3,3,2,3,5,6,7,6,4,3,3,3,3,3,3,4,4,4,5,6,4,4,3,2,2,2,3,2,1,2,3,1,0,2,5,5,4,4,4,3,3,2,3,3,1,1,2,3,3,1,1,2,3,3,2,1,2,4,3,3,5,4,4,2,1,1,3,2,2,4,3,1,2,5,5,3,3,3,2,3,3,0,2,3,3,3,3,2,2,2,3,3,3,4,4,3,3,4,1,0,2,3,3,4,3,4,2,3,3,3,3,3,3,3,2,3,2,1,1,2,3,3,4,2,4,5,5,4,4,4,1,2,3,2,1,2,2,0,4,6,4,4,4,6,6,4,3,3,3,4,4,4,4,4,5,6,4,4,4,5,5,6,4,4,3,5,5,4,5,3,3,3,3,1,2,2,2,3,3,6,9,8,6,4,4,4,4,3,3,2,2,2,3,3,3,4,4,4,2,2,1,1,1,1,1,3,3,2,1,0,3,3,1,1,2,3,5,5,4,2,1,3,4,2,1,2,3,3,3,2,2,2,1,1,2,2,2,2,2,2,2,3,3,3,3,3,4,3,3,2,2,2,3,3,4,4,4,5,5,4,2,2,2,3,4,4,2,2,2,2,2,2,2,2,2,2,3,2,2,2,2,2,3,3,3,3,3,3,3,3,2,2,2,1,2,1,1,1,1,3,6,6,3,2,1,1,3,2,3,3,3,4,2,3,6,4,4,2,2,2,3,3,4,5,5,4,3,2,3,3,2,3,3,3,2,3,4,5,3,4,4,5,5,4,4,3,3,4,5,5,5,4,3,3,2,3,4,4,4,4,3,3,3,3,3,4,6,6,4,2,2,2,2,2,2,2,2,2,2,3,4,4,4,4,2,3,4,5,3,2,2,4,5,3,2,1,3,4,3,1,1,3,2,2,2,3,3,4,3,3,2,1,1,1,2,3,3,2,3,3,3,4,5,5,5,6,4,2,2,3,3,3,4,6,4,1,2,2,3,3,2,2,3,3,3,3,3,3,3,3,3,3,3,3,3,3,3,3,3,3,3,3,2,1,0,1,3,2,3,2,3,4,5,5,4,4,3,2,2,2,2,3,4,4,3,2,2,2,2,2,5,6,5,4,2,2,1,2,1,2,3,3,3,5,5,3,2,2,3,4,4,3,3,3,2,2,1,1,3,4,3,2,4,4,4,3,3,2,3,3,3,3,4,5,5,4,3,3,4,4,4,4,4,4,5,5,5,5,4,3,3,2,1,1,2,3,3,3,3,3,4,4,4,4,4,4,4,3,3,3,3,3,3,3,3,3,2,2,2,1,1,1,1,2,3,5,4,3,4,4,2,1,3,4,4,3,2,3,2,1,2,1,1,3,3,3,3,3,5,5,2,1,1,3,3,4,5,5,4,3,3,4,4,5,4,3,2,3,2,1,1,1,2,4,4,3,4,4,4,4,4,3,3,2,1,1,2,4,3,1,2,2,3,2,3,3,1,1,1,1,1,2,2,2,4,5,5,4,2,2,3,2,2,2,2,2,1,1,2,1,1,1,3,2,2,3,3,4,5,4,5,4,3,4,5,5,5,4,1,2,2,1,1,1,3,3,4,4,5,5,4,6,5,3,3,3,2,3,5,7,6,2,1,1,1,1,1,1,1,1,2,3,3,3,3,2,2,1,1,2,3,3,3,3,2,1,2,3,3,3,3,3,3,1,2,3,3,3,3,3,3,2,2,0,1,1,1,1,3,2,1,2,3,3,2,1,2,1,3,3,3,3,3,3,3,3,2,3,3,3,3,3,3,3,0,1,1,3,4,4
183,5,6,2,1,3,4,4,0,0,2,3,3,3,2,3,2,2,3,3,1,0,3,5,3,3,3,1,3,5,3,2,3,4,4,3,3,3,4,4,3,2,5,6,6,6,5,5,6,5,1,2,2,3,4,4,3,2,3,3,3,2,1,1,1,3,4,4,3,3,3,2,1,1,4,5,4,3,5,5,5,3,2,4,4,4,4,4,3,3,4,3,2,2,1,2,2,4,5,3,3,2,2,2,0,3,2,1,3,4,4,4,4,4,4,3,3,3,3,2,2,2,2,4,3,2,1,2,4,2,2,1,1,4,6,7,6,2,3,5,4,4,4,4,4,2,3,2,1,2,4,5,5,3,3,3,2,0,0,2,4,2,2,2,2,2,2,2,2,2,3,3,2,2,3,3,5,6,4,3,3,3,3,3,3,3,3,3,4,4,3,2,2,3,3,2,3,3,3,4,4,4,5,5,4,2,3,4,5,4,3,3,2,1,2,2,3,3,3,6,6,5,5,3,2,2,2,2,2,3,3,4,4,4,2,2,2,2,3,3,4,4,3,2,3,2,2,3,5,4,3,2,2,3,3,5,5,5,3,3,3,2,2,2,1,1,2,5,5,5,5,5,5,4,2,4,4,4,3,1,1,3,5,3,3,2,2,3,3,3,4,5,5,5,4,5,4,4,4,3,2,2,4,5,5,5,5,6,4,3,2,3,3,2,2,2,4,4,3,3,4,3,1,4,4,4,4,4,2,4,5,5,3,3,2,1,2,1,3,5,6,5,4,4,4,3,1,1,2,1,2,3,3,4,4,3,3,3,4,5,6,6,5,1,2,4,5,2,2,4,4,3,3,2,2,2,2,2,2,2,3,5,3,4,6,4,2,4,4,4,4,3,4,4,4,4,5,5,3,3,4,4,4,3,2,2,4,4,4,4,4,4,4,4,4,4,3,3,2,2,3,3,4,3,4,4,2,1,2,2,2,2,2,1,4,5,4,3,2,3,4,5,4,5,4,4,4,3,3,2,4,3,2,2,5,8,6,4,3,3,3,4,4,5,4,4,6,7,5,5,4,2,1,1,2,3,4,4,5,5,4,2,2,4,4,4,4,4,5,5,4,4,5,4,5,5,5,6,1,1,1,1,1,1,1,1,2,2,3,3,3,3,4,4,5,5,4,3,1,1,1,1,1,1,2,2,2,2,1,1,4,6,9,9,7,5,4,2,3,4,4,4,2,2,2,3,3,2,2,2,3,3,3,3,1,1,1,2,2,2,3,2,2,2,3,4,5,6,6,3,2,3,2,1,1,1,1,2,4,4,4,4,4,4,3,3,2,1,2,3,0,1,4,6,5,3,3,2,2,3,3,3,3,4,2,2,2,5,3,1,2,2,2,2,3,4,2,2,5,3,1,1,1,1,2,2,3,3,4,5,5,5,5,4,1,1,2,3,4,4,3,3,4,3,3,2,3,3,4,4,3,4,4,2,1,1,4,4,3,3,2,2,2,3,4,3,1,1,2,2,2,3,3,2,1,1,2,3,3,3,4,2,2,2,2,2,2,2,2,3,3,3,3,4,3,3,3,3,2,3,3,3,3,4,4,3,2,2,2,2,2,3,3,3,2,2,2,2,2,2,2,3,4,5,4,3,1,1,2,2,2,3,3,3,3,2,3,3,1,2,2,2,1,1,1,2,4,4,3,3,3,3,4,4,5,4,3,4,4,3,3,2,3,3,3,4,4,4,4,4,3,3,3,3,3,3,3,3,3,2,1,2,2,3,2,1,1,2,3,2,1,1,1,2,3,3,3,3,3,3,3,3,3,4,4,4,4,4,4,4,2,2,2,2,1,1,1,1,1,1,1,3,3,4,4,3,1,1,1,1,1,1,1,2,4,4,5,5,4,3,2,0,2,3,3,3,3,3,3,3,2,2,1,2,4,4,4,2,4,6,4,3,4,5,5,5,3,4,5,6,6,4,2,2,2,1,3,3,3,3,3,2,2,2,2,2,2,1,1,1,2,2,2,2,1,1,1,1,3,3,3,5,5,5,4,2,3,3,2,1,1,2,3,2,2,2,2,2,2,2,2,2,3,3,3,3,3,3,3,3,4,4,4,4,4,4,5,4,3,3,3,3,3,3,3,2,2,3,4,4,4,6,6,4,3,3,3,3,3,2,2,2,1,2,5,6,5,3,3,3,3,3,3,2,2,1,1,1,2,1,3,3,5,5,4,4,3,2,3,6,6,3,2,3,1,3,4,2,1,1,1,3,3,3,3,3,3,3,3,3,2,3,3,2,2,3,4,4,1,1,1,1,1,1,1,1,2,1,1,1,3,3
184,5,5,2,1,2,3,4,3,2,1,3,3,2,4,6,6,3,2,3,3,3,1,1,1,2,1,1,2,1,1,3,3,2,1,1,3,3,3,3,1,1,3,4,5,5,3,3,4,5,4,3,4,6,6,4,3,4,4,4,4,4,3,3,3,3,4,4,4,4,4,4,4,4,3,3,4,4,4,3,4,4,3,3,3,4,4,4,4,4,2,2,2,3,2,1,1,1,2,2,2,3,3,3,3,3,6,5,4,5,6,5,4,3,3,3,2,1,2,1,3,4,4,3,2,2,4,5,4,3,2,2,2,3,4,4,4,4,2,2,2,2,2,2,3,3,4,2,1,2,3,5,5,4,2,2,3,5,5,5,6,6,4,2,2,4,3,1,1,0,3,4,4,5,6,6,7,7,7,4,2,3,5,5,3,1,3,3,3,3,3,3,2,2,2,2,2,2,2,2,2,3,4,3,3,3,2,2,2,1,1,1,2,3,4,3,3,2,3,3,3,3,3,3,3,3,2,2,2,2,2,2,2,2,3,4,4,4,3,3,3,4,2,2,3,3,4,4,4,4,4,5,4,4,4,3,2,1,3,3,3,3,3,3,3,3,1,1,2,2,3,3,4,4,5,4,2,2,3,4,4,3,4,4,4,4,4,4,4,4,3,3,3,3,3,3,3,3,3,2,2,2,3,4,3,2,5,7,5,3,3,4,4,2,2,2,2,2,2,2,2,2,4,4,5,5,5,3,2,2,1,1,2,3,5,4,3,4,3,4,6,6,6,6,4,3,3,3,3,3,4,4,4,4,4,4,5,5,5,6,5,5,4,4,4,4,3,2,3,4,4,4,4,4,3,3,3,4,3,2,2,3,2,1,1,2,6,6,5,4,4,4,5,5,3,3,3,3,3,3,3,3,2,3,3,3,3,4,4,4,4,4,5,6,6,5,4,4,4,4,3,3,5,4,5,4,4,4,2,2,2,3,5,5,3,5,3,2,2,2,2,5,6,6,6,5,4,3,3,1,0,3,1,1,2,3,4,5,1,1,2,3,4,4,3,2,4,4,3,3,2,2,2,1,3,3,3,4,6,6,3,1,3,3,5,5,4,3,3,3,6,6,4,3,2,2,3,3,3,3,3,3,3,3,3,3,3,5,4,2,2,4,5,3,5,5,4,2,3,3,4,3,2,3,5,4,3,2,2,3,3,3,4,4,3,3,3,4,5,4,3,2,2,2,3,3,3,3,3,3,3,3,3,3,1,1,1,1,1,1,2,2,3,1,1,3,6,4,2,2,5,4,3,3,2,2,2,2,1,2,2,2,1,1,1,2,1,2,3,2,1,1,1,3,1,1,1,1,1,1,1,1,1,1,3,4,4,3,2,2,1,1,2,3,3,3,2,2,1,1,1,2,2,2,2,2,2,3,5,6,6,5,4,2,2,2,2,2,2,3,3,3,4,5,5,5,3,2,2,1,6,4,2,0,0,2,3,4,4,3,1,1,1,2,2,3,0,1,2,2,2,1,3,4,3,4,3,2,2,3,4,3,1,1,2,2,1,1,2,3,6,6,4,4,2,1,1,0,3,3,3,3,3,3,3,4,4,3,3,3,2,2,2,3,2,1,0,0,1,3,3,2,5,7,4,3,1,1,3,3,3,1,1,2,3,3,3,2,3,2,1,1,1,2,3,4,5,2,2,3,4,3,4,5,4,3,3,3,3,3,3,3,0,3,6,6,3,1,1,1,1,1,2,3,3,2,1,1,1,2,1,2,3,3,4,4,3,2,2,2,3,3,3,2,3,3,2,0,1,3,5,4,2,1,2,3,6,6,6,4,2,1,3,3,2,2,3,3,3,2,1,1,2,3,2,2,4,4,3,2,2,2,3,4,4,4,4,4,4,3,3,3,2,2,3,3,2,2,3,3,2,1,1,1,2,3,3,2,2,2,2,2,3,4,5,5,5,4,3,3,3,3,4,5,2,2,3,3,3,3,4,4,3,3,4,5,5,4,3,3,1,2,2,1,1,2,3,3,1,2,3,4,5,4,4,3,2,2,2,2,2,2,2,2,1,3,4,1,0,1,1,1,0,2,4,4,3,2,1,2,3,3,3,3,4,4,3,3,5,4,3,2,2,2,3,3,4,4,5,5,4,4,3,3,2,3,4,4,4,4,3,2,3,1,2,3,1,2,3,1,1,1,2,2,2,2,3,3,1,1,4,5,5,4,1,1,2,2,2,2,3,3,3,3,0,0,1,1,3,5,5,6,2,2,2,2,2,2,3,3,3,2,1,2,3,4,2,0,2,2,2,2,3,3,4,4,4,3,3,2,2,2
185,6,2,2,2,2,1,1,1,1,1,2,3,3,4,5,5,4,3,2,3,1,3,6,4,2,1,1,1,2,5,6,5,3,3,3,3,3,3,3,3,3,2,3,3,2,2,3,3,3,2,2,2,2,2,2,2,2,3,3,3,3,3,3,3,3,3,3,3,3,3,3,3,3,4,5,4,3,2,3,4,5,4,4,3,2,2,2,2,2,3,3,1,1,1,3,4,4,3,3,3,3,3,3,3,3,2,3,5,6,6,5,3,3,4,3,2,3,4,5,6,5,2,3,2,1,2,3,4,4,6,4,3,4,5,7,5,2,1,2,4,5,5,4,2,3,3,3,3,2,5,7,7,4,5,4,4,2,2,3,4,4,2,2,2,2,3,3,3,4,3,4,4,4,3,3,3,4,5,4,4,6,7,8,5,2,1,3,4,2,1,1,2,1,0,1,3,4,3,2,1,1,2,3,3,3,2,3,3,2,2,2,2,2,2,2,2,2,2,2,2,2,3,3,3,3,2,2,2,3,3,3,3,3,8,5,4,3,1,2,4,3,3,2,2,1,2,2,4,4,4,3,3,3,2,2,2,2,4,2,3,6,6,4,3,4,3,4,5,4,3,3,5,7,4,3,3,2,2,2,2,2,2,2,2,2,2,2,2,2,2,1,3,5,7,7,5,2,2,2,2,2,3,3,3,2,2,2,2,2,2,2,2,2,3,3,3,3,3,3,3,3,1,1,3,3,3,3,3,2,1,1,3,4,4,3,2,4,4,3,5,6,5,5,3,4,1,1,3,3,3,2,3,3,4,3,3,3,3,2,3,4,2,2,2,2,2,2,2,2,3,2,2,4,4,2,2,3,4,4,4,4,4,4,4,4,6,4,2,2,2,1,2,3,2,0,2,2,4,4,3,3,4,4,4,4,4,4,4,4,2,2,3,4,4,3,2,2,4,4,4,5,4,4,3,2,4,2,1,1,2,3,4,3,3,2,1,2,3,3,3,1,2,2,3,4,4,4,3,3,3,3,3,3,3,3,3,3,2,2,3,3,2,2,2,2,3,2,2,2,3,3,2,1,2,2,2,2,2,2,2,2,3,3,4,4,5,6,6,6,7,5,5,4,3,3,2,2,5,5,5,5,5,5,5,5,3,3,3,3,3,3,3,3,1,2,3,1,1,4,4,3,3,2,2,3,4,4,2,1,4,3,1,1,1,1,2,3,0,0,1,2,2,2,2,1,1,2,1,1,5,4,1,2,2,5,6,3,2,3,4,3,5,4,4,4,5,5,4,3,2,2,2,2,2,2,2,2,3,5,4,3,2,3,3,1,1,1,1,2,2,2,4,4,1,2,2,2,1,1,1,2,1,1,1,1,1,2,2,2,1,1,1,1,2,3,3,3,5,7,7,4,2,3,4,2,4,4,4,4,4,4,4,4,2,2,2,2,3,3,3,3,3,5,5,4,2,1,1,3,3,2,1,1,1,2,2,2,1,1,2,2,2,2,2,2,1,1,1,2,3,4,6,7,4,4,3,2,2,3,4,4,4,4,4,4,4,2,1,1,2,2,2,2,1,1,1,1,2,1,2,2,3,3,4,4,5,4,2,2,3,5,6,5,4,4,2,1,2,3,6,7,6,5,4,4,2,2,1,1,3,3,4,3,2,2,1,2,3,2,2,1,1,2,2,3,2,2,2,2,2,2,2,2,2,2,2,2,2,2,2,2,1,1,3,3,4,4,3,2,1,2,3,2,1,1,1,2,2,2,2,2,4,4,3,4,3,2,2,2,2,2,1,1,3,2,2,4,6,6,5,4,4,3,3,2,2,2,2,2,3,2,1,2,3,3,2,1,3,3,3,3,3,3,3,3,3,3,3,3,3,3,3,3,3,3,3,3,3,3,3,3,2,2,1,1,2,2,3,3,2,2,2,2,2,2,2,2,1,1,1,2,2,3,3,4,2,2,4,3,1,1,2,3,3,4,2,0,1,2,2,2,2,3,5,4,3,2,1,2,3,2,2,3,4,4,3,1,5,6,5,4,2,1,2,3,0,0,1,1,1,1,1,1,4,3,2,2,2,2,3,4,4,3,2,1,2,3,3,0,4,5,4,4,3,2,2,2,1,1,3,4,3,2,2,5,3,2,2,2,2,4,4,4,3,4,3,2,1,1,2,3,3,3,3,3,3,3,3,3,2,2,3,2,2,2,2,2,1,2,2,2,2,2,3,3,3,2,3,4,5,3,3,4,2,2,3,6,7,5,3,3,3,3,3,3,3,3,3,3,1,2,3,2,2,3,3,2,1,2,3,3,3,2,1,2,4,5,6,5,3,3
186,2,2,2,2,2,2,2,2,2,1,1,1,1,2,2,2,2,3,3,2,2,2,2,3,3,1,1,2,1,1,1,1,1,2,3,4,3,3,2,3,4,4,4,5,4,4,2,1,1,1,6,8,6,3,3,3,3,4,4,5,3,2,1,3,3,4,3,3,3,4,4,4,3,1,1,1,1,1,1,1,1,3,4,5,4,3,3,3,4,3,3,3,3,3,3,3,3,4,4,3,2,2,2,2,3,1,1,3,5,5,3,2,3,1,1,1,1,2,2,2,2,3,2,2,2,4,5,4,3,1,3,3,3,6,5,3,4,2,3,3,1,1,2,2,1,3,4,3,4,4,4,2,2,4,4,4,4,4,3,3,3,2,2,2,2,2,2,2,2,1,1,3,4,4,5,5,6,3,3,2,1,1,2,3,3,4,4,3,3,3,2,3,3,4,4,3,2,1,1,1,3,2,1,2,2,2,3,3,3,2,3,3,4,4,3,3,2,2,3,5,5,5,5,6,7,4,4,3,3,2,2,2,2,3,4,5,6,5,4,5,5,4,3,2,3,5,5,5,3,3,3,4,4,4,3,4,5,9,6,3,3,3,2,3,2,1,2,3,4,5,4,4,3,3,3,4,5,5,4,2,3,4,3,1,1,2,4,3,3,1,2,3,3,4,4,4,3,3,3,3,2,2,3,3,3,2,3,3,4,4,3,3,2,3,3,3,3,3,2,2,2,2,2,2,2,2,2,2,2,3,3,3,3,3,3,3,3,4,4,4,4,3,3,4,4,1,1,2,3,3,2,1,1,3,3,4,3,4,6,6,6,1,1,2,3,3,3,2,1,3,3,2,3,3,3,3,3,2,2,2,1,1,2,2,3,1,3,5,5,5,4,4,4,5,3,1,2,3,4,4,3,4,4,4,4,5,5,4,4,2,2,3,3,3,3,4,4,3,3,3,4,5,5,3,2,2,2,2,2,2,2,2,2,4,4,5,5,5,5,4,4,5,3,2,1,2,3,5,6,3,3,3,3,4,4,4,4,5,4,2,1,1,1,1,1,3,3,3,3,3,3,3,3,2,1,0,0,2,3,3,3,2,3,4,4,3,2,2,2,4,3,3,3,3,3,3,3,1,1,2,3,5,4,2,0,2,1,2,3,4,4,5,5,5,4,4,4,5,5,6,6,3,2,3,3,3,3,3,5,3,3,3,3,3,4,4,4,2,2,2,2,3,4,5,5,4,4,3,3,3,2,2,2,5,4,3,2,3,4,5,6,2,3,6,5,3,2,2,3,4,3,2,1,1,1,2,2,3,2,2,3,4,3,4,4,2,3,4,3,3,4,4,3,3,4,4,3,3,3,3,2,2,2,3,3,3,3,2,2,1,1,2,2,3,3,2,2,2,2,2,2,2,2,2,2,3,3,3,3,3,3,3,4,3,4,4,5,4,3,2,1,1,1,2,2,2,2,2,2,2,3,3,3,3,3,3,2,3,3,3,3,4,3,2,2,3,3,3,4,3,3,2,2,3,3,3,2,3,3,2,2,1,1,3,3,3,2,3,3,4,4,2,1,1,1,2,2,2,3,4,3,2,2,3,4,3,4,5,6,6,6,5,5,3,4,4,4,3,2,1,0,2,2,2,2,2,2,2,2,2,3,3,4,3,3,3,5,4,3,2,2,2,2,3,4,4,3,3,2,2,3,4,4,3,3,4,4,4,3,2,1,2,2,2,2,2,2,2,2,2,2,2,2,2,2,2,2,2,2,2,2,3,3,3,3,1,1,2,3,3,3,2,2,3,3,2,2,3,3,3,3,3,3,3,3,3,3,3,3,4,4,4,3,3,3,3,3,2,1,1,2,3,3,2,1,8,7,6,5,4,4,4,4,1,1,2,2,2,2,1,1,2,2,4,4,4,4,2,2,2,2,2,2,2,2,2,2,1,1,1,1,1,1,1,1,2,1,3,5,6,3,2,3,3,3,1,1,2,4,4,4,2,2,2,2,2,2,2,2,2,1,2,3,3,2,2,2,2,0,2,5,8,8,3,1,3,3,4,4,4,3,2,2,1,3,4,3,2,1,1,2,2,2,2,2,2,2,2,2,2,2,1,1,1,2,3,3,4,4,3,2,2,2,2,2,2,4,4,2,2,4,4,2,2,3,5,4,4,3,3,3,1,1,2,2,3,3,4,3,2,5,6,5,1,0,1,4,2,2,2,2,2,2,2,2,3,3,3,3,3,3,3,3,1,1,2,2,3,3,3,3,3,3,3,4,5,5,4,3,5,4,5,4,3,3,4,5,2,3,4,4,4,4,3,2,4,3,2,2,1,0
187,7,6,4,2,2,2,3,3,3,0,1,2,1,2,5,7,6,5,4,4,4,3,2,3,2,2,3,3,2,2,3,3,2,4,3,2,3,5,7,6,5,2,4,7,7,6,5,4,4,4,4,3,2,2,3,4,4,4,4,3,3,3,3,4,4,5,5,4,4,3,3,3,3,3,3,3,3,3,3,2,1,3,3,3,3,3,3,4,4,1,2,3,3,3,3,2,1,4,3,3,3,4,4,5,6,2,3,3,3,3,3,4,4,6,3,1,2,1,2,5,7,7,5,4,3,2,3,2,1,2,2,5,0,2,7,4,3,7,7,6,6,5,4,3,1,2,2,3,2,3,3,3,3,5,4,3,3,4,5,4,3,4,4,4,4,3,3,2,1,1,3,4,3,3,2,3,5,5,4,5,4,4,3,2,2,3,5,4,3,5,3,0,2,1,1,1,1,1,1,1,1,4,3,3,3,2,2,2,2,3,3,3,3,3,3,3,3,3,3,2,2,2,3,4,5,5,7,7,5,3,4,5,4,1,2,3,3,3,3,4,5,1,1,1,2,2,2,2,3,1,2,2,3,3,2,2,1,2,3,3,4,4,4,3,3,2,2,1,1,1,1,2,2,2,2,3,3,4,4,4,4,4,3,3,5,5,5,3,1,2,2,4,6,6,3,2,1,2,3,4,4,4,4,3,3,9,5,3,4,3,2,2,3,1,1,1,1,1,1,1,1,3,3,3,3,2,2,1,1,1,1,1,1,1,1,1,1,2,2,4,4,4,4,2,2,3,3,2,3,5,5,3,2,3,3,4,5,4,2,3,6,6,4,3,2,1,1,2,2,1,1,2,2,3,3,3,3,7,7,5,4,2,2,2,2,2,3,5,6,5,4,2,2,4,7,9,8,4,2,2,3,5,4,3,3,3,3,4,5,5,3,5,7,7,5,3,5,4,4,3,3,3,3,3,3,2,2,1,1,1,2,3,5,4,5,5,3,4,4,4,4,5,3,4,6,7,5,4,6,3,3,3,3,3,3,3,3,2,2,2,2,2,2,2,2,5,4,3,2,2,3,4,5,4,6,6,4,4,6,6,4,2,2,4,4,5,4,2,1,4,4,3,3,3,3,2,1,1,2,4,5,6,6,5,5,6,5,5,4,3,3,4,3,5,5,4,5,3,3,2,1,2,3,3,3,4,4,4,5,3,3,3,3,3,3,3,3,2,2,2,2,2,2,2,2,2,2,2,2,3,3,3,3,3,3,3,3,3,3,2,2,3,2,2,1,2,2,3,4,3,2,3,3,3,4,4,4,3,3,3,3,5,6,8,9,5,3,4,4,3,3,3,3,4,2,2,4,5,3,3,5,2,2,3,3,4,4,4,4,1,1,2,3,3,3,3,4,3,5,7,6,5,4,6,8,4,3,3,3,2,2,2,2,5,5,4,3,3,3,3,4,4,5,6,6,4,3,3,4,2,1,1,3,5,5,4,3,2,2,3,3,4,5,5,4,2,2,2,2,2,2,2,2,2,2,3,3,4,4,4,4,4,4,3,2,2,2,3,3,5,4,3,2,0,0,1,1,2,2,2,2,2,3,3,2,3,4,5,5,4,3,4,5,3,4,4,2,1,3,5,5,3,3,3,3,3,3,3,3,2,2,3,4,5,6,5,3,3,3,4,3,4,3,3,2,3,3,3,3,2,2,2,2,1,1,2,2,2,2,3,3,3,2,2,2,2,2,2,2,4,4,4,4,4,4,4,4,4,3,3,3,3,3,4,4,2,3,4,4,4,3,3,2,2,1,2,3,5,6,5,4,2,2,2,2,2,2,3,3,4,3,2,2,3,3,2,2,1,1,1,1,1,2,2,2,3,3,3,3,3,3,3,3,3,3,4,4,4,4,5,5,1,1,1,1,1,1,1,1,1,2,4,5,6,5,4,3,2,3,4,5,5,4,3,3,2,2,2,3,3,3,2,1,5,4,3,1,1,1,1,1,3,4,5,3,2,2,1,1,3,4,4,3,2,4,3,2,3,3,3,3,3,3,3,3,0,0,1,0,1,1,3,4,5,6,5,3,3,3,3,4,2,1,1,2,5,6,6,5,3,1,0,1,3,5,4,3,3,1,1,3,3,2,1,3,2,2,2,2,3,3,3,3,2,2,3,2,2,1,1,1,1,1,1,1,1,1,1,1,3,3,3,2,3,2,2,2,2,2,2,2,2,2,2,2,2,3,3,3,1,1,1,2,3,4,4,2,1,3,2,1,4,4,3,3,3,2,2,2,1,2,2,3,4,4,4,3,3,2,3,3,3,4,4,5,2,2,2,2,3,3
188,6,5,3,1,1,1,2,2,1,1,1,1,2,3,3,4,4,3,3,3,3,3,3,3,3,1,2,4,4,4,3,4,4,2,2,3,5,7,7,4,2,4,4,2,0,1,2,3,2,4,4,4,4,3,3,2,2,3,3,2,2,2,2,3,3,7,3,0,2,6,8,5,2,4,4,4,4,4,3,2,1,2,2,2,2,2,2,3,3,2,2,3,3,3,3,2,2,2,2,1,1,3,3,2,2,4,3,2,2,3,3,3,2,2,2,2,1,2,2,2,2,4,3,2,2,2,3,2,0,2,2,1,2,3,3,3,2,2,3,3,3,2,2,3,4,4,4,4,4,3,3,2,2,3,1,1,2,3,3,4,5,4,3,2,2,2,3,3,3,5,3,3,2,2,3,3,4,4,3,2,2,3,3,2,2,2,2,3,3,3,3,4,3,1,2,4,4,5,5,4,3,6,4,5,5,5,3,3,4,3,3,2,2,2,3,4,4,1,4,5,4,3,2,2,3,5,4,3,2,2,2,3,3,4,4,4,4,4,4,5,5,3,1,1,1,2,2,2,1,3,3,3,4,4,4,4,4,3,4,4,4,3,2,2,2,2,3,3,3,3,4,4,4,3,3,3,3,2,2,2,2,2,2,2,2,2,2,2,2,4,3,3,2,2,2,3,2,0,1,2,3,5,4,4,4,5,6,5,3,3,4,5,4,3,3,3,3,3,3,3,3,3,2,2,2,2,3,2,3,2,2,2,2,2,2,2,2,2,2,2,2,2,2,1,1,3,4,4,3,3,5,3,0,3,3,2,4,4,2,3,5,5,5,5,5,4,3,2,2,1,1,2,3,3,3,3,3,3,3,4,4,3,3,1,1,2,4,6,4,1,1,2,2,1,1,3,2,1,1,3,4,2,2,2,2,2,2,1,1,2,4,5,4,3,2,3,5,1,1,2,4,4,2,1,2,3,3,3,2,3,3,2,1,1,1,1,1,2,3,3,4,4,3,3,2,2,2,3,3,4,3,3,3,2,2,2,1,2,2,2,2,2,2,2,2,3,3,3,3,3,3,3,4,4,4,5,5,5,4,3,2,0,0,1,2,4,4,5,5,6,5,5,4,4,5,6,6,5,4,4,4,4,3,3,3,2,3,4,5,5,5,3,3,3,6,7,5,3,2,3,4,2,1,1,1,1,1,1,1,1,1,1,1,1,1,1,1,2,2,2,2,1,1,1,1,3,3,3,3,2,2,1,1,3,3,3,3,3,3,3,3,4,6,5,2,2,2,2,3,2,2,4,5,4,3,3,3,3,3,2,2,2,2,2,2,3,3,3,3,3,3,3,3,5,5,6,7,6,3,2,4,3,3,3,3,3,2,3,3,2,3,4,4,4,4,5,6,3,4,4,4,4,5,5,5,5,6,5,3,2,5,5,3,2,2,4,4,5,4,3,3,2,2,2,3,3,2,2,2,1,4,7,4,3,3,4,4,3,1,3,3,3,3,3,3,2,2,2,3,3,3,3,3,4,2,1,2,3,4,3,2,4,4,2,2,2,2,4,4,3,3,4,4,4,3,4,4,2,2,1,1,2,3,7,8,2,2,2,2,2,2,2,2,3,4,4,4,2,2,2,3,2,4,5,3,4,6,6,4,2,4,3,2,2,4,4,2,2,2,2,2,2,2,2,2,6,5,3,2,1,1,1,1,1,1,2,2,3,3,3,2,2,2,2,1,2,1,2,3,4,4,4,5,6,6,5,3,2,2,3,4,4,3,2,2,3,5,6,4,3,4,5,5,1,4,5,2,2,4,4,3,4,5,4,2,3,6,9,8,2,2,3,4,4,4,4,4,3,3,3,3,3,3,3,3,2,2,2,2,2,1,1,1,4,4,3,2,3,3,3,3,4,3,1,1,2,4,4,3,4,4,4,4,4,3,3,3,4,3,3,3,3,4,5,5,2,2,3,3,1,2,3,1,1,2,3,3,3,4,4,3,5,4,4,4,6,5,3,1,3,1,1,2,3,5,4,3,3,2,2,3,4,5,2,0,4,3,3,3,4,5,8,9,5,5,3,2,1,1,2,2,1,2,4,4,4,5,3,1,1,2,3,4,4,4,3,2,6,6,5,3,3,3,5,6,4,4,3,2,2,3,4,4,5,5,4,3,3,2,2,2,5,4,4,4,3,2,2,2,3,2,1,2,2,3,2,2,4,5,5,3,2,2,4,6,8,6,4,4,3,2,3,3,3,2,2,2,2,1,1,1,5,4,3,2,2,3,4,5,3,3,3,2,2,2,1,1,2,1,1,2,3,4,3,3,2,2,1,1,1,1
189,3,6,4,1,1,2,5,6,2,3,6,6,3,3,5,6,6,7,6,5,4,3,3,3,3,1,2,2,1,3,4,5,5,4,4,5,4,4,4,3,2,2,3,3,2,3,3,4,3,6,4,3,3,2,2,2,3,5,4,3,1,1,1,1,1,3,3,4,4,3,2,3,4,7,4,1,3,6,8,7,3,4,4,3,3,2,2,2,2,1,1,1,1,1,1,1,1,3,3,3,4,4,4,4,4,3,3,2,2,1,1,3,5,2,2,2,2,2,2,2,2,6,5,3,3,3,4,4,4,2,5,5,3,2,4,5,5,2,3,3,2,3,4,5,6,4,3,1,2,2,2,3,3,2,2,3,3,3,3,2,2,2,2,3,3,4,4,4,4,4,5,6,5,4,3,3,3,4,3,3,2,3,3,4,3,2,2,2,2,2,2,2,2,2,2,1,1,1,2,3,4,5,4,3,3,2,2,3,3,3,3,3,3,2,2,3,3,3,4,4,4,2,2,2,3,4,4,2,2,2,2,4,4,3,4,5,5,4,3,4,5,3,5,4,4,2,2,4,6,1,1,2,2,3,4,4,5,1,1,2,2,2,2,3,3,5,4,4,4,3,3,2,2,3,3,3,3,3,3,3,3,1,1,1,1,1,1,1,1,2,1,1,2,2,2,2,2,3,3,1,1,2,3,4,4,2,4,5,4,2,0,1,3,4,4,4,4,4,4,4,4,1,2,3,3,5,4,5,6,3,2,2,2,3,2,4,6,2,2,3,3,3,4,4,4,4,4,5,4,2,2,2,3,0,0,2,3,4,5,5,6,1,2,3,2,2,4,4,1,4,3,5,4,3,3,4,3,3,3,3,3,3,3,3,3,3,3,3,3,3,3,3,3,3,3,3,3,3,3,3,3,2,2,3,3,3,2,3,3,2,2,2,2,2,2,2,2,3,3,3,3,3,3,3,3,2,3,4,4,3,3,4,5,4,4,3,2,2,3,4,4,3,3,3,3,2,2,2,2,2,2,2,2,2,2,2,2,3,3,3,3,4,4,3,3,2,3,6,6,5,4,2,2,5,4,4,4,4,3,2,2,3,2,3,4,4,3,4,7,7,5,4,4,4,3,2,1,3,3,3,3,3,3,3,3,6,4,2,3,6,7,6,4,3,1,3,4,3,4,5,4,2,2,3,3,3,3,2,2,2,3,3,4,4,3,3,2,3,3,3,4,4,4,5,5,3,3,3,3,3,3,2,2,1,0,0,2,4,5,3,2,3,3,3,3,3,3,3,3,2,2,3,3,4,5,5,6,1,1,1,1,3,4,3,4,5,5,6,6,6,5,3,2,1,1,3,2,3,5,7,5,3,5,6,3,2,2,3,3,3,2,2,2,4,4,4,3,2,2,2,2,2,2,2,2,3,3,2,2,2,2,2,2,2,3,3,3,3,2,2,2,5,2,1,2,4,5,4,1,0,3,4,2,1,2,2,2,2,2,3,3,2,1,1,1,3,3,3,3,3,3,3,3,3,2,1,2,4,5,4,3,1,1,1,1,1,1,1,1,2,2,2,3,3,3,3,3,2,2,2,3,3,3,3,3,3,4,4,4,3,2,3,2,4,2,1,1,2,2,3,1,1,1,1,2,2,2,2,2,2,2,3,3,4,4,4,5,2,2,1,1,2,2,3,3,3,3,4,3,2,1,2,3,2,2,2,3,3,3,4,4,4,4,2,2,1,1,1,1,3,3,4,5,5,4,3,3,2,2,1,1,1,1,2,2,3,4,4,3,2,2,2,3,2,2,4,3,2,2,3,4,5,4,3,3,3,3,4,5,2,2,2,3,3,2,3,2,3,3,3,3,3,3,3,3,2,1,1,2,2,3,3,2,1,3,3,3,3,3,3,2,2,2,3,3,3,3,4,4,4,3,2,2,2,2,3,3,3,1,2,2,2,3,3,4,3,3,3,3,3,4,4,4,7,5,5,4,4,3,3,3,3,3,4,4,4,5,7,8,2,3,2,2,2,2,1,1,4,3,3,4,4,4,3,2,4,3,2,1,2,3,5,6,4,3,2,1,1,1,2,2,3,2,2,3,3,3,3,3,2,2,3,3,4,4,4,4,5,4,3,3,3,3,4,4,3,2,2,2,1,1,1,1,2,2,2,2,2,2,2,2,0,1,2,2,1,1,1,2,1,1,1,1,1,1,1,1,2,2,2,2,3,3,3,3,9,8,3,2,2,4,3,2,1,1,2,2,2,3,2,2,4,4,4,3,4,4,6,7,5,4,1,1,2,2,2,1,1,2,2,3,3,2,2,1,2,1,2,4,2,3
190,3,3,4,3,3,3,3,3,2,4,5,6,7,7,7,6,5,1,2,3,4,2,2,2,4,2,4,5,3,4,5,4,3,2,3,3,3,3,3,2,1,4,3,2,3,3,3,2,1,6,4,3,5,5,5,3,2,1,1,3,3,4,3,3,2,1,2,3,3,3,2,3,3,4,2,1,2,3,4,4,3,3,3,3,3,3,3,3,3,2,2,2,2,2,2,2,2,3,2,3,5,5,4,3,5,7,6,2,1,1,1,1,1,3,3,3,3,3,3,3,3,2,1,2,2,4,4,3,2,4,6,3,2,5,5,4,6,4,4,3,3,3,2,2,2,2,3,3,3,4,4,5,5,3,3,3,3,3,3,3,3,2,2,2,2,2,2,2,2,3,3,3,3,3,3,3,3,4,4,4,3,3,3,2,2,4,3,2,3,2,1,1,2,2,3,4,4,5,5,4,4,4,3,2,2,1,1,2,2,4,4,3,2,2,3,4,4,3,5,5,3,3,4,3,1,1,1,1,1,1,1,1,1,2,2,3,3,4,3,2,1,1,2,4,3,4,4,4,4,3,2,2,2,2,3,5,5,5,4,3,1,2,2,4,5,2,1,3,4,5,3,1,3,2,2,2,2,2,2,2,2,1,2,3,2,1,1,1,2,1,1,1,1,1,2,2,1,1,1,1,1,1,1,1,1,4,4,4,4,4,4,3,3,4,3,3,2,1,1,1,0,2,2,4,4,4,4,4,3,4,4,4,3,3,2,2,2,4,4,4,4,4,4,4,4,4,3,2,3,4,4,3,2,4,3,2,1,2,3,5,8,3,3,3,3,3,3,4,4,3,3,3,2,2,2,2,2,4,5,6,6,5,4,2,1,1,3,5,4,3,2,3,4,3,3,3,3,4,3,3,2,4,3,3,3,5,5,5,4,4,3,3,2,2,1,1,1,2,2,2,3,3,3,4,4,3,2,2,2,3,4,3,3,3,4,4,4,4,4,3,3,3,4,3,3,2,2,1,1,3,3,3,3,3,3,3,3,2,2,2,2,2,2,2,2,2,2,3,3,4,4,3,3,6,5,5,5,5,4,4,4,1,2,3,3,2,2,3,4,4,3,1,0,0,1,4,5,1,2,1,1,1,1,2,4,2,1,2,4,4,3,2,2,1,2,2,4,5,5,5,5,1,1,2,2,3,3,4,4,2,3,4,4,2,2,2,4,3,3,3,3,3,3,3,3,3,3,4,5,5,4,3,3,4,3,4,3,4,5,5,4,1,1,1,2,2,2,2,2,3,4,4,4,4,3,2,1,5,5,4,4,4,3,2,2,2,4,4,2,2,4,4,2,1,2,3,3,3,3,2,2,3,3,3,2,2,2,2,2,1,1,2,3,5,5,3,1,5,4,3,3,5,5,6,6,8,6,3,3,3,4,7,10,7,6,3,1,1,1,3,4,1,1,2,2,2,2,2,2,5,3,2,4,5,4,4,5,4,4,4,4,3,2,3,4,2,3,5,5,4,3,3,3,4,4,2,2,3,3,2,2,4,2,1,1,2,1,1,0,3,3,3,3,3,3,3,3,2,2,2,2,2,2,2,2,3,3,3,3,4,4,4,4,3,2,3,3,3,3,2,2,2,4,6,5,5,6,4,2,3,2,2,3,3,4,4,2,4,3,3,2,2,3,3,4,1,1,2,2,2,3,3,3,3,3,3,3,3,3,3,3,3,4,3,1,1,1,1,1,1,1,1,2,3,3,2,1,2,2,2,2,2,2,2,2,2,2,2,2,2,2,2,2,3,3,2,1,2,2,2,2,4,3,3,3,3,2,1,1,5,8,8,5,3,2,2,3,1,1,1,2,2,2,3,3,3,3,5,3,1,2,2,3,3,3,3,3,3,3,3,3,1,1,2,2,2,3,3,3,2,2,3,4,4,3,2,2,5,4,2,2,1,1,2,2,4,3,2,1,3,4,4,5,3,2,1,1,1,3,5,5,2,2,2,2,2,2,2,2,3,3,4,4,4,5,5,5,3,3,3,3,3,3,3,4,3,4,4,4,3,2,1,1,1,1,1,3,3,3,3,2,3,4,5,4,3,2,3,3,2,2,3,3,4,4,5,5,1,1,3,4,4,2,2,4,1,2,4,2,2,3,4,3,6,5,3,2,2,1,2,3,1,2,3,3,3,3,3,3,3,4,4,5,3,3,1,1,5,6,6,5,3,3,5,8,6,6,5,4,2,3,5,7,4,4,4,4,3,3,3,3,2,1,1,1,2,1,2,2,2,1,1,1,1,1,1,3,1,1,1,1,2,2,2,2,4,4,4,4,4,4
191,3,3,2,1,1,1,2,3,4,1,1,2,2,2,2,2,3,3,3,2,2,2,2,1,1,2,2,2,2,3,3,4,4,2,2,2,2,2,1,1,1,1,1,2,2,2,3,3,3,4,0,1,7,9,6,4,5,2,2,3,3,3,3,4,4,4,4,4,4,5,5,5,5,3,3,3,3,4,4,4,4,4,4,4,3,3,2,2,2,4,4,2,2,2,3,4,5,3,3,2,2,1,2,2,3,5,2,0,0,1,3,4,4,1,1,2,2,3,3,3,3,5,4,3,3,3,3,4,5,4,1,1,1,5,6,5,3,3,3,3,3,3,3,3,3,3,3,3,3,2,2,2,1,2,2,3,3,3,3,2,2,1,2,3,3,4,4,4,3,2,2,3,4,6,6,5,5,2,2,2,2,2,3,2,1,2,2,3,3,3,3,2,2,2,3,4,5,6,5,2,1,3,3,3,3,3,3,3,3,1,1,2,2,3,3,3,3,2,2,3,3,3,2,1,2,2,2,2,2,2,2,2,2,2,2,3,3,4,4,4,5,3,3,2,2,2,2,2,2,4,3,4,5,4,4,3,4,2,3,2,1,3,3,3,1,2,2,2,2,3,3,3,3,1,3,4,3,3,4,3,1,2,2,3,4,4,4,3,3,2,2,2,2,2,2,2,2,3,3,2,1,1,1,1,0,4,4,2,2,4,4,3,2,2,2,2,4,4,4,4,4,3,3,3,3,4,4,4,4,3,5,7,6,2,1,3,5,3,5,5,5,4,3,3,4,5,5,4,3,3,3,4,4,2,2,3,2,4,4,6,7,1,2,3,3,3,3,2,1,1,1,2,2,3,3,3,3,3,3,3,3,3,3,3,3,1,2,4,4,3,3,4,5,5,4,3,2,1,2,3,3,5,3,2,2,2,4,5,5,5,4,3,2,2,1,2,2,4,3,3,3,3,4,3,1,3,3,4,4,3,2,3,4,5,5,4,3,3,4,5,5,5,4,3,3,2,2,2,2,2,1,1,2,4,5,5,4,8,6,4,4,6,7,8,6,1,2,3,3,3,3,2,1,2,3,3,3,3,4,4,4,5,4,4,2,2,3,4,4,4,3,1,1,2,3,2,1,3,3,2,3,3,3,4,5,4,4,3,3,3,3,4,4,4,6,6,5,4,4,4,5,1,3,6,8,8,7,4,3,2,2,2,2,2,3,3,3,6,3,3,3,4,4,3,2,2,1,1,2,2,2,2,2,3,3,3,4,4,3,4,4,2,2,3,3,3,3,2,2,1,1,3,3,3,3,2,2,1,4,4,5,7,5,3,5,7,6,4,4,3,3,3,3,1,3,1,3,4,3,6,5,3,3,3,3,3,3,3,3,1,1,2,2,1,1,2,3,4,4,4,3,3,3,3,3,1,3,3,3,2,2,3,4,3,3,4,4,5,5,5,5,5,4,3,3,3,4,5,5,2,2,2,2,2,2,3,3,4,3,3,4,3,4,3,3,4,3,1,1,1,2,2,1,3,2,2,2,4,4,4,3,4,4,3,3,2,2,2,2,2,2,1,0,1,1,2,2,1,1,2,3,3,4,4,3,2,2,2,2,3,3,5,5,3,3,3,3,1,2,4,6,2,3,4,4,4,4,3,2,0,4,5,2,1,4,3,0,3,4,6,5,4,3,2,2,1,2,3,5,5,4,2,1,2,2,2,2,2,3,3,3,4,4,3,3,3,3,2,2,4,3,3,3,3,3,3,3,4,4,4,4,4,4,4,4,2,3,3,4,3,3,2,1,0,2,4,4,3,2,2,2,5,5,6,6,6,5,3,2,1,2,2,3,3,2,2,1,1,1,2,2,1,1,2,2,1,1,1,2,2,2,2,2,1,1,2,2,2,3,3,3,3,1,2,3,3,4,3,3,4,4,4,4,3,3,3,3,2,2,3,3,3,3,4,4,4,4,3,3,3,3,2,2,2,3,2,1,2,4,4,2,3,2,2,2,1,1,1,1,2,2,3,3,3,3,3,4,1,1,1,2,2,3,3,3,4,4,2,2,2,2,4,4,3,3,2,1,1,1,1,1,3,4,5,4,4,5,3,1,1,1,3,3,2,1,2,4,2,1,1,1,3,3,1,1,1,1,2,2,3,4,4,4,2,2,2,2,2,2,2,2,3,3,3,3,4,4,4,4,3,3,2,2,2,2,2,2,1,1,2,3,3,2,1,1,1,1,2,2,3,4,5,7,3,3,3,3,3,2,2,2,2,1,1,1,2,2,3,3,3,3,2,2,1,1,2,2,2,2,2,2,2,2,2,2,2,2,3,3,3,3
192,6,1,1,1,2,4,5,4,3,3,3,3,3,4,4,4,4,5,5,5,3,2,2,1,2,4,4,3,2,2,3,3,3,4,5,3,4,5,4,4,2,3,3,3,4,4,4,5,5,2,4,5,3,3,5,3,1,3,2,2,4,4,4,5,5,2,2,3,3,3,3,3,5,5,3,3,4,5,5,3,2,4,6,5,4,3,3,3,4,4,4,3,4,4,5,4,4,3,3,2,2,2,2,2,2,1,3,6,6,5,3,3,2,2,2,2,2,2,2,2,3,5,3,3,3,4,4,5,5,6,5,4,4,5,6,5,3,1,3,2,2,2,2,2,3,6,5,5,4,4,4,4,4,5,4,3,2,3,3,4,4,2,2,2,3,3,2,2,2,3,3,3,2,2,3,4,4,2,2,3,3,3,3,3,3,4,5,5,4,4,3,3,4,3,3,4,4,4,4,5,5,2,3,3,3,4,4,4,4,4,4,4,4,4,3,2,3,6,5,4,3,2,2,2,2,3,4,3,3,4,4,4,3,0,3,4,4,4,3,3,3,2,2,1,1,2,2,4,4,2,2,3,2,3,2,2,3,4,4,5,4,4,3,3,3,3,3,3,2,1,2,3,4,1,3,3,3,3,2,2,2,2,2,1,1,2,2,3,3,4,5,5,4,3,3,3,3,3,3,2,3,3,3,3,2,2,2,2,2,2,2,2,3,3,3,2,3,3,4,5,5,2,2,3,4,3,4,4,4,2,2,1,2,4,4,4,4,2,2,3,4,5,5,4,3,4,4,4,3,2,3,4,4,4,4,4,4,3,3,4,4,3,3,4,4,4,4,4,4,3,4,5,5,5,4,4,4,3,3,3,4,3,3,3,5,6,4,4,4,4,3,2,3,4,2,3,3,4,2,2,3,3,3,3,3,3,4,4,4,4,4,4,5,5,5,4,3,1,2,2,2,2,2,1,2,1,2,3,3,3,3,2,2,2,4,4,5,3,2,3,5,3,2,2,2,2,2,2,2,2,2,2,2,1,1,1,2,2,2,2,2,2,2,2,2,2,3,4,4,4,4,2,3,3,1,3,3,3,3,3,3,4,4,4,3,2,4,3,3,6,5,4,4,1,2,2,3,3,3,3,3,3,3,3,2,3,5,5,4,2,3,4,5,3,3,4,3,3,3,2,1,3,6,6,6,5,3,4,3,2,3,3,3,3,3,1,1,3,4,4,3,1,1,3,3,2,2,2,2,2,2,2,1,1,3,4,3,4,5,6,5,2,2,2,2,2,2,3,4,3,2,4,3,2,4,3,3,5,5,6,5,5,5,5,4,3,3,3,3,3,3,3,3,1,1,1,2,2,2,2,2,2,2,3,3,3,4,4,3,4,4,4,4,4,4,4,2,0,4,4,2,0,1,4,4,3,4,4,2,2,2,1,1,3,4,2,2,4,4,5,5,3,3,3,3,4,5,6,4,2,2,1,1,1,2,2,1,3,3,2,2,3,2,2,2,1,2,3,4,3,2,1,2,2,2,2,2,2,2,2,2,2,4,4,3,1,1,3,3,3,3,3,3,3,3,3,3,2,2,2,2,2,2,2,3,4,3,3,3,2,2,1,2,4,3,1,2,3,4,6,4,4,6,2,0,3,2,1,3,4,4,4,3,1,1,2,2,3,3,4,4,4,4,4,4,4,4,4,4,4,4,4,5,3,1,1,1,3,3,3,3,2,2,2,2,2,2,2,3,4,3,3,2,3,3,4,4,3,3,3,3,3,3,3,4,3,1,0,1,1,2,2,1,2,1,1,1,2,2,1,1,3,3,3,3,3,3,3,4,4,4,4,4,4,4,4,5,6,6,4,2,3,4,2,1,2,3,3,4,4,3,3,3,3,5,4,2,3,5,4,2,3,3,3,3,3,3,3,3,3,3,2,3,3,3,5,5,2,2,3,3,3,3,4,4,3,3,3,3,3,3,3,3,2,0,1,3,4,4,4,2,2,2,3,3,4,4,2,2,1,3,3,3,3,2,3,3,2,1,3,4,4,3,2,1,2,2,2,4,4,4,5,5,3,3,3,2,2,2,2,3,2,2,2,3,3,3,4,3,1,3,2,1,2,2,4,5,7,7,4,3,3,3,2,2,3,3,3,3,3,3,3,3,3,5,6,6,4,4,4,4,3,3,3,3,2,2,1,1,2,1,1,1,1,3,5,2,2,3,4,4,4,4,3,2,2,2,2,2,2,2,1,1,5,3,3,3,3,3,2,2,2,1,1,3,3,3,5,4,3,4,5,5,4,2,2,4,3,1,1,2,3,4,4,4,5,4,3,3,3,3
193,3,3,3,3,3,3,2,2,2,1,2,4,5,6,4,4,3,2,3,4,4,4,4,3,2,1,3,3,2,2,4,5,3,4,4,4,4,4,4,4,4,1,3,5,4,2,3,2,0,3,3,3,3,3,3,3,3,3,2,2,2,1,3,3,4,1,2,3,3,4,4,4,4,1,3,5,2,2,2,3,3,5,5,4,3,2,2,4,3,2,2,2,2,2,2,2,2,1,3,3,3,2,2,4,6,5,2,2,3,3,3,2,2,1,3,2,1,1,2,6,8,13,7,3,3,4,5,3,1,1,3,4,4,6,8,5,2,5,5,5,4,2,2,3,4,5,5,4,3,3,3,4,4,3,4,3,4,4,4,4,4,5,4,4,3,3,2,2,1,2,3,4,3,7,8,8,8,5,3,4,3,4,4,5,5,5,5,4,4,4,4,4,3,1,2,4,5,3,2,4,4,3,3,3,3,3,3,3,4,4,3,3,3,4,4,4,4,1,2,2,2,2,2,1,2,3,4,4,4,4,4,4,4,4,3,3,3,3,3,3,3,2,1,1,1,2,3,4,6,4,3,3,3,3,4,4,4,3,2,2,3,4,4,5,5,3,4,5,3,3,4,5,3,3,3,3,4,4,4,3,3,5,5,5,3,3,4,5,5,3,3,3,3,3,3,3,3,2,1,1,1,1,1,1,1,1,2,2,2,1,0,1,1,2,2,3,3,3,3,3,4,7,6,4,3,2,2,3,4,4,3,3,3,3,3,3,3,5,4,3,2,2,3,4,4,2,2,4,4,5,5,4,4,1,0,1,1,2,3,4,5,4,3,2,3,4,4,3,3,4,4,3,3,3,4,5,5,3,3,4,4,4,4,2,1,4,5,6,6,5,5,4,3,2,2,4,5,6,5,3,3,2,1,2,2,3,3,3,4,4,4,4,4,3,3,3,2,5,5,4,3,3,3,3,4,3,4,4,4,4,3,3,4,2,2,3,3,4,4,3,3,4,3,3,3,4,4,4,5,1,1,3,2,1,1,3,6,7,6,4,3,3,3,3,4,4,3,3,2,2,2,1,1,3,4,4,4,5,6,6,5,3,3,5,5,5,5,4,3,4,4,2,2,0,1,2,2,1,1,3,3,1,1,2,3,5,5,3,3,5,5,5,6,3,3,4,4,4,4,3,3,1,1,2,3,3,3,2,2,0,0,2,3,5,5,4,3,3,2,2,3,2,1,2,2,2,2,2,3,3,3,3,3,6,3,1,1,2,3,4,3,3,4,5,5,4,4,4,3,2,3,4,5,5,4,2,1,0,3,4,4,7,5,2,3,1,2,3,3,3,3,2,1,3,3,3,3,2,2,2,2,4,3,3,2,2,2,3,3,2,4,3,2,3,2,0,1,1,3,4,2,2,2,4,4,3,3,3,3,2,2,2,2,2,2,2,2,2,2,2,2,2,2,1,2,1,2,2,2,3,3,3,3,3,3,3,3,3,2,1,1,1,1,1,1,3,3,4,3,1,1,1,2,1,1,1,1,1,1,1,2,3,2,1,1,1,1,2,3,4,3,3,3,4,4,3,2,2,2,1,1,2,2,4,4,3,3,3,3,3,3,3,3,3,3,2,1,1,1,2,4,0,1,1,0,2,3,3,2,3,4,6,5,4,3,2,2,3,2,3,3,3,3,2,2,2,2,4,4,4,3,3,3,1,1,1,2,2,3,3,3,2,2,2,2,2,2,2,2,2,2,2,3,2,2,3,3,3,3,3,3,3,2,3,3,3,1,2,2,3,3,2,2,4,3,3,3,3,4,5,6,6,4,3,2,2,3,3,3,3,3,2,2,4,5,3,1,1,2,3,4,4,4,3,2,2,2,2,3,3,3,3,3,2,2,3,3,4,4,4,3,3,3,2,3,3,4,5,4,3,3,2,2,1,1,1,1,2,2,4,4,5,7,4,4,5,4,6,6,4,3,4,2,1,1,1,1,1,1,1,2,4,3,3,3,3,2,2,2,2,1,1,2,1,3,2,1,3,3,3,3,2,2,3,3,2,2,2,2,2,2,3,5,3,2,2,4,4,4,2,2,6,5,4,4,3,3,5,5,4,4,3,3,3,3,6,6,4,4,4,3,3,4,4,4,5,6,4,3,5,7,6,3,1,2,4,4,4,3,2,2,2,2,2,2,2,2,2,2,3,4,3,3,1,2,3,3,3,3,4,3,4,3,3,3,3,3,2,2,2,2,4,4,2,2,2,3,2,2,2,2,1,1,2,2,2,3,3,2,3,3,4,4,4,4,2,2,3,3,4,4,4,3,2,2,3,4,2,1,1,2
194,4,3,3,4,4,3,4,4,3,3,4,4,5,5,5,5,5,3,2,2,2,2,1,1,2,2,1,1,1,1,1,1,1,1,1,1,2,3,3,3,3,3,4,5,5,5,4,3,2,3,2,2,2,3,4,4,4,3,1,2,2,2,2,1,1,1,2,3,4,5,4,3,2,1,1,1,2,2,1,1,1,2,2,3,3,3,3,3,3,4,5,5,5,5,3,1,2,2,2,3,3,2,2,2,2,5,5,3,2,1,2,4,4,1,2,3,2,2,2,4,6,5,4,4,3,3,4,3,1,0,3,5,4,5,6,4,1,3,4,3,3,4,5,4,4,4,3,2,1,1,1,2,2,2,3,3,4,3,3,4,4,2,1,2,2,3,3,2,3,2,2,2,3,2,3,1,1,3,4,5,5,5,5,4,3,2,3,4,3,3,2,3,3,5,5,4,4,4,3,3,2,1,3,4,4,4,5,5,4,1,1,1,1,1,2,6,8,8,5,3,2,4,5,5,4,3,4,4,4,4,2,2,1,1,2,2,2,3,2,2,2,3,3,3,3,3,4,4,5,5,3,3,3,3,2,3,3,3,3,3,3,3,3,3,3,4,5,4,4,4,5,5,4,4,5,6,5,4,2,3,4,2,1,2,3,3,3,3,3,4,4,4,4,3,3,2,3,5,5,4,3,3,3,3,4,3,4,5,3,2,5,5,4,3,3,1,2,3,3,3,2,5,5,5,3,3,3,2,1,3,5,5,4,3,3,4,6,5,3,3,1,2,4,5,4,3,3,3,2,2,2,2,3,1,1,2,3,2,3,1,1,4,3,3,1,1,1,3,4,4,3,3,4,5,5,3,3,3,4,2,1,2,2,2,3,5,5,5,6,4,3,2,3,3,1,1,1,1,1,1,1,3,3,2,2,3,4,4,3,3,4,6,6,3,2,3,3,3,4,3,2,3,5,4,3,2,3,1,2,2,1,1,4,4,1,3,4,4,5,4,5,5,4,4,4,3,3,3,3,2,2,2,1,2,2,3,5,5,4,4,4,4,4,4,4,3,3,3,3,3,3,2,1,2,4,6,6,8,8,6,5,5,6,5,4,4,4,3,3,5,5,4,3,3,4,4,2,2,3,3,3,3,3,3,3,4,5,4,4,4,4,4,3,1,2,3,3,2,2,3,7,5,1,3,5,7,8,7,5,3,3,4,4,4,4,4,4,4,3,3,4,5,6,4,2,1,1,3,4,2,1,1,3,3,2,3,3,1,2,4,3,2,2,4,5,5,5,3,2,3,3,3,3,3,3,3,3,2,4,7,9,7,5,2,2,4,4,4,4,5,5,5,6,5,4,4,4,4,4,4,4,4,3,4,4,4,4,4,3,3,3,2,1,1,1,2,4,3,2,4,4,4,3,3,5,7,7,4,4,2,2,3,3,1,1,2,2,4,4,5,5,6,5,3,1,1,1,1,1,2,1,1,2,2,4,4,4,4,5,4,3,3,3,3,3,3,3,2,2,2,2,2,1,3,3,2,2,2,2,2,2,2,2,3,3,3,4,4,4,3,1,1,2,2,2,3,3,3,3,4,3,3,4,5,7,6,5,3,2,2,2,4,4,4,2,2,4,4,3,0,1,2,2,1,1,1,1,1,1,2,3,3,3,4,4,4,5,2,2,2,2,3,3,4,5,6,4,3,4,5,7,5,3,2,2,2,2,3,3,3,3,2,2,2,3,3,2,2,2,1,2,2,2,3,3,2,1,2,2,3,4,6,6,6,7,6,4,5,5,5,5,3,2,2,1,1,3,4,5,3,2,1,2,3,2,1,1,1,3,1,1,1,2,4,4,4,4,4,3,4,4,4,4,3,0,0,1,2,3,2,1,1,1,1,1,1,1,1,2,2,3,3,3,2,1,1,1,2,3,2,1,2,2,2,2,3,4,4,3,5,6,5,3,3,4,4,2,2,2,2,2,3,2,3,3,3,3,3,3,3,3,3,3,2,2,2,2,2,2,3,3,4,3,3,4,4,4,3,4,3,2,2,2,3,4,3,2,4,4,4,4,4,5,2,1,1,1,1,2,1,2,2,2,2,3,3,3,2,2,3,4,3,2,2,2,3,4,4,4,3,2,1,2,3,3,3,2,2,2,2,3,3,3,3,3,3,3,3,3,3,3,3,2,1,2,2,4,4,4,2,1,1,1,1,1,1,1,2,1,2,5,5,1,1,3,3,3,3,5,5,4,3,2,0,0,2,2,3,3,3,1,1,4,5,5,3,2,2,3,3,3,3,4,4,3,3,1,1,1,2,2,2,2,3,3,5,5,4,4,4,3
195,1,0,0,0,0,0,0,0,0,2,2,1,2,2,1,2,1,1,2,1,1,2,2,3,2,3,3,4,6,7,5,3,2,1,2,3,3,3,3,2,2,2,4,3,2,3,2,2,5,4,2,3,3,3,4,4,3,2,2,3,4,3,2,2,2,3,4,3,4,4,3,2,1,2,1,1,2,2,3,3,3,4,5,5,4,4,5,4,3,2,3,2,2,3,3,3,4,4,4,3,2,2,3,4,5,5,5,4,4,4,4,4,4,3,2,2,3,5,6,6,6,4,4,5,5,3,3,3,2,4,5,2,2,2,3,3,2,5,7,7,6,4,2,2,3,3,3,3,3,3,2,2,3,3,3,4,4,4,4,3,3,2,2,2,2,2,2,2,2,3,1,2,3,3,4,6,6,5,4,5,5,5,5,4,4,4,3,3,4,3,2,4,4,2,2,3,3,4,4,5,5,5,5,5,5,3,3,1,3,2,1,2,2,2,3,3,4,5,5,3,3,3,3,4,5,3,2,2,2,2,2,3,2,4,3,1,2,2,3,3,2,3,4,4,4,4,4,4,4,3,3,5,5,4,3,4,5,4,2,1,2,4,5,4,2,4,5,5,5,3,1,2,3,2,2,3,3,3,4,4,3,3,3,3,3,3,3,3,4,2,2,3,4,4,5,4,4,2,2,2,2,4,5,6,8,6,3,3,3,3,3,3,3,2,3,3,2,2,3,4,4,3,3,3,3,2,2,2,2,3,2,2,2,2,2,3,5,4,3,3,4,4,3,3,3,2,2,2,2,3,3,3,5,2,1,1,1,4,6,9,9,3,2,2,2,2,1,1,3,2,2,2,3,3,3,3,3,3,2,3,4,5,4,3,2,3,4,5,5,5,5,5,5,3,4,5,3,2,4,4,3,3,3,3,3,3,3,3,3,3,3,4,4,4,3,3,4,4,6,8,7,6,4,2,2,5,5,5,5,4,4,4,3,3,4,3,3,2,2,2,3,3,3,3,3,4,4,4,3,3,3,4,3,3,3,3,4,2,2,2,2,3,4,4,4,2,2,4,4,3,5,5,5,3,2,5,6,6,5,3,1,2,4,2,3,4,4,4,3,5,5,3,3,5,5,5,4,1,1,2,2,3,3,3,4,2,3,3,1,3,4,6,4,4,4,4,4,4,4,4,4,1,1,1,2,1,2,3,3,4,4,4,4,3,3,3,3,2,2,3,3,4,4,5,6,3,4,4,2,1,1,1,3,3,2,2,2,1,1,1,1,4,4,3,2,3,5,4,2,1,1,2,2,3,4,4,5,4,4,4,4,4,4,4,4,4,4,4,4,4,4,4,4,4,3,3,2,3,3,3,3,2,2,3,3,2,2,4,5,5,4,2,3,4,4,4,3,4,4,3,2,3,3,2,1,3,4,4,3,3,3,5,5,3,2,1,1,1,2,3,4,3,3,3,3,3,3,3,3,4,4,4,4,4,4,4,4,4,4,3,3,3,2,2,2,2,2,2,3,4,4,4,5,2,2,2,2,3,3,3,3,2,2,2,2,3,3,3,3,6,5,5,4,3,3,2,2,1,2,4,4,4,4,6,8,1,4,3,1,2,2,3,3,3,2,1,1,2,3,5,5,5,3,2,2,3,3,4,4,3,3,3,3,3,3,3,3,3,3,4,4,4,5,5,5,3,3,3,3,3,2,2,3,2,2,2,3,3,4,4,4,3,3,2,2,1,1,1,1,4,3,3,3,2,2,1,1,2,3,3,1,2,3,3,2,3,3,3,4,4,3,2,3,3,3,2,1,0,0,1,2,3,4,4,4,3,3,2,2,3,3,2,1,1,3,3,3,1,3,3,3,3,3,2,2,2,4,5,5,3,2,3,3,3,3,3,3,3,3,3,4,4,3,1,1,0,2,3,3,2,4,5,5,4,4,5,5,2,0,0,2,3,2,2,2,2,2,2,2,1,0,2,2,3,3,3,3,2,2,2,3,5,3,3,3,2,2,2,2,2,2,3,3,3,3,3,4,4,4,4,4,4,4,4,4,3,4,2,0,1,4,6,4,0,2,2,2,2,3,5,4,1,2,2,4,6,6,5,3,2,3,3,3,2,2,2,3,3,3,5,5,2,0,2,6,4,3,1,1,3,3,3,3,3,3,3,3,3,3,3,3,2,2,2,2,2,3,3,3,3,2,2,2,3,3,3,2,0,1,3,3,3,3,3,2,2,2,2,2,2,2,1,1,2,2,3,3,3,3,4,4,1,2,2,2,3,3,2,2,3,3,3,3,3,3,3,3,2,2,2,3,3,3,3,3,4,4,4,4,4,4
196,5,5,3,3,3,3,3,1,1,2,2,3,2,2,3,3,4,5,3,2,2,2,3,4,5,4,3,3,2,3,4,6,3,1,2,3,3,3,2,1,2,3,2,4,5,4,2,3,1,1,4,5,5,4,3,2,2,1,3,5,5,5,4,3,4,3,2,1,2,2,3,5,4,3,3,3,3,3,3,3,3,3,3,3,3,4,4,3,5,8,7,4,2,3,5,3,2,3,2,2,2,2,2,0,3,3,0,3,4,2,1,2,1,2,3,3,4,4,4,2,1,2,3,4,5,5,5,5,3,1,1,2,3,5,5,6,4,3,4,2,2,1,2,3,3,3,3,3,2,2,2,2,2,3,5,4,2,2,2,2,2,1,2,3,3,3,3,2,1,3,2,2,2,2,3,3,3,4,4,4,5,5,5,5,4,1,3,4,3,1,2,3,3,5,6,4,3,2,2,2,1,1,1,1,1,2,2,2,2,4,3,2,2,1,2,2,2,3,3,5,5,5,5,4,5,2,2,2,3,4,5,5,4,3,3,3,3,3,3,4,4,4,4,4,4,3,3,3,3,3,3,3,3,3,3,3,3,3,2,3,3,3,3,2,3,2,2,2,2,4,5,5,4,3,3,2,2,3,4,5,6,7,7,5,3,2,2,4,3,1,2,3,2,2,1,2,4,4,3,3,3,3,1,1,1,3,4,5,4,3,2,2,3,3,3,3,3,3,3,3,3,1,2,1,2,3,2,3,2,1,1,2,3,3,3,3,3,2,3,3,3,3,2,1,1,1,1,1,2,3,3,3,3,4,5,6,5,3,3,8,9,3,3,3,3,4,4,4,4,3,3,3,3,3,3,3,3,3,4,5,5,5,4,2,2,5,3,3,4,6,7,6,4,3,2,4,4,4,3,3,2,3,2,3,3,4,4,4,4,6,3,2,4,4,5,3,2,3,2,3,4,4,4,3,4,4,4,3,3,3,3,3,3,4,4,3,4,5,5,4,4,4,4,3,3,3,3,3,3,4,3,4,4,4,3,4,4,3,3,5,6,6,6,7,8,8,6,6,6,4,3,3,3,4,5,6,5,4,2,3,3,3,5,5,4,2,2,3,4,3,3,2,2,5,6,6,3,3,3,3,4,3,3,3,2,4,4,3,3,4,4,4,3,4,4,4,4,4,3,5,4,4,5,6,6,5,6,5,5,3,5,6,6,4,4,3,4,3,4,4,4,4,4,4,3,1,1,1,1,1,1,2,1,3,3,4,4,4,4,3,2,2,2,2,1,2,3,3,2,3,3,3,3,3,2,2,1,3,3,2,4,6,6,6,4,4,4,4,5,4,3,1,1,3,3,4,5,4,3,3,3,0,0,4,6,6,5,3,1,3,3,3,3,4,4,3,3,2,2,3,3,4,4,4,4,3,2,1,2,2,2,3,2,3,4,3,3,5,6,6,5,2,1,1,1,1,1,1,1,3,4,3,4,5,5,4,3,3,4,4,3,3,2,2,1,1,3,2,1,2,3,2,1,2,3,2,1,2,2,3,3,4,4,3,3,2,3,2,2,3,3,3,3,3,3,3,3,3,3,2,4,4,3,3,5,4,3,3,2,2,2,2,3,0,1,3,3,4,4,2,2,3,2,2,2,2,2,2,2,4,5,5,4,3,5,5,3,4,4,3,3,4,4,5,5,4,3,3,4,4,4,3,3,4,5,5,4,4,4,4,3,2,2,2,2,3,2,2,2,2,2,3,3,3,3,3,1,2,6,7,4,2,2,5,4,1,4,4,2,1,1,6,4,1,2,3,3,3,3,1,3,6,4,2,1,1,1,1,2,1,1,3,3,3,3,3,2,1,2,2,4,4,4,2,2,2,2,2,2,2,2,2,3,2,1,1,1,2,2,1,1,3,3,2,2,2,3,3,2,4,2,2,3,2,3,3,4,4,2,2,4,6,6,5,3,2,4,4,4,4,4,2,2,2,2,2,2,2,2,2,1,1,3,4,4,5,4,1,2,5,5,4,3,4,4,3,2,3,4,4,2,1,1,1,1,2,2,3,3,3,4,4,3,3,3,1,1,1,1,3,3,3,3,3,3,3,3,3,3,2,4,4,4,3,1,0,0,1,1,2,2,2,2,2,2,4,4,4,4,5,5,3,2,2,2,2,3,3,4,3,4,2,1,1,3,3,3,3,2,2,3,3,3,2,2,2,1,2,2,1,2,3,4,4,3,2,2,3,3,2,2,3,4,4,4,3,4,4,4,5,4,4,4,4,4,4,4,4,3,2,3,3,3,3,4,3,2,1,2,2,3,4,4,5,5,4,3,1,1,1,2
197,4,6,5,4,4,4,3,3,2,3,3,3,3,3,3,3,3,2,2,2,2,3,3,4,5,4,3,2,1,2,2,1,2,2,2,3,3,2,2,2,2,2,2,2,2,2,2,2,2,3,2,3,3,2,2,1,2,5,5,3,3,4,4,3,2,1,2,2,3,2,4,3,1,1,2,5,5,5,5,2,1,2,3,4,4,3,2,2,3,5,4,4,3,2,1,2,1,3,2,2,2,1,2,1,1,3,5,5,4,3,2,4,4,4,3,3,4,4,3,3,4,3,3,4,4,4,4,4,4,3,3,1,2,4,5,4,4,3,2,3,3,4,4,4,3,6,6,6,5,4,3,1,0,3,3,3,3,3,3,3,3,1,2,4,5,4,2,1,1,3,4,4,3,2,3,4,6,6,6,6,5,4,4,2,2,6,4,2,0,0,1,2,4,5,3,4,6,5,4,5,5,2,4,4,4,3,3,4,3,1,2,2,3,3,3,4,3,4,4,4,4,4,4,4,4,2,3,4,3,3,3,4,4,5,4,4,4,4,3,4,4,3,3,3,3,4,4,3,2,3,3,2,2,3,3,3,2,3,4,3,3,2,2,3,3,3,2,3,4,4,4,4,4,5,6,4,3,4,4,5,7,4,2,2,2,2,2,2,1,1,1,2,3,3,3,3,3,2,2,1,2,3,3,3,4,3,4,4,3,2,2,2,1,3,3,2,2,2,2,2,2,3,3,3,3,3,2,2,2,2,1,1,3,3,3,2,2,3,3,3,5,5,4,4,3,3,3,4,4,5,5,3,2,4,4,4,5,5,5,6,6,2,2,5,5,5,3,2,3,3,3,3,3,4,4,3,2,0,2,3,2,2,3,5,5,6,8,7,6,5,5,4,3,1,1,1,1,1,2,2,2,3,3,4,4,4,5,4,4,4,4,5,5,4,2,3,4,4,4,4,3,4,5,4,5,2,2,3,3,3,3,3,4,3,2,2,3,4,4,3,4,3,2,2,2,2,2,3,3,2,2,2,2,4,5,6,5,4,4,3,1,1,1,2,1,2,2,4,4,3,2,2,2,3,3,3,3,3,4,4,3,3,3,3,3,3,3,4,4,2,2,2,2,1,2,2,2,4,3,1,0,1,3,4,5,4,5,4,2,3,3,4,2,1,1,1,1,1,1,1,1,1,1,1,2,2,1,1,1,4,5,5,5,4,4,4,6,6,5,4,4,3,3,3,3,4,5,5,5,3,3,1,2,1,1,2,1,2,3,3,4,5,5,4,3,3,3,2,3,3,3,3,1,3,3,3,3,1,2,2,2,3,3,4,4,4,4,4,4,5,5,4,5,6,4,4,4,2,4,4,2,1,3,5,6,5,5,4,4,3,4,4,3,3,3,3,2,2,4,4,5,4,4,4,4,3,2,1,2,2,1,2,2,1,1,2,3,4,3,2,2,3,3,3,2,2,3,4,3,4,2,1,3,3,2,3,4,2,2,3,4,4,3,1,1,1,1,3,3,3,2,3,4,3,3,3,4,3,3,3,2,3,2,2,3,4,4,3,4,5,5,5,4,3,3,3,3,2,2,2,1,2,2,3,2,3,3,2,3,4,3,2,2,3,3,2,2,2,3,3,4,4,2,1,1,1,2,2,3,5,4,4,2,1,2,4,4,4,3,3,3,3,3,3,2,0,1,2,3,2,2,2,2,3,2,3,3,3,3,3,3,4,3,1,1,2,4,5,5,4,3,3,4,4,4,4,4,2,3,3,2,2,1,2,2,4,4,4,4,4,3,3,3,3,2,2,2,3,3,4,4,6,6,5,5,5,4,3,3,3,3,2,2,3,4,5,4,3,3,2,2,2,2,2,4,1,2,3,3,3,1,1,2,1,1,1,1,1,1,1,1,3,3,1,2,1,2,2,3,2,1,3,2,3,6,7,6,3,2,3,2,1,2,4,5,3,2,2,3,2,2,2,3,5,3,3,4,5,6,5,4,4,3,1,1,3,4,4,2,2,3,2,2,2,3,5,6,3,3,5,4,4,4,5,5,1,2,2,0,1,3,4,2,2,1,1,1,1,3,3,2,3,3,3,3,3,3,3,3,3,3,2,3,3,4,5,5,3,5,5,5,4,3,2,3,4,4,4,4,4,4,3,4,2,3,3,2,3,2,1,2,0,1,1,1,1,2,2,1,3,4,3,3,2,1,1,1,4,4,3,1,0,1,3,4,3,3,4,4,3,3,3,3,3,3,3,1,2,2,4,4,3,3,3,3,3,4,4,4,2,2,3,4,4,4,4,3,5,5,5,5,5,4,4,4,3,3,3,3,3,3
198,3,4,3,2,2,2,3,4,5,5,4,3,3,3,2,3,3,2,1,1,2,3,3,4,3,2,1,2,2,1,1,1,1,2,2,2,3,3,2,4,4,2,3,3,4,5,5,4,4,3,3,3,2,2,2,3,3,3,4,3,3,4,3,3,3,2,3,3,3,3,2,2,1,2,2,3,3,3,3,3,4,4,3,2,2,2,3,3,4,4,3,3,3,3,3,3,3,1,1,1,1,1,2,2,3,6,6,5,5,6,5,3,2,3,3,3,3,3,3,4,4,7,7,4,3,2,3,4,4,5,4,5,5,6,5,3,3,3,3,4,5,4,4,4,4,3,3,2,2,2,2,2,3,2,2,2,3,3,3,3,2,3,3,3,3,3,3,2,3,4,2,3,3,3,3,4,5,4,3,2,3,3,4,4,3,3,2,2,2,4,4,4,3,4,4,3,4,4,3,3,3,3,3,2,3,3,2,2,4,2,1,2,2,2,2,1,1,1,2,3,3,2,2,2,3,5,4,3,2,1,1,1,1,0,0,1,0,1,2,4,4,2,3,3,1,3,6,7,4,1,2,4,3,3,3,4,6,0,2,2,2,1,0,1,2,2,3,3,3,2,1,2,3,1,1,2,2,3,3,3,3,1,1,2,2,2,2,1,1,3,3,3,3,3,3,3,3,4,4,4,4,4,4,3,3,6,7,5,5,3,2,2,2,3,4,3,3,3,2,2,2,2,3,3,3,3,3,4,5,3,3,5,4,3,1,1,3,5,5,5,5,5,5,6,6,5,4,4,4,4,4,4,2,5,5,4,4,3,3,4,6,3,3,1,2,3,4,3,3,2,3,3,4,4,3,3,2,2,3,4,4,4,4,3,4,4,4,3,3,2,2,1,2,2,2,2,2,2,3,3,3,3,0,0,3,6,6,3,3,4,2,2,3,3,4,2,1,1,2,4,4,4,3,3,2,1,1,1,1,3,4,5,5,3,1,1,3,4,4,2,3,5,3,1,1,1,3,4,4,2,1,1,2,2,3,1,3,6,3,3,4,4,4,2,2,4,6,7,6,4,2,2,3,3,3,3,4,5,4,4,4,4,3,1,2,3,5,5,3,3,3,1,1,2,3,5,5,2,2,3,3,4,3,4,3,1,2,2,2,2,2,3,3,4,3,3,3,3,3,3,3,2,2,2,3,4,3,3,3,2,1,1,2,2,2,1,1,4,4,4,4,3,2,2,2,3,2,2,3,2,4,4,3,4,5,5,5,3,3,3,3,2,2,2,2,1,2,3,3,3,3,3,2,2,2,2,2,2,3,4,5,4,3,3,4,3,2,0,0,1,1,0,1,6,5,4,4,3,3,4,4,4,6,5,4,3,4,3,2,1,1,1,3,3,3,2,2,2,3,4,4,5,6,7,5,3,3,2,2,0,1,1,0,2,2,3,2,2,1,1,2,4,4,5,5,4,4,4,5,7,6,5,4,4,4,4,6,6,4,4,2,2,1,1,1,2,2,1,1,0,0,1,1,3,3,3,3,2,2,2,2,2,2,2,2,2,2,3,3,2,3,4,3,2,1,1,3,4,3,1,2,2,2,1,1,3,4,4,3,1,1,2,3,3,2,2,5,4,2,2,2,2,2,2,2,2,2,3,2,2,4,5,5,5,4,4,4,4,4,3,3,4,4,5,5,5,4,3,2,3,3,3,3,1,1,1,1,2,2,2,3,6,3,2,3,2,1,2,3,2,2,3,3,3,3,3,3,4,4,3,3,4,4,4,4,5,3,2,2,4,5,4,2,3,3,4,3,3,4,3,3,4,5,5,5,6,4,4,5,3,3,1,1,1,1,0,0,1,2,2,1,1,2,3,3,3,2,2,2,1,1,1,1,3,3,3,4,4,3,3,3,3,2,1,1,1,2,4,5,4,6,4,3,3,3,3,4,3,4,3,3,4,4,3,2,3,3,5,4,4,3,2,3,1,1,1,2,2,1,1,2,3,2,4,4,4,4,3,3,2,3,3,3,3,5,5,5,3,3,3,3,3,3,3,3,1,0,1,2,3,1,1,3,2,2,2,2,2,2,2,2,2,1,2,3,4,5,5,4,5,5,5,3,2,2,2,3,3,3,5,4,3,1,2,3,3,3,2,2,2,3,3,4,3,2,3,3,2,3,3,3,3,3,3,2,1,1,1,1,1,1,2,2,2,3,3,4,1,1,1,2,2,2,2,2,2,2,4,4,4,3,2,3,3,3,3,3,4,3,3,4,4,4,4,4,3,3,3,4,3,2,1,2,2,2,2,2,1,1,2,2,2,1,1,2,1,2,2,2,2,3
199,4,6,3,1,4,6,6,4,2,2,2,3,4,4,5,5,4,2,3,4,3,2,1,1,2,3,1,2,4,3,1,2,3,2,3,4,3,2,2,4,4,2,3,3,4,6,6,7,6,5,4,3,3,3,4,5,5,4,4,3,3,3,3,2,3,4,3,2,2,2,3,5,6,5,4,3,5,6,6,6,5,4,4,3,3,3,2,2,3,2,2,2,1,1,1,1,1,2,3,3,3,3,3,2,3,6,4,3,5,6,5,4,2,1,1,2,2,2,3,3,4,6,4,4,4,4,2,2,3,4,4,1,3,7,6,3,3,1,2,5,5,3,4,4,3,3,4,4,4,4,4,3,4,6,5,5,5,4,4,4,4,3,3,4,6,6,5,6,4,2,4,5,4,3,3,3,3,2,1,3,5,4,2,2,4,5,4,2,3,1,1,1,1,0,1,4,5,5,3,1,1,2,2,2,2,2,2,2,3,2,2,2,2,2,2,2,2,3,3,3,4,4,3,4,3,3,2,2,2,2,2,3,2,2,3,3,2,2,2,3,5,3,1,3,3,3,2,3,5,4,4,4,4,3,3,3,3,2,4,4,3,3,3,2,1,2,3,5,5,3,2,2,2,3,2,3,4,4,2,3,2,1,0,1,2,2,4,5,6,4,2,4,4,3,3,1,1,2,2,2,2,2,2,2,3,4,5,3,2,2,3,3,1,2,4,4,4,3,4,4,4,4,3,2,2,3,5,4,2,3,3,3,3,4,4,4,4,4,4,3,3,4,4,4,3,4,4,3,4,6,7,6,5,2,1,3,4,3,4,3,3,2,2,3,3,3,3,3,3,3,3,3,3,3,3,2,2,1,1,3,3,3,3,4,6,5,2,2,2,4,4,3,3,3,3,3,2,3,5,5,5,6,5,4,3,3,4,4,4,5,6,4,4,2,2,3,3,4,4,3,2,1,2,4,2,3,3,1,1,1,1,1,2,2,2,4,4,4,3,3,3,2,3,3,4,4,4,3,2,3,4,3,3,2,2,2,3,4,2,3,3,3,4,4,4,3,2,4,3,3,4,4,4,3,3,3,5,5,3,2,2,4,5,3,3,4,4,5,3,3,4,4,4,4,4,4,4,5,5,5,3,3,2,2,4,3,3,4,6,6,5,3,1,2,4,5,5,3,3,3,4,3,2,2,3,3,3,3,3,3,3,1,1,3,3,3,1,2,4,4,4,4,4,4,4,3,4,4,3,5,6,6,5,5,5,5,6,6,6,6,5,2,3,2,2,2,3,3,3,3,3,3,3,2,2,2,1,2,1,2,2,3,3,3,3,1,2,2,2,2,1,1,2,4,4,2,3,4,5,5,3,3,3,3,3,3,3,3,3,2,2,2,4,5,5,4,1,1,2,2,3,4,5,6,9,5,1,3,2,3,4,3,3,3,2,2,2,2,2,2,2,4,4,3,3,3,4,3,2,2,3,5,4,3,2,2,4,4,4,4,4,2,2,2,2,2,2,1,1,1,1,1,1,3,3,3,3,3,3,3,3,2,3,2,2,2,2,2,2,2,3,3,3,3,3,2,2,2,2,3,4,4,4,3,4,2,1,3,4,4,3,3,4,4,4,4,3,3,3,3,2,3,4,3,3,2,2,2,4,4,2,2,3,3,3,3,3,2,2,3,3,3,3,3,2,2,3,2,3,5,4,4,2,2,3,4,4,3,3,4,4,3,3,3,3,2,2,1,1,3,4,6,5,3,2,1,1,1,1,2,4,4,3,2,4,4,4,3,3,4,3,2,1,1,3,3,4,2,2,3,4,3,3,3,2,2,2,1,1,4,4,4,3,3,2,2,3,2,3,4,4,3,2,3,4,4,4,3,3,3,4,3,3,3,3,3,3,3,3,3,3,1,3,4,4,5,5,5,5,3,1,0,1,3,3,3,3,1,3,4,4,3,2,4,5,2,3,2,2,1,1,1,1,1,2,3,4,5,5,4,3,3,4,4,3,3,3,3,3,1,1,1,1,3,3,3,1,4,3,2,3,4,4,2,1,0,1,2,1,1,3,3,1,4,4,4,4,3,2,2,0,2,4,6,5,3,2,3,4,3,3,3,3,3,2,2,2,1,2,2,2,2,1,2,2,1,2,3,3,3,3,3,4,2,2,2,2,2,2,2,2,3,3,3,3,2,2,3,3,2,2,2,2,2,2,2,2,2,3,5,5,3,2,1,1,3,2,2,2,2,2,2,3,3,3,3,3,3,3,3,4,4,4,4,4,4,4,4,4,4,5,6,5,4,4,4,3,3,3,4,4,3,3,2,2,2,4,3,3,4,4
200,4,4,3,4,3,2,2,2,1,3,3,3,2,3,4,6,7,5,4,4,4,4,4,4,4,4,4,4,4,3,3,3,3,3,2,2,4,3,3,5,4,2,2,2,3,2,3,5,5,5,6,6,6,4,2,3,3,4,4,3,3,3,3,4,4,3,2,2,2,2,3,3,3,4,5,5,5,5,4,4,5,5,4,4,4,4,4,4,4,3,5,6,6,5,3,4,5,4,3,3,3,3,3,3,3,3,2,2,3,3,3,3,3,4,4,2,2,2,2,2,1,3,3,3,3,3,3,3,3,3,3,4,4,4,5,4,4,5,4,1,1,4,4,3,1,1,1,1,1,3,3,3,3,3,4,6,6,3,3,1,2,2,3,6,6,4,3,2,4,5,3,1,2,3,4,4,2,2,2,1,3,4,3,3,5,3,3,3,2,3,2,3,5,4,4,4,3,3,3,2,2,4,4,3,4,5,5,5,5,3,3,3,3,3,3,2,2,1,1,1,0,0,1,2,3,4,4,4,6,6,5,2,1,3,2,2,4,5,3,1,2,2,2,3,3,3,2,2,2,1,1,1,1,1,1,1,2,2,2,2,2,2,2,3,4,5,3,2,2,2,3,4,2,1,3,4,5,4,4,4,4,3,3,2,2,2,2,2,3,3,3,3,3,3,3,3,3,4,3,3,4,4,3,1,2,3,3,3,3,3,3,3,3,3,2,1,0,0,1,1,2,6,4,4,3,2,2,1,2,3,3,2,2,2,3,3,2,0,1,3,4,4,3,2,4,4,6,4,2,2,4,3,5,4,4,4,3,2,4,6,5,3,4,6,3,2,4,6,3,2,4,4,2,1,1,2,3,2,4,4,4,5,5,5,4,3,3,3,3,4,4,4,3,3,3,3,3,3,3,3,4,3,3,3,3,3,3,3,3,3,4,5,7,7,7,5,2,6,6,6,5,5,3,2,5,4,2,2,3,3,3,4,4,3,3,3,3,3,3,2,3,5,3,2,2,2,4,6,4,1,2,2,3,3,4,4,3,4,2,2,3,5,4,4,4,5,7,7,5,4,4,5,6,5,6,6,6,6,5,6,5,3,3,3,3,3,3,5,4,3,3,4,5,5,5,3,3,3,3,3,3,2,2,1,2,4,5,3,1,3,7,8,6,3,4,4,3,3,5,5,3,1,3,4,4,3,2,3,3,3,3,3,3,4,4,3,3,3,3,3,4,4,3,2,3,4,4,4,4,4,4,4,4,4,4,4,3,1,1,1,1,1,2,2,3,4,4,5,5,5,4,4,3,3,2,2,3,2,2,2,3,3,3,3,4,8,5,3,2,0,2,3,2,4,2,1,1,1,1,3,4,2,3,4,4,4,4,4,4,4,4,3,3,2,3,3,4,3,0,1,3,3,2,1,3,5,4,4,3,3,3,5,4,2,2,2,2,2,2,2,2,2,3,3,3,4,4,4,3,3,5,5,3,3,3,2,1,4,2,1,1,1,2,3,4,4,5,5,3,3,4,3,2,3,3,2,1,3,3,5,5,3,1,3,4,4,2,2,4,5,5,4,4,4,3,3,3,3,2,1,1,1,2,4,4,4,3,2,2,2,3,4,4,2,2,4,5,7,8,7,6,5,5,5,5,5,4,4,4,3,1,4,8,4,0,2,5,3,3,4,4,4,4,4,4,4,4,4,3,4,4,4,3,1,3,3,3,3,3,4,5,6,4,3,2,2,2,3,3,2,2,2,2,2,2,2,2,2,2,3,3,3,4,4,5,4,2,2,2,2,2,2,2,2,2,3,3,3,3,4,5,5,3,3,3,2,1,2,2,4,3,4,5,3,0,1,4,2,2,2,2,2,2,2,2,2,3,4,3,3,2,3,4,2,2,2,2,2,2,2,2,2,1,1,1,1,1,1,1,1,1,2,2,3,3,4,4,2,2,1,3,5,6,6,5,3,0,0,0,2,3,2,1,1,1,1,1,2,2,3,3,3,3,4,4,4,4,4,2,1,3,3,1,1,2,1,0,2,2,5,8,8,6,3,2,5,4,2,1,2,3,4,5,3,2,2,2,3,3,3,3,1,1,2,3,3,2,1,1,3,3,2,2,3,3,4,4,2,2,2,3,3,2,2,2,3,3,4,4,4,4,3,2,7,6,6,6,5,5,4,4,6,4,3,3,3,2,1,2,2,2,3,3,4,4,4,4,3,3,3,3,3,3,3,3,1,2,4,4,3,3,2,2,2,3,4,4,3,2,1,1,2,3,3,3,3,2,2,3,3,3,3,3,3,3,4,4,2,2,3,2,2,2,4,4,4,4,4,4,4,4
201,4,4,2,4,4,2,1,2,4,3,4,4,2,1,2,3,4,3,3,1,1,1,1,1,1,3,3,2,2,1,1,1,1,2,3,5,6,6,5,4,4,4,3,4,3,2,2,1,1,4,5,5,4,4,4,4,5,1,1,3,4,5,5,4,2,3,3,3,2,3,3,3,3,3,3,3,2,2,2,3,4,5,5,5,4,4,3,3,3,1,1,2,2,3,3,3,3,4,4,3,3,2,1,1,1,3,1,1,2,4,4,2,0,1,1,3,2,2,3,3,4,5,7,8,5,3,3,4,3,1,3,4,2,4,7,5,5,4,3,3,3,3,3,2,2,2,3,4,4,4,4,4,3,4,3,4,3,2,2,3,6,3,1,1,3,4,3,2,2,2,2,4,5,3,3,3,5,3,1,2,2,2,4,4,4,4,4,4,3,3,3,2,2,2,3,4,4,3,2,5,9,3,3,3,3,3,3,3,3,3,3,3,3,3,3,3,3,5,6,4,3,3,3,4,5,4,3,1,2,4,5,4,3,3,3,3,4,3,4,4,3,4,3,2,3,3,3,2,3,5,5,3,2,2,3,4,3,3,3,4,4,4,6,3,1,1,1,2,1,1,2,3,3,3,3,2,1,1,1,2,2,1,1,2,3,2,2,2,4,4,4,5,6,6,6,4,4,4,4,2,2,1,2,3,4,4,3,2,2,4,5,4,3,3,3,4,2,2,3,2,2,2,2,3,3,3,3,3,3,3,2,2,4,4,4,4,4,2,1,2,2,3,3,4,4,6,4,1,2,4,7,6,3,3,2,2,3,3,3,3,4,3,3,3,6,6,3,3,3,3,3,3,3,3,3,3,3,4,4,4,4,4,4,3,3,5,4,3,2,2,3,5,6,1,1,2,2,3,2,1,1,1,4,4,3,2,2,2,2,3,3,3,1,1,3,3,3,1,1,0,1,2,2,1,2,2,2,2,1,1,3,6,4,2,4,4,3,4,4,4,4,3,3,4,4,3,2,1,1,1,1,2,2,2,2,2,3,4,1,1,3,1,1,4,3,3,5,5,4,2,2,4,5,5,4,4,4,3,1,1,0,1,3,4,4,2,2,4,5,5,3,2,2,4,5,4,2,3,3,3,4,4,3,3,2,3,3,4,4,4,5,3,4,4,2,2,2,2,4,4,4,2,1,1,2,2,3,3,3,5,5,4,3,3,3,2,4,2,2,1,1,2,2,3,3,3,3,3,4,4,4,2,2,3,3,2,2,2,1,2,3,2,5,6,5,2,2,4,5,4,4,4,4,3,4,4,3,4,4,4,2,2,1,2,1,5,6,4,2,1,2,3,2,1,1,1,1,1,1,1,2,4,4,5,5,5,5,4,4,3,3,5,5,5,6,6,4,2,5,6,5,3,2,3,3,6,5,4,4,4,4,3,1,2,3,3,3,4,3,3,2,2,3,4,4,4,2,3,4,1,1,3,3,3,2,4,6,4,2,1,1,3,3,3,2,1,4,5,3,1,1,1,1,1,1,2,2,3,3,4,4,5,3,3,3,3,3,3,2,4,3,3,3,3,3,3,3,3,4,4,2,2,3,4,4,2,2,2,2,2,2,2,2,5,3,1,2,4,3,2,1,4,3,3,2,1,1,1,0,0,1,3,6,7,6,4,3,4,4,4,3,4,4,3,3,2,2,2,2,2,2,2,2,2,1,1,1,1,2,3,2,5,3,1,2,4,5,5,4,2,3,4,5,4,3,4,6,5,3,3,3,3,3,4,5,2,1,1,1,1,1,1,1,3,4,4,3,3,3,3,3,4,5,6,5,2,3,5,5,4,3,5,5,4,3,3,3,3,3,3,4,4,5,4,4,1,1,2,3,3,3,3,3,2,3,2,3,2,3,4,5,2,1,2,2,2,2,2,3,3,2,2,3,4,4,3,3,2,2,3,3,2,2,3,4,3,4,5,5,5,4,4,4,3,4,4,3,4,5,5,3,3,3,4,4,4,3,2,1,2,3,3,2,3,3,2,2,2,3,3,4,4,3,3,2,3,3,3,3,3,3,3,3,5,3,1,2,3,4,4,3,4,4,4,2,2,2,3,4,2,2,3,3,3,3,4,5,6,5,5,4,2,2,2,1,3,3,3,3,4,4,4,4,5,4,4,4,4,4,4,4,2,2,2,2,2,2,1,1,4,4,4,4,4,4,4,4,1,1,1,2,3,3,2,3,4,3,4,4,5,5,4,4,3,2,3,3,3,2,3,4,4,4,4,3,3,3,3,4,2,2,2,2,1,3,2,2,2,2,2,3,3,3,4,5,3,3,3,3,3,3
202,5,4,4,5,5,3,3,3,4,3,3,3,4,5,4,3,2,1,2,3,2,2,2,2,2,2,2,2,2,2,2,2,2,3,3,4,4,4,4,3,3,2,4,5,4,5,5,4,3,1,1,1,2,3,3,4,3,2,2,2,2,2,2,2,2,1,2,3,3,3,3,2,2,4,6,5,5,4,3,4,4,3,2,4,5,5,3,2,3,1,2,2,3,2,2,1,1,2,2,2,2,2,2,2,3,2,2,3,3,3,3,3,3,1,1,0,1,1,1,3,3,4,3,4,4,4,4,4,5,2,1,1,1,1,1,2,2,3,3,3,4,5,5,5,4,2,3,3,1,2,1,2,2,4,4,4,4,4,3,3,3,2,3,2,1,1,1,1,1,4,5,7,7,7,6,4,4,5,4,4,3,4,4,4,5,3,2,2,4,2,1,4,7,7,5,5,5,3,3,3,3,3,3,3,3,3,3,3,3,2,2,4,4,4,3,3,5,4,3,2,2,2,2,2,2,2,2,2,3,4,4,4,5,2,2,4,4,4,5,5,4,3,4,4,4,4,4,4,4,4,4,3,3,3,2,2,2,3,3,3,3,3,3,2,3,3,2,3,3,3,4,4,4,3,2,4,5,3,3,2,1,3,3,3,3,3,3,3,3,3,2,1,3,4,4,5,5,3,3,2,2,2,2,1,1,4,4,4,4,4,4,4,4,2,2,3,2,4,4,4,4,2,2,2,2,2,2,2,3,2,2,2,2,2,2,2,3,3,3,3,3,3,3,3,3,3,3,3,3,3,2,2,3,2,4,5,5,5,3,3,4,5,6,6,6,6,6,4,4,4,4,3,3,3,2,2,3,2,2,3,3,3,3,3,3,3,5,5,4,2,2,3,5,4,2,3,3,2,3,3,3,3,3,3,4,4,4,3,2,4,4,4,4,4,3,2,4,4,1,1,1,2,4,5,4,5,6,5,4,4,4,5,6,5,3,4,6,6,5,4,4,3,3,3,3,3,3,4,3,1,1,4,4,2,2,3,3,5,5,4,4,4,3,1,2,3,3,2,2,2,1,1,2,1,1,2,4,5,4,1,1,1,3,3,1,1,1,1,2,3,3,4,4,4,4,4,4,3,1,2,3,5,5,2,1,6,6,5,2,2,2,2,2,1,2,2,2,4,4,4,5,4,2,4,5,6,6,5,5,2,4,4,3,3,4,5,5,4,4,3,5,6,5,3,2,4,4,5,5,3,3,3,2,0,1,1,2,2,2,2,3,5,5,2,2,2,3,5,4,2,2,3,5,5,5,3,2,1,2,2,3,2,2,1,3,3,1,3,4,3,1,1,2,3,3,1,0,1,2,2,2,3,2,2,2,2,3,4,6,2,2,3,3,2,2,2,4,4,3,3,5,6,4,3,3,3,3,1,1,2,4,4,4,3,3,2,3,5,4,3,4,5,4,2,3,3,2,2,2,2,2,1,1,3,3,3,5,4,4,3,3,3,2,2,1,4,5,4,5,5,4,4,4,2,2,3,2,2,2,2,3,4,4,2,2,2,3,3,4,4,3,3,3,2,2,3,3,5,5,4,3,3,4,6,7,5,7,6,4,0,1,3,4,2,4,4,3,1,1,3,5,6,5,5,4,4,3,4,4,0,2,3,2,0,1,1,1,1,1,2,2,2,2,3,2,1,3,4,4,4,3,3,3,2,2,3,3,3,2,2,1,1,1,1,2,2,2,2,2,3,2,2,2,2,2,2,2,3,3,3,3,3,3,3,3,4,5,4,3,3,3,3,4,4,3,4,4,5,5,5,5,4,4,2,2,3,3,3,2,1,1,3,3,3,3,2,1,1,1,1,1,1,1,1,1,3,2,2,3,3,2,3,4,3,3,2,4,3,3,2,2,2,3,2,2,1,1,2,2,2,2,2,3,3,4,4,3,1,1,1,2,2,2,3,3,3,2,3,2,2,3,2,2,2,2,1,1,3,4,1,0,2,4,2,1,1,1,4,4,0,1,2,4,4,4,4,6,3,3,4,4,5,6,7,6,4,4,4,4,4,4,4,4,3,2,2,2,2,2,2,2,4,3,3,4,4,4,4,4,4,3,3,2,3,4,5,6,6,4,2,2,1,3,3,2,1,1,2,2,1,1,1,1,2,3,2,2,2,3,3,0,2,4,4,5,5,4,3,2,1,1,1,2,3,4,4,3,2,2,2,3,3,3,3,3,3,3,3,3,3,3,3,3,5,4,4,5,3,2,3,4,5,5,5,5,5,5,5,4,5,4,4,4,4,3,3,3,3,3,2,4,4,4,3,1,4,3,3,2,4,4
203,2,3,2,3,3,3,3,3,3,4,5,4,3,3,2,2,4,2,2,1,1,2,2,3,4,2,2,2,2,2,2,2,2,3,3,3,3,3,3,3,3,2,1,3,4,4,4,3,2,4,4,4,4,4,4,4,4,2,4,4,2,1,3,4,3,3,4,4,3,2,3,3,2,4,4,3,4,4,4,4,4,3,3,3,3,3,3,3,3,3,2,3,2,3,4,3,2,2,2,2,2,2,3,3,3,3,3,3,3,2,2,4,6,7,6,5,3,3,3,4,4,5,5,4,4,3,3,3,3,2,5,5,2,1,4,4,4,6,4,3,3,3,3,5,5,2,2,3,3,4,4,6,6,3,1,0,1,5,5,4,2,3,3,3,3,2,2,2,2,3,3,3,3,1,2,4,4,3,3,2,2,3,4,4,4,3,3,3,3,3,3,3,3,3,4,4,4,4,4,4,4,4,4,4,4,4,4,4,4,3,1,2,2,2,2,3,3,6,7,5,5,4,3,3,3,5,3,3,1,2,2,1,1,3,2,3,3,3,3,3,4,3,3,4,3,4,4,4,5,4,2,2,3,3,3,3,3,4,4,4,4,3,2,2,2,2,1,1,2,4,3,3,3,1,4,4,3,2,3,3,2,3,3,3,3,3,3,2,3,1,1,2,2,2,2,3,4,4,4,3,2,2,3,3,4,5,3,2,1,1,1,1,1,2,1,1,3,5,4,1,1,5,3,2,2,4,5,5,3,4,4,4,4,4,4,4,5,4,5,7,7,5,4,3,2,1,2,3,3,4,4,4,4,3,3,2,4,4,4,4,6,4,3,3,3,3,4,4,3,1,2,3,2,1,1,2,3,3,4,4,5,2,2,2,3,3,3,3,3,4,3,3,4,4,4,4,4,4,3,3,3,1,3,3,2,1,1,2,1,3,3,4,5,5,4,4,4,1,0,2,3,4,4,2,2,5,5,4,3,2,2,3,3,3,4,4,4,4,5,5,5,4,4,4,4,4,4,4,4,2,2,2,1,2,3,5,6,4,3,2,1,1,1,3,3,4,4,3,3,3,2,2,3,3,3,3,3,3,3,3,3,3,3,3,3,2,3,4,6,3,2,1,1,0,1,1,1,2,2,2,2,2,2,2,1,1,3,3,3,3,2,2,3,3,4,4,4,4,4,4,3,1,1,2,3,2,1,2,1,1,3,3,3,2,2,3,2,1,1,3,3,2,1,3,4,5,4,4,4,4,4,4,4,5,4,5,6,5,5,3,1,4,5,4,5,3,2,1,1,5,3,3,1,0,4,6,5,3,2,1,3,5,5,4,3,2,2,3,3,3,4,4,4,4,3,3,3,2,1,2,2,3,3,3,3,2,2,3,3,1,1,2,5,5,4,4,2,5,4,3,3,4,2,2,3,1,0,0,1,1,1,1,1,5,4,2,2,2,2,3,3,2,0,2,3,3,1,1,4,1,1,3,3,4,3,2,0,1,2,2,2,3,4,3,3,2,2,3,3,3,3,2,1,0,1,5,5,4,3,1,1,0,1,4,3,2,0,0,2,2,2,1,1,1,1,2,2,2,2,2,2,2,3,4,5,2,3,3,3,2,2,4,4,1,1,1,2,3,2,1,2,3,4,5,4,3,5,3,2,4,3,3,2,1,1,1,3,5,4,4,4,3,1,2,4,7,5,4,4,4,4,3,1,1,2,2,2,2,1,1,0,1,1,2,2,2,2,1,1,2,2,2,4,4,4,3,2,4,4,4,4,4,4,4,4,2,2,2,2,1,1,1,1,1,1,1,1,2,4,6,9,6,5,3,3,5,6,4,2,3,4,4,4,3,2,3,4,3,3,2,1,2,3,5,4,1,3,3,3,2,2,2,2,2,2,2,2,2,2,2,2,3,2,2,2,2,2,2,2,1,2,3,3,2,2,2,2,3,3,3,3,3,3,2,3,3,3,4,4,3,3,3,3,2,3,3,4,3,2,3,2,4,5,6,4,4,2,2,3,2,2,2,2,2,2,2,4,5,2,2,4,5,5,4,2,2,3,4,4,3,2,2,1,1,1,1,1,1,1,1,1,3,3,3,3,3,3,3,3,1,2,3,3,3,3,4,5,3,3,2,2,3,4,4,4,1,1,1,1,3,3,3,3,3,3,3,3,3,3,3,3,3,4,4,2,2,3,4,4,2,2,2,2,2,3,3,4,3,2,2,4,4,4,2,1,6,5,3,3,3,2,3,4,0,1,1,1,1,1,3,2,3,5,3,2,3,5,3,2,2,2,3,2,2,2,2,1,1,2,4,4,4,4,5,3,4,3,1,1,1,2
204,3,3,4,3,3,3,3,2,4,2,1,4,4,3,4,5,3,1,1,2,2,3,3,4,4,6,5,4,4,4,2,2,1,2,2,1,2,3,4,5,5,2,1,2,5,5,5,5,2,4,3,4,4,4,4,3,3,3,2,3,3,3,1,3,3,3,5,6,6,4,3,3,4,4,4,4,3,4,4,3,3,3,3,4,4,3,4,5,5,3,1,3,3,3,3,2,3,4,4,4,3,3,2,2,2,1,1,3,4,2,2,4,4,0,2,2,2,1,3,5,7,3,4,5,4,4,4,4,3,6,4,2,1,4,5,3,2,5,4,3,3,3,4,3,3,2,2,2,1,2,1,3,4,4,3,3,3,2,2,1,3,3,3,4,4,4,5,5,4,3,2,3,2,3,3,3,3,1,1,3,3,3,3,1,1,3,3,3,3,4,4,5,5,2,3,2,3,3,2,2,2,4,4,4,3,2,2,1,1,1,1,1,3,4,4,5,5,2,3,2,1,2,4,3,1,4,4,4,4,3,3,4,6,4,3,3,4,5,6,6,4,1,2,1,2,1,3,2,2,2,3,5,4,4,3,2,4,5,4,4,3,4,4,4,4,5,4,3,4,4,4,4,4,4,3,2,2,3,3,4,4,3,2,2,2,3,3,2,2,2,3,4,4,3,3,4,4,7,6,6,5,4,3,3,3,2,3,5,4,3,2,3,2,3,4,4,3,3,4,4,3,2,2,3,3,1,0,0,1,6,5,4,4,4,4,4,3,4,4,4,4,4,4,4,4,1,1,2,4,4,3,2,1,3,2,1,0,1,3,4,6,5,4,3,2,3,3,4,3,2,2,3,2,3,2,2,1,2,3,4,3,3,3,3,3,4,4,4,3,3,3,4,4,2,1,3,4,4,2,1,3,2,1,0,0,1,2,3,3,4,2,3,3,2,2,1,3,4,4,5,5,4,4,3,3,3,3,3,5,4,4,4,6,8,9,5,3,4,4,5,5,6,5,4,3,3,2,2,2,5,5,3,3,4,4,3,2,2,2,2,3,3,4,4,4,5,4,2,3,2,2,1,1,3,3,3,3,4,4,4,4,5,6,7,6,6,5,4,6,6,4,2,2,4,4,5,4,3,3,3,3,3,3,3,2,0,2,5,6,5,3,1,1,3,5,4,1,1,2,4,3,5,3,2,3,5,6,4,0,3,3,3,4,3,3,2,1,3,3,3,3,3,3,3,4,3,1,1,1,2,2,1,1,3,2,2,2,2,2,2,2,1,3,1,1,2,1,2,4,4,4,4,3,3,3,3,3,3,3,3,3,3,3,3,4,3,1,1,2,3,2,2,1,1,2,3,3,3,3,3,3,5,4,2,0,0,1,2,4,1,0,1,3,3,5,4,5,3,3,4,4,4,4,4,5,6,6,4,3,3,2,3,2,3,3,3,3,3,3,2,2,5,5,5,3,3,3,4,4,2,2,3,3,3,2,1,1,3,3,4,4,4,4,3,4,4,4,4,4,4,5,5,5,5,5,4,3,2,2,3,3,3,2,3,3,3,2,3,2,3,2,3,3,2,2,2,0,2,2,3,3,3,3,4,4,6,6,6,5,5,6,5,4,4,3,4,5,5,3,2,2,3,3,2,2,3,1,1,1,3,4,3,2,2,2,3,3,5,3,3,3,3,3,3,3,3,4,4,4,3,4,4,4,3,3,3,3,2,2,2,3,2,2,1,2,2,2,2,3,3,1,2,2,2,2,2,2,4,4,3,3,3,4,4,4,4,3,2,1,3,2,2,2,3,1,0,2,3,3,2,2,4,4,5,4,2,3,3,3,1,2,3,4,4,3,1,1,1,2,2,2,2,3,1,2,2,2,2,3,3,3,4,4,3,2,1,1,1,2,4,4,3,3,2,2,2,2,2,2,4,3,2,1,1,1,1,3,6,4,3,2,1,2,2,2,3,4,4,4,4,4,4,5,3,3,3,3,2,2,1,2,3,3,3,3,3,3,3,3,3,3,3,2,1,2,4,4,3,4,4,4,4,4,2,2,3,2,2,1,1,2,3,4,2,1,1,1,1,2,3,3,4,3,2,3,3,4,3,4,6,5,4,4,4,4,3,2,3,4,6,5,3,4,5,3,3,5,4,2,4,5,5,4,3,2,4,4,3,4,5,3,2,3,5,5,3,3,2,3,1,2,3,2,2,1,3,3,1,2,5,5,6,5,1,1,4,4,2,2,2,4,5,4,2,3,3,3,4,4,5,5,5,5,5,4,2,2,4,4,0,2,3,3,2,1,1,1,1,1,1,1,1,1,2,2,3,3,3,3,3,3
205,3,4,4,4,3,2,2,2,2,2,3,3,3,3,3,2,3,2,2,2,2,2,2,2,2,2,3,3,2,3,5,5,4,3,3,3,3,3,3,3,4,4,4,3,3,3,5,6,7,4,5,4,4,4,3,4,3,1,3,4,2,1,0,2,2,2,2,1,2,2,2,2,3,2,3,6,6,4,4,4,4,4,4,2,2,2,2,3,3,1,1,1,2,4,4,6,5,2,3,3,2,2,3,3,3,2,2,2,3,4,4,4,2,0,2,2,3,3,4,5,6,7,4,3,4,5,5,6,5,4,3,2,3,4,5,5,4,5,2,0,2,4,5,3,1,3,2,2,1,1,2,4,4,4,6,6,5,5,4,2,4,4,4,4,3,2,2,4,3,1,1,4,4,3,3,1,3,3,2,2,2,3,3,2,2,4,4,2,2,4,3,2,3,3,2,2,2,3,3,3,3,3,3,3,2,2,2,1,1,5,4,3,2,3,4,4,4,4,3,3,3,2,1,3,3,2,4,4,5,4,4,5,5,5,4,4,3,3,2,1,3,3,2,3,2,2,2,3,4,5,3,3,3,3,3,2,3,2,2,1,1,2,2,2,2,3,3,3,2,1,1,2,3,1,3,4,3,3,5,2,4,5,4,3,3,3,3,4,3,2,2,2,2,2,2,2,3,4,5,5,4,4,4,2,2,5,5,5,5,5,5,5,5,4,3,2,3,3,3,2,2,3,3,4,6,6,4,3,1,1,3,4,4,2,2,2,2,3,3,3,2,3,3,4,6,4,2,2,3,2,3,4,4,2,2,4,4,3,2,3,5,2,2,4,3,3,3,2,2,3,3,2,3,3,3,3,3,1,1,4,4,3,3,3,3,4,6,5,3,2,2,3,5,5,3,4,4,3,3,3,0,3,5,3,2,3,4,4,2,4,6,6,5,5,4,3,3,6,3,4,5,4,3,3,3,5,5,4,3,3,3,3,3,5,5,6,6,6,6,5,5,3,3,4,4,3,2,3,4,6,4,3,3,3,4,5,4,2,1,2,2,2,2,4,3,3,3,3,3,3,3,3,3,4,4,4,5,5,5,5,5,3,3,3,3,3,3,2,2,1,1,2,2,3,4,2,1,3,1,3,5,3,1,3,3,2,7,8,6,2,1,5,2,1,7,6,3,2,3,4,5,3,2,4,5,5,3,4,2,2,3,3,4,4,3,1,3,5,4,4,3,4,4,5,5,6,6,5,5,5,5,6,3,2,4,1,0,3,5,3,3,5,4,3,3,5,5,3,5,4,3,3,2,2,1,1,3,5,5,5,3,3,3,4,5,5,5,5,4,4,4,3,3,1,0,1,2,3,5,5,3,3,3,3,2,2,2,3,3,1,1,3,5,7,7,3,4,6,4,4,4,3,3,2,2,3,3,3,1,1,2,5,4,0,0,1,1,3,3,3,2,1,2,2,2,2,3,3,3,2,2,2,2,2,2,2,3,1,3,3,1,0,1,1,4,3,4,4,3,3,3,2,1,2,3,4,3,3,3,4,4,1,1,2,4,4,4,2,1,3,4,3,3,3,3,2,2,2,2,2,2,2,2,3,3,3,3,4,4,4,4,2,1,1,1,1,1,1,2,4,5,3,3,3,3,2,2,1,1,2,3,4,5,4,3,3,2,1,1,2,1,2,3,2,3,3,3,3,3,2,3,2,2,2,1,1,1,2,3,2,1,1,1,1,2,2,2,2,3,2,2,2,2,2,2,1,1,2,4,4,4,4,4,4,5,3,3,3,3,3,3,4,2,1,2,3,3,4,4,5,4,3,2,2,3,2,3,3,4,4,1,0,2,2,4,4,4,3,4,4,3,3,3,4,5,3,1,3,4,3,3,2,2,1,2,2,2,1,1,1,2,3,2,2,2,2,2,3,2,3,3,4,5,5,4,4,3,2,3,2,3,3,3,3,3,3,4,4,4,3,3,4,4,2,2,1,1,2,3,4,3,6,4,4,3,3,2,3,1,2,2,1,1,1,1,1,2,2,2,2,3,2,2,2,2,3,4,4,4,3,3,3,4,6,4,3,2,2,2,2,4,2,3,3,2,2,5,3,1,2,2,3,3,2,2,3,4,3,3,3,4,4,4,5,6,3,2,2,3,3,2,1,1,1,1,1,1,1,1,1,0,0,1,2,4,4,3,3,0,1,2,3,4,4,4,6,4,2,3,4,6,5,4,2,3,3,3,4,4,4,4,4,3,2,2,2,2,2,2,2,2,1,2,3,3,3,1,3,2,2,2,1,1,1,1,1,2,4,3,2,3,4,3,3,3,6,6,6,5,5,4
206,4,3,3,3,3,3,3,4,2,3,4,2,2,4,5,6,5,4,6,5,3,2,1,1,3,4,4,3,3,4,3,3,3,4,4,3,3,4,5,5,5,3,1,3,4,3,5,4,4,3,3,3,3,3,3,3,2,1,3,5,6,6,4,2,1,2,1,3,4,4,3,4,6,3,3,3,2,3,4,4,2,3,4,5,5,4,4,4,4,1,3,3,4,4,4,3,4,2,3,4,4,4,3,2,2,2,2,2,1,1,1,2,3,2,4,5,4,2,1,2,3,4,3,3,2,3,2,3,2,4,2,3,3,7,9,3,0,5,5,5,5,3,2,3,3,3,4,4,3,4,4,3,2,3,2,2,2,3,3,3,4,2,3,4,4,3,3,4,3,2,2,2,2,3,4,5,5,3,3,3,3,3,3,3,3,1,2,2,2,4,4,3,2,2,3,4,4,5,5,4,4,3,3,3,3,3,2,2,3,2,3,3,3,4,4,4,4,5,5,5,4,4,4,4,3,2,2,1,2,3,4,4,3,3,3,3,2,3,4,6,7,3,1,1,0,2,3,3,3,2,2,3,3,3,3,3,2,1,1,3,3,1,1,1,0,3,3,2,2,2,3,2,1,2,2,1,2,2,4,5,4,3,3,3,3,4,4,4,5,7,6,5,3,3,2,2,1,4,3,2,2,3,4,5,6,4,3,2,2,1,2,4,3,3,3,4,5,4,3,2,2,2,2,2,3,3,2,1,2,4,4,3,2,1,2,4,6,6,5,4,3,3,3,4,3,2,3,3,3,3,4,4,4,1,3,4,5,5,6,7,7,5,5,5,5,5,3,3,3,1,1,2,2,2,3,3,4,4,2,3,3,2,4,3,4,5,4,3,3,3,3,2,2,3,5,5,3,2,1,3,3,2,1,3,4,4,3,4,5,6,5,5,4,3,2,2,1,2,4,5,4,3,2,2,2,1,2,2,1,1,1,3,2,4,4,3,3,3,2,2,4,5,3,4,3,3,3,5,4,1,1,2,2,2,3,3,4,4,3,2,2,3,5,6,4,2,3,5,5,4,4,4,3,4,4,3,3,3,5,6,6,2,1,1,2,2,2,2,3,3,2,2,2,1,1,1,1,4,4,4,4,5,5,5,6,4,3,2,4,6,6,3,2,4,3,2,2,2,3,5,6,4,3,2,3,4,4,3,4,4,4,3,3,3,3,4,4,5,4,4,4,4,4,4,5,2,2,3,2,2,2,2,2,4,4,5,4,4,3,3,3,2,1,2,2,3,3,4,3,1,1,2,2,3,3,2,2,2,3,3,1,2,2,2,2,2,3,3,3,3,2,3,4,4,3,4,4,2,3,3,3,4,2,2,3,3,3,3,4,3,2,2,2,3,3,4,4,3,4,4,5,5,4,3,3,1,2,2,1,1,1,3,3,2,2,1,2,2,4,4,4,3,2,1,3,2,2,2,6,3,2,2,2,3,3,4,4,4,4,2,3,2,2,3,2,3,1,1,1,1,3,3,3,5,5,1,1,2,2,3,2,3,3,3,3,4,4,4,4,3,3,4,4,5,4,2,2,6,4,4,4,4,6,7,5,2,4,4,3,4,4,7,5,1,2,5,6,6,5,4,4,4,4,1,1,1,1,2,3,4,3,3,2,2,2,3,4,4,3,3,3,3,3,3,3,3,2,1,2,4,5,4,2,1,1,1,1,1,1,1,2,2,2,2,3,3,3,3,3,3,3,2,3,3,3,3,3,1,1,1,2,3,4,4,5,4,2,3,3,3,3,3,3,3,4,3,2,2,2,2,2,6,5,6,5,4,4,4,3,2,2,2,2,2,2,2,2,1,2,3,3,3,4,2,3,2,3,3,3,3,3,3,3,1,2,4,4,2,2,1,1,1,1,1,2,2,2,2,3,4,3,3,2,1,2,2,2,2,3,3,3,3,4,5,4,2,1,3,4,4,4,3,4,3,3,1,2,3,3,3,2,2,2,2,3,3,4,5,5,1,0,1,3,3,2,4,3,5,5,4,4,3,2,2,2,2,2,2,2,3,3,2,2,3,3,3,3,3,3,3,3,3,3,3,3,2,2,2,2,2,1,2,2,2,1,2,4,4,3,2,1,2,3,4,4,1,2,3,2,3,3,4,4,2,2,2,2,3,3,3,3,3,3,2,2,2,1,3,1,0,2,2,0,1,2,2,2,2,2,2,2,2,2,2,3,3,3,3,3,2,2,1,0,0,1,1,1,3,3,4,3,1,1,3,3,3,3,2,3,3,3,4,4,4,4,4,4,3,5,5,5,4,2,2,3,3,3,3,3,3,3
207,5,5,5,2,1,2,1,4,4,1,1,2,2,2,2,1,1,3,3,2,1,1,2,2,2,3,3,3,3,2,1,2,1,2,1,3,3,1,2,3,1,4,4,4,4,4,4,2,3,5,5,6,5,5,5,4,4,4,2,3,5,6,6,4,2,5,3,2,1,1,1,3,6,3,3,4,4,4,4,4,2,2,2,3,3,2,2,3,3,3,3,2,3,4,4,5,3,3,2,3,2,3,2,4,3,1,1,3,3,4,5,4,4,1,1,1,1,3,3,2,4,3,4,4,2,1,0,1,1,2,4,6,4,4,6,6,3,3,3,2,3,4,5,5,3,5,4,3,3,2,2,3,3,2,2,3,3,3,2,2,1,2,3,3,3,3,4,6,5,4,4,2,3,2,2,6,5,3,3,3,2,3,3,4,3,3,3,3,3,3,3,3,3,2,2,2,2,3,4,4,4,3,3,3,2,4,4,5,1,1,4,5,4,4,4,5,5,4,4,5,4,4,3,3,1,2,1,3,3,2,2,3,3,4,3,3,3,3,3,3,3,3,2,2,2,3,2,3,3,4,3,2,2,2,2,1,3,3,4,2,3,3,4,3,3,3,3,2,2,2,3,4,2,3,2,3,4,3,1,1,3,3,4,4,3,3,3,3,3,2,2,3,3,3,2,3,4,2,2,3,3,3,3,2,3,5,4,5,5,4,3,3,3,5,3,3,4,2,3,3,4,1,2,2,2,2,2,2,0,2,3,2,3,2,1,1,1,3,4,4,4,4,2,1,2,1,1,2,3,1,1,1,2,3,3,3,4,3,5,4,5,2,2,2,3,3,1,2,2,2,3,3,3,2,3,3,4,4,3,4,4,3,3,3,4,2,3,5,4,4,3,3,3,2,1,1,3,3,2,2,2,4,4,4,4,5,5,4,2,4,5,4,4,4,4,3,3,4,4,4,4,3,3,3,3,3,2,1,2,2,1,2,3,2,2,2,2,2,3,3,3,3,3,3,4,4,5,5,6,4,3,3,2,2,2,3,3,2,2,2,2,2,2,2,2,3,3,1,2,5,4,3,3,2,2,2,2,2,2,2,2,3,2,4,4,5,6,6,5,5,3,3,4,4,4,2,2,2,2,2,2,2,2,2,2,2,3,2,1,3,5,5,4,5,5,6,6,4,3,3,2,2,2,2,4,5,5,5,4,4,4,4,4,4,4,4,4,2,2,1,1,2,2,2,2,2,3,5,6,3,4,3,3,2,2,3,3,3,3,4,4,2,4,6,4,2,4,4,4,3,3,2,2,2,2,3,4,2,2,3,4,4,2,4,5,4,2,2,2,2,2,2,3,4,4,3,4,2,2,3,2,3,4,4,4,2,3,2,1,3,4,5,5,5,4,3,2,3,3,4,5,5,5,3,2,2,2,2,2,3,3,3,3,2,3,2,2,2,3,3,3,2,2,2,2,2,2,2,2,2,2,2,2,2,2,3,3,2,2,2,2,2,3,3,4,3,2,3,3,3,2,3,3,3,3,4,4,3,2,1,2,3,3,3,3,3,3,3,4,3,2,2,2,2,2,2,2,2,3,2,1,2,3,3,3,4,4,1,1,3,4,4,4,2,2,2,3,3,3,4,4,8,7,5,3,2,2,4,3,4,4,3,3,4,4,5,4,3,4,5,4,4,3,3,3,2,2,1,1,3,3,2,1,2,2,1,1,2,3,2,3,1,2,2,3,3,3,2,1,4,5,4,3,3,3,3,4,5,5,3,2,3,4,5,7,5,5,4,4,3,4,4,5,3,2,2,2,3,3,4,4,3,2,2,2,3,3,3,4,3,3,5,5,5,6,3,3,3,2,3,3,4,4,3,2,2,3,3,4,3,3,2,2,4,3,3,4,4,3,4,4,3,4,3,3,3,2,2,2,2,2,2,2,3,3,3,3,3,2,2,1,1,1,1,2,5,5,5,4,4,3,3,3,2,2,2,4,4,2,1,2,2,3,4,3,3,2,1,4,1,2,3,1,0,3,4,3,2,3,5,5,5,3,3,3,1,1,1,2,2,2,1,1,3,2,2,2,2,2,2,3,5,4,4,3,4,5,5,6,6,5,4,5,5,4,3,5,6,2,2,4,4,3,4,4,2,2,2,2,3,3,3,2,1,1,3,3,5,5,5,5,2,1,2,2,2,2,3,5,6,6,5,4,4,4,4,5,3,3,3,2,2,1,1,1,1,1,3,3,3,2,1,2,1,0,1,2,3,3,1,1,0,3,4,4,4,3,2,0,1,1,1,2,2,3,2,1,1,1,2,3,3,3,3,2,3,3,3,4,4,3
208,6,4,4,3,3,2,2,3,1,1,2,2,3,3,2,3,3,2,2,3,2,2,2,2,3,4,5,5,5,4,3,3,2,5,4,4,4,3,2,2,2,2,2,3,3,2,1,1,1,3,3,2,3,2,1,2,1,1,3,3,4,4,3,1,0,1,3,3,4,4,4,3,3,2,2,2,2,2,2,2,2,3,4,4,3,2,3,4,5,2,2,2,1,2,2,4,4,3,4,5,3,3,3,4,5,5,3,3,3,3,3,4,4,6,3,3,4,3,3,5,7,6,5,4,4,5,5,3,5,3,4,5,4,4,4,6,5,3,2,2,3,3,4,3,3,5,5,5,5,5,5,5,4,1,4,3,2,2,3,2,2,3,4,3,3,5,4,3,5,5,3,2,2,4,4,4,3,8,7,5,4,3,3,3,3,4,4,2,1,1,1,2,3,2,2,2,2,2,2,2,2,3,3,3,3,3,3,4,4,2,3,3,3,3,3,3,3,5,3,3,5,5,5,4,2,2,3,2,2,3,2,2,2,2,1,2,4,6,4,2,2,1,1,0,0,1,1,2,2,3,3,1,3,4,4,3,1,2,3,2,2,2,3,4,4,3,3,3,3,4,4,3,2,1,2,3,3,4,4,5,3,1,2,1,1,2,1,1,2,3,3,3,3,3,3,3,2,3,4,4,3,3,3,4,5,5,4,2,1,0,0,1,2,4,2,2,0,1,2,2,2,2,1,1,1,1,1,1,1,1,3,3,2,1,1,3,4,4,3,3,3,3,3,3,4,4,4,5,4,2,2,4,4,2,2,3,4,4,4,4,4,2,2,1,1,0,0,1,2,6,4,4,4,4,5,6,5,1,2,4,4,4,4,1,2,3,3,3,3,2,3,2,2,3,3,3,4,4,4,2,4,6,5,4,5,6,5,4,4,3,5,5,4,3,2,3,2,5,5,5,3,2,3,4,5,4,5,5,3,1,1,3,3,3,3,4,3,3,5,5,4,3,3,3,3,3,2,3,4,4,3,3,2,2,2,3,3,1,2,2,3,4,4,4,5,5,6,4,2,2,2,4,5,3,4,6,6,6,3,3,3,4,3,3,4,4,3,3,5,6,5,5,4,4,5,4,4,3,2,3,2,1,1,2,2,3,3,4,5,5,5,6,5,1,1,5,6,6,5,4,4,2,1,3,3,3,3,2,2,4,3,4,5,4,5,4,3,3,3,2,2,2,3,3,2,0,1,2,3,3,2,1,1,3,2,2,2,2,3,3,3,4,4,3,3,3,3,3,4,2,1,2,4,4,4,2,1,0,2,2,3,4,5,5,5,7,10,7,7,5,3,3,2,3,3,2,3,2,1,2,2,1,1,1,2,2,3,4,4,2,2,2,3,3,3,4,3,2,2,4,4,4,3,2,3,5,4,4,4,4,5,6,6,6,6,4,2,1,2,1,2,3,3,3,3,2,2,2,2,2,3,4,3,3,4,2,2,3,2,2,3,4,4,5,5,2,2,2,3,3,4,5,4,3,5,4,1,3,4,3,1,2,1,2,2,2,2,2,2,3,2,2,2,1,1,2,3,2,3,3,3,4,4,6,4,3,3,4,3,3,2,3,4,4,4,3,4,3,3,3,2,1,1,1,1,1,1,1,1,2,2,3,3,3,3,2,2,2,3,3,3,3,2,3,2,1,3,3,3,4,4,2,1,2,2,3,3,3,2,2,2,1,1,1,1,2,2,2,2,4,4,4,4,4,4,4,4,1,1,2,2,3,4,4,4,2,2,2,2,2,2,2,2,0,1,3,4,4,3,2,1,4,3,2,4,5,5,4,1,1,2,1,3,3,2,2,4,4,3,3,3,4,4,3,4,4,3,3,3,3,4,5,5,3,5,2,2,2,3,3,2,2,3,2,3,3,3,3,4,2,2,3,3,3,3,4,4,5,5,3,4,4,5,5,4,2,3,4,5,5,3,3,1,3,2,1,2,3,3,3,2,2,2,2,3,4,5,5,2,4,3,3,4,5,6,3,1,2,4,5,5,5,5,4,3,2,2,3,2,2,2,2,3,3,2,1,2,1,2,3,3,5,6,6,5,4,5,3,2,1,1,2,1,1,1,2,2,1,1,1,1,2,3,3,2,4,4,4,3,3,3,2,4,7,3,2,2,4,4,4,4,1,1,0,1,4,4,2,2,3,4,5,5,4,4,3,3,3,3,4,4,3,3,2,2,2,3,3,2,2,3,3,3,2,2,2,3,3,3,3,2,4,6,5,3,4,6,3,4,6,4,3,3,2,3,5,3,2,4,3,3,3,3,2,3,3,3,3,3,3,3
209,2,3,0,3,4,4,4,2,2,4,5,4,5,5,4,3,1,3,2,1,2,3,3,2,1,2,4,4,3,3,3,2,2,2,1,2,2,1,3,4,6,1,1,3,4,4,4,5,4,1,3,4,2,2,5,5,4,5,5,5,5,5,4,2,3,4,4,4,4,4,4,3,1,5,4,4,5,4,1,1,6,1,1,2,3,3,1,0,1,2,2,2,1,1,2,2,2,4,4,4,2,2,2,1,1,2,2,1,2,4,4,1,1,1,1,2,2,2,4,4,3,2,2,2,2,3,3,3,3,5,4,4,6,6,4,2,4,5,3,5,3,2,5,6,5,3,3,3,3,3,3,4,5,5,5,5,3,2,2,2,2,1,1,1,3,6,6,6,3,4,3,3,3,2,2,2,5,1,1,4,4,3,4,1,1,4,2,1,1,1,2,1,1,4,5,2,2,2,2,3,1,4,4,3,2,2,1,2,3,4,3,3,2,3,4,5,5,3,3,4,4,3,3,2,2,0,2,1,3,5,6,6,5,1,1,4,4,3,3,4,3,1,2,2,2,2,2,2,1,4,6,4,3,4,4,4,4,2,1,1,3,2,1,2,2,1,3,4,4,4,4,3,1,3,1,3,4,3,4,4,4,3,3,3,3,4,3,2,3,3,2,4,5,5,4,3,3,3,2,2,2,2,2,2,4,5,5,2,2,4,4,5,4,2,1,1,3,3,3,4,5,4,4,3,0,2,4,3,1,3,4,3,3,4,4,3,4,5,5,4,3,1,0,2,3,2,3,3,1,2,3,3,2,1,1,0,1,2,4,6,6,3,1,2,2,2,3,3,5,2,2,1,1,2,2,2,3,2,2,1,4,6,6,7,4,7,6,6,4,3,3,4,6,1,1,5,7,6,4,1,2,3,2,1,2,2,2,1,2,4,3,3,4,2,1,4,4,6,5,3,4,4,3,4,5,1,1,3,4,4,3,3,3,2,3,3,2,3,4,5,5,2,3,3,3,5,5,4,3,2,2,2,2,2,3,3,2,2,4,2,1,1,3,4,2,1,2,1,3,2,2,2,2,2,1,0,3,3,3,5,7,4,3,4,3,2,2,2,5,4,3,1,2,3,4,2,1,2,3,2,2,2,4,6,4,1,1,0,0,2,3,3,2,2,2,3,3,3,3,2,2,4,5,5,4,3,3,2,2,3,4,6,5,5,5,4,3,4,3,3,5,6,6,3,4,4,3,4,2,0,1,1,2,4,2,0,0,1,1,1,1,3,4,5,3,1,3,2,1,4,4,4,4,4,4,4,4,1,1,2,3,3,3,2,1,3,3,3,4,4,4,3,5,2,1,2,1,1,2,3,2,2,3,4,4,3,4,6,4,2,2,3,4,6,5,3,1,2,1,3,4,5,4,3,3,3,3,3,3,2,3,2,4,4,2,3,4,3,4,3,1,2,2,2,4,4,5,5,5,5,3,5,4,2,4,6,2,3,2,3,3,2,2,2,1,2,3,3,4,4,5,7,6,5,5,3,3,4,5,4,2,4,4,3,6,5,4,3,4,3,3,2,2,2,2,2,1,1,1,1,3,4,1,2,3,4,4,3,4,3,3,5,4,1,3,2,1,1,1,4,5,5,4,4,3,3,5,6,5,0,1,4,4,2,3,4,5,3,3,3,2,2,3,3,4,2,3,2,1,1,0,2,2,1,1,1,1,1,1,1,1,2,3,3,3,3,3,3,3,2,5,7,7,4,2,3,4,1,1,2,2,2,3,3,2,2,3,3,3,3,3,3,5,3,2,3,2,4,4,4,4,7,3,3,5,6,3,3,3,3,2,1,3,3,3,3,2,3,5,5,4,2,2,2,4,3,2,3,3,4,5,5,5,2,2,2,2,2,2,2,2,3,3,2,2,2,2,3,4,4,4,4,3,1,1,1,0,1,4,2,3,3,5,5,7,3,2,5,4,3,6,5,4,2,1,2,2,5,7,8,6,3,4,2,1,0,0,1,5,3,2,3,3,2,2,2,1,1,3,2,3,3,4,4,6,2,3,3,4,3,4,3,2,3,4,3,2,1,1,2,4,1,1,1,1,2,5,5,6,4,6,5,5,5,3,4,6,3,1,1,3,6,7,4,3,2,2,4,4,4,4,3,2,2,0,2,4,3,2,3,3,4,4,5,5,6,5,5,5,3,1,1,2,3,2,2,3,7,6,4,5,4,3,3,3,3,3,4,5,5,5,4,3,3,4,4,4,3,3,3,3,0,0,1,3,4,3,2,2,1,2,3,3,3,2,2,2,2,2,2,2,2,2,2,2,2,2,2,2,2,2
210,3,5,2,0,2,4,3,3,5,5,2,1,3,3,3,4,5,5,4,2,3,3,3,3,2,2,2,3,2,2,4,4,4,4,2,3,3,3,4,4,2,5,6,6,6,3,2,2,3,3,4,5,5,2,1,3,4,3,2,3,3,3,4,4,5,3,3,4,3,3,3,2,3,3,3,4,4,4,4,3,4,2,5,3,2,2,3,3,2,4,4,4,4,4,4,4,4,2,3,3,3,4,4,3,3,0,1,3,1,1,2,3,1,3,3,3,2,1,1,1,1,3,3,5,5,4,1,1,1,8,8,5,3,2,3,4,4,1,1,2,4,3,3,3,5,4,3,3,3,4,4,3,3,3,2,2,2,2,2,2,0,4,3,3,4,4,4,4,4,4,2,1,2,3,2,1,0,4,4,4,6,5,5,5,6,6,4,3,3,2,3,4,1,0,1,1,2,2,2,2,2,1,2,2,1,1,2,3,4,2,1,1,1,2,5,6,5,4,4,4,3,3,2,3,3,2,3,2,3,5,5,4,1,2,2,3,2,2,4,3,3,1,2,3,4,3,3,3,3,4,2,1,1,1,2,3,3,2,2,3,3,3,3,4,5,2,1,1,3,4,4,2,1,5,3,2,2,5,6,4,2,1,2,2,2,2,2,2,2,2,4,6,5,7,6,2,1,1,2,3,3,3,4,3,2,3,3,2,1,2,2,4,2,3,2,3,2,1,0,1,2,3,3,1,3,3,2,2,3,2,2,2,3,1,1,2,4,5,4,2,2,3,3,2,3,4,5,5,5,3,2,2,2,4,5,2,3,4,3,3,4,5,5,2,2,4,4,4,3,5,6,4,2,4,3,1,1,1,3,3,3,3,3,3,3,3,5,6,4,1,2,2,3,3,4,4,4,3,1,2,4,5,4,2,2,2,2,2,2,2,3,5,6,6,5,5,5,3,3,4,4,4,2,2,2,5,5,2,4,4,4,3,2,1,1,3,3,4,4,1,1,3,2,1,1,2,1,0,0,1,3,3,3,3,3,4,2,4,4,2,2,2,2,2,3,3,3,4,4,3,4,4,2,3,4,5,5,5,4,2,3,3,3,3,4,3,2,4,3,2,2,1,2,3,2,2,2,3,3,3,3,4,4,4,5,6,4,4,5,4,4,4,3,4,4,3,5,4,4,4,3,0,2,3,4,3,3,3,3,3,2,3,3,2,2,5,4,0,0,1,1,1,2,2,1,3,5,4,3,4,4,4,6,6,5,5,4,3,4,3,2,1,1,1,1,2,3,4,6,3,3,5,4,2,2,3,5,4,4,4,4,4,4,5,4,2,2,2,3,4,5,7,6,3,2,3,4,4,3,2,2,4,4,3,2,3,3,2,2,3,4,4,4,3,2,1,2,2,3,4,3,3,4,3,3,5,3,1,3,4,3,3,4,4,3,1,2,1,2,4,5,5,5,3,3,3,4,2,0,2,4,4,3,3,1,1,5,4,4,5,6,6,5,3,2,2,3,2,1,1,2,5,7,6,5,4,4,3,3,5,4,3,2,2,2,1,3,2,2,1,2,2,1,1,1,1,1,0,1,1,2,1,1,2,3,1,4,6,5,3,2,3,3,1,1,1,1,1,2,2,1,2,2,3,3,4,4,4,4,3,3,5,5,5,5,3,3,3,1,1,2,2,3,2,3,5,3,3,4,5,4,4,5,2,1,2,3,2,2,2,2,1,3,4,4,2,2,4,5,0,1,3,4,3,3,2,3,2,3,4,3,4,5,4,2,1,1,2,1,1,3,3,2,1,1,1,1,1,1,2,2,1,3,4,4,3,3,4,4,3,2,3,4,3,4,4,3,2,3,3,3,4,3,3,5,3,2,2,2,3,3,3,2,0,1,2,1,2,3,3,2,1,2,5,4,5,4,5,7,3,5,4,3,4,3,3,4,1,1,1,1,1,0,1,3,5,1,2,2,2,4,2,0,1,2,3,3,3,2,3,3,2,4,6,5,4,4,4,3,5,4,4,3,5,5,5,3,5,4,4,4,4,4,5,6,4,3,3,3,2,3,6,4,2,3,3,4,4,4,4,3,2,4,4,3,3,4,4,1,2,2,3,3,3,3,2,2,4,4,5,5,4,4,2,0,2,3,3,2,2,5,4,0,1,1,1,1,1,1,3,5,4,5,4,3,3,4,4,1,1,1,2,2,2,2,2,1,1,1,1,2,3,5,4,4,1,1,2,2,2,5,5,4,3,2,3,3,4,4,4,5,5,4,4,4,4,4,5,4,2,2,2,3,3,3,3,3,1,2,3,2,2,2,2,1,3,3,3,3,3,3
211,3,5,4,4,6,6,6,6,5,5,5,3,4,4,4,2,2,1,1,2,3,3,5,6,3,1,2,2,1,2,2,2,4,5,4,2,2,2,2,2,2,3,3,3,3,3,2,3,4,3,2,2,2,2,2,2,2,6,5,4,4,2,1,4,3,4,3,2,3,4,3,2,4,5,5,4,3,2,1,3,3,3,2,3,4,4,4,4,1,2,3,3,3,3,3,4,4,2,3,3,2,2,4,3,3,3,6,6,2,0,0,2,3,2,4,4,5,4,3,5,9,5,4,2,2,2,3,5,5,4,4,4,6,7,6,5,4,5,4,4,4,2,3,3,2,1,2,1,1,2,2,3,4,4,4,3,4,3,2,2,2,1,3,4,3,3,2,1,3,3,2,2,3,3,4,3,2,4,4,3,3,2,3,3,4,3,2,2,3,3,3,3,3,2,1,2,1,3,5,6,7,6,4,2,2,4,6,6,5,4,4,6,5,5,5,3,2,1,1,2,3,4,3,1,1,2,3,3,3,2,3,3,2,3,5,5,3,2,2,4,5,3,2,0,4,3,1,3,4,3,2,1,1,2,3,2,1,1,2,3,4,4,3,3,3,2,2,2,2,2,3,3,3,3,3,2,3,3,0,0,2,3,3,3,4,5,4,3,4,2,3,4,2,2,2,3,3,5,3,3,2,2,1,1,0,5,6,5,4,6,6,4,3,0,1,3,3,2,3,4,4,3,3,4,3,2,4,1,1,3,3,2,2,3,3,3,4,5,3,4,4,4,3,3,5,6,6,5,5,3,2,2,4,5,3,1,0,1,3,4,7,5,4,3,3,3,3,4,5,3,1,1,1,3,4,3,3,3,3,5,5,3,2,3,5,4,5,4,5,4,3,4,3,4,5,3,3,2,1,2,1,2,1,2,2,2,3,3,3,2,3,3,0,1,3,4,3,4,3,3,3,3,4,4,5,5,5,5,4,3,2,2,2,3,2,2,2,3,3,1,1,2,3,3,4,3,3,3,3,4,7,7,6,4,3,5,6,3,5,4,4,4,4,3,3,4,2,4,4,2,3,2,2,2,2,1,3,5,3,3,2,1,1,3,4,4,4,3,2,2,4,5,3,2,2,3,1,4,4,2,1,1,1,2,1,2,2,3,3,3,3,5,5,3,5,5,4,4,5,5,5,3,3,3,1,2,3,2,2,1,0,2,4,2,3,3,2,4,5,2,1,3,3,1,2,1,1,2,3,4,3,3,3,2,3,3,4,3,4,6,8,4,3,4,3,3,3,3,3,4,4,6,4,3,3,2,1,1,2,4,4,2,1,4,4,2,2,4,5,4,3,4,3,1,1,1,2,2,4,4,2,3,4,3,3,3,4,3,4,5,4,4,2,2,4,5,5,3,5,5,4,3,3,3,3,2,3,3,3,3,2,2,1,1,2,1,1,1,1,1,1,6,5,6,5,4,2,2,2,4,6,3,2,3,2,4,3,4,2,2,2,4,5,5,5,3,3,2,2,4,3,4,2,4,3,5,5,3,3,2,1,1,2,3,2,3,4,3,3,4,4,3,1,1,2,2,1,3,3,2,3,3,2,3,4,3,5,4,3,4,4,4,5,3,1,3,6,6,5,3,1,6,4,4,4,1,3,2,0,1,2,2,4,3,4,5,4,2,4,3,4,3,3,4,4,2,3,4,4,3,3,2,4,1,3,4,2,2,3,3,3,6,4,3,3,1,2,1,2,1,1,1,2,2,1,3,3,1,1,4,3,1,3,3,2,1,2,0,0,2,2,1,2,3,3,3,4,6,7,5,4,3,4,5,6,3,1,4,7,4,1,2,3,4,5,4,2,3,3,3,3,3,3,4,4,3,4,4,3,3,4,2,4,3,3,4,5,2,2,2,2,3,3,1,1,2,2,0,0,1,1,3,3,3,3,3,3,1,1,2,1,1,2,5,5,5,5,4,4,3,4,6,7,1,1,1,1,2,2,2,1,4,4,3,3,4,3,2,1,2,2,2,4,5,4,3,1,1,2,3,2,2,2,1,1,1,1,2,3,3,3,3,3,1,1,1,2,2,2,4,4,6,4,1,2,2,3,4,4,3,2,3,2,1,0,1,3,3,2,4,4,3,4,6,2,0,2,2,3,5,4,2,3,2,2,1,2,2,3,5,5,3,3,2,1,2,3,4,6,5,3,3,3,3,4,4,5,2,3,3,3,3,1,2,3,4,4,4,4,3,4,4,4,2,3,3,3,3,4,4,3,2,2,2,2,2,2,2,2,2,3,5,5,5,5,3,3,4,5,5,5,3,2,0,1,3,3,3,3,3,3
212,1,6,3,3,2,2,2,2,1,0,1,3,4,4,5,3,4,3,1,2,2,2,3,4,3,0,1,1,1,1,2,3,1,5,5,4,3,3,4,3,4,2,2,5,6,5,4,2,1,3,3,3,2,3,3,3,3,6,3,2,3,3,2,5,1,1,8,7,5,3,2,2,5,3,3,2,1,1,2,3,5,4,4,5,2,3,3,2,1,3,4,4,4,3,2,3,6,2,2,2,1,1,1,1,3,3,1,0,4,8,5,2,3,4,6,4,3,3,5,6,9,8,7,6,4,2,2,3,2,5,4,2,2,6,7,2,1,3,3,2,3,4,2,1,1,1,1,1,3,4,5,5,4,1,2,3,3,2,1,1,3,1,0,1,3,4,4,4,2,2,4,3,3,3,4,3,2,1,1,3,3,3,1,1,1,3,3,1,1,2,3,2,2,1,3,5,5,4,2,3,5,1,2,2,2,2,2,3,3,2,2,2,2,2,2,2,2,2,2,2,1,3,3,4,4,5,4,6,7,5,3,3,5,1,1,3,2,4,4,4,4,5,3,3,3,2,2,3,3,3,3,3,3,3,4,3,4,3,4,1,1,2,3,3,4,3,2,2,3,3,3,2,3,5,3,3,4,4,3,4,3,3,3,3,3,3,3,3,3,1,1,2,1,2,1,1,1,3,3,1,2,4,4,4,2,3,4,4,4,3,2,3,3,6,6,6,4,4,3,2,4,2,1,0,0,0,2,1,0,1,3,3,3,4,4,4,3,2,3,3,3,3,2,2,4,5,4,3,2,3,4,5,6,4,2,1,2,2,3,4,6,3,3,4,4,3,2,2,3,3,2,3,3,5,5,4,4,6,4,3,3,3,3,3,4,4,4,4,3,4,5,4,2,1,1,1,1,2,2,2,1,2,2,4,4,3,3,4,6,7,7,5,4,2,2,3,4,4,2,2,3,4,3,1,0,2,3,4,3,3,4,3,2,2,2,1,1,4,4,3,1,5,3,3,3,4,3,2,1,2,1,2,3,2,2,1,1,1,1,2,2,2,2,3,3,4,4,3,2,2,2,2,4,6,6,6,4,4,3,3,5,4,4,3,3,3,5,5,4,6,5,2,3,3,4,4,3,3,2,1,3,5,4,4,3,4,4,6,5,3,3,1,1,3,3,2,3,4,3,3,1,1,2,3,3,2,1,1,1,5,5,5,5,4,4,4,4,3,2,3,2,2,2,2,2,4,2,1,1,2,3,3,3,2,1,1,2,3,5,6,3,2,3,4,5,5,4,3,2,2,3,4,3,3,3,3,4,4,3,4,3,3,3,4,4,2,1,1,0,1,1,1,1,1,2,4,6,4,4,4,4,2,3,3,3,3,3,2,3,1,1,3,3,4,3,4,4,1,2,2,2,2,2,3,2,3,4,2,2,2,0,0,2,4,4,4,5,5,5,3,3,3,3,4,4,3,4,5,4,0,3,4,3,2,3,2,1,2,1,3,2,2,3,4,2,2,4,4,3,3,4,3,2,4,4,4,4,4,4,4,6,6,4,3,3,4,3,2,3,2,2,2,2,3,3,4,2,0,1,1,1,3,4,6,6,4,3,3,3,3,3,3,3,4,3,2,4,5,4,3,2,2,1,1,1,1,1,1,1,1,1,2,2,1,2,1,1,2,5,3,2,2,4,4,5,4,4,4,3,3,3,2,1,1,2,1,2,1,1,1,1,2,2,1,1,2,2,2,2,2,2,2,2,2,2,2,2,2,2,0,1,1,2,6,7,4,3,3,2,1,1,2,2,2,3,3,4,5,5,4,3,2,3,2,1,2,2,2,4,5,3,3,3,5,6,6,6,2,4,5,3,2,3,4,4,4,2,2,3,3,3,1,1,3,3,3,3,3,3,3,3,3,3,2,1,2,3,4,4,5,3,4,4,4,3,5,4,3,1,2,3,4,4,5,3,3,2,5,4,2,3,3,4,4,3,2,1,3,6,5,1,1,2,2,2,3,3,2,2,2,2,3,2,2,4,1,2,2,3,4,4,3,4,4,2,4,3,3,3,3,3,1,2,2,3,3,2,2,0,3,5,3,4,4,3,3,1,1,1,2,5,4,2,2,1,2,6,4,3,2,3,2,4,5,3,1,1,1,4,3,3,3,2,1,2,2,1,1,2,3,3,2,2,4,5,5,5,5,3,2,2,3,3,3,3,2,1,2,4,4,4,4,4,2,2,1,1,0,0,1,3,3,1,2,2,2,1,1,2,2,3,3,2,2,1,1,1,1,1,0,2,3,3,2,3,4,4,3,4,5,4,3,6,6,4,3,3,3,3,3,3
213,4,6,6,2,2,1,1,3,4,2,2,2,2,3,4,3,2,2,2,1,2,3,5,4,3,3,2,2,1,2,2,1,2,5,4,2,2,3,2,2,3,3,3,4,5,4,4,4,2,2,2,4,6,5,5,5,4,2,3,3,4,4,3,4,2,1,3,4,3,3,4,5,7,6,6,4,1,0,0,2,4,2,2,2,3,3,3,3,3,1,1,1,0,0,1,3,3,3,4,3,2,1,1,2,5,5,2,2,2,2,3,2,4,6,2,3,4,3,2,1,2,2,3,2,2,3,4,3,3,4,3,6,8,8,7,5,2,2,2,2,1,2,3,2,1,2,1,2,3,6,8,8,8,3,4,4,4,4,4,2,2,1,3,5,3,4,6,7,7,5,5,5,4,4,3,2,2,4,2,3,3,3,2,2,0,0,2,4,4,3,2,2,3,4,4,5,4,2,0,1,3,4,3,3,3,3,3,2,2,2,1,1,1,1,2,2,2,3,4,3,2,3,4,2,1,3,1,1,0,2,5,6,4,1,3,3,2,2,5,5,3,3,2,4,4,3,3,2,1,3,3,2,3,2,1,3,3,3,5,5,5,2,2,1,4,4,5,4,3,3,1,1,2,4,2,4,3,2,3,4,3,1,1,1,2,3,4,4,2,2,2,4,4,4,4,2,2,2,2,2,2,3,3,3,4,2,3,2,1,2,3,5,6,4,3,3,4,5,6,4,2,1,2,3,2,2,3,1,1,4,4,5,4,3,4,3,3,3,3,3,3,4,4,3,3,1,2,3,3,2,2,1,1,4,4,4,3,3,2,3,2,2,2,3,3,3,3,4,4,2,2,3,1,2,3,4,3,4,4,2,1,3,4,3,2,5,4,3,2,3,4,5,2,2,2,2,2,2,2,1,2,2,2,2,2,2,2,3,4,3,2,2,2,2,2,2,2,4,4,4,4,4,3,3,3,6,4,3,3,2,3,5,4,1,3,5,5,6,4,3,2,4,5,3,3,3,4,5,3,1,1,2,3,3,3,3,3,3,2,2,2,2,2,2,2,1,1,2,1,1,3,3,1,5,4,3,3,5,5,5,5,3,5,4,4,5,4,3,5,4,3,3,4,3,4,2,2,4,5,8,6,1,2,6,7,4,5,6,4,4,6,5,5,2,3,3,3,3,2,3,4,3,3,3,3,3,3,3,3,3,4,4,4,3,4,3,3,4,4,4,3,3,3,1,2,3,6,5,4,2,2,1,1,3,2,4,4,3,3,3,2,3,3,2,2,3,3,3,4,2,1,1,1,1,1,1,1,1,2,2,1,1,2,3,3,4,4,5,4,1,1,2,4,3,4,2,2,3,5,4,4,4,3,3,3,2,3,2,2,6,6,6,6,6,6,6,5,3,3,3,3,3,3,3,2,4,4,3,3,2,3,2,2,3,3,3,4,4,5,3,3,2,4,7,6,4,4,3,3,1,0,1,3,3,3,5,6,5,5,3,3,2,2,2,2,2,3,3,3,4,5,7,3,2,2,3,2,3,5,4,3,3,4,3,2,2,1,1,3,2,1,1,1,1,3,3,2,2,1,2,2,1,1,2,1,2,2,2,3,3,4,6,5,2,1,3,4,5,5,4,3,2,2,2,2,2,3,3,4,4,4,4,2,1,3,4,4,2,2,2,2,3,3,3,1,5,7,5,4,3,2,2,3,2,2,1,1,2,2,2,2,3,2,1,2,2,1,2,3,3,4,4,4,4,3,3,4,4,5,4,1,0,2,5,5,3,2,3,3,2,3,1,2,1,1,3,2,4,4,2,2,3,4,5,4,3,3,3,2,0,0,2,3,4,4,3,2,0,2,4,3,3,0,0,2,2,2,3,2,0,1,1,2,4,2,4,4,3,2,2,1,2,4,5,3,4,5,6,7,6,5,4,4,5,4,3,4,2,2,2,2,2,2,2,2,3,2,2,2,2,2,2,1,0,2,5,5,3,3,3,1,0,5,5,2,2,2,3,2,0,2,1,0,1,3,4,3,4,4,3,3,4,4,4,2,3,2,2,3,2,2,2,1,2,3,3,4,5,3,2,2,2,3,3,3,4,5,5,4,2,3,2,2,2,1,2,2,1,1,5,5,3,3,3,5,1,1,2,1,3,3,3,4,2,2,1,2,3,3,2,2,2,2,4,4,5,5,3,2,1,1,1,0,3,4,3,3,2,3,3,2,1,2,5,4,4,4,6,5,5,4,4,6,5,4,5,3,4,3,1,2,5,3,3,2,2,2,2,1,4,4,4,4,3,4,3,0,1,3,4,3,2,1,2,1,3,3,3,3,3,3
214,3,3,2,1,3,3,2,2,2,2,2,2,2,1,3,2,2,4,2,0,2,4,3,1,2,5,5,4,3,1,2,3,1,0,0,3,3,5,5,4,5,4,3,1,1,2,4,5,2,2,1,3,4,3,3,1,5,4,2,2,2,2,2,1,2,6,4,5,5,5,2,0,1,5,3,2,2,2,3,4,6,4,3,5,4,3,3,2,3,4,4,3,4,4,4,3,0,2,4,3,3,3,3,3,3,1,3,3,3,4,5,5,4,3,4,4,3,3,2,3,5,4,2,3,5,5,3,3,4,2,0,2,3,3,4,4,3,2,3,2,2,4,4,2,4,3,2,2,2,2,2,2,2,1,1,3,3,3,4,3,4,4,3,3,2,1,2,5,1,0,2,3,4,4,4,3,3,3,2,2,2,3,3,2,2,3,4,3,3,3,2,2,1,5,4,4,5,4,4,5,3,3,4,3,3,3,3,2,2,2,2,2,1,2,4,4,3,2,2,1,1,3,2,2,2,4,3,5,5,5,5,4,2,2,3,3,3,3,3,4,4,6,6,5,4,4,4,3,3,1,1,1,2,3,2,2,1,5,5,4,2,2,5,5,1,3,4,3,3,2,2,1,2,4,4,3,2,4,5,4,5,5,3,2,2,1,1,1,1,0,2,4,3,3,2,2,2,1,1,0,2,3,3,3,1,2,5,6,5,4,4,3,4,4,3,2,2,3,4,5,4,4,5,6,4,4,4,3,2,1,1,5,6,1,0,2,4,1,2,4,3,3,6,7,6,7,5,3,3,3,4,6,6,3,2,5,6,5,5,3,2,2,3,3,3,2,2,2,3,4,4,3,4,4,3,2,2,4,4,4,3,3,1,3,4,3,6,6,4,5,5,2,3,2,1,1,1,0,2,3,1,1,4,4,2,2,2,2,0,1,2,3,6,5,3,0,0,1,1,1,2,1,1,1,3,0,1,0,1,1,2,1,3,3,3,3,3,3,4,2,2,5,7,6,3,2,5,3,1,7,3,4,4,6,5,4,4,3,1,1,2,2,1,4,3,3,3,3,3,2,3,3,2,3,3,3,2,2,3,2,1,4,3,2,3,4,4,4,5,2,1,3,3,4,5,6,5,5,4,2,2,2,0,3,2,3,3,3,3,3,4,1,1,3,1,3,3,3,3,2,3,2,3,4,4,4,3,2,2,4,4,5,4,4,4,3,1,4,4,4,4,4,4,3,3,3,5,3,3,4,3,3,4,5,3,1,1,3,4,4,5,1,1,2,1,2,3,2,1,4,3,2,2,1,1,1,0,0,0,1,3,4,4,4,2,2,3,3,3,2,2,3,3,2,4,2,1,0,0,1,3,4,2,3,5,4,5,4,2,0,2,2,1,4,6,5,4,7,3,2,1,1,0,0,2,3,2,2,2,3,3,4,5,4,4,3,4,5,5,3,3,5,4,4,4,3,3,1,1,3,2,1,1,1,1,2,2,3,2,4,4,2,4,4,3,4,3,6,5,4,3,2,3,5,3,3,3,3,2,2,1,1,1,2,3,3,2,2,3,4,4,3,1,1,1,1,2,4,3,2,1,2,3,2,1,3,5,6,6,6,6,5,4,1,2,2,1,2,2,1,2,1,3,3,1,1,1,1,1,3,3,3,3,2,2,2,2,2,2,2,2,4,4,3,3,4,4,2,1,1,1,2,2,1,2,3,3,3,2,1,1,1,2,1,2,3,2,4,3,3,3,4,3,3,2,2,3,3,4,4,4,4,3,3,3,1,2,3,2,3,3,5,3,2,3,4,5,4,4,7,7,8,5,5,4,4,4,5,6,3,2,2,4,4,3,5,4,3,2,2,3,3,4,4,4,3,3,3,3,3,3,3,3,3,3,2,3,2,3,2,1,3,3,3,4,4,4,3,4,2,2,1,0,0,1,1,2,2,2,3,3,3,3,1,2,3,3,3,3,2,2,3,2,1,2,2,1,0,1,2,5,7,5,3,4,4,4,5,5,3,4,4,3,4,5,2,1,1,1,2,1,1,1,1,2,2,2,3,2,2,2,3,3,2,1,2,3,3,2,1,2,2,1,1,2,2,3,2,1,3,2,3,4,5,5,6,4,3,4,3,4,2,2,4,3,2,3,2,2,3,2,2,2,4,3,2,1,2,3,2,2,2,1,3,3,3,4,2,2,2,3,5,3,2,3,3,4,2,3,2,1,2,2,1,1,2,2,3,4,3,3,1,1,2,2,4,3,2,2,2,3,3,4,5,4,3,3,1,1,2,2,2,2,2,3,3,4,2,2,2,3,4,4,4,3,2,2,2,3,3,3
215,3,5,5,3,4,2,1,2,2,4,3,1,1,3,3,1,3,3,4,3,3,3,3,3,3,1,1,2,4,5,5,2,1,0,2,3,2,3,2,1,2,4,3,4,3,3,3,3,4,3,3,4,5,5,4,3,4,4,5,5,5,4,4,4,3,3,4,3,2,4,6,5,3,6,5,2,1,1,1,4,6,5,3,3,2,1,1,2,2,6,4,3,4,2,2,3,2,3,3,3,2,3,3,2,2,3,3,2,3,5,5,1,3,4,5,6,5,2,2,3,3,5,2,3,5,5,3,3,5,3,3,3,6,6,5,1,2,5,4,4,4,3,1,3,5,4,2,3,3,4,5,4,5,3,2,4,4,3,4,3,2,3,5,5,4,3,5,5,3,4,5,5,5,3,3,3,3,3,3,4,3,2,1,3,3,3,4,4,4,4,4,4,3,3,3,1,2,3,3,2,1,4,4,4,4,4,4,4,5,3,4,3,3,4,4,4,4,4,4,3,3,3,3,4,4,2,2,3,2,3,3,3,5,3,3,4,3,4,5,4,3,2,2,2,2,2,1,2,4,3,4,5,6,3,2,1,2,3,3,3,3,4,4,4,4,4,4,2,4,5,4,3,4,5,3,1,2,2,2,1,1,3,3,3,2,2,3,3,3,4,4,3,4,5,5,5,4,3,4,3,3,3,4,3,4,5,4,2,4,3,2,1,0,1,2,4,3,2,2,2,2,2,2,3,3,4,4,2,4,2,2,2,3,3,4,4,5,3,2,3,5,5,4,4,4,3,3,3,4,4,3,3,3,3,2,1,1,1,4,6,7,3,2,4,6,4,2,1,1,6,2,2,2,1,1,1,0,1,2,4,5,5,5,5,2,3,2,3,2,2,4,5,2,1,2,1,1,1,1,1,1,2,2,2,1,1,1,2,2,3,3,5,7,6,3,3,4,6,3,5,5,5,4,1,1,6,3,3,3,3,3,4,4,4,3,3,3,5,5,4,4,4,4,4,3,2,4,1,1,2,2,1,2,2,3,4,1,4,6,6,4,3,3,4,5,5,4,5,3,2,2,2,1,4,5,5,5,5,4,5,5,2,2,3,2,3,4,3,3,5,3,2,3,2,2,2,2,1,2,2,1,1,2,2,1,3,4,4,4,3,4,6,5,4,6,5,4,3,4,3,1,4,4,3,3,1,3,2,2,2,3,3,3,3,3,3,3,3,3,3,3,2,2,1,1,1,4,5,3,3,2,2,3,2,1,3,4,4,3,1,0,3,3,3,3,3,3,3,3,2,3,2,2,2,2,2,2,3,2,4,3,2,4,5,5,4,3,4,4,4,4,3,2,4,4,2,4,4,4,2,3,3,3,6,8,6,6,4,4,4,2,2,1,2,4,3,3,1,2,4,3,3,2,4,3,2,0,0,0,1,1,1,2,1,2,3,2,1,2,2,1,4,4,5,5,4,4,6,4,0,2,5,5,2,1,1,2,2,3,1,2,2,3,3,3,1,3,4,4,2,3,3,4,3,3,1,1,2,1,1,1,3,3,2,2,1,1,1,1,3,2,2,2,1,2,1,1,4,4,5,5,4,3,3,5,4,3,4,3,4,4,3,3,3,2,2,3,3,3,2,1,4,2,1,1,2,2,1,1,3,1,4,4,3,3,2,1,0,1,3,5,5,3,1,1,3,2,3,2,3,4,5,4,2,2,2,2,2,2,2,2,1,1,1,3,1,2,4,2,3,4,4,4,3,3,2,2,3,2,4,4,4,4,2,2,2,4,5,5,3,3,3,5,5,3,4,4,3,5,4,5,5,3,3,4,3,1,3,5,4,5,3,2,3,4,4,3,2,2,3,4,3,1,2,3,5,5,3,3,1,2,5,5,3,2,2,2,2,2,3,2,3,2,3,2,2,1,2,1,3,3,2,2,3,3,3,5,2,3,2,2,2,2,3,3,0,1,7,8,4,1,4,7,3,1,3,3,3,3,3,2,0,1,2,1,2,2,3,2,1,1,2,1,1,1,2,3,2,1,3,4,5,4,2,3,3,0,0,1,4,5,6,4,6,5,3,3,2,2,3,3,5,5,4,2,3,3,3,5,5,4,2,3,2,1,0,2,7,6,6,5,2,4,4,6,3,2,2,2,1,1,2,2,1,1,1,1,1,1,1,1,2,3,3,2,1,1,2,3,1,1,2,1,1,1,3,1,1,1,1,1,1,2,2,2,3,3,3,3,3,3,4,3,2,1,1,2,2,2,3,3,3,3,2,2,2,2,2,2,1,2,2,3,4,4,7,7,2,3,3,3,3,5,4,5,2,2,3,3,4,4
216,7,4,3,2,3,3,3,2,3,4,4,2,2,2,4,5,5,1,1,2,2,3,4,2,2,1,1,0,2,3,3,3,3,0,0,1,2,3,4,3,5,5,3,3,5,6,5,4,4,3,2,2,4,3,3,2,3,6,5,4,3,2,2,4,5,4,4,4,1,1,1,2,3,4,4,2,2,2,2,4,2,1,3,2,2,5,7,5,5,5,4,4,3,2,2,2,3,4,4,2,2,2,2,2,2,3,2,5,7,5,3,4,5,1,2,2,1,3,3,5,8,5,3,3,3,4,4,4,3,3,3,2,2,5,5,3,4,2,2,4,6,4,2,3,2,1,3,5,4,2,2,4,2,3,3,4,3,2,2,2,3,3,2,4,5,3,3,6,8,1,1,3,4,3,4,5,6,2,4,4,3,2,1,2,3,4,2,3,4,5,4,4,5,2,2,3,2,3,2,1,2,2,2,2,2,3,3,3,5,3,4,1,0,0,1,3,3,2,2,2,3,4,3,3,2,2,3,4,4,4,5,4,0,2,1,1,1,2,3,2,1,1,1,1,1,2,1,1,1,3,1,1,2,3,3,4,5,7,6,3,3,3,5,7,6,2,2,4,2,3,2,3,3,5,2,3,3,3,3,2,2,4,5,3,3,3,5,5,6,1,2,2,3,3,3,3,5,0,1,1,2,3,3,3,3,3,3,5,4,2,2,4,4,4,4,2,1,2,4,5,5,3,3,2,3,4,3,6,8,3,2,4,3,3,4,4,4,1,3,4,4,4,4,2,5,4,2,4,4,4,5,4,2,2,5,3,4,2,2,2,4,5,4,1,2,1,2,2,3,3,3,2,3,3,3,2,1,2,3,3,3,3,3,3,3,3,5,5,5,4,4,2,5,3,1,1,2,3,3,3,3,2,1,2,1,3,3,4,3,3,4,1,1,2,4,5,3,3,2,2,3,2,1,1,3,1,1,2,4,2,0,1,3,4,0,1,2,3,5,5,1,4,4,3,3,3,4,4,6,4,4,4,3,2,2,3,3,1,0,0,1,2,3,2,2,3,2,2,3,4,4,3,2,4,3,4,3,4,3,3,1,2,5,5,3,3,4,3,5,5,4,5,4,3,3,3,3,3,5,4,3,3,3,3,0,3,3,3,4,3,3,3,4,3,4,5,5,4,4,3,3,1,3,3,3,4,4,4,3,5,5,4,4,3,3,2,2,4,5,4,5,5,4,4,4,3,3,3,3,2,2,3,2,2,1,2,3,4,4,3,2,2,1,1,1,2,2,4,4,4,4,4,6,6,5,4,2,3,2,3,6,7,6,5,3,3,1,1,1,1,1,3,3,3,3,3,3,3,3,3,3,3,2,1,1,2,3,5,6,6,6,7,6,4,4,3,4,4,2,2,3,3,3,4,1,0,1,4,4,3,2,4,4,3,3,2,2,2,2,3,3,3,3,4,5,4,5,6,6,4,5,5,3,2,2,1,2,2,2,1,1,3,1,2,5,2,1,1,1,2,2,1,1,5,4,3,4,5,4,3,3,1,1,1,1,1,1,2,4,1,1,2,2,3,3,4,4,3,4,3,3,3,3,2,4,2,1,1,1,1,1,1,3,3,1,2,3,5,5,4,3,4,5,5,3,5,4,2,3,1,3,3,1,3,3,1,0,3,2,3,4,4,3,2,2,1,1,1,1,1,1,2,2,2,1,3,1,3,4,4,1,1,2,1,1,3,3,3,4,3,3,2,2,3,3,2,1,3,3,3,3,4,4,4,4,1,1,6,6,2,2,3,3,3,3,2,2,4,4,2,1,5,4,2,3,3,4,5,4,2,2,2,2,2,2,2,2,3,3,2,3,4,3,2,2,3,3,4,4,5,6,5,4,6,5,3,3,3,2,2,2,2,3,4,4,2,1,3,4,2,2,3,3,3,4,4,4,5,4,2,1,1,1,3,4,6,5,2,1,2,4,3,3,4,3,4,3,2,2,2,5,2,2,1,1,1,2,5,4,3,4,3,3,3,3,2,3,3,3,3,4,4,3,3,4,3,2,3,2,3,5,6,6,2,2,1,2,3,4,4,3,2,2,4,3,2,2,1,1,1,2,2,1,2,2,4,2,3,4,2,2,2,1,1,1,3,2,1,2,3,3,4,4,3,3,3,3,3,3,3,3,3,2,2,2,2,2,3,3,2,2,4,3,2,1,1,3,2,3,4,5,4,4,3,1,2,2,2,4,4,3,3,2,3,3,3,3,4,3,2,4,6,5,1,1,3,4,1,1,1,1,2,2,1,1,2,1,2,3,3,3,3,4,3,3,3,3,3,3,3,3
217,5,6,6,6,4,5,3,3,1,2,4,5,5,4,4,5,5,4,3,2,3,2,1,2,1,3,2,2,3,4,5,4,4,3,2,2,2,3,3,2,2,4,4,4,4,4,4,3,3,3,2,1,1,2,1,1,2,5,5,4,4,4,4,4,3,1,1,1,1,2,2,3,4,1,1,1,1,2,3,3,3,2,5,5,5,4,2,3,4,2,1,1,2,3,2,2,2,2,3,4,3,2,1,1,1,0,1,3,5,6,3,0,0,1,1,2,3,3,3,5,5,5,4,5,5,5,4,3,4,2,2,1,3,7,8,7,6,5,4,4,2,2,3,1,1,6,9,4,1,1,2,4,4,4,4,4,4,4,2,1,2,2,1,1,2,1,1,2,4,6,4,2,2,3,4,4,5,5,5,3,2,2,2,3,5,5,2,2,3,3,1,1,2,2,3,4,4,4,4,4,5,4,4,3,3,3,2,3,2,3,2,3,3,2,3,4,3,1,4,5,1,0,1,6,7,6,8,9,6,7,5,1,1,4,2,1,3,4,3,3,3,2,2,2,2,2,3,3,5,3,1,1,2,3,2,1,1,1,2,2,2,3,2,1,1,1,1,2,4,3,4,4,5,3,1,3,3,3,4,3,3,1,0,1,2,2,2,2,3,2,2,3,3,2,2,2,2,3,4,2,1,1,2,2,2,3,4,4,4,4,4,2,1,1,3,2,3,2,1,0,1,4,3,2,2,1,1,3,4,2,1,2,2,2,1,1,2,3,3,4,4,5,4,2,1,2,3,3,3,2,2,2,2,3,3,2,3,3,4,4,4,5,4,1,1,1,4,3,4,4,4,2,2,3,3,1,1,4,5,4,3,2,2,1,2,6,4,3,2,2,2,2,3,2,1,3,4,1,1,3,4,2,2,2,1,1,1,2,3,2,3,3,3,3,3,4,4,3,2,1,1,2,1,2,3,6,5,4,6,5,3,3,3,2,3,2,1,3,1,3,6,5,4,4,3,1,3,3,1,1,2,2,2,2,1,2,1,1,2,2,3,3,3,4,3,1,3,3,2,2,2,2,2,3,3,4,4,3,4,3,1,2,1,1,1,3,3,2,2,3,1,1,1,2,4,3,3,2,1,1,1,2,2,1,1,4,5,5,4,5,4,3,3,2,4,3,3,2,2,1,1,1,1,2,2,1,1,2,4,4,2,3,3,3,5,4,4,2,2,1,2,2,1,2,3,4,4,2,2,3,3,4,5,5,4,2,3,3,1,4,4,4,5,5,5,3,4,4,4,2,1,0,1,3,3,3,2,3,4,3,5,7,9,6,4,3,3,3,3,3,2,1,0,5,6,4,4,4,4,5,4,2,3,4,4,3,1,3,4,2,2,3,4,4,3,1,3,3,2,2,1,3,3,4,5,3,2,1,1,1,1,1,1,2,4,3,1,1,1,1,1,1,3,3,1,2,2,1,1,3,2,1,1,1,1,2,2,4,4,2,2,3,3,3,2,1,2,1,1,2,2,1,1,3,5,3,2,3,5,4,2,1,3,5,2,1,2,2,3,2,2,3,3,3,4,3,3,2,3,5,5,5,4,5,8,8,5,4,4,4,4,3,3,3,2,1,4,6,5,1,1,1,2,2,3,3,3,2,1,2,3,3,3,4,3,2,1,2,1,2,1,2,3,2,2,2,3,3,3,4,2,2,3,2,3,3,3,4,3,4,3,1,1,1,1,1,1,2,3,3,2,2,3,2,2,2,3,2,1,2,2,2,3,3,3,1,2,2,2,3,3,2,2,3,3,4,5,4,3,3,3,4,4,4,4,4,3,3,2,3,2,2,3,3,4,4,3,3,2,4,4,4,4,3,3,3,2,2,3,3,3,1,2,2,1,1,2,3,3,3,3,2,2,2,1,2,1,2,3,5,4,3,4,4,6,4,2,3,4,2,1,3,4,5,5,3,3,4,2,2,2,2,4,6,4,2,0,2,4,5,3,3,3,3,2,1,2,1,1,2,3,2,2,3,2,4,4,2,3,4,4,4,4,3,2,1,3,4,5,5,4,4,4,1,2,3,2,3,3,3,3,3,3,1,1,1,1,0,0,2,2,2,3,3,3,4,4,2,2,2,2,2,2,2,2,1,2,5,5,3,3,3,4,4,3,2,3,3,3,2,1,2,2,3,3,4,5,6,6,4,4,4,4,4,3,3,3,0,2,3,2,2,2,1,2,3,3,4,5,2,1,2,2,4,4,3,3,4,4,5,3,1,3,3,3,4,4,2,1,2,5,5,3,3,3,1,1,2,2,2,1,1,1,3,3,2,2,2,2,2,2
218,6,1,1,3,2,3,3,1,1,3,3,4,5,3,3,4,5,2,3,3,3,2,2,3,3,4,4,2,2,3,3,3,6,5,7,5,5,4,1,3,7,4,1,2,4,5,4,4,5,7,5,3,6,4,1,2,4,3,3,4,4,4,4,3,4,3,2,4,4,2,2,2,2,1,1,1,2,3,2,3,6,8,6,4,3,2,1,3,4,3,2,2,3,4,2,3,3,4,3,3,3,2,2,3,2,1,3,1,2,2,3,5,5,3,3,2,3,5,3,2,3,5,5,3,3,2,2,6,5,3,5,4,2,4,8,4,1,1,2,2,2,3,3,2,3,4,3,3,3,3,3,3,3,4,4,2,2,2,2,3,2,2,2,2,1,2,4,3,4,6,4,2,2,2,2,2,2,4,3,2,1,1,1,2,2,2,2,3,3,3,1,1,2,1,3,3,3,2,1,2,3,3,1,1,4,4,4,4,2,3,4,3,3,5,6,4,4,6,5,5,3,3,2,2,1,2,1,3,3,3,4,3,3,3,4,4,4,5,4,2,2,2,4,4,2,2,3,3,3,3,3,3,4,4,3,2,2,3,2,2,3,3,3,1,1,2,3,1,1,1,1,1,1,2,2,2,2,2,2,2,2,2,2,2,2,2,2,2,2,3,1,3,3,2,2,5,5,3,1,1,1,2,1,1,2,4,5,5,4,4,4,5,6,9,7,5,5,4,3,3,1,3,3,4,3,3,3,3,3,1,2,3,3,2,1,1,1,2,3,3,4,5,3,2,3,4,2,2,4,5,4,4,4,5,5,4,5,4,3,4,3,4,5,6,6,6,5,4,4,3,3,4,3,3,3,2,2,4,5,7,5,3,2,4,7,6,5,5,4,2,3,4,4,3,2,3,4,4,4,3,4,3,2,2,2,2,2,2,2,4,5,5,7,7,6,4,2,6,5,1,3,3,3,3,2,5,5,4,4,4,4,4,3,1,2,4,4,4,5,5,4,4,4,4,3,3,4,5,4,1,1,2,1,1,2,4,4,2,2,2,2,2,2,2,4,2,3,3,1,2,3,4,3,2,2,2,2,2,3,4,3,3,1,2,5,4,2,3,4,6,3,1,2,5,5,2,1,3,3,3,3,3,3,3,3,3,5,4,4,3,2,3,2,2,3,3,4,5,4,4,3,2,2,3,4,4,5,4,2,1,3,5,5,5,4,4,3,2,3,3,2,2,3,3,4,1,1,2,3,2,2,2,3,1,2,4,3,4,3,3,3,2,3,4,5,5,4,3,3,3,3,3,2,2,2,2,3,3,3,3,2,1,1,2,3,2,3,3,2,3,3,3,3,4,4,1,1,0,0,0,1,3,3,3,4,3,2,5,4,2,2,3,4,3,4,3,2,1,1,1,1,1,1,0,1,2,2,4,3,2,3,4,2,2,3,3,2,3,3,3,2,4,4,3,4,5,4,3,3,3,3,4,2,3,2,2,3,4,4,4,4,4,3,1,2,1,2,2,3,3,3,1,1,4,1,2,2,1,1,1,1,1,1,2,2,2,2,2,3,5,5,4,4,2,2,2,1,2,3,3,2,2,2,4,4,3,3,2,2,3,5,5,5,4,3,2,3,4,5,4,4,3,3,5,4,1,0,1,4,2,0,1,1,1,1,2,2,3,1,0,1,2,3,3,3,4,3,2,3,5,5,6,7,3,3,2,1,1,2,3,4,1,1,2,1,2,2,2,2,5,5,5,3,3,4,2,0,2,5,4,4,4,3,3,4,5,4,3,3,3,4,4,3,3,2,1,2,3,3,4,4,4,4,3,3,4,4,4,3,3,3,2,3,3,4,3,3,2,2,2,3,3,3,5,4,2,2,2,2,2,2,3,3,3,3,3,5,5,4,3,3,3,2,2,2,3,3,3,4,1,1,2,3,2,2,1,1,5,2,0,0,1,2,4,6,5,4,2,2,0,2,3,3,1,0,1,2,2,2,3,3,3,1,3,4,3,2,1,2,3,4,3,3,3,4,4,3,3,1,1,2,3,4,4,5,3,1,2,2,3,2,2,3,2,2,2,2,3,4,3,1,3,5,5,3,2,2,4,5,4,5,6,7,7,4,3,4,5,4,3,4,4,4,4,3,1,1,3,4,2,2,3,2,1,2,5,4,4,3,2,2,2,2,3,2,1,2,4,4,3,4,4,4,5,5,5,5,3,3,2,1,1,1,1,2,4,3,4,4,4,3,4,4,3,2,1,1,1,2,3,3,5,4,6,6,4,4,3,3,1,1,1,1,2,2,2,4,4,4,4,5,7,7,3,3,3,2,2,1,1,1
219,6,2,2,1,0,1,1,1,0,1,3,4,3,3,4,4,3,5,6,2,3,2,1,1,1,3,4,4,3,3,3,3,2,3,4,4,4,3,3,2,2,4,3,3,5,5,5,4,1,1,2,1,1,2,4,3,3,4,6,6,3,4,4,4,4,3,4,5,4,2,4,4,4,3,2,2,1,2,3,3,5,5,4,2,2,3,4,4,4,3,1,1,1,1,1,5,3,4,5,5,4,4,3,1,5,5,4,2,1,3,4,6,4,3,3,4,4,3,2,5,8,7,4,3,3,3,3,2,3,2,3,5,4,4,4,3,2,4,5,3,2,4,5,7,5,3,2,2,3,4,5,6,4,2,2,3,4,4,4,3,3,3,5,4,3,4,4,2,3,5,5,4,5,4,3,3,3,3,2,3,4,4,5,4,4,2,1,1,2,2,2,3,3,1,2,2,2,1,2,2,1,1,2,3,3,4,5,3,3,4,4,4,3,3,2,2,4,5,5,7,6,3,2,2,3,1,1,1,1,2,3,5,4,4,4,4,4,3,2,2,1,2,3,3,4,4,3,2,1,0,2,2,3,3,1,0,3,5,4,2,1,1,1,1,3,4,1,2,3,3,2,2,3,3,2,2,3,3,3,2,4,4,4,3,2,2,3,2,2,1,2,2,3,4,4,3,4,4,2,2,4,5,5,5,3,5,5,4,5,4,3,4,3,4,4,3,3,2,4,4,2,2,4,4,4,5,5,6,6,5,5,3,2,2,1,1,1,3,4,4,4,3,3,3,4,4,4,5,6,6,7,5,3,2,1,4,6,6,4,7,10,6,1,3,4,4,5,4,2,2,3,3,4,4,5,5,4,3,3,4,4,4,4,4,4,4,6,6,7,6,5,5,3,2,4,4,3,1,1,2,1,1,2,2,1,1,1,2,1,1,2,4,4,2,1,2,2,4,5,5,5,4,5,5,3,4,3,4,5,4,3,5,7,3,4,4,4,4,4,3,5,4,5,6,5,3,2,4,5,4,4,3,3,3,2,2,3,3,3,3,3,2,2,1,1,4,3,3,3,3,3,5,5,1,1,3,2,2,4,4,3,4,4,4,3,2,3,3,3,2,2,2,2,2,2,2,1,1,1,3,3,4,5,4,4,4,4,5,4,4,4,3,3,3,2,2,2,3,2,2,2,1,3,3,2,2,2,2,2,2,1,2,3,4,5,7,5,2,1,2,2,2,2,3,2,6,4,3,4,4,3,3,4,3,2,3,4,4,4,4,4,2,1,3,4,5,5,4,4,3,3,3,3,3,3,2,2,4,5,4,3,2,2,4,6,5,3,2,2,2,3,3,3,3,2,1,1,3,3,2,1,1,2,2,1,2,3,5,3,1,2,3,3,2,2,2,1,1,4,4,2,3,4,3,3,3,3,4,4,5,4,1,0,1,2,2,2,1,1,1,1,4,4,3,3,3,4,4,3,1,1,3,4,4,4,0,3,4,3,1,2,2,3,4,3,4,3,3,6,5,3,4,5,5,5,3,3,3,2,4,7,4,2,3,5,4,3,5,5,3,5,3,2,3,3,2,2,1,2,4,3,1,1,1,3,5,3,3,3,3,3,4,3,2,3,3,3,2,2,3,3,3,4,4,3,3,3,3,2,1,2,3,3,3,2,2,0,1,3,2,3,2,2,2,3,3,4,3,1,2,4,4,2,3,1,2,2,1,1,2,1,2,4,4,2,1,2,2,3,3,3,4,4,3,2,1,1,1,2,2,2,2,2,2,1,4,4,4,4,4,3,3,3,4,4,3,4,4,3,4,3,2,3,3,3,2,1,1,2,2,2,1,2,5,5,6,5,2,2,3,2,2,2,2,3,4,4,2,3,3,2,2,1,2,2,2,2,2,2,3,2,3,3,2,2,4,3,3,2,1,2,1,1,3,4,5,5,4,2,2,2,3,5,5,4,3,3,3,2,1,1,1,2,3,4,4,4,3,3,1,0,4,3,2,3,3,3,2,2,2,1,1,3,4,4,3,3,3,1,1,1,1,1,3,5,5,2,2,3,3,3,3,4,1,2,3,2,2,2,4,1,1,2,1,3,4,3,4,5,2,3,4,3,2,2,2,2,2,2,2,2,2,2,2,2,4,4,4,2,2,2,2,1,2,3,2,2,2,2,1,0,2,1,1,2,3,2,0,1,1,2,3,3,2,1,3,3,3,3,4,6,3,3,4,1,2,3,3,4,4,2,1,4,1,0,1,3,3,2,1,1,3,2,1,1,2,3,2,3,4,4,2,3,2,2,3,3,3,4,3,2,2,2,2,2,3,3,3,3,3,3
220,2,3,3,4,4,3,3,2,2,5,5,3,3,5,6,8,4,2,3,3,3,3,3,3,2,2,2,2,3,5,4,2,2,2,2,2,2,2,2,2,2,3,3,3,3,3,3,3,3,1,1,1,3,5,6,4,2,5,4,4,4,2,2,3,1,4,5,5,3,1,1,0,3,4,3,4,3,3,3,3,2,1,3,3,2,1,2,3,3,2,3,3,2,3,3,3,2,2,3,3,4,4,3,2,3,5,5,5,5,4,4,4,5,4,0,3,4,4,5,3,1,4,6,3,3,2,3,3,3,6,6,5,5,4,5,5,3,1,3,3,2,2,3,5,3,4,4,5,5,3,1,1,1,3,4,4,4,3,3,2,1,3,4,1,2,3,3,2,1,2,2,2,2,1,3,2,1,1,2,3,2,2,4,4,3,3,3,3,3,3,3,4,4,1,1,3,2,3,5,5,3,3,4,2,2,3,1,1,2,3,4,3,4,3,3,2,3,5,5,3,3,4,5,5,5,5,2,3,4,2,2,4,5,3,1,3,4,4,4,3,5,3,2,3,2,2,3,2,2,4,5,6,5,5,5,3,2,3,3,1,1,3,3,1,1,4,5,4,5,4,4,1,3,2,1,2,2,1,2,2,1,2,2,4,3,1,2,2,2,3,3,3,5,4,1,0,1,2,3,2,1,1,1,1,3,2,3,3,3,3,5,3,1,1,3,2,1,1,3,1,1,3,2,2,2,2,2,1,1,2,2,3,4,4,3,4,4,4,2,1,2,2,2,2,2,3,4,3,3,4,4,3,3,4,4,2,1,3,3,6,8,4,3,4,4,3,2,2,1,2,2,1,2,2,3,3,3,2,2,2,3,3,3,3,2,2,4,5,5,3,1,1,1,2,2,3,4,4,5,4,3,3,4,4,4,2,1,2,4,5,4,3,4,3,3,3,1,2,5,4,2,1,1,2,2,2,3,2,1,3,2,3,8,2,1,1,1,2,2,2,5,4,4,4,3,3,1,3,3,2,1,3,4,4,4,3,0,1,1,2,4,5,6,6,4,4,3,4,5,5,4,5,5,2,1,1,2,5,5,2,2,4,3,1,1,1,2,2,2,3,5,5,5,4,2,1,2,3,3,3,3,3,5,4,2,2,2,2,2,1,1,1,3,2,4,5,3,2,4,3,1,2,3,3,3,3,1,1,3,4,4,2,3,4,3,2,1,1,1,3,3,4,5,4,4,1,1,2,2,4,3,5,6,2,3,4,3,3,5,3,1,3,4,1,2,2,2,3,4,2,1,2,4,3,0,1,4,4,3,2,1,1,1,1,0,3,4,1,0,1,1,3,4,4,2,3,5,4,3,4,4,3,3,2,3,3,1,2,2,2,2,2,2,3,4,5,4,1,0,1,4,4,3,2,2,2,3,4,4,4,4,1,3,4,3,2,2,3,4,4,4,3,4,5,5,4,3,4,4,4,4,3,3,2,2,3,3,3,2,1,0,1,3,3,1,1,1,1,1,1,1,1,1,1,1,3,3,1,0,0,3,7,6,5,4,4,4,1,4,6,4,5,4,3,3,3,3,1,1,1,2,4,4,5,3,3,4,5,4,4,2,1,1,1,2,2,3,2,1,2,2,3,3,2,0,0,1,3,2,0,1,4,3,1,3,5,5,4,4,4,4,4,4,4,4,6,4,3,4,6,5,2,2,1,1,1,1,1,2,4,2,1,1,1,2,4,4,1,0,2,1,1,3,4,3,1,1,1,3,3,4,4,4,5,5,2,1,2,1,1,1,0,1,5,4,4,4,5,4,5,5,4,4,4,3,3,3,3,3,3,4,3,2,2,1,2,5,5,3,4,5,4,3,5,6,4,4,2,2,3,4,4,2,3,2,4,4,4,4,4,5,4,3,4,3,3,3,4,5,3,2,1,1,2,1,2,2,3,3,3,1,3,4,5,4,2,1,3,4,4,3,2,3,4,4,3,2,3,4,5,4,2,3,3,3,3,2,2,1,3,4,3,3,3,3,4,3,4,3,2,1,3,5,4,1,2,2,3,3,3,5,5,5,1,1,1,1,1,1,1,2,4,3,1,1,1,1,1,2,1,2,3,2,2,2,3,5,5,3,4,3,2,3,3,1,1,0,1,3,4,4,3,2,2,3,3,3,4,4,4,4,1,1,2,2,1,2,2,2,3,3,3,2,2,2,3,2,1,1,2,3,3,2,1,1,2,3,4,3,3,2,1,2,1,1,1,2,2,2,2,4,5,5,5,5,3,4,3,2,6,5,3,3,3,2,3,4,2,1,2,1,1,2,2,2,2,2,2,2,2,2
221,6,3,3,3,4,5,4,3,3,2,2,7,7,5,5,4,4,3,4,2,1,1,1,2,2,3,3,2,1,1,2,3,5,2,2,1,2,3,5,4,2,3,4,3,3,4,2,4,5,3,3,2,2,2,2,2,3,3,3,4,4,3,3,3,3,2,3,5,3,2,2,4,6,5,2,1,3,3,2,2,2,4,5,4,5,5,3,4,6,5,3,2,3,3,2,2,2,2,2,1,1,1,2,4,4,5,5,3,4,3,2,3,6,4,5,5,5,4,2,1,2,2,2,3,3,3,3,4,5,3,4,4,6,6,5,5,5,4,4,3,3,3,4,4,4,1,2,3,2,1,1,1,1,2,3,3,2,2,3,3,2,1,1,1,2,3,3,3,3,4,3,1,2,3,4,4,5,2,0,2,4,4,3,4,3,5,5,3,3,3,2,2,2,4,5,4,4,4,3,2,2,1,2,2,3,5,3,4,4,3,3,2,2,2,3,4,4,5,5,4,3,3,4,5,5,4,4,4,3,2,3,5,4,1,1,2,4,3,1,3,4,2,2,2,3,2,2,3,3,1,1,1,0,2,3,3,3,1,1,2,3,1,1,1,1,1,1,1,1,2,2,1,1,3,2,2,2,3,4,3,2,2,4,5,5,5,4,4,5,4,2,3,3,4,5,4,5,3,0,1,2,3,4,5,4,4,2,4,4,3,3,3,3,2,2,2,1,0,2,2,1,2,2,4,2,2,2,2,1,2,4,5,4,2,1,1,2,2,2,5,5,3,3,4,4,5,4,3,2,1,1,1,0,1,3,2,2,4,5,6,6,3,2,3,3,4,3,2,2,2,2,3,3,2,2,3,5,4,1,1,4,5,5,7,4,0,0,3,4,4,3,2,3,4,3,4,2,3,3,2,2,3,3,4,3,4,5,5,5,6,6,4,4,5,3,1,1,4,3,3,2,3,4,4,4,4,3,4,4,4,4,4,3,1,3,3,2,2,2,4,4,3,2,2,2,3,4,4,3,2,1,2,2,3,2,2,2,4,5,4,3,2,4,4,6,6,4,3,4,3,3,4,5,7,5,5,5,5,4,4,4,4,2,3,6,4,1,2,5,5,5,6,5,4,4,4,4,3,3,3,2,2,2,2,2,1,1,1,2,3,1,1,1,3,3,3,5,6,6,4,3,3,2,2,2,3,3,4,3,3,3,2,2,2,2,3,3,1,0,2,2,3,4,3,1,1,2,2,2,2,2,1,1,2,3,2,3,3,2,4,4,2,2,3,1,1,1,1,1,1,3,4,5,5,4,2,0,4,4,5,6,6,6,4,4,4,3,3,3,3,3,2,3,3,5,3,2,1,2,4,3,2,3,4,4,4,3,1,2,2,4,3,3,3,3,2,2,4,3,3,4,4,4,4,5,3,4,3,3,3,3,4,3,0,1,2,3,3,2,3,3,3,4,5,3,3,3,3,3,4,3,3,2,3,4,4,5,4,1,1,1,1,3,4,4,4,4,3,2,3,2,2,2,3,3,4,4,3,3,5,4,2,2,3,3,3,3,3,3,3,2,3,3,3,2,3,2,1,2,3,3,3,3,2,1,2,3,4,4,4,4,3,2,2,1,2,2,1,0,0,1,4,6,6,4,1,1,1,1,1,1,3,4,3,2,3,5,2,3,4,5,2,1,2,2,2,2,2,3,4,4,5,3,2,4,4,3,3,4,4,5,4,2,3,3,3,4,4,4,3,3,3,3,2,2,2,1,2,2,2,3,3,3,4,4,4,4,2,2,2,3,3,3,5,5,5,2,1,2,3,3,3,2,3,5,5,3,2,2,1,1,2,3,3,2,1,1,3,4,3,2,2,3,3,4,4,3,3,4,4,4,4,4,3,2,3,4,4,3,3,3,4,4,2,1,2,3,4,2,2,3,2,2,3,2,2,3,2,3,4,3,2,2,5,6,6,6,5,5,5,3,2,6,4,0,1,2,3,3,2,5,4,0,0,1,3,5,6,7,5,1,2,3,2,3,3,1,1,5,3,2,3,3,2,3,1,2,2,1,1,1,2,4,2,1,1,1,1,1,1,2,2,2,2,3,3,2,3,1,1,2,2,1,1,1,2,3,2,3,4,2,2,2,2,4,6,5,3,3,2,4,5,5,3,3,3,1,1,2,2,2,3,3,2,2,2,2,1,2,2,3,5,3,4,4,3,5,4,1,1,6,5,3,3,2,3,4,3,1,1,1,1,2,2,3,2,1,1,3,2,3,3,2,5,5,3,3,3,2,4,2,2,1,1,2,1,1,2,1,2,2,3,3,3,2,4,4,4,4,4,4
222,3,1,2,4,5,5,6,5,4,3,1,3,6,3,3,4,3,3,5,3,2,2,2,1,2,3,2,3,3,3,5,4,4,3,3,3,3,3,3,3,3,3,3,3,2,2,3,3,4,2,2,3,2,2,2,2,3,2,3,3,2,1,1,1,1,3,3,5,5,5,4,4,4,5,4,3,3,2,3,4,3,2,2,5,5,5,4,3,4,2,1,4,4,3,3,3,2,4,4,3,2,2,4,3,4,3,2,0,1,1,1,2,3,2,4,5,3,1,4,3,4,5,4,3,1,1,3,6,4,2,5,4,3,2,2,3,3,3,3,3,2,3,4,4,1,2,4,4,2,1,2,1,1,3,3,1,0,2,2,3,2,1,3,2,3,4,2,3,3,2,5,6,3,3,2,5,6,4,4,3,3,4,4,4,5,3,1,2,5,5,3,3,2,2,4,4,1,1,1,3,2,1,3,4,3,3,3,2,2,1,1,0,0,0,0,1,0,1,3,5,4,4,3,1,2,3,4,4,4,5,6,5,5,4,4,3,3,3,3,5,5,3,2,3,4,3,2,1,2,3,4,5,2,2,3,3,4,2,2,2,2,2,2,3,4,3,2,2,1,2,2,3,2,2,2,3,3,3,4,4,4,3,3,2,1,1,1,1,1,3,3,1,2,3,3,4,3,4,4,1,1,2,3,2,1,3,5,5,5,3,2,2,2,4,4,4,4,4,4,4,4,2,2,2,2,2,2,1,4,4,1,2,3,4,5,5,4,4,3,3,4,3,2,1,0,1,1,1,4,6,4,3,3,1,3,5,3,1,2,3,2,1,3,5,3,2,2,2,3,2,4,5,4,5,5,3,1,1,3,5,8,7,4,3,5,5,7,9,6,3,2,6,9,4,3,2,2,2,2,2,2,1,2,2,2,1,2,4,5,7,7,5,5,4,4,3,1,3,3,1,3,5,6,6,5,3,3,3,2,3,5,5,4,2,3,3,3,4,4,4,3,4,2,0,3,5,4,3,4,4,4,3,3,3,4,3,4,3,2,2,3,2,2,3,3,4,4,4,4,4,2,2,3,4,3,3,4,4,3,3,5,2,1,3,5,6,4,5,5,5,5,3,2,1,3,5,4,3,4,4,3,2,2,2,3,3,3,1,1,3,3,2,3,4,5,4,4,3,2,3,3,1,1,2,2,2,2,1,3,5,2,3,5,5,4,3,2,2,3,3,4,4,3,1,1,3,3,3,3,4,4,3,3,3,3,2,2,2,2,2,2,1,1,5,6,6,5,3,6,4,4,5,4,3,2,2,1,2,4,5,5,4,4,4,3,2,3,3,3,3,4,4,4,6,5,3,1,1,1,4,4,3,2,2,2,2,3,3,2,2,4,4,5,5,3,3,3,3,2,2,1,1,4,5,5,2,1,1,1,3,6,6,4,4,3,1,1,1,3,5,3,1,2,2,3,3,2,4,3,3,3,4,4,3,3,4,4,4,2,2,4,3,3,2,2,3,0,1,2,3,2,2,4,4,4,3,1,3,3,3,0,1,1,2,3,4,4,3,4,4,3,2,1,2,2,3,2,2,1,2,3,3,3,5,5,4,3,3,1,1,3,3,2,4,4,4,2,2,2,2,3,4,3,1,3,4,4,4,2,3,3,1,1,3,4,5,2,2,3,3,3,2,3,3,4,5,4,3,3,2,3,5,5,1,1,1,2,1,2,2,3,4,3,1,1,1,3,4,4,1,1,1,1,1,1,1,1,4,4,1,1,2,4,4,4,3,1,2,2,3,3,2,2,1,2,6,6,4,4,3,1,3,3,3,3,2,1,3,3,2,2,2,2,1,0,1,2,4,4,4,3,2,1,1,3,4,4,3,1,1,3,4,5,4,3,3,2,2,2,2,2,1,0,1,2,3,3,3,3,4,4,2,2,3,5,7,4,1,2,3,2,1,3,5,5,5,4,3,4,3,4,4,3,3,3,4,5,5,5,4,4,2,2,2,2,2,2,3,4,4,4,4,3,3,3,3,2,3,3,3,3,3,4,4,3,4,4,4,4,4,5,4,3,4,3,3,3,3,3,3,2,2,4,3,4,6,2,2,2,2,2,2,2,2,2,2,2,2,2,2,2,2,2,2,2,1,2,3,1,1,2,1,1,2,2,3,4,5,6,5,4,1,4,3,3,3,3,1,1,1,2,4,4,3,4,6,4,4,5,4,5,5,3,4,6,5,4,5,3,3,4,1,1,4,5,4,3,3,4,4,4,3,1,0,2,3,3,3,2,2,1,1,1,1,1,1,2,2,1,2,2,2,3,3,3,2,2,2,2,2,2
223,3,5,4,3,1,2,3,4,3,0,1,4,4,2,1,2,4,5,3,3,1,1,1,2,3,2,2,2,3,3,1,2,3,4,5,5,4,2,2,5,5,3,3,2,2,3,2,1,3,4,4,2,3,4,4,1,0,0,0,3,4,4,4,5,6,5,4,6,7,5,5,5,6,3,2,4,7,6,2,3,6,3,3,3,2,2,1,1,2,3,4,3,3,3,3,3,4,5,2,3,4,4,5,2,3,1,0,3,2,2,3,2,2,2,3,3,5,2,2,3,2,2,2,3,4,3,2,3,2,5,5,1,2,5,5,7,6,5,3,3,3,3,3,5,2,1,2,3,5,4,5,4,1,3,4,3,3,3,1,1,3,4,4,4,4,5,4,3,5,2,3,4,3,3,3,3,4,1,4,2,1,4,7,3,0,2,2,3,3,4,3,5,4,4,2,3,2,3,3,2,3,4,3,3,4,4,4,4,5,6,6,5,4,4,2,2,3,4,3,3,4,4,5,5,3,1,3,5,7,7,5,2,1,1,3,2,2,2,2,2,3,4,4,4,3,4,4,3,3,3,1,1,3,3,2,3,2,2,2,2,2,2,2,2,1,1,1,2,2,2,2,3,3,1,0,1,2,2,2,2,0,0,0,1,1,1,1,1,1,3,2,2,2,3,3,3,2,5,6,4,6,5,4,4,4,1,2,2,1,1,1,2,4,2,2,2,2,3,2,3,2,4,4,5,5,5,3,3,3,3,2,2,3,4,4,3,1,3,3,3,3,3,3,3,4,4,4,4,4,4,4,4,4,2,3,4,4,5,5,6,6,6,5,3,2,2,2,3,3,1,1,1,2,2,2,1,1,2,1,1,1,1,2,4,4,4,3,2,1,3,4,6,7,6,5,4,4,4,4,3,4,5,3,3,4,4,3,3,3,4,5,5,4,3,3,4,4,5,3,3,2,3,3,2,3,2,3,2,1,1,3,5,6,4,5,4,4,2,2,2,4,5,3,3,3,3,3,2,3,3,3,3,2,2,2,3,5,4,3,3,3,2,2,4,5,3,5,5,3,2,3,4,4,3,4,5,4,4,3,1,3,7,5,3,1,2,5,6,6,5,3,3,4,5,5,3,3,3,1,1,2,3,5,2,2,3,3,4,4,6,5,4,4,3,3,3,3,3,3,3,3,4,4,4,4,4,4,4,4,3,4,5,4,3,3,3,3,6,6,5,4,4,2,2,3,4,3,2,2,1,1,1,1,1,4,5,2,3,3,3,3,5,6,5,4,4,4,1,1,1,0,0,1,1,1,1,2,3,3,2,1,4,4,4,3,1,2,2,2,2,2,2,2,4,4,4,4,5,7,5,3,2,3,3,2,3,3,2,2,2,1,2,2,2,2,2,1,2,4,3,3,2,2,3,3,4,3,2,2,3,2,2,1,1,2,1,1,4,4,3,2,3,4,6,6,4,3,2,3,5,4,3,4,4,5,4,3,4,5,5,4,2,1,1,0,1,2,2,4,3,2,4,4,3,2,3,2,2,3,3,4,2,1,2,3,1,1,3,4,4,4,3,3,4,4,3,2,4,4,4,5,3,2,2,2,5,5,4,5,5,5,6,4,1,1,3,2,2,3,4,2,5,6,3,1,3,3,4,4,3,2,4,5,3,2,2,3,3,5,4,3,3,2,0,1,1,1,1,1,1,1,1,1,2,3,2,1,2,1,1,2,1,1,1,1,1,1,1,2,2,3,3,0,0,1,3,4,3,2,0,1,3,5,4,2,3,3,4,4,4,4,3,3,4,3,4,3,4,4,4,4,4,3,2,2,3,2,1,3,3,2,2,2,3,5,6,4,1,1,3,3,3,4,4,3,3,3,2,4,4,3,3,3,2,1,2,2,2,3,5,2,1,2,2,1,2,2,2,2,4,2,1,4,3,1,3,4,3,2,2,2,3,4,6,5,4,2,2,3,3,2,2,1,2,3,3,2,2,1,3,4,3,4,4,3,3,2,0,3,5,2,1,3,4,6,5,3,4,5,3,2,1,3,3,1,2,4,4,5,5,4,3,5,3,3,2,0,1,3,4,4,4,2,2,2,2,3,3,2,2,1,2,4,5,4,4,4,1,1,1,0,1,1,1,1,2,3,2,4,5,4,4,4,3,2,4,4,3,3,3,3,2,3,5,3,2,2,2,2,3,2,1,1,2,3,3,3,1,0,1,2,1,0,1,4,3,2,2,2,2,2,2,2,4,4,3,4,4,3,3,2,2,4,4,3,2,3,3,4,4,3,1,1,1,0,1,1,2,2,3,3,3,4,5,3,4,3,4,4,4,4
224,4,3,1,2,5,4,0,2,1,1,2,4,4,5,4,2,1,1,2,1,2,2,2,3,2,3,3,2,2,2,1,2,2,1,3,1,1,3,2,2,4,2,0,0,2,4,4,3,1,4,4,3,3,3,4,3,3,5,6,6,4,4,5,3,1,4,4,4,4,4,4,5,5,3,2,3,3,3,3,2,3,4,4,3,4,4,3,3,5,4,2,3,3,3,4,4,4,3,4,4,4,3,3,4,5,3,4,3,3,3,3,3,1,1,3,3,3,3,4,5,4,4,5,5,4,3,3,4,4,3,1,2,4,6,5,3,1,2,4,5,4,2,4,5,4,3,5,5,4,3,3,4,3,2,2,3,3,3,2,3,4,2,1,2,4,4,2,1,3,4,4,3,5,4,4,5,4,3,3,4,3,2,2,5,5,1,1,4,3,1,1,1,1,2,2,3,4,3,2,2,4,6,5,4,4,4,3,4,5,4,4,4,3,4,4,4,3,4,5,5,3,1,0,0,1,2,3,4,6,6,5,4,4,4,4,3,2,2,3,4,5,2,3,3,2,4,5,5,4,4,4,4,4,3,3,3,4,3,3,2,2,3,3,2,3,4,4,5,4,4,4,4,3,2,1,3,3,3,4,5,3,1,2,2,2,3,3,3,3,3,3,3,3,2,2,1,3,4,3,2,2,3,4,3,3,4,7,4,3,2,1,1,2,2,2,3,3,2,2,2,3,2,3,5,4,3,1,1,3,3,2,2,2,2,2,2,2,2,4,3,4,5,5,5,4,4,5,3,2,2,2,2,2,3,6,6,4,4,3,5,5,2,4,5,6,5,3,3,2,3,1,1,1,2,4,4,3,3,4,4,4,2,3,3,4,5,5,4,3,2,1,2,4,4,3,3,3,3,4,4,4,5,5,3,2,2,4,4,3,3,3,5,5,4,4,3,3,3,4,4,3,3,3,6,7,4,2,3,3,2,2,1,1,2,2,5,4,3,5,4,3,2,3,2,2,2,2,2,4,1,4,6,4,3,2,4,3,1,2,2,3,3,3,3,3,2,2,3,3,3,3,3,3,3,3,3,3,4,4,4,2,3,4,2,2,2,1,0,3,5,3,3,3,3,3,3,2,3,3,3,4,4,3,2,3,4,3,4,7,8,6,5,5,4,3,2,4,4,5,5,4,5,5,4,4,4,5,4,3,3,3,1,0,1,2,4,6,4,3,1,3,5,5,3,1,2,2,3,3,2,3,4,4,3,1,3,3,3,3,2,1,4,5,4,2,1,3,3,3,4,4,2,1,3,3,1,3,5,4,3,4,6,6,7,8,8,6,3,2,3,4,3,2,2,2,4,4,4,3,2,2,2,3,3,4,4,4,5,4,2,4,4,4,5,5,4,5,4,3,3,4,4,3,4,4,3,4,8,8,6,6,3,2,5,5,3,3,3,3,2,4,5,5,2,3,3,3,5,4,4,2,1,2,2,4,4,4,5,5,3,3,3,4,3,3,3,2,3,2,3,4,4,6,4,3,5,3,3,6,7,5,5,5,3,2,2,3,4,5,5,5,5,4,5,4,4,3,1,1,1,1,1,3,4,5,3,4,5,5,5,4,4,5,4,2,1,1,2,4,5,5,2,2,1,1,1,1,0,1,3,2,3,4,5,4,4,4,3,3,5,5,4,4,3,3,2,2,1,1,3,3,2,1,3,2,3,3,4,4,3,4,5,5,5,4,4,3,2,3,4,4,4,4,4,4,4,4,4,3,3,3,4,4,4,4,2,3,4,3,3,2,2,1,1,1,1,1,1,1,1,0,2,4,3,3,3,3,3,3,1,1,1,3,5,5,5,2,2,3,2,2,3,2,1,3,5,4,5,6,6,5,5,3,1,2,3,3,4,3,1,2,4,6,7,4,3,3,2,3,2,2,2,1,1,3,4,2,2,3,3,3,2,0,1,3,3,2,2,2,1,3,3,3,2,3,3,4,4,3,1,2,2,2,2,2,2,2,3,4,3,1,2,3,3,2,1,1,1,2,2,1,2,3,2,1,2,1,3,2,4,5,8,5,1,1,2,2,2,2,4,4,1,1,3,2,2,1,0,0,1,2,3,3,3,2,2,2,2,4,6,3,2,3,4,4,4,2,1,2,4,4,2,0,2,6,5,3,3,4,4,4,3,4,4,2,1,1,2,0,2,4,4,3,3,4,3,3,4,4,2,3,3,3,3,3,4,3,2,2,3,3,3,3,3,2,2,2,2,2,2,2,4,7,4,2,4,5,4,4,4,3,3,3,3,4,5,3,3,3,3,3,1,2,3,1,3,3,3,3,3,4
225,2,3,1,1,2,3,3,3,3,2,1,1,1,3,3,2,2,3,3,2,1,1,4,2,2,3,3,3,2,3,2,4,4,3,1,0,3,4,5,5,2,2,2,2,2,4,6,6,4,2,2,2,2,2,2,2,2,3,3,3,3,3,3,3,3,2,3,1,2,3,4,5,5,3,2,2,3,2,4,5,3,2,4,6,4,1,3,5,6,6,6,4,3,1,2,4,6,5,4,3,3,3,3,3,6,7,4,3,4,5,6,4,5,3,4,4,4,4,4,4,4,4,5,4,4,3,1,0,1,3,1,1,3,5,6,5,5,3,2,6,6,4,3,3,5,3,3,3,4,4,4,5,5,5,4,3,5,6,5,4,4,3,4,4,4,2,4,5,3,4,6,5,3,3,4,3,4,2,2,6,5,3,3,1,1,1,1,2,3,3,3,3,1,1,5,6,4,3,3,5,3,1,3,5,3,1,2,2,3,2,2,4,5,4,3,3,3,3,3,2,2,4,4,5,6,3,2,1,1,3,5,5,4,3,4,4,3,1,2,1,0,2,4,5,5,3,2,2,3,1,2,2,3,3,2,2,3,2,2,2,1,1,2,2,2,4,4,3,2,1,2,4,4,3,4,4,4,4,4,4,3,4,4,3,4,3,3,2,3,2,2,3,3,2,3,3,3,4,3,4,5,5,5,4,3,3,2,3,4,3,4,5,2,1,1,2,2,3,3,3,3,4,2,1,2,2,2,2,1,2,4,5,4,3,3,3,3,5,2,2,2,1,1,2,2,1,1,1,0,2,4,2,1,1,3,5,4,3,2,3,4,4,5,4,2,1,2,2,1,2,1,3,3,3,4,1,0,1,2,1,1,2,2,4,3,5,8,6,3,2,2,3,3,2,2,3,2,3,2,2,3,3,4,4,4,5,5,5,4,2,3,3,5,4,4,3,1,4,6,7,5,5,5,1,1,1,2,2,1,1,3,5,4,4,5,6,6,5,5,5,6,6,1,2,3,4,5,4,4,1,2,2,2,3,4,5,4,3,2,2,2,2,1,2,2,3,3,3,4,2,3,4,3,5,5,3,2,3,4,4,5,3,5,1,1,2,3,2,1,2,4,3,3,4,4,3,1,3,2,3,4,5,5,5,5,5,6,6,5,4,6,5,5,3,6,6,4,3,5,6,5,4,3,2,3,4,5,3,2,1,1,2,2,2,2,2,3,3,3,3,1,1,1,1,1,3,5,3,1,1,1,2,3,4,4,1,0,1,1,1,3,2,3,3,3,3,4,5,4,4,4,2,2,3,3,4,4,3,2,3,4,5,5,4,3,3,3,2,2,3,3,2,2,3,3,3,4,5,4,6,4,2,3,2,4,5,5,3,3,5,6,6,5,6,8,5,4,6,5,4,3,5,7,7,4,1,2,1,0,1,3,5,5,4,5,5,3,2,1,3,3,5,4,4,3,4,5,5,1,3,3,2,2,2,2,2,4,2,2,4,4,2,1,4,5,1,1,3,1,1,1,1,1,3,3,4,5,4,4,5,4,3,3,4,4,3,4,4,4,3,4,2,1,1,1,2,2,2,3,3,3,4,4,4,4,5,4,4,3,3,4,5,4,2,3,4,4,4,4,4,5,1,3,5,3,2,1,2,3,2,1,1,2,2,1,1,4,2,6,5,3,1,1,1,1,2,4,4,4,5,5,3,1,0,1,2,1,1,1,1,1,3,1,1,1,2,1,2,0,2,2,2,5,2,0,3,1,2,3,2,1,4,4,3,4,2,1,2,3,3,2,2,1,4,4,2,2,2,1,0,1,5,6,5,1,1,3,4,2,3,2,1,1,2,2,2,3,5,2,1,1,2,5,6,4,5,5,5,4,4,3,5,3,5,5,5,3,3,3,3,4,2,1,3,4,4,3,3,2,2,2,1,3,3,3,3,3,4,4,4,3,3,3,3,3,4,2,2,4,5,4,3,3,1,1,0,0,1,2,2,2,4,1,1,1,1,1,1,1,2,2,2,2,2,3,4,4,3,3,3,3,3,3,3,3,3,3,3,3,3,3,3,3,3,2,1,2,3,3,2,2,7,6,1,1,1,4,7,8,2,4,4,3,3,4,4,3,5,5,5,2,0,3,6,6,2,2,3,2,2,3,4,3,4,3,3,3,2,2,3,2,3,3,3,3,3,3,4,4,5,5,5,5,3,2,2,2,1,5,3,1,1,2,4,4,4,3,1,2,2,2,2,2,2,2,2,2,2,4,3,5,4,2,1,2,2,3,3,2,2,2,2,1,1,1,2,2,3,2,3,3,3,5,3,3,2,2,2,2,2,2
226,4,2,3,5,7,6,4,3,3,2,1,1,2,2,2,3,4,6,4,4,4,2,2,3,3,3,3,3,2,1,2,2,1,2,3,3,3,2,3,3,3,4,6,7,5,4,3,4,3,2,3,4,3,3,4,6,4,2,3,4,3,1,2,3,3,1,1,3,3,3,2,1,2,4,4,3,2,2,3,3,2,5,5,6,6,6,5,4,3,3,3,3,3,3,3,3,3,3,2,4,3,2,2,3,3,5,6,7,8,4,3,2,3,4,4,4,4,3,2,3,5,5,4,2,2,1,2,2,3,4,2,2,4,6,5,3,3,6,5,3,5,5,5,2,3,5,4,5,4,4,6,7,3,2,3,3,4,4,5,5,2,3,1,1,2,0,0,3,5,4,2,3,2,3,3,2,2,3,2,1,1,1,1,1,1,1,1,2,3,2,2,2,2,2,2,1,3,4,1,0,1,2,2,2,2,2,3,3,3,1,2,1,1,2,1,1,2,2,1,1,1,3,3,3,3,4,4,3,3,3,2,3,5,3,1,1,1,3,3,3,3,2,2,4,4,3,4,3,2,2,3,4,5,5,4,3,3,2,2,3,2,3,3,2,2,2,2,3,5,5,3,2,1,2,3,2,1,3,4,4,2,2,2,3,3,3,2,1,1,0,1,2,2,2,2,1,1,2,2,2,2,3,4,5,5,6,5,4,4,4,4,2,1,2,2,1,2,2,2,2,2,4,5,4,2,1,2,2,4,4,3,3,3,4,4,4,2,3,2,2,3,4,4,3,4,8,6,6,5,4,3,2,3,5,5,6,4,4,7,7,4,5,5,4,3,5,5,3,2,3,3,2,2,2,1,5,4,3,3,2,2,2,2,1,1,4,5,3,4,5,5,4,2,4,3,3,3,3,2,2,1,3,3,4,4,4,3,4,3,3,4,3,4,4,4,3,3,3,5,2,1,1,2,3,2,4,5,4,3,3,4,3,3,1,1,2,3,3,2,1,3,5,3,2,3,4,4,4,4,2,1,1,1,2,3,4,2,2,3,3,3,4,4,4,4,3,4,6,5,5,4,1,3,3,3,3,3,4,4,6,6,3,0,1,3,3,3,3,6,7,5,3,1,0,1,3,4,4,4,4,4,3,4,3,3,4,5,4,3,3,3,2,4,3,1,4,3,4,5,3,3,2,2,4,4,4,4,4,4,3,4,4,4,3,3,3,4,3,4,4,4,5,5,4,4,1,1,2,5,4,2,3,4,2,1,3,4,3,3,4,3,2,1,1,2,2,2,3,4,4,3,3,3,3,3,3,3,4,5,4,5,4,3,4,5,3,4,5,4,1,1,2,1,3,3,3,3,4,3,2,2,3,3,3,3,3,3,3,5,6,5,5,4,3,3,3,1,2,4,5,3,3,3,3,5,2,3,3,3,2,1,1,3,5,3,2,3,3,3,4,3,2,2,3,4,3,3,3,3,4,5,3,2,3,2,4,4,3,1,3,4,4,4,2,2,4,4,5,5,6,5,2,4,5,3,1,1,1,3,5,5,4,4,4,3,4,4,4,4,3,4,4,3,2,1,3,5,3,2,2,1,2,4,3,1,2,4,6,7,5,3,1,1,3,3,3,4,5,4,4,6,5,4,3,3,3,3,3,5,5,4,4,4,3,2,3,3,0,1,2,3,4,3,2,3,1,2,3,3,3,3,3,3,3,2,2,5,4,3,2,1,3,3,3,4,6,6,4,3,4,5,4,4,4,4,6,6,5,4,5,6,6,7,6,6,3,3,3,3,4,4,2,3,5,5,6,5,6,6,5,5,3,3,2,2,1,1,1,3,4,0,1,4,5,6,5,4,4,2,2,2,3,3,5,5,5,4,1,2,3,3,3,2,1,1,1,1,2,2,1,2,4,3,2,1,4,4,4,3,2,3,4,3,3,3,4,3,1,1,1,1,3,3,4,4,3,4,3,3,3,4,4,3,3,2,2,3,3,4,4,3,4,2,0,2,4,5,3,2,2,3,3,3,3,4,4,4,4,3,3,2,4,5,2,2,3,3,4,4,3,4,5,3,3,3,3,3,3,3,3,3,2,2,2,2,2,2,2,5,4,4,4,3,2,1,3,2,1,5,7,6,5,5,4,2,2,2,2,4,4,3,3,4,4,2,1,2,3,2,1,4,3,1,1,1,1,1,1,1,3,3,3,4,3,4,3,2,2,3,5,4,3,3,3,4,5,5,5,4,4,4,5,4,3,2,3,3,3,3,3,4,4,3,2,2,2,2,1,1,1,1,3,3,3,3,3,3,4,3,2,3,2,3,3,2,3,3,3,3,3,3
227,4,1,0,2,3,5,4,4,5,5,4,4,4,7,7,5,2,2,3,3,3,1,2,3,3,4,4,4,3,2,1,2,1,5,5,5,4,4,4,4,4,3,1,3,6,3,2,4,5,4,3,1,1,1,1,1,1,2,2,2,3,3,2,2,2,3,3,5,5,4,6,7,5,3,2,1,2,4,3,2,3,6,5,4,4,4,4,5,5,5,5,4,3,3,2,2,2,2,3,4,3,4,3,3,3,5,5,5,5,3,3,3,3,3,2,2,3,3,1,2,3,1,1,4,5,3,2,4,4,3,4,5,5,5,4,4,5,4,4,5,3,2,4,5,4,6,7,5,4,3,3,3,4,6,3,2,3,3,4,3,2,3,4,3,4,4,4,2,3,2,3,2,1,2,1,2,3,1,0,2,4,4,2,1,2,3,4,3,2,3,3,3,2,2,3,2,3,3,3,2,2,2,2,2,2,3,2,2,2,3,1,0,0,3,4,2,2,4,3,4,4,4,4,5,3,1,0,2,2,2,3,2,3,3,2,3,2,2,3,4,2,1,2,3,2,2,3,4,4,5,6,6,5,3,2,1,2,1,3,2,1,4,5,4,5,4,2,2,2,3,5,4,3,2,1,1,2,3,3,3,3,2,2,2,2,3,3,2,3,2,4,4,2,3,2,2,2,4,6,4,3,5,4,1,2,4,3,3,3,3,2,2,3,3,3,3,3,3,3,3,3,1,1,1,2,2,2,3,4,4,3,3,3,3,3,3,3,2,1,2,2,1,3,1,1,4,3,1,1,1,2,1,1,3,3,2,1,3,5,6,7,5,2,3,5,5,5,4,3,4,4,2,1,1,2,4,5,5,3,1,2,2,2,4,4,2,2,1,1,2,3,4,6,6,4,3,2,2,2,2,3,1,3,3,2,3,4,5,6,7,7,7,7,7,5,3,5,3,4,3,2,3,3,3,3,4,4,3,1,2,2,3,4,3,1,1,1,1,1,2,2,1,1,2,2,3,4,5,4,2,3,2,2,3,4,5,5,4,3,4,4,3,3,4,5,4,2,3,3,3,4,4,3,3,6,5,4,3,2,2,3,4,3,4,4,5,6,3,4,5,5,3,3,4,6,6,3,2,2,4,2,2,1,3,4,5,5,5,5,4,3,2,2,2,2,3,3,3,3,2,2,3,3,3,4,4,4,2,2,2,3,4,4,3,2,3,4,2,2,3,3,3,4,4,2,2,2,3,3,3,3,3,3,4,4,3,3,4,5,4,3,1,3,3,1,3,3,2,2,4,4,4,4,4,5,5,4,4,5,4,4,4,5,5,3,4,4,5,5,5,4,4,4,2,2,2,2,2,2,2,2,3,3,3,3,3,3,3,3,3,3,4,3,4,5,4,3,4,3,3,3,3,4,4,5,2,3,3,4,4,4,4,5,2,1,2,2,3,3,3,1,2,3,3,2,1,1,2,2,1,2,4,3,3,4,4,4,2,2,2,2,2,5,5,4,2,3,5,3,2,3,2,1,4,2,3,3,2,3,4,5,5,4,1,1,1,2,2,2,2,1,2,2,1,1,1,1,2,2,1,2,4,5,5,3,3,3,3,2,2,4,4,4,2,2,1,1,1,3,4,4,5,4,4,3,2,2,3,3,5,5,5,6,5,4,4,2,5,5,3,2,2,2,2,4,3,2,1,2,3,3,5,3,2,1,1,2,3,3,2,2,4,5,4,3,3,4,4,4,4,4,3,3,3,3,2,2,1,1,3,3,2,3,5,4,3,4,5,3,1,2,4,4,2,2,2,2,3,2,3,3,1,3,3,2,2,1,0,1,4,2,2,3,4,4,3,3,2,2,2,3,3,5,5,4,5,4,4,4,4,4,3,4,1,1,1,1,1,1,1,2,2,2,3,2,3,3,3,3,4,4,3,3,2,3,3,2,0,1,4,2,1,1,2,3,2,4,3,2,3,2,3,4,3,3,1,0,0,1,3,3,1,1,1,2,2,2,1,1,2,2,2,3,4,4,3,3,2,1,2,4,4,3,3,4,4,3,3,3,3,3,3,4,4,4,4,2,3,4,2,3,2,1,1,1,3,3,2,2,1,3,4,2,1,3,3,4,4,3,3,3,1,0,1,1,1,1,2,2,2,2,2,2,4,4,4,4,4,3,3,3,2,1,2,4,4,4,3,6,6,4,4,3,3,4,3,3,3,3,2,4,5,6,6,6,4,5,5,4,3,3,3,2,3,3,2,2,2,2,2,2,2,2,3,4,4,4,3,3,4,5,4,3,3,3,3,3,3,4,5,5,5,5,4,5,5,5,6,5,4,3
228,6,6,4,3,3,4,4,2,3,3,2,3,3,2,1,1,1,3,4,3,3,3,3,3,1,1,2,2,2,3,4,3,2,3,3,3,3,3,3,3,3,3,3,3,3,3,3,3,4,4,4,4,5,5,5,5,7,7,5,3,2,1,1,3,3,4,4,5,4,3,4,5,4,3,2,2,1,2,3,4,5,3,2,2,2,1,1,1,3,4,2,3,4,4,3,1,4,2,3,3,1,0,1,1,1,2,2,2,2,1,2,3,2,2,3,4,5,4,3,2,2,1,1,2,4,6,6,3,4,2,5,6,4,3,3,6,8,5,1,1,3,2,1,4,5,2,3,3,3,3,3,3,3,3,2,3,3,3,3,3,1,5,4,4,3,3,2,2,2,4,4,3,4,4,4,4,4,4,4,4,4,4,4,4,3,3,3,2,3,6,6,3,2,3,4,4,4,4,4,3,3,3,3,3,4,3,4,6,5,3,2,4,5,2,1,3,5,8,8,8,5,5,6,3,5,5,5,4,4,3,3,2,1,2,3,3,4,4,3,3,3,2,3,4,3,4,3,3,2,2,5,6,5,5,5,4,4,4,4,4,4,4,4,4,4,4,3,3,3,3,3,3,3,3,4,4,4,5,6,6,5,3,2,2,2,3,3,3,3,2,2,4,3,4,3,4,3,3,3,2,4,4,5,5,4,2,3,1,2,5,5,4,3,1,1,2,4,3,1,2,2,3,3,3,2,2,3,4,5,4,3,3,2,2,3,3,2,4,4,4,5,6,4,6,7,3,1,2,4,5,4,2,3,5,3,0,0,1,4,6,5,4,3,2,3,2,3,3,2,3,3,2,3,2,1,3,2,2,4,3,3,3,2,3,2,3,4,4,4,2,2,2,3,4,3,3,3,3,2,1,0,2,3,3,2,2,2,2,2,4,4,3,3,3,4,5,5,3,2,3,3,2,2,2,3,4,4,3,5,7,5,4,2,6,5,4,5,6,4,2,3,1,1,2,3,3,2,1,2,6,5,5,5,5,5,5,6,3,2,1,3,4,3,1,1,4,5,5,5,4,4,3,4,4,3,3,4,4,3,3,1,2,6,5,4,4,3,4,4,5,5,6,5,5,6,6,5,2,4,4,3,3,5,5,5,4,3,3,4,3,2,2,4,2,5,6,7,4,3,5,4,2,4,3,3,3,6,7,7,2,3,3,3,3,3,3,4,5,5,5,5,3,3,5,2,3,4,4,3,4,3,3,3,2,3,4,4,3,3,2,3,4,4,4,3,3,3,3,3,4,3,3,3,2,2,2,2,3,3,4,3,3,2,1,2,1,2,3,3,3,4,2,1,3,2,3,2,3,3,2,3,4,4,4,5,5,5,4,1,2,3,3,3,3,3,2,1,2,3,3,3,3,5,5,3,2,1,3,5,5,6,5,2,2,3,3,3,3,3,1,0,1,1,2,5,5,3,4,3,2,2,3,3,2,3,5,5,8,4,3,3,4,4,4,4,3,3,3,3,3,3,3,4,2,1,1,2,3,4,4,1,4,4,3,5,3,2,5,6,3,4,4,3,3,3,4,5,3,4,5,6,5,4,3,3,2,2,2,2,3,4,5,4,4,2,0,2,4,3,4,4,4,6,4,2,0,1,3,3,2,0,1,3,4,3,1,1,1,2,2,2,2,1,0,2,4,5,6,6,4,3,2,3,3,3,3,5,4,3,3,4,4,3,3,3,4,4,2,3,2,3,3,2,2,2,2,2,2,3,3,2,3,4,4,3,2,2,2,4,3,3,2,3,2,1,3,3,3,2,3,4,5,5,4,4,3,2,1,2,6,6,4,3,3,3,1,1,3,4,2,1,1,4,5,3,2,2,5,7,7,5,2,1,3,2,2,2,3,3,3,3,2,1,2,3,4,3,2,2,3,3,6,5,4,4,5,5,3,2,2,4,4,3,3,3,2,1,2,2,2,2,2,1,2,2,2,3,3,3,1,2,2,2,2,2,2,3,4,4,4,3,2,2,2,3,4,5,3,2,2,1,2,2,2,1,1,2,2,3,4,3,2,2,3,2,1,2,3,4,4,4,4,4,4,4,4,4,3,3,2,1,2,2,2,2,3,3,3,2,2,3,3,3,4,2,4,6,3,1,1,1,1,2,4,4,4,4,3,3,4,4,2,2,2,2,2,4,5,3,2,3,4,5,6,6,4,3,5,6,5,5,5,5,4,4,3,3,3,2,2,2,2,2,3,3,3,3,2,2,3,2,1,1,2,4,3,2,3,5,4,2,2,2,2,2,3,3,1,2,3,3,3,3,3,3,3,3,3,3,3,3
229,5,3,0,1,3,3,3,3,3,4,3,3,4,3,3,4,4,2,1,3,3,3,4,4,4,4,4,5,5,4,2,0,2,2,4,4,4,3,3,4,4,3,2,2,3,4,4,1,2,1,2,2,3,3,4,4,2,3,4,4,5,5,3,4,4,4,2,2,4,4,5,4,2,2,2,3,2,2,3,2,2,3,3,3,3,3,3,3,2,1,1,2,2,3,3,4,4,4,4,2,3,4,3,2,4,2,1,1,2,3,3,2,2,2,3,3,3,3,5,7,6,2,5,4,2,1,2,2,1,2,3,3,2,2,4,5,5,5,4,4,4,4,3,2,2,3,3,3,1,1,3,4,3,1,1,3,5,6,4,3,2,3,3,2,2,2,2,2,3,3,0,2,4,3,3,3,5,5,4,3,4,5,5,4,1,1,1,2,2,2,2,2,3,3,3,3,5,5,4,3,2,3,3,3,3,3,4,3,3,2,3,3,3,2,1,2,3,4,4,3,3,2,3,3,2,3,4,3,3,3,3,4,4,3,2,3,3,3,3,3,4,2,0,1,2,4,4,2,2,4,4,2,1,1,2,3,3,3,3,3,4,4,2,2,2,3,4,3,4,4,3,3,2,1,3,3,1,2,2,1,1,1,2,3,3,2,2,3,4,3,2,1,2,3,2,2,3,2,3,5,3,2,2,4,7,5,4,3,1,1,1,2,1,2,2,2,2,3,2,2,3,1,0,2,3,4,3,2,1,2,4,4,3,3,3,1,1,3,4,5,5,5,4,3,3,2,2,3,3,2,2,2,2,2,0,3,4,3,4,6,8,4,1,3,4,5,5,4,3,1,2,3,4,3,3,3,5,4,2,2,0,2,3,3,2,4,5,5,5,5,4,3,3,1,2,3,3,2,2,1,1,3,2,1,2,2,2,3,2,5,6,5,3,2,2,0,0,4,4,4,4,3,3,5,5,4,3,4,4,3,3,3,3,4,3,2,3,3,3,2,1,1,2,4,4,3,2,1,4,3,2,4,4,3,4,4,4,6,4,1,0,2,2,3,4,1,0,0,1,1,1,2,3,2,2,4,5,5,6,3,2,3,4,3,2,3,3,5,5,3,4,5,5,5,6,3,1,1,4,4,4,4,2,3,5,4,3,4,4,5,4,4,5,1,1,3,3,2,2,1,1,3,3,2,2,2,1,2,3,3,3,3,3,3,2,2,4,4,3,3,3,3,3,3,4,4,4,3,2,2,2,3,5,4,1,4,4,3,3,2,1,2,2,2,2,2,2,1,1,1,1,1,0,1,2,2,3,1,4,4,3,4,3,3,5,3,1,1,1,1,1,1,1,4,3,2,2,2,2,2,2,3,2,3,2,2,3,3,4,2,1,1,2,2,2,2,2,2,1,1,3,4,5,4,3,3,0,1,3,3,3,5,5,4,3,4,3,3,4,4,3,3,3,4,4,3,4,4,2,2,2,2,2,2,2,1,3,1,1,2,2,2,3,3,2,1,1,2,2,2,3,3,3,3,3,3,3,3,3,3,4,3,3,3,3,3,3,3,2,4,2,2,2,2,2,2,2,2,1,0,0,1,2,3,3,2,2,1,1,2,2,2,3,3,2,3,3,1,1,5,6,5,6,6,4,2,1,2,3,3,3,4,4,4,3,3,2,1,1,1,1,2,2,1,1,1,3,3,3,3,3,2,1,1,1,1,1,1,1,0,2,5,4,3,2,2,2,2,3,5,4,4,6,3,3,5,4,4,4,4,3,3,3,5,5,2,2,3,2,3,2,0,2,4,4,4,4,3,4,5,4,4,4,3,4,5,4,2,3,3,2,1,1,4,5,3,2,2,2,2,3,2,2,2,2,3,4,5,5,3,1,1,1,2,3,3,3,3,2,3,3,3,2,1,1,2,2,2,3,4,4,4,4,4,4,5,4,1,3,2,3,3,3,3,6,3,3,3,3,3,4,5,2,1,1,2,3,4,4,1,2,4,2,1,1,2,3,2,1,4,3,1,1,3,3,1,1,8,6,3,3,3,3,3,3,3,3,3,3,4,4,5,5,2,4,4,3,2,2,3,3,2,2,3,3,3,3,3,4,2,2,4,4,4,4,5,4,2,3,4,5,3,2,0,1,2,1,3,3,2,2,2,4,4,4,2,1,1,2,1,4,4,5,2,2,2,3,4,4,3,3,3,3,3,4,4,4,3,3,3,5,6,4,4,5,3,3,5,4,4,4,4,4,1,3,4,4,4,2,1,2,4,4,4,4,4,4,2,3,2,4,5,4,5,5,3,3,5,5,5,4,2,3,3,2,2,3,3,3,3,3
230,5,4,3,4,7,4,3,4,3,2,3,3,5,5,5,4,4,5,5,6,5,5,6,5,5,4,3,3,4,3,1,3,5,5,6,4,3,4,6,5,2,3,4,4,3,3,2,3,3,3,3,3,3,3,3,3,3,3,3,4,3,3,5,5,3,3,3,3,4,3,3,1,2,1,2,3,2,2,2,3,3,4,3,3,3,3,3,2,2,4,4,3,3,3,3,3,3,2,1,1,1,1,1,1,1,4,4,4,4,4,3,3,3,3,2,0,1,2,1,2,4,4,4,3,4,4,5,2,2,4,5,6,5,4,4,4,3,4,4,3,4,3,3,4,3,2,2,2,3,3,3,4,4,3,4,5,5,4,4,4,3,2,3,3,3,3,3,3,3,3,3,4,4,3,2,2,1,3,3,3,3,3,3,2,2,2,2,3,3,3,4,4,2,2,3,2,3,4,2,2,2,3,3,2,4,3,3,3,3,1,2,2,2,3,3,3,3,2,4,4,2,2,4,4,4,2,4,5,4,2,1,2,3,1,1,1,1,2,2,1,2,4,2,2,3,3,3,4,4,3,2,1,1,2,3,3,5,5,2,1,2,2,3,1,1,4,6,5,5,3,1,2,2,1,2,2,2,2,2,2,2,2,2,2,2,2,2,2,4,6,6,5,5,5,4,4,4,3,3,3,3,3,3,3,2,2,3,4,5,5,4,2,1,3,3,3,4,5,4,4,4,3,3,2,3,3,3,2,3,3,3,3,3,3,3,3,4,2,2,2,2,2,2,1,0,2,2,1,2,4,4,4,4,1,1,1,3,5,4,4,4,4,4,4,4,4,4,4,4,3,2,3,3,2,3,3,3,2,1,1,2,1,1,3,2,3,5,3,3,4,4,2,1,2,5,6,6,3,4,4,3,4,3,3,2,2,2,1,0,0,1,2,3,4,5,4,2,3,3,3,3,3,3,3,3,2,3,3,3,4,4,4,5,4,5,4,4,4,3,1,1,2,2,2,2,2,3,3,2,2,3,2,2,4,4,6,5,2,2,2,3,3,3,4,6,5,4,3,2,2,2,4,3,2,3,6,5,2,3,5,3,1,1,2,2,3,3,3,4,5,4,4,4,3,4,4,3,3,3,4,4,4,4,4,2,3,4,5,5,4,7,5,1,2,3,3,2,2,3,3,4,4,3,3,4,5,8,8,4,2,2,4,4,2,3,3,2,1,1,1,1,4,5,5,4,4,3,0,2,2,2,1,2,3,2,3,4,5,6,6,3,2,3,3,3,3,4,4,5,2,1,2,2,2,2,3,2,3,5,5,4,3,4,4,5,4,3,2,2,1,1,1,2,3,3,4,4,4,7,6,4,3,1,4,4,3,4,4,2,4,4,1,1,2,3,3,2,2,2,2,2,1,1,1,1,3,3,3,2,2,2,2,3,2,2,2,3,5,6,6,5,3,2,1,1,3,2,2,2,3,5,4,1,2,2,1,1,3,3,3,3,3,3,1,1,1,3,3,3,2,3,3,4,5,4,3,3,3,3,4,4,2,0,1,1,1,1,1,1,4,7,5,4,3,3,2,0,1,1,0,1,5,6,2,2,3,2,2,2,2,2,2,2,2,2,3,3,3,3,3,3,4,5,2,2,1,2,3,2,2,2,2,2,2,2,2,2,2,2,2,2,2,2,3,2,2,3,3,3,2,1,2,3,3,3,4,4,3,3,3,5,5,4,3,2,3,3,3,5,2,4,4,4,4,3,3,3,2,2,4,4,4,4,7,8,5,1,1,0,0,1,1,1,3,4,4,4,4,3,4,5,2,3,4,4,4,3,3,4,5,3,3,3,2,2,4,3,2,1,1,2,2,2,2,3,5,5,3,4,4,3,5,4,3,1,1,2,3,3,2,2,1,1,1,2,3,2,4,4,1,1,2,1,1,2,3,2,1,1,1,1,2,3,2,2,2,2,2,2,2,2,3,3,3,3,2,2,3,5,5,3,2,4,4,3,3,3,2,2,3,2,1,3,5,5,4,2,3,5,2,1,1,4,5,4,4,3,4,4,3,4,4,4,3,3,3,3,3,3,3,3,3,3,3,3,4,5,5,5,3,6,6,5,3,2,3,4,4,5,6,4,2,2,4,4,2,2,1,2,3,3,3,2,4,3,2,1,3,3,4,2,2,1,2,3,3,3,4,3,3,3,3,4,4,4,3,5,3,1,3,4,5,4,1,1,2,2,2,3,4,3,4,3,2,1,0,1,3,2,2,2,2,2,3,3,2,2,3,3,2,2,4,5,5,5,4,2,1,2,3,3,5,5,3,3,2,2,2,2,2,2
231,1,1,2,3,1,1,1,1,0,2,3,3,3,2,3,3,4,4,4,4,3,3,3,1,1,1,0,1,3,2,2,1,3,3,3,2,1,1,4,5,4,2,1,3,4,4,3,4,5,3,2,2,2,2,2,2,2,3,3,3,3,3,3,4,4,4,4,4,3,3,3,1,1,3,3,2,4,6,7,5,3,4,4,4,3,3,5,5,3,0,3,6,6,4,3,2,3,0,1,2,3,4,4,3,5,4,3,2,4,4,3,4,7,3,3,1,1,1,2,3,3,2,4,5,5,5,3,2,2,3,4,3,3,4,5,4,3,4,5,3,3,3,3,1,1,2,2,1,2,2,2,3,2,1,3,4,4,2,1,3,4,3,2,2,2,2,3,3,4,4,1,1,1,2,3,3,3,5,4,2,0,0,1,2,2,1,2,3,3,4,3,1,1,3,4,4,4,4,3,2,3,3,3,3,4,4,3,1,2,5,3,2,2,2,2,2,3,6,8,7,4,3,2,4,3,3,2,2,1,2,2,2,1,1,3,3,4,5,4,4,4,4,3,3,4,4,4,4,4,2,2,3,3,3,4,3,3,3,3,4,4,4,3,2,2,2,3,3,4,5,4,4,4,2,1,3,2,2,2,2,1,2,2,2,4,4,4,5,5,2,3,5,5,6,5,6,6,3,2,2,4,4,4,3,3,3,3,4,3,3,3,3,3,4,2,1,2,2,3,3,1,2,2,1,1,1,2,1,1,3,1,1,1,1,1,2,3,2,2,2,2,4,4,4,2,1,2,1,3,5,5,6,4,2,2,3,4,4,4,4,4,5,5,4,4,4,3,2,2,2,2,1,2,4,5,1,0,3,4,4,4,4,4,3,4,5,6,7,7,7,5,2,1,3,2,2,2,5,5,3,2,2,1,3,4,4,4,6,8,7,6,7,6,5,5,5,5,1,2,2,4,4,2,1,2,5,4,5,5,3,3,3,3,4,5,4,4,5,4,4,4,3,4,3,3,4,3,2,1,2,3,3,2,3,4,4,5,4,2,2,3,4,4,1,1,2,2,3,3,3,4,5,4,3,5,6,6,6,3,2,2,1,2,2,3,2,3,3,2,2,3,4,6,5,3,3,2,5,4,4,4,4,2,1,1,3,3,3,3,3,3,4,4,4,4,4,4,3,2,2,3,2,2,2,2,4,4,1,2,1,2,2,3,4,4,6,6,4,3,2,2,2,2,2,3,2,1,1,1,2,2,3,4,3,3,3,4,4,4,3,1,4,3,3,2,2,2,2,3,3,4,4,4,4,3,4,4,4,4,4,5,5,5,5,5,4,4,4,4,3,4,4,4,3,3,2,1,1,3,4,6,4,2,1,1,1,1,1,1,4,3,3,3,3,2,3,3,2,2,4,4,3,2,2,2,4,2,3,4,5,5,3,2,4,5,4,3,4,4,4,3,4,4,3,4,3,3,5,5,3,3,1,2,2,3,3,1,3,5,4,2,2,2,4,6,4,3,3,3,3,3,3,3,1,2,2,3,3,2,2,3,1,1,1,1,1,1,1,1,3,3,3,3,3,3,3,4,2,1,2,2,3,3,3,4,4,3,3,3,3,3,3,3,2,1,2,5,6,6,4,0,3,2,2,2,2,1,1,3,3,3,5,4,3,3,3,2,1,3,2,2,1,2,2,2,4,4,1,2,3,2,1,1,2,3,2,2,2,3,2,1,2,2,2,2,2,3,6,4,2,2,4,4,3,3,3,4,5,4,3,4,4,2,2,3,3,4,2,2,3,4,2,3,3,3,4,4,3,2,1,1,8,8,7,7,8,5,3,4,4,4,4,4,5,5,4,1,3,2,2,4,2,2,4,3,3,3,3,2,2,4,4,3,3,3,2,2,2,2,2,2,3,3,2,2,2,3,3,3,4,3,2,4,4,2,4,4,3,3,1,0,1,2,3,4,5,3,2,3,5,5,3,3,3,5,4,3,5,5,4,4,4,4,3,1,2,3,4,6,4,1,1,1,1,2,3,3,2,5,4,2,3,3,3,2,3,3,2,2,2,2,4,6,6,6,6,4,3,2,1,2,2,3,5,4,4,8,8,5,2,2,4,4,3,3,3,3,4,3,3,3,1,1,1,2,2,3,4,5,5,6,6,7,5,5,6,5,5,5,5,4,3,3,2,3,3,3,3,4,4,2,1,2,2,2,3,3,1,1,3,3,3,3,1,1,2,3,3,3,2,2,2,2,4,3,2,2,4,4,4,3,4,3,3,3,3,1,2,3,2,3,3,2,2,1,1,2,1,1,1,4,4,5,3,2,3,3,3,3,3,4
232,3,3,3,3,4,2,2,2,4,4,3,5,5,4,3,3,4,2,2,4,4,4,4,3,2,3,4,3,2,2,3,2,1,1,2,3,3,3,3,3,2,1,1,3,7,4,2,4,3,2,2,1,1,1,1,3,3,2,2,2,3,2,2,3,4,5,4,4,4,3,3,2,2,4,5,4,4,5,5,5,5,3,2,3,4,3,4,5,2,1,2,2,1,1,1,1,1,3,2,1,2,2,1,2,4,3,3,4,4,4,3,2,1,3,3,2,3,3,2,3,2,2,3,3,3,2,2,2,0,2,3,3,2,4,6,6,6,3,3,2,2,2,2,2,4,3,3,3,3,3,3,3,2,2,2,2,4,5,3,3,2,2,3,4,4,3,1,1,2,4,5,3,4,5,5,4,3,0,2,4,4,3,3,2,2,6,5,4,3,3,2,4,4,3,3,3,4,4,4,3,2,2,3,3,2,4,5,5,2,2,3,3,3,2,2,2,3,3,3,2,3,3,3,3,3,4,2,2,2,2,4,4,3,3,4,4,4,4,4,4,3,2,3,3,3,3,4,4,3,1,2,2,2,3,3,2,3,3,1,2,2,1,2,3,4,4,2,2,2,2,2,2,3,3,2,4,5,5,4,3,2,3,3,3,2,2,4,2,1,3,2,4,5,6,6,4,3,4,4,3,2,2,3,4,4,4,4,3,2,3,2,2,2,3,4,3,4,5,5,4,3,2,1,2,1,2,2,4,4,1,2,4,5,5,6,8,6,1,1,4,5,7,5,2,2,3,2,2,2,2,2,2,3,2,3,5,5,4,4,6,7,5,3,3,3,3,4,3,3,2,2,3,3,3,4,4,4,3,1,2,2,2,1,3,5,6,5,6,5,2,4,5,3,3,5,4,4,4,4,4,2,6,4,4,4,4,5,5,4,3,4,6,6,4,5,4,3,5,5,3,3,4,4,4,4,6,6,4,3,3,3,2,2,2,2,2,1,2,2,2,3,4,4,4,5,4,4,3,2,1,3,3,1,1,1,2,6,6,3,1,1,2,2,2,3,2,4,5,5,4,4,4,5,2,2,3,5,7,7,7,7,1,1,2,1,1,1,3,4,5,5,4,4,4,4,4,4,3,3,0,1,1,2,1,1,2,4,4,2,5,6,5,3,4,4,2,3,3,3,3,3,4,4,3,3,3,3,4,4,3,3,6,7,6,6,4,3,3,3,3,5,5,4,4,6,1,1,2,3,4,4,4,4,3,2,3,3,4,3,3,3,2,1,2,3,2,3,3,4,4,1,2,2,3,3,2,3,3,1,1,1,3,4,2,0,3,5,5,5,6,4,3,1,1,2,3,3,3,3,2,0,0,2,3,2,3,3,4,4,4,2,2,2,3,2,3,2,1,3,4,3,3,4,4,4,3,1,1,1,2,3,2,3,3,2,3,4,4,5,5,3,4,3,1,2,3,3,3,5,3,1,3,2,3,4,4,2,0,1,4,5,4,3,0,1,4,2,1,2,3,3,1,3,4,2,3,2,2,3,3,4,3,2,2,2,2,2,2,2,2,4,5,4,2,3,5,3,2,3,3,2,2,2,3,5,2,2,2,2,1,1,2,3,4,2,3,5,6,4,4,5,4,3,2,2,2,1,1,2,5,5,5,5,5,3,3,5,2,3,3,4,4,4,5,5,3,1,1,2,4,4,4,4,5,5,3,2,2,2,3,3,4,4,2,2,2,3,4,3,2,1,2,2,1,1,1,1,2,3,4,3,5,5,5,5,4,4,4,4,0,0,0,0,2,2,2,3,3,2,3,2,6,6,5,2,1,2,4,5,2,3,2,1,1,2,4,5,3,4,2,3,3,2,1,1,1,1,3,3,2,2,2,3,3,4,4,4,4,4,4,3,3,3,3,2,4,5,6,6,4,3,1,2,3,3,3,3,2,2,1,2,2,2,1,1,3,5,5,4,4,4,4,3,4,2,2,3,3,3,3,5,2,5,5,5,2,1,1,4,4,1,1,2,2,2,3,4,2,2,2,2,2,2,2,2,1,2,3,2,1,2,2,3,3,2,2,2,2,1,1,2,3,3,3,1,1,1,1,1,1,1,2,2,1,2,2,2,1,1,3,5,5,5,3,2,3,5,2,1,2,2,1,2,2,1,2,3,3,3,4,4,4,3,3,4,3,3,1,2,3,1,2,2,1,3,4,3,2,3,3,3,3,2,1,3,2,1,3,4,3,3,4,4,1,1,3,3,3,2,0,0,2,2,2,3,2,1,1,3,6,3,1,0,2,3,0,2,1,4,4,1,1,4,5,5,3,3,4,4,3,3
233,3,5,5,4,3,4,4,5,3,2,4,2,3,3,3,3,4,3,3,3,3,3,2,4,4,2,2,2,2,3,3,3,4,3,2,1,1,3,4,2,2,4,3,4,7,5,4,5,5,5,5,5,4,3,2,3,3,3,3,3,3,3,4,3,2,1,1,2,3,4,5,6,5,3,4,5,4,2,3,5,3,4,4,5,4,5,5,5,6,5,4,4,4,4,4,3,3,4,5,3,2,2,2,1,1,3,3,4,4,5,5,3,3,3,5,3,3,4,5,7,7,6,5,4,3,3,4,5,4,2,2,2,2,4,5,2,2,4,4,2,2,4,3,4,5,5,4,2,2,4,4,4,4,1,2,4,4,4,4,3,3,4,4,3,2,2,3,3,4,3,2,2,3,3,3,2,4,5,4,4,4,4,4,5,6,4,2,1,3,3,2,2,3,1,2,3,3,2,3,4,4,3,2,2,2,2,2,1,2,3,1,2,4,4,3,2,2,1,2,1,2,4,3,4,4,3,4,5,4,5,5,2,3,4,3,2,1,2,3,4,4,3,2,2,2,2,2,3,4,3,2,3,2,1,4,3,2,1,1,2,1,1,1,1,1,2,3,3,2,2,1,2,3,1,1,1,2,2,2,2,3,2,2,3,3,1,0,1,2,4,2,3,3,3,3,2,2,2,2,2,1,2,2,1,2,3,2,4,4,3,3,2,4,4,2,1,2,3,3,3,4,3,3,3,2,2,4,3,2,2,2,2,4,3,3,4,2,2,2,2,3,3,4,4,3,2,2,2,1,2,2,1,1,4,4,5,5,4,4,4,5,3,2,3,3,3,3,3,3,3,2,4,4,3,1,1,2,4,3,5,6,6,6,6,5,5,5,5,6,6,4,4,3,2,2,2,3,5,5,4,3,1,3,2,1,1,1,1,1,2,3,4,4,3,4,3,3,2,3,2,1,1,1,1,2,3,3,3,3,4,3,2,1,3,4,3,3,3,3,2,1,3,4,3,1,2,3,4,5,5,5,3,1,2,2,2,3,3,1,2,2,2,1,1,1,1,1,2,1,3,3,3,2,4,5,4,1,1,4,4,4,4,3,3,3,3,2,1,2,3,3,2,2,1,2,3,4,4,3,1,2,3,4,5,5,3,5,3,2,4,4,3,2,5,3,4,4,3,6,6,2,1,2,2,4,5,5,2,3,5,3,2,2,4,3,2,2,5,4,3,3,2,3,4,5,6,6,5,5,4,3,3,3,2,2,4,5,4,4,4,4,1,1,1,2,2,1,1,2,3,2,2,3,4,3,1,1,3,3,3,2,3,4,4,5,4,2,2,2,2,2,2,2,4,2,3,4,3,4,5,3,3,3,2,4,4,4,5,4,6,4,5,4,4,3,3,2,5,7,7,5,4,4,4,4,3,4,5,7,7,6,5,3,5,4,2,2,1,0,2,4,3,3,2,3,3,4,4,5,5,3,3,4,3,3,1,2,3,1,1,1,5,3,2,2,3,2,3,3,3,4,4,3,2,3,3,4,4,2,1,3,2,1,1,3,1,1,1,2,3,2,3,3,4,3,5,4,3,3,2,2,3,6,4,3,4,6,3,2,3,4,2,1,2,5,5,3,3,4,2,4,8,5,1,1,3,4,4,4,1,1,2,3,3,3,5,4,4,2,2,2,2,2,3,3,2,2,1,1,1,1,1,2,2,1,1,1,1,1,2,3,3,3,3,3,1,1,1,1,3,2,2,2,2,3,4,4,3,3,0,1,4,5,5,3,2,2,2,3,3,3,3,3,3,3,5,6,5,5,4,3,3,2,3,4,3,3,2,4,4,2,1,1,1,2,3,1,4,7,5,2,2,3,3,4,4,3,3,3,3,3,3,4,2,2,3,3,2,2,3,3,4,4,2,3,2,2,1,1,1,2,1,1,2,2,2,1,1,2,2,2,3,2,3,4,1,2,4,5,4,3,3,3,0,2,3,4,4,4,4,4,6,3,3,3,2,2,3,2,2,3,3,2,1,4,6,6,2,3,2,4,5,5,6,4,4,4,2,2,3,4,4,4,3,3,3,5,5,4,4,1,1,3,4,5,5,3,1,3,6,4,2,3,3,3,2,3,3,4,5,3,3,3,2,2,3,3,2,2,3,3,2,2,3,2,3,3,4,4,4,2,3,2,2,3,2,3,5,5,4,3,2,2,2,2,2,1,1,1,2,4,7,5,3,2,3,3,3,3,3,3,4,3,2,2,1,1,1,1,1,1,1,1,3,5,6,5,3,2,1,1,2,2,1,1,2,1,1,1,1,2,2,2,2,1,3,3,3,3,3,3
234,3,3,3,3,5,6,6,3,3,1,2,3,3,5,6,7,6,3,3,3,4,5,5,5,5,3,0,1,3,4,2,3,5,3,3,4,5,5,4,3,3,2,1,3,6,7,5,2,2,1,2,2,2,3,5,3,4,4,3,5,5,4,5,3,2,2,3,3,4,3,3,4,1,0,3,2,1,3,3,3,5,6,3,2,0,2,4,7,7,2,2,3,3,2,2,3,4,4,4,4,2,1,1,1,1,0,3,4,2,2,4,3,1,2,2,5,4,4,4,5,6,2,4,5,1,2,3,6,7,4,6,5,4,1,1,5,7,3,2,3,4,3,3,4,5,5,6,4,3,2,3,3,1,1,1,3,4,4,4,3,1,2,1,1,1,2,2,3,2,2,1,0,0,0,0,1,2,1,3,3,3,6,5,3,5,3,3,5,5,6,5,4,5,2,2,1,2,1,1,1,2,3,1,0,2,2,2,4,3,2,3,4,4,3,2,1,1,2,3,4,3,4,5,5,5,2,3,2,3,1,1,2,4,0,2,3,3,3,4,4,5,5,4,3,3,3,4,3,2,2,3,1,1,2,2,1,0,4,4,2,2,4,4,4,3,2,2,3,3,3,4,3,2,2,4,4,4,2,1,1,4,3,1,1,2,1,2,1,3,2,2,2,2,2,3,4,4,4,3,3,3,2,2,3,1,2,3,5,6,4,4,5,4,0,2,3,3,3,2,2,2,3,2,3,4,5,4,2,3,4,3,1,1,1,1,1,3,5,3,3,1,2,4,4,5,3,3,4,4,4,5,4,5,2,1,2,3,4,3,5,5,4,3,4,3,3,2,3,3,3,4,4,3,3,2,2,2,1,3,3,3,1,1,2,2,3,3,4,5,4,4,6,4,2,3,3,3,2,2,2,2,4,4,4,4,5,5,3,6,3,2,4,5,4,4,2,1,4,3,3,3,2,2,2,1,1,3,3,3,3,3,3,4,4,3,3,3,4,3,1,1,2,3,4,5,3,3,2,1,2,2,2,3,3,4,4,4,2,2,1,1,2,2,1,1,4,3,5,6,4,3,0,1,2,3,3,3,3,4,4,4,3,4,3,3,3,2,2,1,1,2,4,3,1,1,0,1,2,2,2,3,3,2,2,1,0,1,4,7,7,6,4,4,1,1,1,2,3,4,5,2,3,5,3,2,2,2,2,2,2,3,4,4,3,2,2,4,3,3,3,3,3,3,3,1,0,3,4,2,3,4,3,3,3,3,4,4,3,2,0,1,1,1,2,2,1,1,0,1,2,2,2,1,2,3,5,3,3,2,3,4,4,4,3,3,1,1,1,1,2,2,3,3,5,4,4,4,4,6,6,5,2,3,6,5,5,3,4,6,2,1,6,5,5,5,2,2,4,4,4,3,4,3,3,3,5,5,4,2,2,3,4,5,4,4,3,0,2,2,2,0,2,2,3,2,2,1,1,3,3,2,2,3,3,2,3,3,1,1,1,1,1,1,1,2,1,2,2,1,1,1,1,2,2,6,6,6,2,3,3,4,4,5,1,1,1,3,3,3,2,4,3,3,4,4,4,5,4,2,1,1,1,4,5,4,3,4,3,3,4,4,4,5,2,1,1,2,3,2,1,1,2,3,3,3,2,2,2,2,2,2,3,5,3,2,3,4,3,2,2,1,1,2,3,4,2,1,1,2,1,1,1,1,2,2,2,1,1,2,2,2,4,4,4,4,4,5,3,2,3,3,2,2,2,2,2,3,3,3,3,3,4,5,3,2,3,3,3,3,4,4,5,5,3,3,5,5,5,6,3,1,2,1,2,3,3,3,3,3,2,1,2,2,4,4,3,5,4,3,2,3,4,4,4,3,0,1,2,1,1,1,1,1,2,1,2,4,4,2,2,2,2,4,4,4,4,3,3,4,2,2,2,2,3,3,3,2,2,1,2,3,4,4,4,4,3,3,3,3,3,4,3,4,1,1,3,5,7,6,6,8,5,4,3,2,1,2,2,3,8,7,6,6,7,6,6,5,1,2,1,1,1,2,2,1,3,4,3,2,3,3,3,1,4,4,3,2,2,4,5,5,5,5,3,3,3,2,5,5,2,2,3,2,3,3,2,3,1,1,1,1,0,1,1,1,1,1,3,4,2,1,2,2,2,2,2,2,2,2,1,1,2,2,2,2,2,2,3,2,2,2,1,1,1,1,1,1,3,5,3,1,2,3,2,2,1,2,3,3,3,2,2,4,4,1,0,0,1,3,5,3,2,2,2,2,1,1,1,1,4,5,3,3,2,3,5,4,1,1,2,4,2,2,5,6,4,3,3,3,3,3
235,5,4,3,2,2,3,4,3,1,1,1,4,4,3,2,3,4,1,1,1,1,1,2,2,2,5,5,4,4,4,4,3,3,6,5,5,4,4,3,3,2,3,3,4,4,4,3,3,3,5,5,5,5,5,6,7,5,0,2,2,2,2,2,2,2,6,3,2,3,3,4,4,4,4,5,6,5,3,4,4,3,3,3,4,3,2,1,0,0,2,4,4,3,3,3,2,2,2,2,2,3,4,3,2,4,2,2,3,4,5,5,5,6,4,5,6,5,2,2,5,11,9,8,6,5,4,5,2,2,2,2,3,4,7,8,6,6,5,3,3,3,3,4,4,1,2,3,4,3,4,6,4,4,3,2,2,2,2,2,2,2,2,1,3,3,1,1,2,2,7,6,5,4,4,2,3,2,5,4,3,3,2,3,3,2,1,1,3,5,5,4,1,1,4,2,3,3,1,1,2,4,3,3,3,2,2,2,1,0,1,1,2,2,3,5,3,2,3,3,2,2,2,2,1,1,4,4,4,3,4,4,5,2,4,3,3,2,3,2,5,5,2,4,5,5,4,2,2,2,1,1,2,1,1,1,1,1,3,3,3,2,1,1,2,2,2,1,1,1,1,2,6,6,2,5,4,2,0,3,3,3,1,2,3,3,4,4,3,2,2,3,1,1,1,3,5,4,5,3,3,5,4,4,3,2,6,6,5,4,3,3,3,5,3,2,1,0,1,2,2,2,0,1,2,3,3,2,1,0,1,1,1,1,2,2,3,3,4,4,4,4,4,4,4,5,3,3,3,3,3,3,3,4,1,2,6,5,5,6,6,6,2,2,2,2,2,1,2,3,0,2,2,4,5,5,4,5,4,3,5,5,5,5,5,4,4,3,3,3,3,4,3,1,1,1,1,1,1,1,2,4,1,2,2,1,2,3,3,4,7,6,5,5,6,6,3,1,1,2,2,2,2,2,2,3,3,3,3,2,2,2,2,4,4,4,4,5,4,4,6,6,5,3,3,3,3,3,3,3,2,2,2,2,2,2,2,1,1,2,2,2,1,1,2,3,2,3,3,4,4,4,4,3,1,2,3,4,4,4,3,2,1,2,3,4,5,6,7,7,2,1,1,1,1,1,1,2,4,4,4,4,4,4,4,4,4,4,4,4,3,2,2,2,3,4,5,6,5,3,1,1,2,1,1,1,2,2,2,2,4,4,3,3,3,2,2,4,4,2,4,5,3,2,4,5,5,4,4,4,4,3,3,3,3,2,2,2,3,6,7,6,4,3,3,4,4,4,4,3,2,3,3,4,4,5,3,3,2,2,2,2,1,1,1,1,2,1,2,4,3,5,3,1,4,3,2,2,3,5,3,3,4,1,3,3,2,2,1,3,4,4,4,5,3,3,3,2,2,4,3,2,1,1,1,1,2,1,1,1,1,2,3,2,2,3,4,4,4,3,2,3,2,1,3,2,1,2,4,3,2,3,5,7,6,5,2,3,5,2,4,2,3,4,1,1,2,1,1,2,3,1,0,1,2,2,2,2,2,2,2,2,2,2,2,2,2,2,2,2,3,3,4,3,3,3,3,2,1,1,2,4,4,5,6,3,2,1,2,3,3,2,1,1,2,3,2,2,3,3,3,3,4,4,4,5,4,3,3,3,2,2,2,1,2,3,3,3,2,5,3,4,2,2,3,5,2,1,1,1,2,2,3,1,2,2,2,2,2,4,4,4,4,3,3,3,3,3,4,3,2,3,5,4,3,2,1,1,3,3,3,3,3,4,4,3,4,5,4,2,2,1,4,6,2,2,3,3,3,4,5,4,1,2,1,2,3,3,4,3,1,1,2,2,3,3,2,3,1,0,1,3,3,2,2,2,2,4,4,3,3,3,3,2,5,4,3,5,6,5,4,4,1,1,1,2,1,1,2,5,2,3,3,3,3,3,3,4,2,1,2,3,3,4,5,3,1,2,2,3,2,0,1,2,0,1,1,2,2,3,3,4,3,5,4,4,3,3,3,2,2,1,3,3,3,3,1,1,3,3,3,3,3,3,3,4,4,3,2,2,2,3,4,3,1,3,4,2,1,1,1,1,5,6,5,6,2,1,2,2,3,4,5,4,2,2,2,2,2,2,3,5,5,5,2,3,3,2,2,2,2,3,4,5,2,1,3,3,1,2,1,2,3,2,3,3,3,2,3,3,1,1,1,1,1,1,1,1,3,4,3,2,0,0,2,2,1,1,1,2,5,5,2,1,1,4,4,5,5,6,6,2,3,5,4,3,3,4,4,3,1,2,2,2,2,2,2,2,3,2,2,3,5,6,6,4,2,2,2,2,2,2
236,3,4,1,1,3,1,1,1,1,3,3,2,1,2,3,3,2,4,2,1,2,1,3,2,1,1,1,1,2,3,3,5,3,2,4,4,4,4,3,1,1,1,3,3,3,3,3,4,2,1,1,2,4,5,5,4,2,1,3,1,1,3,5,5,5,3,3,4,5,5,4,4,4,2,2,2,2,2,3,3,3,2,2,1,2,2,3,2,1,3,4,5,5,4,6,7,6,3,2,2,2,3,4,3,1,3,3,3,4,5,4,3,3,2,1,3,3,4,5,4,4,1,1,1,1,2,1,1,0,5,4,3,3,3,2,1,2,3,1,2,4,5,5,3,2,2,2,3,4,5,4,4,6,3,3,2,2,3,2,2,1,2,4,5,5,3,2,3,4,3,3,3,1,1,3,4,3,3,5,6,5,4,2,2,4,3,3,3,3,3,2,1,3,2,3,4,2,1,2,4,3,2,1,3,4,2,3,4,3,1,2,1,2,3,5,4,4,3,5,7,6,3,4,6,3,4,3,2,3,3,4,5,3,2,2,4,5,2,4,2,1,2,2,2,2,2,2,3,3,2,2,3,3,3,3,4,4,6,3,3,5,4,5,1,0,3,2,3,2,1,1,3,3,4,4,4,4,4,4,4,4,4,3,3,3,3,5,6,5,0,2,5,6,7,5,3,4,4,4,3,3,3,3,1,3,4,3,4,5,5,4,4,3,6,4,4,3,3,2,2,1,1,2,1,1,1,1,1,1,1,2,2,2,2,2,2,3,3,3,4,6,6,5,3,4,6,5,3,3,3,2,4,4,3,3,2,3,4,4,2,2,1,1,2,1,3,4,3,4,1,2,2,1,2,2,2,2,5,5,5,5,4,5,4,3,5,6,4,3,3,3,2,2,1,2,5,6,5,4,2,2,2,1,2,3,4,4,3,3,2,3,4,3,2,2,3,5,3,2,2,1,2,3,3,5,6,5,5,5,5,4,5,7,4,3,2,2,2,2,4,4,4,5,5,4,4,3,4,4,3,3,4,4,3,3,1,2,1,3,4,4,2,1,1,2,3,3,3,4,4,2,1,1,2,5,3,4,5,4,2,3,3,4,5,5,3,5,5,4,3,3,4,2,2,3,4,2,4,3,2,2,2,3,3,3,8,4,2,3,4,3,2,1,2,4,3,2,3,4,5,6,7,4,0,0,0,2,3,2,0,3,5,5,5,4,3,3,1,3,4,4,2,3,4,3,3,1,2,2,2,2,1,3,6,2,2,3,2,3,5,2,2,2,4,5,5,4,4,3,2,2,2,2,2,4,3,2,0,3,4,2,2,4,4,3,2,1,1,1,1,1,1,1,2,3,3,4,4,5,7,4,2,3,2,1,4,5,2,3,3,3,3,3,3,3,3,3,3,3,3,3,3,3,3,4,1,3,4,3,2,1,1,3,4,4,2,1,2,4,4,2,1,2,2,2,2,2,2,2,1,3,4,3,1,2,2,1,2,2,2,2,2,2,2,3,3,3,3,5,4,3,4,5,2,1,2,2,3,3,2,3,2,2,3,3,2,2,3,3,2,2,2,2,3,3,2,4,7,3,2,4,5,4,4,7,3,2,2,2,2,3,3,3,3,4,4,3,2,1,2,5,3,3,2,2,2,2,3,2,3,4,4,5,5,4,1,2,2,3,3,3,3,4,3,3,3,3,3,3,3,3,3,4,4,3,3,2,2,2,1,2,1,1,2,2,1,1,1,1,3,3,3,2,2,2,2,3,4,3,3,4,4,4,4,3,1,1,3,3,3,3,1,1,3,3,3,3,3,3,3,4,3,3,4,6,7,6,4,2,3,3,3,3,3,3,3,3,0,1,3,4,4,4,4,2,2,4,6,6,6,4,3,4,4,3,3,3,3,3,3,3,3,3,2,2,2,2,2,2,1,1,1,3,4,3,2,2,1,1,1,1,2,2,2,3,2,3,2,3,3,2,2,1,0,0,1,1,4,6,7,8,4,3,2,2,1,2,3,2,1,3,4,4,4,3,1,0,4,3,3,4,4,6,6,7,4,3,2,2,3,1,2,2,2,2,2,2,1,1,0,1,2,2,3,3,4,4,3,3,2,1,1,1,1,2,2,2,2,1,1,1,3,4,3,3,4,5,3,2,4,5,4,4,2,2,1,1,1,1,1,2,1,2,3,3,2,1,2,4,6,3,4,3,3,3,2,1,4,2,1,2,2,1,1,2,3,6,4,3,2,3,4,5,4,3,4,3,1,1,1,1,3,2,2,2,1,1,1,1,4,2,4,4,2,2,4,4,2,2,4,3,3,4,4,5,1,2,2,3,3,4
237,1,2,2,3,2,2,4,3,2,5,5,4,4,3,3,3,3,2,2,3,3,4,3,1,1,2,2,2,2,2,2,3,3,1,2,4,3,2,1,3,5,1,1,2,3,2,1,2,2,3,3,4,3,1,1,1,1,2,3,2,2,2,2,2,4,2,2,1,1,3,5,4,1,6,4,3,5,5,2,3,3,4,4,4,5,4,4,3,2,4,2,3,3,1,0,2,1,6,5,3,2,4,3,0,0,3,3,3,4,4,3,2,1,4,5,6,3,1,0,1,1,5,7,6,4,4,2,1,0,2,1,2,1,1,2,2,2,4,3,2,2,3,3,3,2,5,6,6,5,3,3,5,5,6,5,4,5,4,1,2,3,5,2,2,3,4,4,3,3,2,3,3,4,3,1,3,4,2,1,2,0,1,4,5,4,3,3,2,2,1,1,2,2,2,1,1,1,3,4,4,4,4,2,1,2,3,4,4,5,1,2,4,2,1,2,1,2,4,5,4,3,2,2,2,1,3,2,2,2,2,2,2,2,5,4,2,1,1,3,5,5,4,5,5,4,4,3,4,2,2,4,5,5,4,5,5,6,2,2,4,4,4,4,2,3,2,2,4,4,4,4,2,2,3,5,5,4,4,3,5,6,4,4,4,3,2,1,1,1,0,2,1,1,3,3,4,5,6,4,4,4,4,4,4,4,6,8,5,4,2,2,4,6,2,2,2,2,3,2,2,1,4,4,3,3,4,4,4,2,3,4,4,3,4,4,4,4,2,3,4,5,5,4,4,3,0,0,1,1,3,3,4,1,2,3,5,5,4,4,4,6,3,2,5,6,5,4,3,3,3,3,3,4,4,2,3,5,1,1,2,1,1,1,2,2,2,5,3,3,3,3,6,5,3,5,5,3,3,3,1,3,4,4,5,5,5,5,6,5,2,2,3,2,3,3,2,2,3,2,2,4,3,1,1,3,2,3,3,3,3,4,3,2,3,5,6,6,6,4,3,3,2,2,2,2,2,3,3,2,2,3,2,2,1,1,3,4,2,2,2,2,2,2,4,4,6,3,3,2,3,2,3,2,2,2,3,3,3,3,3,3,1,2,2,1,3,4,5,3,2,5,5,4,5,4,3,4,2,3,4,4,4,5,4,4,4,4,4,4,5,3,2,2,4,2,3,4,4,2,3,3,0,0,1,1,1,1,2,4,2,1,0,3,4,4,4,4,3,5,6,5,3,3,1,1,1,1,0,1,3,3,5,6,4,4,4,4,4,4,4,4,2,2,2,2,2,2,3,2,4,4,3,3,4,3,3,3,5,4,3,4,4,3,3,3,2,2,3,4,3,2,3,4,3,3,1,1,0,0,1,4,4,1,4,5,5,6,6,9,2,1,2,2,3,3,2,1,4,4,2,3,3,3,2,1,2,2,2,0,1,1,1,2,0,1,2,1,1,1,1,1,6,5,3,1,2,4,5,4,3,3,3,3,4,3,5,5,2,4,3,1,1,1,1,2,3,3,3,3,3,3,2,3,1,2,1,1,1,2,2,2,1,1,1,1,1,1,1,3,1,1,2,2,3,3,2,1,2,0,1,4,6,5,4,3,1,2,2,2,2,3,3,3,1,1,3,5,3,1,1,5,4,3,3,3,3,3,5,2,1,3,3,3,4,4,1,1,1,1,1,2,3,3,3,3,2,1,1,4,6,5,3,1,1,1,1,1,1,1,1,1,2,2,1,1,1,1,1,2,1,1,3,5,4,2,1,1,3,4,3,3,4,5,4,3,2,1,1,2,2,2,3,3,2,2,3,3,3,3,3,3,4,5,6,6,5,4,2,1,7,6,4,3,4,5,3,2,3,4,5,4,2,1,1,1,4,4,3,4,3,4,3,2,2,2,2,2,2,2,2,3,3,2,1,2,2,2,4,4,2,2,1,1,1,1,1,1,1,3,3,1,1,3,5,4,5,3,1,1,4,4,2,3,1,2,3,2,2,2,2,3,2,2,2,3,3,3,3,2,6,5,6,6,5,5,4,3,5,2,1,3,4,5,4,2,3,3,3,3,3,3,3,3,1,1,1,1,2,2,2,2,2,2,2,2,3,3,3,3,2,3,5,6,4,2,0,0,4,5,4,3,1,1,2,3,2,6,3,1,5,7,2,3,4,3,1,1,2,3,4,4,2,2,2,1,2,4,4,2,2,4,4,1,2,3,2,1,3,4,4,3,3,2,1,1,2,2,2,3,3,3,1,1,5,3,3,3,3,3,2,3,2,2,3,4,4,4,1,1,2,2,3,1,1,3,3,3,4,4,3,3,2,2,2,2,1,1,2,2,2,2
238,5,3,3,4,3,5,4,3,3,2,3,3,2,4,4,5,5,4,2,4,4,4,6,4,3,5,2,1,2,1,1,1,2,4,4,3,3,3,3,2,2,1,2,5,5,2,0,1,4,1,2,4,2,3,4,4,2,2,2,3,3,2,1,3,2,3,4,5,5,5,4,3,3,0,2,4,3,3,2,3,3,4,4,4,4,4,4,3,3,4,4,4,4,3,4,4,3,1,2,2,2,2,2,2,3,4,5,6,7,6,5,3,1,2,3,3,5,5,5,5,6,3,1,1,1,0,1,1,1,7,4,2,2,2,3,3,3,5,5,4,4,5,4,3,3,4,5,4,5,6,5,6,6,1,1,2,3,4,3,4,4,5,3,3,3,5,5,5,4,2,3,3,3,3,3,2,2,6,5,3,2,2,1,1,1,4,4,2,2,5,5,3,6,2,5,3,3,3,3,6,6,4,2,4,5,5,6,6,5,3,3,3,3,3,3,3,3,2,2,2,3,3,4,4,4,2,4,3,2,2,3,4,4,3,2,3,2,3,3,2,2,3,3,2,3,4,4,3,3,2,1,1,1,3,5,5,3,2,3,3,2,2,2,2,3,3,1,2,3,3,3,3,2,1,2,5,6,5,4,4,3,3,2,2,2,3,2,2,3,1,2,3,4,4,5,4,4,4,2,1,3,2,1,2,4,5,4,4,3,3,2,3,2,4,5,5,4,3,1,1,4,3,3,2,1,0,1,5,4,1,2,2,3,3,3,4,4,2,3,3,3,4,4,4,6,5,4,2,2,2,3,4,3,5,4,3,3,4,6,5,3,3,2,2,3,4,3,3,2,6,5,2,2,2,2,3,1,2,2,4,4,1,0,1,3,6,3,5,5,5,4,3,3,4,2,2,2,1,0,0,1,6,6,7,7,6,5,5,4,3,4,4,4,4,3,4,4,4,2,2,1,0,0,0,0,3,1,1,2,1,0,1,2,3,3,4,4,3,3,2,4,4,3,3,4,4,4,5,5,3,4,3,3,3,3,3,3,4,3,2,3,4,2,1,1,2,1,2,2,2,2,1,1,1,2,4,4,4,4,3,1,3,5,3,4,4,4,6,6,3,3,3,1,1,1,1,1,1,1,2,2,0,1,1,1,4,5,5,5,5,4,5,6,4,3,4,4,2,3,4,3,3,3,3,4,3,4,5,4,1,2,4,4,3,2,2,2,1,2,2,1,1,2,3,3,1,2,2,0,1,5,3,1,7,5,5,3,2,3,5,3,1,2,4,4,4,3,3,3,4,4,2,2,2,2,1,1,2,3,3,4,4,4,5,6,3,2,2,2,2,2,1,2,3,1,2,3,1,1,1,1,3,4,4,4,4,3,3,3,2,3,4,4,4,5,3,3,5,4,6,6,5,5,4,3,2,3,2,2,2,2,2,2,3,1,0,0,0,0,0,2,1,3,4,3,3,3,2,2,2,2,2,3,3,5,5,4,2,2,2,1,2,2,3,5,4,4,4,4,3,3,3,3,1,1,1,1,2,2,1,2,3,3,3,2,1,1,1,1,1,1,4,4,3,4,3,2,5,4,3,4,6,6,5,5,3,3,5,5,5,4,2,1,3,3,1,1,3,4,3,2,5,3,3,3,2,2,2,2,2,3,1,2,2,3,2,3,0,0,2,3,4,3,2,2,4,3,3,3,3,6,6,9,4,1,2,2,3,3,1,1,3,3,3,3,3,3,3,2,5,5,4,4,3,3,2,2,1,3,3,2,3,3,3,2,1,1,1,2,2,2,3,3,3,3,3,3,3,3,3,3,2,3,3,2,3,2,1,1,1,1,1,1,1,1,2,3,3,2,1,2,3,4,4,3,1,2,4,1,1,1,3,1,1,4,4,3,1,0,0,3,3,1,3,2,4,4,4,6,4,1,4,5,3,1,2,2,4,3,2,4,4,3,4,6,2,3,4,4,2,2,3,4,2,3,3,1,2,4,4,3,2,2,3,3,4,3,3,1,4,5,3,3,2,3,3,1,2,2,2,2,2,3,3,4,5,2,3,3,3,4,4,5,3,3,3,3,2,2,2,2,2,1,1,1,1,2,3,3,5,4,4,3,3,2,2,0,2,1,0,1,2,4,3,3,1,2,3,2,1,1,2,4,4,6,4,2,2,2,1,2,1,1,2,2,1,1,1,2,3,2,2,2,3,3,2,2,4,3,1,1,1,3,5,7,5,4,4,3,3,3,2,2,1,1,2,2,3,3,2,3,5,3,3,4,4,5,5,5,4,4,3,3,5,4,4,5,3,2,2,2,2,2,2,2,3,3,3,3,3,3
239,3,2,1,1,2,3,3,4,4,6,6,4,5,5,5,3,4,2,3,3,4,4,5,5,5,4,4,2,1,2,2,2,2,4,3,4,3,3,3,3,1,0,1,3,3,6,5,5,7,1,2,3,3,4,3,2,2,3,2,3,4,2,1,2,4,3,4,4,4,5,5,5,4,1,2,3,3,2,2,1,2,3,4,3,1,1,3,5,6,5,2,2,3,3,4,5,5,4,4,4,4,4,5,5,6,3,3,2,2,2,2,3,4,4,3,2,1,2,4,2,3,2,3,3,2,3,4,2,3,1,2,3,4,5,6,5,4,3,2,4,4,3,5,4,4,4,4,4,4,4,3,3,2,1,1,1,1,2,1,2,3,3,2,2,5,5,4,2,1,2,1,1,2,2,1,2,4,7,4,2,3,2,3,1,0,0,0,2,2,2,1,0,2,4,5,5,5,5,5,3,3,5,5,3,3,4,4,3,3,4,4,4,4,5,5,6,7,5,2,3,3,3,3,3,2,2,0,1,1,1,1,2,2,3,1,2,2,2,2,2,1,0,0,1,1,3,3,4,5,2,3,3,3,3,3,4,4,4,4,4,3,4,3,3,2,2,4,7,5,5,5,4,4,1,2,5,6,5,4,3,1,3,2,2,3,3,4,3,1,3,1,1,1,4,4,2,2,5,4,3,4,5,4,1,2,6,5,4,4,5,6,4,2,3,3,2,2,2,2,1,1,1,3,2,2,3,2,2,3,3,3,3,3,3,4,4,4,3,3,4,5,5,3,2,2,5,6,5,3,1,2,4,3,0,1,2,2,3,2,5,6,3,3,3,3,3,2,1,1,1,1,2,2,2,2,3,5,1,1,3,4,5,4,3,3,0,2,5,4,3,2,5,7,2,1,1,2,3,3,3,1,3,4,5,4,2,1,1,1,3,3,2,2,2,2,3,4,2,1,3,5,6,5,4,3,2,3,2,3,4,3,4,4,2,2,2,2,3,5,4,2,0,0,2,3,2,2,5,5,2,2,3,3,2,3,3,2,2,1,0,3,5,5,4,2,2,3,3,3,3,3,3,2,4,4,4,5,5,6,6,3,3,4,2,2,1,2,3,3,4,3,3,3,5,6,5,3,3,2,2,2,2,2,2,2,4,5,4,6,7,5,4,5,4,3,3,2,1,3,4,4,3,3,3,3,3,4,4,3,3,3,2,3,3,3,1,1,2,3,4,4,5,4,2,3,1,1,3,2,2,3,3,4,4,2,2,2,2,3,3,3,4,5,4,4,3,2,3,3,1,1,2,2,2,3,3,3,2,2,2,2,3,3,3,3,1,1,5,5,5,5,1,1,2,3,4,4,3,2,2,4,1,1,2,2,2,3,2,2,3,3,1,1,1,3,4,4,4,6,4,3,5,6,6,4,2,2,1,1,2,3,2,1,4,5,2,2,3,1,3,4,1,1,2,2,1,1,2,3,2,0,4,6,6,6,3,1,0,0,1,2,4,3,2,1,3,3,2,1,1,0,0,0,2,2,2,2,2,4,3,2,2,2,2,2,2,1,1,1,2,1,2,2,2,2,2,4,3,2,1,2,0,2,5,4,2,2,2,3,3,2,3,1,1,1,1,1,1,2,3,3,1,0,0,0,1,1,1,0,2,3,4,4,3,1,0,2,4,3,3,3,3,3,3,3,5,2,1,2,4,5,3,2,0,2,3,3,3,2,2,1,3,4,3,3,3,4,4,4,2,2,4,4,4,4,2,2,4,3,3,2,2,3,3,4,3,3,3,3,3,2,2,1,3,4,3,2,2,2,3,3,6,5,4,5,4,4,3,3,4,2,2,2,1,2,4,4,2,2,2,4,4,4,5,4,2,3,2,2,3,3,2,3,3,2,2,2,2,2,3,3,3,4,4,2,2,2,2,2,2,3,2,3,2,3,2,4,5,4,2,2,3,2,4,7,4,4,4,2,3,4,4,2,2,3,4,3,3,5,3,3,4,1,2,4,4,4,2,1,3,2,2,2,2,4,4,4,7,5,5,3,2,4,3,2,3,3,3,3,3,3,3,3,4,4,4,4,1,1,1,1,1,2,3,2,1,1,1,4,4,3,4,4,3,3,4,4,6,4,3,3,3,4,6,6,4,5,4,3,3,1,2,3,0,2,3,2,2,2,3,3,6,5,3,4,5,5,2,3,3,2,2,1,1,1,1,1,3,2,3,4,4,4,4,4,3,4,4,3,4,4,4,4,4,1,3,5,4,4,2,1,3,3,4,5,5,4,4,2,2,2,2,2,2,2,3,2,3,3,3,3,3,3,3,3,2,2,2,2,2,2
240,7,7,3,1,1,2,5,3,0,3,4,4,4,2,2,4,4,3,4,3,2,2,3,3,3,2,1,1,1,1,1,1,2,4,3,3,5,4,3,2,3,5,5,6,7,4,4,5,4,3,2,3,2,2,2,2,1,2,1,0,1,3,4,3,1,3,4,3,3,5,5,3,2,3,3,5,4,4,3,2,1,3,3,4,3,3,3,2,2,5,5,3,2,1,2,2,2,3,3,4,5,3,2,2,3,1,2,3,5,4,1,3,3,2,3,3,3,2,2,3,4,4,4,4,5,6,5,3,4,5,2,3,3,3,1,2,4,1,3,1,1,1,2,6,4,3,3,3,4,3,2,2,3,4,4,4,3,3,3,3,3,2,3,3,2,2,2,3,3,3,5,6,6,5,7,8,9,9,3,3,5,5,3,2,3,1,1,1,2,2,3,3,3,5,3,4,4,3,3,4,5,6,4,5,4,4,3,2,5,2,2,2,2,2,2,2,2,3,3,3,3,3,3,3,3,2,2,3,3,1,2,2,1,2,2,2,3,4,4,4,5,3,4,4,3,3,2,1,1,2,3,4,4,2,2,5,8,4,2,1,1,1,1,1,2,2,1,1,1,2,1,1,1,1,1,1,2,1,1,2,1,3,3,4,4,5,5,5,3,2,2,4,5,3,3,3,4,3,2,4,3,3,3,2,2,2,1,2,2,2,2,2,1,4,3,2,2,2,2,1,1,4,4,3,2,2,3,4,5,3,3,2,2,2,2,3,2,3,3,3,3,3,2,2,2,2,2,2,3,4,4,4,4,5,4,2,1,4,7,2,1,6,4,2,2,2,2,1,1,2,2,3,3,3,3,3,2,1,3,4,3,2,1,3,4,2,3,4,4,4,4,3,3,0,0,2,1,1,2,2,2,2,3,3,3,3,3,3,4,5,1,1,5,6,2,2,6,5,6,4,4,3,5,5,4,2,1,1,2,2,2,4,5,5,2,2,4,6,4,4,3,1,2,2,3,3,1,3,4,3,2,3,1,0,1,3,4,2,1,2,5,6,3,2,3,1,4,3,4,3,4,4,4,2,5,2,5,6,5,2,1,1,0,1,2,3,4,5,4,6,4,4,4,3,2,3,1,4,3,0,3,1,0,2,2,2,4,4,5,4,5,5,6,3,4,4,4,3,4,3,3,1,1,3,3,2,1,2,2,1,2,3,3,2,2,3,3,2,1,1,1,2,3,2,2,1,2,2,1,1,1,1,1,5,4,3,3,4,4,4,4,4,4,4,4,4,4,4,4,3,4,4,3,2,3,4,4,3,4,2,1,2,3,6,8,6,4,4,2,1,1,1,1,1,3,3,3,4,3,2,3,3,2,1,0,2,3,2,3,2,4,4,3,1,1,2,2,4,4,4,4,4,4,5,2,3,3,3,3,2,1,1,1,1,1,2,2,3,3,2,3,1,2,3,2,2,3,3,3,4,3,3,3,4,3,3,3,5,3,2,1,1,3,4,3,6,6,6,5,6,4,3,3,3,3,2,2,3,3,2,2,2,4,3,4,4,3,2,3,3,2,2,2,3,3,3,3,1,1,3,4,2,2,3,3,5,3,2,1,1,2,2,3,3,2,1,2,3,3,3,2,4,4,4,4,4,4,4,3,2,3,3,3,4,4,4,3,1,1,1,2,2,3,3,4,4,3,1,2,4,4,3,1,3,3,3,2,3,4,5,5,7,5,4,2,2,2,3,4,4,4,4,3,4,4,4,4,2,2,2,2,3,3,3,3,1,1,2,3,2,2,1,2,2,3,4,6,5,4,1,1,5,4,4,3,2,1,3,4,4,4,3,2,2,3,3,3,4,4,5,4,5,5,3,4,2,2,3,3,2,2,2,2,3,3,3,4,4,4,3,3,2,2,3,4,5,5,2,2,4,2,4,4,4,4,4,5,0,0,1,1,4,4,5,9,4,3,5,5,4,4,4,4,4,6,5,1,1,3,6,5,0,2,1,1,1,1,1,1,1,5,4,2,1,2,3,2,3,2,2,2,1,4,5,3,2,0,0,1,2,2,3,5,2,3,3,3,3,3,3,3,4,5,3,0,1,2,4,5,4,4,4,4,3,2,2,0,1,4,1,1,3,4,5,5,3,3,3,3,3,3,3,3,2,3,4,3,2,2,2,3,3,3,3,3,3,2,4,4,6,5,3,3,3,2,2,2,0,2,3,3,2,1,1,4,3,4,5,4,3,2,2,1,2,4,3,3,2,1,0,1,3,3,2,2,3,5,6,4,1,1,2,1,3,1,1,1,4,4,1,1,2,4,3,4,3,3,3,3,3,3
241,3,2,2,1,2,3,4,3,1,2,2,2,2,3,3,4,6,4,5,2,1,3,3,3,2,3,4,4,4,4,3,3,5,3,3,5,5,3,2,3,3,3,2,3,5,4,5,5,2,1,3,2,2,1,1,2,2,3,3,3,3,3,3,3,3,4,2,2,1,3,3,4,5,2,1,1,1,2,2,1,1,8,8,6,4,4,3,3,1,3,3,3,3,3,3,3,4,2,4,2,1,1,3,3,1,1,1,4,4,4,3,3,4,1,3,3,2,2,4,5,5,2,1,2,3,3,3,5,1,2,5,6,7,6,6,5,2,1,3,5,4,3,1,1,1,3,4,5,5,3,4,6,9,6,5,3,2,1,1,2,3,5,3,1,2,5,5,4,2,3,4,4,5,5,5,4,4,2,4,5,4,4,4,5,4,3,4,5,3,2,3,3,4,4,3,4,3,3,3,3,3,1,2,2,2,1,1,1,1,2,1,1,2,2,2,4,4,3,3,3,2,1,1,2,1,3,3,3,3,3,3,3,3,3,2,3,3,3,3,3,1,5,4,3,2,2,3,5,4,2,2,3,4,4,3,2,2,3,3,4,4,4,3,4,3,3,4,3,3,2,2,4,3,1,1,1,2,3,2,1,1,2,1,2,1,2,2,1,1,0,1,1,2,4,4,4,4,2,2,2,1,1,1,3,3,8,5,4,5,2,2,3,2,5,1,1,1,2,4,3,4,3,3,3,3,3,3,3,3,0,1,1,2,2,2,3,5,3,5,3,3,3,3,4,3,6,5,2,0,0,1,2,1,1,3,5,6,4,4,6,6,3,3,4,4,2,1,2,1,5,5,4,4,3,4,3,3,4,4,3,3,4,2,1,2,4,5,5,4,4,3,3,3,5,4,1,1,1,2,3,3,3,3,5,4,3,4,5,7,3,4,2,1,3,3,4,4,5,4,2,2,1,2,1,0,2,3,4,4,2,2,2,3,2,3,3,3,5,5,3,1,3,5,5,3,3,5,5,4,1,2,2,2,2,2,3,2,2,1,2,2,4,3,3,1,3,3,4,5,4,3,2,1,2,3,4,5,4,4,3,2,2,1,1,3,4,2,3,5,5,4,4,3,2,2,2,3,0,2,2,1,2,1,1,1,5,5,5,4,4,3,4,4,2,3,3,3,4,5,4,4,3,3,4,3,3,3,1,1,4,2,3,2,2,1,1,1,1,1,2,2,2,2,3,3,3,5,5,4,3,3,2,2,4,4,2,3,4,5,5,4,3,2,1,1,1,3,3,1,3,2,3,3,3,2,3,3,4,4,4,4,5,3,3,0,4,6,6,5,4,3,3,2,1,1,1,1,1,3,4,4,5,4,2,6,6,4,3,4,4,4,4,5,4,4,4,3,3,3,4,3,2,3,5,6,4,5,5,5,5,4,2,2,2,3,3,3,2,2,3,4,4,5,4,4,5,5,5,4,3,5,5,3,2,3,1,2,1,1,3,3,3,5,4,3,1,2,2,3,3,3,2,3,4,4,3,3,3,3,4,2,0,1,3,5,4,3,2,4,1,2,4,2,1,1,2,2,2,2,3,4,5,4,4,4,4,4,4,4,4,4,4,4,1,0,0,1,2,1,3,3,4,3,4,4,3,3,2,2,2,2,2,1,2,2,2,4,1,3,5,6,3,1,1,1,1,1,3,3,3,3,3,4,2,1,2,1,2,3,4,2,1,1,1,1,1,1,2,3,2,3,2,2,1,1,1,0,0,1,1,2,2,3,3,4,4,4,3,3,3,3,2,2,5,3,3,4,3,4,4,5,4,3,2,2,2,1,2,2,3,7,5,2,3,4,4,4,4,2,2,2,1,2,2,1,3,3,4,3,3,2,3,1,3,1,0,0,3,3,2,1,0,2,3,2,1,2,3,4,2,2,2,3,3,3,3,2,0,1,1,2,4,4,4,2,4,3,2,2,4,4,3,4,3,1,1,2,2,3,3,5,3,3,3,4,4,5,4,5,5,4,4,4,4,4,4,4,3,2,1,2,2,2,1,2,3,3,3,3,3,4,3,2,3,2,4,5,5,5,3,3,2,4,2,2,3,5,5,3,4,2,1,2,3,2,5,4,6,4,2,2,3,4,4,4,5,7,8,7,6,4,3,3,2,2,2,4,5,3,2,3,1,3,4,5,3,3,4,3,5,4,4,3,3,3,3,3,1,3,6,6,2,1,1,2,2,3,4,5,5,5,3,3,3,2,2,3,3,5,6,6,4,2,1,2,2,2,2,2,2,3,2,2,1,1,3,2,1,1,1,1,1,1,2,1,2,2,3,2,2,2
242,4,4,6,4,3,3,3,1,1,0,2,4,4,4,5,5,6,1,1,3,3,3,3,2,4,4,5,4,2,2,2,3,3,1,1,3,4,3,1,0,3,3,2,2,3,2,2,1,1,3,2,3,3,3,3,3,3,3,3,2,1,1,1,1,1,4,5,4,3,3,3,6,7,3,3,3,4,4,5,5,5,5,4,2,1,1,3,4,1,0,2,3,3,3,2,3,3,2,2,2,2,1,2,3,4,4,3,3,4,3,2,2,3,2,2,1,4,7,5,1,3,5,4,4,4,4,3,5,6,5,6,3,1,3,5,4,1,1,4,4,4,3,3,4,3,4,3,3,5,5,4,3,2,2,1,1,2,2,2,1,3,1,1,4,5,4,5,5,3,1,1,1,2,3,3,3,3,3,3,3,2,1,3,3,3,4,2,2,2,1,1,1,1,3,3,3,3,4,4,3,3,2,2,1,2,2,2,2,2,2,1,1,1,2,3,3,3,4,4,4,4,4,2,2,3,2,2,2,2,1,2,4,4,5,3,5,5,3,2,3,2,3,2,0,2,3,4,4,2,3,4,4,4,3,4,4,3,4,3,3,3,3,3,3,3,3,3,3,3,3,3,3,3,2,2,2,1,2,3,3,2,1,1,2,2,2,3,3,1,2,2,2,5,3,2,4,4,3,3,4,4,3,4,3,4,4,4,3,2,2,2,2,2,3,3,3,3,3,2,2,3,4,4,3,3,2,2,2,3,3,4,1,0,2,2,2,1,2,3,4,4,4,4,4,4,5,5,4,5,5,2,1,2,2,2,2,4,2,2,3,3,4,2,1,3,4,4,4,3,3,3,3,4,4,4,3,3,2,2,2,2,2,3,4,3,3,5,5,4,2,2,3,5,5,5,5,4,4,4,3,3,2,2,1,1,2,4,4,4,3,4,3,3,3,3,2,3,4,3,4,5,4,4,5,4,2,2,2,1,1,2,1,1,5,5,3,2,4,4,3,2,2,2,4,5,4,4,4,4,3,2,3,3,2,1,1,1,1,1,1,1,1,1,1,4,3,3,2,1,3,5,4,3,5,4,5,5,5,3,3,3,3,3,2,2,3,3,3,5,4,4,4,4,4,3,3,3,2,2,2,2,2,2,2,2,3,2,3,3,3,2,2,2,2,2,2,2,2,2,2,2,3,3,3,3,3,3,3,3,3,3,2,2,3,3,3,4,3,1,1,1,2,1,1,1,4,4,5,5,6,5,2,3,4,5,4,5,4,2,3,3,4,2,2,5,5,2,0,0,2,4,5,3,3,5,4,2,1,2,2,3,3,3,3,5,7,6,5,5,5,5,6,5,4,2,1,1,1,3,6,4,4,4,4,4,3,0,0,2,1,1,2,2,2,3,3,2,3,3,2,2,2,2,1,1,3,5,3,2,3,3,2,3,4,3,3,3,3,3,4,3,2,3,3,3,3,3,2,4,2,1,1,2,1,2,1,1,2,2,2,2,2,2,2,2,3,3,4,4,4,4,3,4,4,5,4,3,3,3,2,2,2,3,3,3,3,4,3,2,3,4,5,5,5,5,3,3,1,1,1,3,3,3,3,3,4,3,3,3,2,2,3,3,2,2,1,1,2,4,4,2,3,5,6,6,3,1,2,4,2,1,3,2,2,2,0,0,1,1,2,3,3,3,2,1,3,4,2,3,4,4,5,3,3,3,2,2,3,3,3,4,3,3,2,1,3,4,4,5,3,2,2,2,2,2,4,2,0,2,1,1,2,4,4,3,3,2,3,3,3,3,2,3,3,4,4,4,4,3,4,6,5,5,5,3,3,3,2,3,1,1,1,2,2,3,3,4,2,1,1,1,2,3,4,2,3,3,3,3,3,3,3,3,2,0,1,3,4,4,4,5,4,1,1,1,1,1,1,1,4,6,6,5,3,3,3,2,2,3,4,3,2,2,3,3,2,3,2,2,3,3,3,3,3,4,3,3,2,2,1,2,2,4,4,3,3,3,3,2,2,2,3,2,4,4,3,1,1,3,1,1,3,3,3,4,4,4,4,4,4,4,4,3,3,2,0,2,4,4,4,4,1,1,1,1,1,2,2,3,2,4,6,6,4,3,1,2,4,4,4,3,1,2,2,3,4,2,2,2,3,2,2,3,7,6,5,4,3,2,4,4,5,3,2,3,4,5,5,4,4,5,5,6,6,5,5,5,2,3,4,4,4,4,4,3,3,3,3,3,3,3,5,5,4,4,4,4,4,4,4,4,5,5,4,3,3,1,2,3,3,3,3,4,3,3,4,4,3,3,3,4,3,5,5,4,3,3,3,3,3,3
243,3,3,4,4,2,2,3,3,1,1,3,2,4,6,6,5,5,3,2,2,1,3,6,4,3,3,0,1,2,3,4,4,3,4,3,3,5,5,4,3,3,3,3,1,1,1,3,1,2,5,5,3,3,4,5,5,4,2,3,5,5,4,4,3,2,1,1,3,3,3,4,4,4,4,2,4,5,6,5,3,3,2,1,1,1,1,3,4,2,3,4,3,2,2,3,2,3,2,2,2,2,2,2,2,2,3,3,3,2,2,1,2,2,2,3,2,3,1,1,1,1,2,3,2,2,3,3,3,4,3,1,1,2,3,4,3,1,2,3,3,3,4,4,1,2,2,2,2,2,2,1,3,3,4,3,4,3,2,2,2,2,2,2,2,2,2,2,2,2,1,1,2,2,2,2,3,3,4,5,4,4,4,3,2,3,2,2,3,3,2,2,1,3,4,4,5,4,4,3,2,2,2,4,4,2,1,1,3,3,2,1,2,2,1,2,3,3,3,5,5,5,6,4,3,3,2,2,3,3,3,2,3,2,1,1,2,2,2,2,3,3,3,2,2,3,3,4,3,4,2,2,2,1,2,3,3,3,4,3,3,2,2,2,2,4,4,4,4,4,4,4,4,4,4,4,2,1,2,6,8,4,1,3,3,2,3,3,2,2,5,5,2,1,2,4,4,4,4,3,3,3,4,5,5,5,4,2,4,6,4,3,5,7,4,3,4,3,3,3,3,3,2,1,1,2,2,1,2,2,2,1,2,2,3,3,4,4,4,4,4,4,4,4,3,2,1,1,1,3,3,2,1,1,2,1,0,1,3,4,5,5,6,4,2,4,4,3,3,5,3,2,3,3,2,1,0,1,1,4,5,5,2,2,2,3,2,2,3,3,3,3,3,2,2,3,2,3,3,2,2,2,3,0,2,4,3,2,2,2,0,1,3,3,3,3,3,4,2,2,2,2,3,3,3,3,3,4,2,1,1,1,4,3,3,3,3,4,5,3,3,4,3,2,2,3,3,3,3,4,2,3,1,2,4,4,4,4,2,1,3,3,1,1,2,2,2,3,2,1,1,2,1,1,2,2,3,3,3,4,4,2,0,1,2,3,3,4,3,3,7,6,2,3,3,2,1,2,2,2,1,0,1,1,3,5,4,4,4,5,5,5,6,6,1,1,1,1,1,1,2,1,1,1,1,2,2,2,2,2,3,6,7,7,5,1,1,1,2,2,2,2,2,2,3,3,4,4,3,3,3,3,4,3,6,8,6,4,5,4,5,6,4,4,4,3,3,3,2,2,1,1,2,2,2,1,0,0,1,1,1,1,1,1,2,3,2,2,3,3,3,3,3,3,4,4,3,3,2,4,5,5,3,2,4,4,4,4,4,4,4,5,6,5,3,2,3,3,4,6,8,6,4,4,5,5,2,2,2,2,3,3,4,4,3,1,2,3,2,4,5,5,1,1,3,1,1,3,3,3,4,4,4,4,3,3,2,4,5,4,3,3,3,4,4,3,3,3,3,3,3,3,3,3,1,1,1,1,1,1,1,2,4,5,4,2,1,1,2,3,4,5,4,4,4,4,4,3,2,3,4,4,3,4,4,3,2,0,0,0,1,2,3,3,3,2,2,4,4,5,5,5,1,0,0,1,1,1,1,3,2,0,3,5,6,6,4,1,3,3,3,3,4,5,3,3,1,1,4,5,5,4,3,1,3,4,4,3,3,3,3,2,1,1,2,2,2,1,1,1,2,1,4,4,3,3,3,2,3,3,2,3,3,3,4,3,4,4,2,3,3,2,3,4,3,3,5,3,2,3,2,2,4,2,1,2,3,3,2,1,1,2,3,3,3,3,2,2,3,3,3,3,4,4,3,3,3,3,3,3,4,4,4,4,2,1,3,3,4,5,4,2,1,1,3,4,4,4,4,3,2,2,1,2,2,2,1,1,2,4,4,3,3,3,6,6,4,2,2,2,2,2,2,2,1,1,1,3,2,1,1,0,1,3,3,2,2,2,3,3,3,3,2,4,4,2,1,0,1,1,1,1,1,1,1,1,1,2,3,2,2,3,5,6,2,3,3,2,2,2,2,4,3,3,3,3,4,4,4,4,4,4,3,3,3,3,3,3,1,1,2,2,2,3,2,2,1,1,2,2,2,2,2,3,4,4,3,3,3,3,3,3,4,2,2,2,3,3,3,3,1,2,3,3,3,3,3,1,0,2,4,4,3,1,2,3,1,2,3,1,1,2,1,1,1,2,2,1,2,2,4,4,4,4,4,5,4,4,4,4,2,2,2,2,2,1,2,2,2,2,2,2,2,2,2,2,3,3,3,3,3,3
244,3,4,0,2,7,7,4,2,0,2,4,4,3,4,4,4,4,4,3,2,1,1,1,3,4,3,2,4,5,4,3,1,2,1,0,2,4,4,4,5,5,4,4,4,4,4,4,3,4,5,4,4,4,4,4,5,5,4,4,2,2,1,2,2,1,3,2,2,3,3,4,3,3,3,3,4,4,3,4,5,7,3,4,6,6,6,3,1,3,3,1,2,2,2,4,5,5,4,4,4,2,3,3,4,4,3,2,1,1,1,2,6,5,1,1,2,3,3,2,2,3,4,4,4,4,4,3,3,3,3,3,2,3,5,3,4,4,4,4,4,4,2,1,2,4,4,4,4,4,4,4,4,4,4,4,4,4,4,4,4,3,3,3,3,3,3,2,1,2,3,2,2,2,2,3,3,3,4,4,3,2,1,0,1,2,2,3,3,3,3,3,3,3,2,3,3,4,4,5,3,1,1,1,2,3,2,4,4,2,1,1,1,2,3,2,3,4,1,1,2,1,2,2,2,3,3,5,8,7,5,6,7,6,3,2,2,3,3,3,3,1,3,3,4,4,4,5,5,4,3,3,3,3,3,3,3,3,2,3,3,4,5,4,3,5,5,3,3,4,4,5,5,4,2,2,2,2,2,2,2,2,2,2,3,3,3,3,3,3,3,3,3,3,2,2,2,4,4,2,2,2,1,3,5,3,2,3,2,1,3,5,5,5,3,1,2,3,2,3,3,3,2,2,1,1,1,1,3,4,2,2,2,1,1,1,1,1,1,1,3,4,5,4,3,1,3,5,4,4,4,4,2,4,5,3,1,2,4,5,6,8,6,4,4,4,4,4,3,4,2,2,4,4,3,4,2,1,3,5,5,4,2,3,6,5,3,4,4,4,4,4,4,4,3,2,3,5,3,3,3,2,2,3,3,3,3,3,3,3,3,4,4,3,3,3,3,2,1,3,3,2,3,4,3,3,3,1,3,4,4,4,4,4,2,2,2,2,4,5,3,2,4,5,4,4,2,2,2,3,3,3,3,4,4,5,5,6,4,2,3,2,2,2,2,3,4,6,4,3,4,3,2,2,3,3,3,2,2,3,3,4,3,4,4,3,4,4,3,5,6,4,4,4,2,2,3,3,4,3,4,4,3,2,3,3,3,3,3,3,3,3,3,3,5,4,5,6,5,5,5,3,2,5,3,3,4,3,4,3,3,3,4,5,5,5,5,5,4,5,3,3,3,3,4,4,3,2,3,3,3,1,0,2,2,1,1,3,4,3,3,1,2,2,4,6,4,2,4,7,3,0,1,1,2,4,4,3,2,2,5,7,7,6,4,1,3,5,4,4,3,1,1,1,3,3,3,3,3,3,3,2,5,4,2,2,3,3,3,4,6,5,4,4,4,4,2,2,4,5,4,3,4,4,4,4,5,5,5,5,5,5,4,5,7,6,5,3,2,2,1,2,2,2,0,1,4,1,1,3,2,1,3,5,5,5,7,6,2,2,3,4,2,0,0,1,2,1,3,3,3,2,2,1,2,2,1,2,3,3,1,2,1,1,2,3,2,2,1,1,2,3,4,4,2,2,2,1,1,2,2,3,2,3,3,2,5,3,3,4,4,3,4,4,5,3,4,5,3,2,2,4,5,5,6,6,4,3,3,2,4,4,3,4,5,5,6,6,3,2,2,3,3,3,3,3,3,2,1,1,4,5,4,3,2,3,3,3,3,3,4,3,1,1,2,2,2,2,3,3,4,3,3,3,3,3,3,3,3,2,2,2,2,2,2,2,4,5,5,5,5,5,3,3,4,2,2,2,2,2,3,3,3,3,2,3,4,3,3,4,3,2,1,2,2,2,2,4,4,3,3,2,4,5,4,3,1,2,2,2,3,3,3,3,3,3,1,2,4,4,6,7,4,2,2,2,2,3,3,3,2,2,1,1,1,1,2,2,2,3,2,1,3,3,6,6,4,3,4,2,1,2,4,2,3,6,5,4,5,4,6,3,4,4,3,3,3,3,3,3,3,3,2,3,5,8,7,4,6,6,4,3,3,4,5,4,1,1,2,3,2,2,4,4,3,1,2,1,2,2,1,1,3,4,4,2,1,1,2,3,3,3,3,4,4,4,3,4,4,3,3,2,2,2,2,2,1,2,2,2,2,2,2,2,3,2,3,3,2,3,4,3,2,2,2,2,2,2,2,3,3,3,3,3,3,3,3,3,5,4,3,3,4,5,3,2,3,3,3,4,3,3,3,3,3,2,2,3,3,3,3,4,2,1,2,3,4,4,2,3,3,3,4,4,3,2,1,2,3,2,2,3,2,3,3,3,2,3,3,3,3,4
245,2,4,2,3,4,3,3,3,3,1,2,4,5,5,3,5,4,2,3,2,2,2,2,2,2,4,3,2,2,2,3,3,4,4,3,6,6,5,5,4,4,4,4,4,4,4,4,5,4,6,6,4,3,2,2,2,2,1,1,1,2,4,5,2,0,2,1,2,2,5,5,3,4,7,6,5,5,6,5,3,1,1,3,3,1,1,3,3,1,1,3,3,3,3,2,3,5,5,4,4,4,3,5,4,3,4,3,1,2,5,5,6,5,4,4,4,3,5,5,5,5,4,2,2,3,4,4,3,4,5,6,3,3,5,6,5,2,3,3,1,1,1,1,2,3,5,5,4,4,4,3,2,2,1,2,3,4,4,4,3,4,2,3,3,5,4,4,3,3,1,2,3,4,4,4,3,4,4,2,2,2,3,3,3,2,3,3,2,2,4,5,6,5,3,1,3,5,5,4,3,4,3,3,3,2,1,2,2,0,0,1,3,5,4,3,2,2,2,2,2,1,1,2,4,3,4,2,3,3,4,5,5,4,1,1,1,1,1,2,5,3,3,3,3,4,4,7,5,3,4,6,6,5,2,2,3,1,1,1,1,3,5,4,3,2,2,2,4,5,5,4,3,4,4,3,4,4,3,4,3,4,1,0,2,2,4,5,6,4,4,2,3,2,3,3,2,2,2,2,3,5,4,3,3,5,2,4,5,4,2,1,2,4,4,4,5,5,3,3,2,1,3,1,1,1,2,2,2,3,3,3,3,2,1,2,3,2,3,2,3,3,3,3,3,4,6,5,2,2,2,2,2,1,2,4,5,4,2,2,5,5,3,4,5,5,4,2,3,3,4,4,4,4,3,2,4,4,3,3,3,3,3,3,3,4,4,5,4,4,4,3,3,3,2,1,1,3,5,5,4,2,4,3,4,4,4,5,5,3,6,6,6,6,6,5,4,4,5,5,5,4,4,4,4,4,3,3,3,3,3,3,4,5,4,4,4,7,6,1,2,3,3,3,2,3,4,3,3,3,2,2,1,2,3,4,4,4,3,2,2,2,2,2,3,3,3,2,0,0,3,4,3,3,1,0,4,5,6,3,3,6,4,5,4,4,2,2,2,1,5,4,3,5,6,4,4,4,2,2,1,1,1,1,1,1,2,3,3,3,3,2,2,2,5,8,6,3,4,4,4,5,4,2,2,2,1,1,2,3,2,3,5,5,4,3,3,3,4,1,3,5,3,2,2,2,3,3,3,2,2,4,5,4,2,2,4,4,3,5,4,4,1,2,2,2,2,2,2,2,3,3,2,2,1,1,2,3,3,3,1,1,3,3,3,3,1,3,5,5,2,1,3,5,3,2,2,1,1,3,4,3,3,4,4,2,2,1,2,7,0,2,3,3,3,3,3,2,1,2,2,2,3,3,4,3,3,3,3,3,3,4,3,4,4,4,3,2,1,2,3,4,4,2,2,4,4,3,3,1,1,2,4,4,4,4,3,3,3,4,3,1,3,3,3,4,2,2,1,1,2,2,2,2,2,1,1,1,3,2,1,1,2,2,2,3,3,3,3,3,3,2,3,4,3,3,3,5,4,2,2,2,3,3,2,3,3,5,4,4,4,4,4,3,3,4,4,3,2,2,3,4,4,2,2,3,3,3,3,3,3,3,3,3,3,3,3,3,2,2,2,1,1,1,4,5,2,4,5,5,4,4,5,6,2,2,2,2,4,4,3,3,3,2,2,1,1,1,1,1,2,2,3,3,4,3,3,2,3,4,3,3,3,3,3,4,3,2,3,3,3,3,2,1,3,4,3,4,4,4,4,5,5,5,2,2,3,3,4,3,3,5,5,4,2,4,5,4,5,4,3,3,2,2,2,1,2,4,3,4,4,4,4,5,3,2,2,1,1,2,3,3,2,4,4,3,2,3,4,4,3,3,3,3,3,2,3,3,4,5,4,4,3,1,1,4,4,2,3,5,5,5,4,2,1,3,1,1,3,3,5,5,4,4,3,2,4,4,5,3,1,2,3,3,4,4,3,4,2,4,6,8,8,6,4,3,1,1,3,3,2,2,2,2,3,3,4,4,3,4,3,3,5,5,4,4,3,3,4,5,3,2,4,4,2,3,6,2,3,3,1,3,3,3,3,4,2,2,4,4,2,4,6,2,4,7,5,4,4,4,3,3,4,3,3,4,5,3,5,5,3,4,5,4,4,3,1,0,3,3,3,4,3,2,4,6,5,4,2,3,4,4,2,1,0,1,1,1,1,2,2,3,4,3,3,4,4,5,3,2,4,3,2,2,4,4,3,4,3,0,0,1,1,3,3,3,2,2,2,2,2,2
246,4,4,4,2,0,1,3,4,2,1,1,2,4,4,4,5,5,5,5,4,3,4,4,4,2,2,1,2,1,2,2,2,3,3,2,4,3,3,4,2,2,4,4,5,6,5,6,6,3,3,1,2,3,4,4,3,3,3,3,4,5,5,2,0,3,3,4,4,3,3,3,3,4,3,4,6,6,3,4,4,4,2,1,1,3,4,1,1,4,4,2,3,2,3,5,6,4,3,3,4,4,4,4,4,5,4,3,5,5,3,3,1,1,3,5,5,3,3,3,3,4,4,4,4,3,4,5,4,3,5,5,2,1,4,4,4,3,1,2,3,3,2,2,3,3,5,5,4,2,1,3,2,3,4,3,3,2,2,1,2,2,2,2,1,2,2,2,2,1,3,4,4,2,2,1,2,3,3,2,4,5,6,4,3,1,3,3,2,3,4,4,3,3,4,4,4,3,3,3,4,5,3,2,5,5,5,4,3,3,4,4,3,5,2,2,2,2,5,3,3,3,3,4,5,4,2,1,1,1,1,2,3,3,4,5,5,6,5,4,3,3,3,3,3,3,3,4,4,4,4,4,3,3,3,3,3,4,2,2,2,4,3,3,4,5,6,5,5,5,4,2,3,4,1,1,1,2,1,3,2,1,2,2,2,2,3,4,3,3,2,2,2,3,3,4,5,5,4,5,4,4,3,4,3,4,1,1,1,3,4,3,3,4,3,4,3,2,2,2,2,3,1,1,2,2,1,2,3,2,2,3,3,2,2,2,1,1,4,5,5,6,5,4,4,4,3,3,3,3,4,4,4,6,5,4,5,5,3,1,3,2,3,3,2,2,1,1,1,1,3,3,2,1,2,2,2,2,2,2,4,5,5,4,2,3,5,4,5,6,5,4,4,2,1,2,4,3,4,4,3,2,3,3,3,2,3,4,3,3,2,2,2,2,4,4,4,4,5,5,4,2,2,2,2,1,1,1,1,2,3,2,3,5,5,5,4,3,2,2,3,5,6,5,4,1,1,1,1,3,4,5,2,1,1,2,4,5,4,2,1,1,2,5,5,3,3,4,3,2,1,1,1,1,4,4,5,3,3,2,2,2,0,0,2,4,6,5,4,4,4,5,4,3,3,3,2,2,1,2,2,2,3,2,1,2,3,3,2,2,2,2,1,1,4,5,6,6,4,2,2,3,3,2,2,1,4,4,3,3,3,3,3,3,2,2,2,2,3,3,3,3,3,3,3,3,3,5,5,3,1,2,2,1,1,2,2,1,1,1,3,2,4,5,5,6,6,5,4,5,4,2,2,1,2,5,4,1,2,2,2,1,2,4,2,2,3,3,4,3,3,3,2,2,1,1,1,1,2,3,4,3,1,1,1,1,1,1,2,3,2,4,5,5,4,2,1,2,3,2,3,3,4,5,3,1,3,1,1,1,1,2,4,5,4,2,3,3,3,4,4,4,1,3,4,3,3,3,4,4,2,3,3,3,4,4,3,4,4,3,3,3,3,3,2,1,2,3,3,4,4,3,3,3,2,2,2,2,2,2,2,2,2,2,2,2,2,2,2,2,4,4,4,4,3,2,2,2,3,1,1,1,2,3,4,4,3,4,5,5,4,5,5,3,0,3,6,6,7,4,1,2,4,2,3,2,1,1,0,1,1,2,5,4,1,2,4,3,1,1,1,1,2,2,1,1,1,1,1,2,1,1,1,2,3,3,3,3,4,3,2,4,5,5,5,4,4,6,5,4,3,4,4,3,3,2,2,2,5,4,3,4,5,6,5,4,1,1,3,3,3,3,3,3,3,2,2,3,3,3,3,1,3,3,4,4,5,5,2,1,3,3,3,2,3,3,2,3,1,2,3,4,4,4,4,4,4,4,3,2,2,3,4,3,3,2,2,2,3,4,3,3,3,2,2,2,2,2,3,3,3,3,3,3,3,3,3,3,3,3,2,1,1,2,3,3,1,1,1,2,1,1,1,2,4,3,3,3,3,4,5,4,3,4,4,5,4,4,3,2,2,3,3,2,3,2,2,3,3,5,4,5,4,3,1,1,2,1,1,2,3,4,3,2,2,1,2,2,1,1,1,2,3,3,1,2,4,5,3,4,4,3,2,3,3,2,3,3,2,2,2,4,3,2,2,3,3,3,3,3,3,3,3,4,3,1,2,2,2,3,4,3,2,3,4,3,3,2,1,2,3,4,3,3,4,4,3,1,2,3,3,0,0,2,3,1,1,2,2,3,3,4,4,2,2,3,3,2,3,2,1,2,3,3,3,3,3,3,3,2,3,3,4,4,4,4,4,4,2,2,3,4,5,5,5,4,3,3,3,3,3,3
247,4,5,3,3,3,5,6,6,6,2,1,2,3,3,3,3,2,2,2,1,1,3,3,2,1,2,2,2,2,2,2,1,1,3,3,3,4,5,6,6,5,4,4,4,3,2,3,5,6,5,6,5,4,2,2,3,3,3,3,5,3,1,2,2,2,2,2,4,3,5,3,2,2,2,3,5,4,1,2,2,4,4,3,4,4,3,3,3,3,2,3,4,4,5,5,4,3,3,3,3,3,3,3,3,3,2,1,3,3,2,2,2,2,4,3,2,1,1,1,2,4,3,2,2,3,3,2,3,3,3,2,2,1,2,2,2,2,3,3,1,1,2,3,4,3,5,3,4,4,3,2,5,3,1,4,4,2,2,1,2,2,1,3,3,4,5,5,4,4,3,5,5,4,5,7,5,2,1,2,4,4,4,4,4,5,5,3,4,4,4,5,4,3,2,2,4,5,4,2,1,0,2,2,2,2,2,2,1,2,5,5,3,3,2,2,1,1,3,5,7,9,9,6,2,5,3,1,2,3,3,3,5,3,2,4,4,5,5,3,5,4,2,1,1,1,2,1,1,3,5,3,3,2,2,2,1,1,5,4,2,2,0,2,5,2,1,4,5,3,4,4,2,3,2,3,3,3,3,3,2,3,3,4,4,3,3,2,1,2,1,2,3,3,3,3,3,3,2,4,5,5,3,4,2,3,3,2,3,3,3,4,4,5,5,4,3,3,3,3,3,2,4,4,2,2,2,2,4,4,4,4,3,3,4,5,5,4,1,3,5,3,5,5,4,3,0,0,2,2,2,3,3,3,4,3,3,3,3,4,4,3,4,3,4,4,3,4,3,3,2,0,0,1,2,4,4,3,2,3,4,4,4,4,5,3,3,3,3,3,3,4,3,3,3,3,3,3,3,3,3,3,1,2,3,4,4,4,3,4,6,4,3,3,4,4,3,4,6,5,3,3,3,2,2,3,3,4,5,5,4,5,5,5,2,1,2,4,2,1,3,3,1,1,1,1,1,1,1,1,3,2,1,1,2,1,1,2,1,2,3,2,2,3,2,2,5,6,3,3,3,2,2,3,4,3,4,4,4,5,5,4,4,4,3,2,3,3,4,4,3,2,2,1,1,3,3,3,2,3,4,4,3,3,3,3,1,1,2,4,5,5,5,3,3,7,6,6,5,4,3,3,2,2,3,3,3,3,3,2,3,3,3,4,4,3,3,3,3,4,4,3,5,5,5,5,5,2,1,2,1,1,2,2,6,6,6,4,4,5,5,5,4,2,3,2,2,1,1,2,4,3,3,2,3,3,3,2,3,4,3,3,3,3,2,4,8,6,5,5,4,4,3,3,3,4,3,3,2,1,1,3,2,2,2,2,2,1,1,1,2,2,1,2,2,2,2,4,5,3,2,3,4,5,5,6,2,1,2,4,4,4,4,6,5,5,4,4,4,5,6,3,1,2,3,3,3,3,1,1,2,2,2,2,3,4,3,5,4,3,3,4,4,4,4,3,1,1,2,2,1,1,3,3,2,2,4,4,3,3,3,3,3,3,3,2,2,2,1,1,3,2,1,2,2,2,1,2,3,3,3,3,3,3,2,2,3,4,4,2,3,4,4,5,3,1,2,3,2,2,1,1,3,4,3,2,2,4,5,4,4,4,4,5,5,3,2,4,3,2,1,2,4,3,2,1,1,1,1,2,4,3,2,3,4,4,4,3,3,2,3,5,4,3,4,4,4,3,4,3,4,1,2,3,0,1,2,4,4,6,5,3,2,2,2,4,4,2,3,5,5,4,3,3,1,0,1,2,4,6,4,2,3,3,3,3,3,4,3,3,3,2,3,3,3,5,5,5,4,2,3,4,5,4,3,2,2,2,1,1,1,1,1,1,2,1,1,2,2,2,3,3,5,5,3,3,4,4,3,2,1,3,4,2,2,3,1,2,2,1,1,1,3,3,3,2,4,3,3,3,2,2,3,3,2,3,3,3,4,4,1,3,3,1,1,1,2,3,2,2,3,3,2,2,4,3,4,2,0,1,1,1,2,1,3,4,4,4,3,3,4,4,4,6,3,2,2,3,3,2,3,2,3,3,2,2,3,2,2,3,2,2,3,3,2,3,4,3,2,3,3,3,2,3,5,5,3,1,2,1,1,1,1,2,2,2,2,2,1,1,1,0,2,4,2,2,2,2,3,4,4,2,1,2,1,1,1,1,4,4,3,3,3,3,3,3,2,1,1,1,2,2,2,1,4,3,3,3,3,3,3,3,2,2,2,3,3,4,3,2,3,1,1,1,1,1,2,2,3,3,3,4,3,2,2,2,2,2,2,2,2,2
248,3,4,2,2,1,1,3,4,2,1,2,1,2,2,3,3,4,3,4,4,4,3,1,2,2,2,1,2,2,3,3,3,3,2,3,4,5,4,4,3,4,4,4,5,4,4,3,5,5,2,3,3,5,5,4,1,1,3,5,3,3,5,4,3,3,5,3,3,1,1,3,5,4,3,3,2,2,3,2,3,2,4,5,5,4,3,5,6,5,3,3,3,4,3,2,3,2,3,3,2,2,2,2,2,3,2,0,0,1,5,6,3,3,5,5,2,1,1,2,2,2,2,2,2,2,2,2,2,3,6,5,4,6,6,6,4,4,4,2,2,2,2,1,0,1,5,4,4,4,3,3,3,2,3,3,3,3,4,3,3,4,4,5,5,3,3,2,1,2,4,2,2,3,1,3,3,2,4,4,4,6,6,5,4,3,1,2,2,2,2,3,3,2,3,2,1,1,1,1,2,2,3,5,4,4,5,5,4,3,4,4,3,3,1,2,2,3,2,2,2,1,2,2,3,3,3,2,1,3,5,4,2,1,3,3,2,1,2,2,4,4,2,1,2,2,1,2,4,2,2,2,1,2,3,2,1,1,3,4,4,3,3,3,3,3,2,2,4,5,5,4,4,2,2,3,1,2,2,1,0,0,2,4,2,1,2,1,1,2,1,2,3,3,2,3,4,4,3,2,2,2,2,2,1,3,4,4,6,6,5,4,2,2,4,6,1,0,1,2,3,1,3,7,5,2,4,5,5,5,2,1,4,6,5,5,4,5,4,2,4,6,6,6,4,1,1,2,4,5,5,4,1,1,2,1,2,3,2,2,3,3,2,1,3,4,4,3,1,1,0,1,5,4,2,2,1,1,1,2,1,2,5,4,4,4,3,3,3,4,4,3,4,4,2,3,3,2,3,3,3,3,2,3,3,3,3,3,2,5,7,6,5,5,4,3,2,3,5,3,1,2,3,2,2,3,4,4,4,3,3,2,3,2,1,1,3,3,4,4,2,2,2,2,2,2,2,3,2,2,1,3,3,3,1,1,2,3,4,4,4,4,2,2,2,4,1,1,1,2,2,2,1,2,3,2,2,3,3,3,3,4,2,2,3,4,4,2,1,2,6,5,3,3,3,3,3,3,2,2,3,3,2,3,4,4,3,3,3,4,5,4,4,3,3,3,3,3,2,3,5,4,4,4,3,2,2,2,3,1,1,2,2,2,3,4,5,3,2,4,4,4,3,2,2,1,5,5,4,5,5,5,4,5,5,4,3,4,3,2,3,3,3,5,4,3,2,1,1,1,3,3,3,3,3,3,4,4,3,5,3,1,3,5,4,4,5,3,5,5,4,6,6,4,4,5,6,5,4,2,2,2,1,2,3,2,1,2,3,3,2,2,2,2,2,2,2,2,3,3,3,3,3,3,4,3,6,8,6,6,3,3,5,4,3,3,4,4,3,3,4,6,5,3,2,2,2,1,2,1,2,3,4,3,1,3,4,3,1,2,3,3,5,5,7,5,2,2,3,3,3,3,3,4,3,3,3,4,4,5,5,4,2,2,2,0,0,0,0,0,3,2,2,3,4,4,4,3,3,3,3,2,1,2,3,4,3,2,2,1,1,1,2,3,2,1,2,2,2,1,1,3,4,4,4,4,5,4,4,4,1,1,4,3,2,2,2,1,1,2,2,2,4,5,5,5,3,3,2,1,3,3,3,3,3,3,3,2,2,2,2,3,1,2,1,2,2,3,4,6,3,3,3,3,3,3,3,3,2,2,2,3,4,4,5,5,3,3,2,2,2,2,2,3,5,4,4,4,4,4,4,5,3,2,2,2,2,2,2,2,3,3,2,2,2,3,3,3,2,1,1,2,2,2,2,1,1,2,1,2,2,2,3,2,2,2,1,1,1,1,2,3,3,1,1,2,2,2,3,3,1,1,2,4,3,2,1,1,4,2,4,3,2,3,3,4,7,6,6,5,4,4,3,4,4,2,2,2,3,4,5,5,1,2,3,4,3,3,5,3,0,0,1,2,2,3,1,2,3,2,1,1,3,5,5,3,2,3,3,3,3,3,3,3,4,5,3,4,4,3,4,4,5,4,4,4,4,3,3,4,4,3,1,2,3,4,4,4,4,4,4,2,1,1,2,2,4,6,5,5,7,8,8,7,7,4,3,5,4,5,3,1,3,2,5,5,4,1,2,5,6,4,3,4,5,5,4,2,0,3,3,2,2,2,3,5,5,4,3,3,3,3,3,3,0,1,1,2,1,1,4,3,1,1,2,2,2,3,2,2,2,3,4,4,3,4,3,3,3,3,3,3,2,2,1,1,3,3,3,3,3,3
249,5,4,3,4,5,3,2,3,4,5,3,2,1,1,3,4,3,3,4,4,5,4,4,3,3,4,4,5,4,4,3,3,3,4,3,2,3,5,6,6,6,5,3,2,2,3,4,4,4,2,2,4,3,3,4,3,3,3,3,3,2,2,3,3,2,3,3,4,4,3,3,4,6,5,3,2,4,4,4,4,3,6,5,5,4,4,4,4,3,2,2,2,2,2,4,3,2,2,3,4,4,4,4,3,3,2,3,2,2,1,1,5,5,6,5,4,4,4,5,4,4,2,2,4,4,3,2,2,3,1,1,1,3,5,4,3,4,4,5,5,4,4,3,3,4,4,2,4,4,4,4,3,3,2,2,2,3,3,3,3,2,1,2,2,4,4,4,3,3,4,3,3,3,3,3,3,4,4,6,5,4,4,3,3,3,3,3,3,2,2,2,1,1,1,0,1,4,3,1,4,3,2,3,3,3,3,3,2,3,3,2,1,2,2,1,1,1,2,2,2,2,2,2,2,1,2,2,2,2,4,4,3,5,3,2,3,3,2,2,2,2,3,3,4,2,3,3,4,4,5,4,2,2,3,3,2,2,0,1,1,1,1,1,2,2,1,3,3,2,1,2,4,3,3,4,4,3,4,4,4,4,2,1,3,3,4,5,6,6,2,2,2,2,2,2,2,2,2,2,2,2,2,2,2,2,2,1,3,4,4,3,1,2,3,3,4,4,4,3,2,3,3,4,3,3,2,2,4,5,4,4,4,2,3,3,4,5,1,2,3,3,3,3,3,4,6,6,6,6,6,7,6,7,4,3,5,6,7,7,5,5,7,6,5,4,3,3,3,2,2,2,3,2,3,4,3,4,4,2,3,4,4,5,6,3,6,3,5,7,5,5,5,4,2,2,1,1,3,3,2,2,2,2,2,2,2,2,1,2,6,4,2,3,4,3,4,5,5,5,2,1,3,3,3,4,3,3,1,3,4,3,2,2,1,1,4,6,5,1,0,2,4,3,3,2,3,4,2,2,4,4,4,5,6,5,2,2,4,5,3,2,3,4,3,2,4,3,3,2,3,5,5,1,1,3,3,1,2,5,4,3,2,2,2,2,2,3,6,6,4,2,3,4,5,5,5,4,3,4,3,3,4,5,4,1,4,5,4,3,4,3,3,3,2,2,4,5,5,5,3,1,0,2,3,2,1,2,3,2,3,3,2,3,4,4,4,3,4,5,3,3,4,4,4,3,3,3,3,3,2,3,3,3,1,1,3,3,3,4,4,4,5,5,2,2,2,1,3,4,4,4,4,3,4,3,3,4,2,3,3,3,2,2,2,1,2,3,4,3,3,4,5,4,4,2,3,5,4,2,3,2,1,1,3,3,2,2,3,5,3,3,3,3,2,1,2,4,3,1,1,1,2,3,3,3,3,2,3,3,4,3,1,2,5,5,5,6,6,3,1,1,1,2,1,1,1,1,1,1,2,6,6,4,4,4,5,4,4,4,3,4,3,1,1,1,1,2,3,3,2,2,3,3,4,4,3,3,1,1,1,2,4,3,3,3,3,3,2,2,2,2,3,3,4,4,4,4,2,1,2,4,4,5,5,5,2,3,2,2,2,2,3,3,1,1,1,2,2,1,1,1,3,3,3,4,4,4,2,3,2,1,2,2,2,2,2,3,2,2,3,2,2,2,3,2,1,2,2,2,1,1,1,2,3,3,3,3,4,4,4,4,2,2,3,1,1,2,4,3,4,4,3,3,3,3,2,2,3,3,2,2,2,2,3,3,3,2,1,1,1,1,1,1,1,1,1,1,1,2,2,5,2,0,2,4,3,4,3,2,3,1,1,1,2,4,4,2,0,1,4,4,2,5,6,4,4,2,2,1,2,3,2,3,1,2,3,3,2,2,2,1,1,2,2,4,4,5,4,2,1,2,3,4,5,5,5,4,3,5,6,4,4,2,4,4,1,1,2,2,3,4,2,2,4,3,2,3,4,4,3,2,3,1,1,2,3,3,2,2,3,2,1,1,3,3,1,1,2,3,4,4,4,3,3,3,4,4,3,2,2,3,2,2,2,1,1,1,1,1,1,2,5,6,6,5,3,2,2,2,2,1,1,1,2,1,2,1,1,1,1,1,1,1,1,2,2,2,2,2,2,1,1,1,3,2,2,3,4,4,4,3,3,3,3,3,3,3,2,3,3,3,3,2,2,2,3,3,1,1,3,5,5,4,4,5,4,4,6,6,5,4,1,2,2,2,2,2,1,2,2,1,2,2,2,2,1,2,2,2,2,2,2,2,2,2,2,2,2,1,1,1,2,2,2,2,5,4,3,4,4,4
250,2,1,1,1,1,1,1,1,1,1,1,2,2,2,2,1,3,1,1,2,3,4,4,1,1,2,4,2,1,1,1,1,2,2,2,1,2,3,2,2,3,3,1,3,5,4,5,5,4,3,4,2,0,1,5,2,1,4,6,4,3,4,3,4,5,3,3,3,3,3,3,3,3,3,4,4,5,4,3,3,5,7,8,6,2,3,2,2,5,4,3,4,3,4,3,5,6,1,3,3,3,3,3,3,3,1,0,2,1,1,1,2,4,4,4,2,2,2,2,3,3,3,6,5,3,4,5,4,1,3,3,3,6,7,5,4,4,3,4,4,4,4,3,3,5,2,3,4,4,3,2,3,5,3,3,3,2,4,3,3,3,4,4,3,3,3,3,3,2,5,5,2,1,2,3,5,5,2,3,3,3,3,3,3,3,3,3,4,3,1,1,1,2,3,3,2,3,3,3,2,1,1,2,2,1,1,1,2,1,3,5,6,6,4,2,1,1,4,5,3,2,2,1,1,2,1,2,2,2,2,3,2,2,2,2,2,3,3,3,4,4,2,4,3,2,4,4,2,1,3,2,1,2,4,3,2,3,5,6,5,5,5,4,3,3,3,4,3,2,3,4,4,3,1,3,6,5,4,3,4,4,3,2,1,1,1,2,2,3,0,0,1,2,3,3,2,3,4,3,3,4,3,3,3,4,2,1,2,2,2,2,2,2,2,2,2,2,2,2,2,2,4,5,5,4,4,4,3,5,6,4,4,3,2,3,3,4,3,1,1,1,1,1,1,1,3,3,2,1,1,2,2,3,1,2,1,1,4,6,8,5,3,6,5,5,4,2,2,2,1,1,3,3,4,5,3,1,2,5,3,4,2,4,5,5,3,4,2,2,2,1,1,0,1,2,4,4,3,4,2,2,5,3,2,3,4,5,5,6,6,4,1,0,3,4,5,5,4,2,1,2,1,1,1,1,2,1,1,2,2,3,2,1,4,1,1,2,2,5,7,6,6,6,5,3,4,4,3,4,2,2,1,1,1,1,2,4,5,4,4,4,3,3,4,4,4,2,4,4,4,5,3,3,4,3,2,3,4,2,4,5,3,5,5,4,6,5,4,4,3,3,2,2,3,6,5,4,2,3,3,3,2,3,2,1,4,5,5,4,3,3,3,3,9,6,5,4,2,4,4,3,4,5,7,6,5,6,6,4,5,3,3,2,2,3,3,3,4,5,4,2,3,3,2,3,4,2,2,2,3,5,5,4,3,4,3,3,3,3,3,2,4,4,4,4,4,4,4,3,3,4,4,4,4,3,2,3,3,3,3,2,2,4,3,3,3,3,3,3,3,1,2,2,3,4,5,5,4,3,3,3,5,4,4,6,6,4,2,3,3,4,4,4,4,4,4,4,3,3,3,3,2,2,1,2,4,4,1,1,2,3,3,1,3,3,1,3,3,3,3,5,3,2,4,4,4,4,3,4,6,4,2,2,3,3,3,3,4,4,3,4,3,1,3,4,4,4,2,1,2,1,2,3,3,4,4,3,2,2,2,3,3,2,1,1,3,3,3,3,2,2,3,3,3,3,4,4,4,4,4,2,4,4,4,5,3,2,3,3,4,4,3,4,4,3,3,3,2,2,2,3,3,3,3,3,3,4,5,1,1,3,2,1,1,2,2,2,4,5,4,1,2,3,2,1,0,0,0,2,3,4,4,2,3,2,1,2,2,2,4,3,3,5,5,4,3,3,2,2,1,2,2,2,3,3,3,3,2,1,2,2,1,2,2,2,3,3,3,3,2,3,4,3,1,2,1,2,3,3,1,1,2,3,2,2,3,2,3,2,2,3,4,3,3,2,3,2,1,2,4,4,3,2,2,1,1,2,3,3,2,2,2,2,5,5,5,5,5,6,3,0,2,3,4,4,4,4,4,2,1,1,2,2,2,2,2,1,1,2,2,2,3,3,3,4,3,2,5,5,5,5,4,3,2,1,2,2,3,3,4,6,2,4,5,6,5,3,2,2,2,1,1,3,3,3,4,3,3,3,3,3,3,3,4,4,1,3,4,4,3,3,3,2,4,4,2,2,3,2,1,1,1,2,3,2,2,3,4,6,7,7,4,4,5,3,1,2,3,2,1,2,2,3,5,6,4,4,5,3,2,2,2,3,3,2,3,3,3,3,3,2,4,5,3,3,3,5,7,5,2,4,4,3,2,2,3,1,3,3,3,3,3,3,3,3,2,2,4,5,3,2,2,0,1,0,2,3,4,5,5,5,3,3,4,3,2,2,2,2,1,1,1,2,3,2,2,1,1,1,1,1,2,3,2,2,4,4,4,4,4,4
251,2,4,4,4,4,3,3,2,2,6,4,3,3,2,3,4,3,3,2,2,2,4,4,3,2,3,2,2,2,2,2,2,2,5,4,2,3,2,2,4,5,3,3,4,4,3,4,5,4,4,4,5,5,4,3,4,3,1,2,5,3,4,5,2,2,3,5,4,3,2,3,3,4,3,2,1,2,2,1,0,1,1,2,3,2,2,4,5,3,3,2,3,3,1,0,1,3,3,4,6,6,6,5,4,3,2,2,3,5,6,6,5,5,3,2,2,2,2,2,2,1,2,2,3,4,4,2,1,2,3,2,2,2,4,7,6,4,2,2,1,0,1,2,1,2,2,3,3,3,3,2,2,3,3,3,3,3,3,3,3,4,3,2,3,3,2,3,4,4,4,3,3,3,4,4,4,4,4,4,4,4,5,6,5,2,1,3,3,3,4,5,5,5,4,3,3,4,4,3,4,5,3,2,3,3,4,4,3,3,3,3,4,3,5,5,4,5,6,7,5,6,5,3,1,2,4,4,4,3,4,3,3,3,5,3,2,2,2,2,2,4,1,1,3,3,2,1,1,0,1,3,3,2,2,2,2,2,3,3,3,2,3,4,4,2,4,6,6,5,4,4,5,5,3,1,3,5,4,4,6,5,4,3,1,1,1,1,1,1,1,2,5,5,4,5,6,4,5,4,2,3,3,3,2,3,3,3,4,5,4,3,3,3,3,3,3,4,4,4,4,4,3,3,2,3,3,3,3,2,2,5,7,4,3,5,5,4,3,5,4,3,5,6,9,6,2,3,3,3,2,3,5,5,5,4,2,1,1,5,7,4,1,2,3,3,2,2,1,1,3,2,1,2,2,2,1,1,2,2,2,2,2,2,3,3,5,7,5,4,3,2,2,0,2,3,3,3,3,3,3,3,1,2,2,2,2,3,3,2,3,4,5,3,2,3,4,4,4,3,3,5,3,4,5,4,3,5,5,3,2,3,3,4,1,2,3,4,4,3,3,3,3,3,3,2,2,3,3,4,3,2,3,3,3,1,1,2,2,3,3,2,2,2,2,3,3,3,3,3,3,3,3,3,5,6,5,5,4,3,5,5,1,2,3,4,5,4,5,3,1,1,1,1,1,1,2,2,2,2,1,1,1,1,2,2,3,5,6,6,5,5,3,3,4,4,2,3,3,3,3,2,1,1,3,4,3,1,1,3,2,1,4,4,3,3,3,3,4,4,2,2,4,4,3,4,3,3,1,2,2,2,5,4,3,4,4,2,1,2,3,3,3,2,3,3,3,3,4,5,2,2,4,4,4,4,4,3,1,4,7,5,1,2,4,5,2,2,1,1,3,3,3,1,4,4,3,4,5,4,3,5,2,1,2,1,3,3,3,3,2,2,2,2,4,4,4,4,5,6,4,2,3,4,5,4,5,4,4,4,4,3,3,3,2,2,2,2,2,2,2,2,3,3,3,3,3,3,3,3,5,6,3,2,1,1,3,4,1,1,2,3,3,3,2,3,4,3,3,3,3,3,3,3,3,3,3,3,3,3,3,3,3,3,3,3,3,3,3,3,1,1,2,2,2,2,2,1,2,3,3,1,1,1,0,1,4,4,4,4,4,5,5,5,5,5,4,4,4,3,2,2,3,4,4,3,3,2,3,3,3,4,3,3,3,2,2,1,2,2,1,2,2,3,3,4,4,4,3,3,3,2,3,3,2,2,2,2,3,3,3,2,1,1,2,3,3,2,2,1,2,2,2,3,3,3,2,3,3,2,2,2,2,2,3,4,5,4,4,3,3,2,1,2,3,3,4,4,4,4,3,2,5,5,4,3,3,3,4,4,3,1,3,4,6,6,6,5,7,4,3,2,2,3,2,3,5,5,3,1,1,1,2,2,3,3,3,3,3,4,4,4,4,3,3,4,4,4,4,3,1,2,1,1,2,2,2,2,2,2,3,3,4,5,3,2,2,2,2,2,2,1,2,4,3,1,1,2,2,2,2,2,2,1,1,2,2,3,3,1,0,1,3,3,5,5,5,5,4,4,4,4,3,3,3,1,1,3,3,3,5,5,4,3,1,1,1,1,1,1,1,3,5,4,2,2,3,4,3,3,3,4,3,2,1,1,2,4,4,2,1,3,5,4,0,1,3,3,2,2,2,2,3,4,3,1,1,1,1,2,2,2,2,2,2,2,3,3,3,5,4,2,3,3,3,2,3,5,4,2,1,1,3,5,6,8,5,2,4,5,5,5,4,3,3,2,4,4,3,3,3,4,5,5,3,1,1,3,4,3,1,1,2,2,1,1,1,1,3,3,3,3,4,4,4,3,3,3,3,3,3,3
252,7,5,4,3,3,4,3,2,2,1,1,1,1,2,2,2,1,2,3,3,4,4,3,2,1,2,4,3,2,3,4,4,5,4,4,4,5,5,5,1,2,4,4,3,3,2,2,4,5,3,3,3,4,4,3,3,4,7,6,7,5,4,4,4,5,4,1,1,3,3,4,3,2,2,2,3,4,4,4,3,4,3,4,4,3,3,4,4,4,3,4,4,3,3,2,3,3,3,2,2,3,3,4,4,4,4,4,3,4,5,5,4,4,2,3,3,3,3,3,2,2,4,3,2,3,3,3,4,5,3,1,3,4,5,8,7,5,3,3,2,2,2,2,1,1,3,3,3,4,4,4,3,3,2,2,4,4,4,3,3,5,4,3,3,3,3,3,3,3,2,3,2,3,2,3,3,3,5,4,4,4,4,4,5,4,6,6,5,6,5,4,4,3,4,4,3,3,3,2,2,2,6,5,3,3,1,1,5,4,2,2,3,3,3,4,5,4,4,5,4,4,3,3,2,3,4,2,2,3,1,0,2,3,4,3,1,2,4,4,4,4,5,5,3,3,3,2,2,2,1,1,3,3,1,1,3,3,5,4,4,4,3,4,4,3,3,5,4,3,3,3,3,4,3,3,3,4,3,3,3,2,2,3,4,4,4,4,3,3,4,4,3,3,3,4,4,4,5,5,5,3,2,2,2,2,3,5,5,4,4,4,3,4,5,6,5,2,2,2,2,2,3,3,4,4,3,3,2,3,5,3,3,3,4,4,4,4,4,4,3,4,4,3,4,3,2,3,2,2,2,2,2,2,4,5,5,5,5,5,5,7,5,2,2,3,3,4,3,3,2,2,3,2,2,3,4,3,4,3,1,3,6,5,3,2,5,5,3,3,5,5,4,3,4,5,3,3,3,3,4,5,4,4,3,2,2,2,3,3,3,2,3,3,3,3,3,2,4,4,3,3,2,3,3,3,2,3,4,3,3,3,4,5,5,4,3,5,5,2,1,4,4,3,3,3,3,3,3,3,3,3,3,3,3,4,4,4,3,2,2,2,2,2,2,2,4,5,4,4,3,2,4,2,3,4,5,4,3,1,1,1,5,5,5,6,4,3,4,4,4,4,2,3,3,4,3,1,3,4,4,5,5,4,3,2,3,4,3,2,2,3,3,3,2,4,7,9,7,4,3,3,2,2,3,5,6,4,2,2,4,3,3,4,3,4,3,1,2,2,3,3,3,3,3,3,1,1,2,2,2,2,4,2,1,1,1,2,2,2,2,1,4,4,3,3,3,2,3,3,3,4,4,4,4,4,3,3,3,4,4,3,2,3,5,6,5,4,4,4,5,5,3,2,1,1,1,1,1,1,2,2,4,5,5,4,3,1,2,3,2,3,4,5,5,6,4,4,5,4,4,4,2,2,2,3,3,2,2,3,3,4,4,2,2,2,2,2,2,3,3,2,3,3,4,3,2,2,3,2,1,2,1,1,2,2,3,6,4,2,2,4,5,5,5,3,3,4,2,2,3,4,1,2,4,3,3,3,3,3,3,3,2,2,2,3,3,2,2,2,2,2,2,2,3,2,3,5,4,3,1,1,1,2,2,2,6,6,6,6,6,5,5,6,5,3,3,4,4,4,1,2,2,3,4,4,3,2,3,1,2,2,3,5,6,4,3,3,4,3,2,2,2,3,4,4,2,1,2,2,2,2,2,1,2,1,2,3,2,2,1,2,5,4,3,4,3,3,4,4,4,4,4,3,3,2,2,3,2,2,2,2,2,1,2,2,1,1,1,1,0,0,1,3,2,2,5,4,4,3,3,3,1,3,4,4,3,3,3,2,3,2,2,2,3,3,3,5,4,3,2,2,4,4,3,2,3,3,3,3,3,3,3,3,3,2,2,3,5,5,3,2,2,2,1,2,6,6,3,3,1,1,3,3,3,3,4,4,3,2,2,3,3,3,4,5,3,5,6,5,4,2,1,2,3,3,4,4,3,3,3,3,3,4,3,2,2,2,2,3,4,3,3,3,4,7,7,3,1,2,3,3,2,2,1,2,2,1,2,2,2,2,2,4,2,2,3,4,3,4,5,6,6,5,3,1,2,3,4,4,3,5,5,5,5,4,3,3,3,4,2,1,1,1,1,3,1,3,4,4,4,3,3,3,3,3,3,2,1,1,1,1,1,2,5,4,1,0,1,1,1,1,3,3,2,3,3,4,5,4,5,5,4,4,4,3,2,3,3,3,2,3,4,4,3,1,1,3,4,4,3,4,2,2,2,2,2,1,1,1,3,3,2,3,3,3,3,3,2,2,2,2,3,3,3,4,4,4,4,4,4,4
253,5,3,4,4,3,1,0,1,1,2,3,3,3,2,2,2,1,0,1,2,1,2,2,1,2,3,2,3,2,2,3,2,3,4,3,4,4,3,2,2,3,3,3,3,5,5,5,5,5,3,1,2,4,4,2,2,2,4,4,3,4,4,4,5,4,5,6,5,6,6,4,3,1,2,3,2,2,5,5,3,2,3,3,3,3,3,3,3,2,2,3,4,4,5,5,3,5,4,4,1,2,3,4,3,2,5,5,4,5,4,4,2,3,2,2,1,1,1,1,3,4,4,4,4,4,4,4,4,4,4,5,3,2,3,4,5,4,3,2,2,3,2,2,3,2,4,4,4,3,4,4,4,4,3,3,3,3,2,1,2,1,3,4,3,3,3,3,3,4,3,3,3,4,4,4,4,4,5,3,3,4,4,4,4,3,2,4,3,2,2,2,2,5,6,5,3,2,3,3,2,2,2,1,4,5,2,1,2,4,1,1,3,4,4,3,3,3,6,4,4,4,4,4,5,4,4,1,2,2,2,2,3,3,4,4,4,4,4,4,4,3,1,3,3,4,3,4,5,3,1,2,4,5,4,2,1,2,3,3,2,1,1,3,3,4,4,4,3,3,2,1,2,2,1,2,3,4,5,4,3,3,2,1,2,2,2,2,3,2,5,4,2,2,3,4,2,1,3,0,0,2,2,3,2,2,2,4,4,4,4,4,3,4,6,4,0,1,2,0,0,3,3,3,2,2,3,4,4,4,5,5,4,3,3,3,3,3,3,2,3,4,4,4,6,4,2,3,3,2,2,2,3,6,3,1,2,1,3,4,6,7,6,6,4,3,4,6,6,4,2,3,3,3,3,3,3,3,2,2,3,4,3,5,5,2,5,4,2,1,1,1,5,4,1,1,2,2,2,2,3,2,3,5,7,7,6,4,2,1,4,5,4,5,4,2,2,3,3,4,2,2,3,3,1,0,2,2,2,2,2,2,2,3,3,5,4,2,2,2,2,4,3,1,2,3,3,3,3,3,5,4,2,2,4,3,4,5,2,2,4,3,4,4,4,5,5,4,4,4,4,4,5,4,3,4,5,5,3,3,4,3,5,6,5,4,4,5,6,6,4,2,1,2,4,4,3,4,4,4,2,1,1,2,3,2,0,2,2,2,2,2,3,3,3,3,4,5,5,4,3,4,2,1,1,2,2,3,3,3,4,4,3,3,3,3,4,6,3,1,2,3,3,2,1,2,2,2,3,3,3,3,1,2,3,3,3,3,4,4,3,2,3,2,4,4,3,3,4,4,3,3,2,2,1,2,2,1,2,6,5,2,1,3,4,6,5,5,5,5,4,3,2,1,1,1,2,3,3,3,1,1,1,2,3,4,4,3,4,5,5,4,3,4,4,4,5,5,4,5,5,4,5,5,4,3,3,3,3,2,1,1,2,4,2,2,2,1,2,2,2,4,3,3,5,4,3,2,3,4,3,3,2,3,3,3,2,3,1,1,2,4,5,4,3,1,2,2,2,3,2,3,3,5,4,3,2,3,5,6,4,1,2,3,3,2,2,3,5,4,4,4,4,5,5,3,2,1,1,2,3,3,3,3,2,2,2,1,2,4,4,4,3,3,6,7,7,5,3,2,4,4,3,4,4,4,2,2,2,2,2,3,5,5,4,3,1,2,3,4,4,3,3,3,4,4,4,3,3,4,4,2,4,4,1,2,1,1,1,2,3,2,5,3,3,3,5,4,2,2,1,1,2,1,1,3,2,1,0,1,2,3,4,4,4,4,3,1,1,2,2,2,1,1,2,0,1,3,4,5,4,4,6,5,4,5,5,5,4,3,2,3,3,2,3,3,4,4,3,3,3,2,2,1,3,3,2,3,4,4,4,3,3,4,2,1,1,1,2,3,3,3,3,2,3,3,4,4,3,5,4,3,2,1,2,2,2,2,2,2,2,4,4,4,3,4,4,2,2,3,3,2,2,1,2,3,4,4,5,6,4,1,3,2,3,3,2,2,2,2,1,2,1,1,2,3,2,1,2,3,4,4,4,4,3,3,3,2,3,3,2,3,5,4,3,3,3,3,3,3,3,4,3,2,2,2,1,3,5,4,3,3,3,3,4,4,4,2,3,3,3,2,2,2,2,2,3,3,1,4,5,4,2,3,2,2,1,2,4,4,4,3,3,3,3,3,3,3,4,3,1,1,3,3,5,6,6,5,2,2,4,4,5,5,3,3,5,5,4,4,3,2,1,2,4,4,3,3,4,5,5,3,1,2,2,3,3,4,3,5,3,4,4,4,4,3,2,3,2,2,3,2,2,2,2,3,3,3,3,3,3,3
254,3,3,2,2,3,2,1,1,2,2,3,4,4,4,4,4,3,3,3,4,4,4,4,4,4,3,3,2,1,1,1,2,3,1,1,3,5,4,1,2,2,4,3,1,2,2,2,3,3,3,4,3,2,3,3,3,4,4,4,3,3,3,3,4,4,2,4,4,4,4,3,3,3,4,4,4,1,1,3,3,3,1,2,1,1,2,2,3,2,3,4,3,4,3,3,6,3,3,1,5,5,2,1,1,2,2,2,2,4,4,4,4,2,3,2,4,7,7,6,3,1,2,3,2,3,3,3,3,2,4,4,3,2,3,2,2,3,5,3,1,2,2,4,4,5,4,3,2,2,3,2,3,3,4,3,3,3,4,4,3,3,3,3,3,3,3,3,3,3,4,5,4,3,3,3,4,5,4,3,4,3,2,2,2,2,3,4,2,1,2,2,2,3,3,3,2,2,2,2,2,2,5,6,4,4,4,3,2,2,2,1,1,1,0,1,1,1,3,5,3,3,3,3,3,5,2,2,2,2,2,2,2,2,1,1,1,1,1,1,1,1,1,1,3,4,4,3,3,3,3,4,5,3,3,3,4,3,2,1,2,3,4,4,3,3,3,4,4,4,3,4,4,2,3,4,0,2,5,5,4,4,4,4,3,3,3,2,2,2,1,1,2,4,3,3,2,0,2,5,4,3,4,5,6,5,5,6,5,5,5,4,4,3,1,2,1,1,2,4,4,4,1,2,2,1,2,2,1,1,0,1,2,1,2,1,4,4,3,2,1,1,2,2,1,2,3,3,3,3,3,3,3,4,4,5,5,6,6,5,4,3,4,5,4,5,5,5,5,4,4,5,4,4,3,3,5,5,3,3,5,6,4,3,3,4,4,5,8,5,4,6,8,8,5,3,2,4,4,6,7,8,6,5,5,3,3,4,4,4,2,1,2,3,3,3,2,2,3,2,2,2,2,2,2,2,1,1,0,3,5,3,2,4,1,2,1,3,5,4,3,1,1,4,4,4,2,3,3,2,2,3,3,2,1,1,3,5,5,3,4,4,4,4,4,5,3,2,3,4,3,3,4,4,5,4,3,4,4,5,4,2,1,1,2,1,1,0,1,4,5,5,6,5,5,4,3,4,1,2,3,3,4,4,4,3,3,3,4,4,2,3,3,3,3,3,2,2,2,2,2,2,3,2,3,3,3,3,3,3,3,3,2,2,4,4,4,5,3,3,3,2,2,2,2,3,3,3,5,4,1,2,3,1,2,3,2,6,4,1,3,3,3,5,5,4,2,3,4,2,4,4,3,3,3,2,4,5,1,0,1,1,1,2,2,3,3,4,4,3,3,3,4,4,5,5,5,4,5,4,3,3,4,4,2,2,3,4,2,2,2,1,1,1,1,1,1,1,2,3,4,4,5,5,4,4,3,3,1,1,2,2,4,5,2,1,1,2,1,2,2,2,3,3,3,3,3,3,3,3,2,1,2,3,1,1,2,2,3,2,2,2,2,4,3,3,4,4,4,5,3,3,3,2,4,4,4,3,2,3,3,3,3,3,2,2,2,2,2,1,3,3,1,2,1,2,4,4,3,2,2,2,2,2,2,2,3,3,2,3,3,3,3,3,2,2,2,4,3,2,5,5,3,3,4,3,3,2,1,2,4,4,4,2,2,3,3,1,2,2,3,3,2,2,2,3,3,3,3,2,3,3,2,1,2,1,1,2,2,3,2,1,1,1,1,1,1,1,1,1,1,3,4,4,4,4,3,2,0,2,4,4,4,4,6,8,3,3,4,3,2,2,2,2,2,3,2,1,1,2,3,4,4,3,3,3,3,3,4,5,4,3,3,3,3,4,4,4,2,2,3,2,3,3,1,1,3,3,3,3,3,3,3,3,2,2,3,3,4,3,1,2,2,1,1,1,3,3,2,2,3,2,1,4,4,2,3,3,4,4,3,2,3,2,4,5,2,3,5,5,5,3,3,4,3,2,2,2,3,5,5,4,1,1,2,2,3,3,3,4,3,2,2,1,2,3,5,3,1,3,3,3,3,3,2,4,6,5,4,3,2,4,4,4,3,1,4,4,4,2,0,1,3,4,5,6,5,4,3,5,3,2,2,2,3,4,5,5,5,5,3,1,2,2,4,3,2,2,2,2,2,2,3,3,2,3,4,4,3,3,2,2,1,1,1,1,1,2,3,1,3,3,4,3,3,2,2,2,1,2,3,3,4,4,3,3,5,5,5,4,4,3,3,3,2,3,3,3,3,3,3,3,2,2,3,4,5,6,6,6,3,3,3,3,3,3,3,3,2,1,3,3,3,3,3,4,2,2,2,2,2,2
255,3,4,5,2,3,5,3,1,2,2,2,2,3,3,3,4,3,3,4,4,4,2,1,0,2,4,3,3,3,3,4,3,3,1,2,4,4,2,3,4,4,4,2,1,1,2,5,6,4,2,3,7,6,3,2,2,4,7,7,2,3,4,3,4,4,3,3,3,3,3,4,6,6,6,6,6,5,5,5,4,2,1,3,3,5,3,1,1,2,3,2,2,2,2,2,3,4,4,5,4,4,2,2,3,3,4,2,1,1,1,4,8,7,4,4,5,4,4,5,5,4,4,4,4,3,4,4,4,3,2,2,4,5,6,6,5,4,3,4,7,9,7,6,4,4,3,1,2,3,3,3,5,4,3,3,4,5,5,2,0,2,4,4,4,3,4,4,5,6,5,5,5,4,4,5,4,3,2,3,3,3,4,4,3,2,1,2,4,3,3,3,4,4,3,2,1,4,4,1,3,3,1,3,3,2,2,2,2,3,3,3,3,3,3,3,3,5,5,4,4,3,3,3,3,2,2,2,2,2,1,1,3,3,6,7,4,3,2,3,4,4,3,2,1,1,1,1,3,2,1,1,1,2,2,1,2,1,1,2,4,4,3,3,3,2,1,3,4,4,4,4,3,3,1,2,4,3,4,3,1,1,3,5,4,3,3,3,3,2,1,1,1,1,1,1,1,3,4,4,4,3,5,4,3,3,7,5,5,4,2,1,2,3,2,2,2,2,2,2,2,3,2,2,2,3,2,3,3,3,2,2,3,3,5,5,5,2,1,1,2,4,4,4,3,3,4,3,2,1,2,1,1,0,1,3,3,3,2,4,5,5,6,5,5,5,3,3,3,4,3,4,4,5,3,1,3,3,3,4,3,3,3,4,2,1,3,1,2,3,1,2,4,4,5,5,4,3,2,3,4,3,2,3,3,4,4,4,2,2,3,3,2,2,3,5,5,4,4,3,4,3,3,3,4,4,3,3,3,3,3,3,4,3,3,3,3,3,5,6,4,2,4,4,3,2,2,2,4,6,6,6,4,2,2,3,3,2,2,3,3,3,3,3,3,2,2,3,5,5,5,4,3,2,3,3,4,4,4,4,3,2,2,3,4,4,5,5,3,2,4,5,5,4,3,2,2,2,1,1,2,2,3,3,4,4,3,3,3,3,3,3,3,3,3,3,3,3,2,3,2,2,2,2,3,4,4,2,2,2,2,2,1,3,4,5,4,4,2,1,3,4,4,4,3,4,5,4,5,5,5,5,5,5,1,2,2,3,2,1,1,1,4,3,3,2,3,2,2,2,2,2,3,3,3,2,4,4,3,4,4,3,3,2,2,2,2,2,2,2,2,2,2,2,3,4,3,1,3,5,5,4,3,5,5,5,3,3,2,1,2,4,3,4,3,4,4,4,4,3,4,4,3,3,3,2,3,2,1,1,2,2,1,3,3,1,1,1,1,1,1,1,4,5,5,4,3,3,4,4,3,3,3,3,3,3,3,3,1,1,2,2,2,3,3,3,3,1,1,1,1,1,1,2,3,4,4,3,3,3,3,4,4,2,1,1,1,1,1,1,3,2,2,2,3,3,4,4,4,5,4,3,2,2,2,4,1,1,3,3,2,2,3,4,4,4,5,4,4,3,0,3,3,4,5,4,3,2,2,2,1,1,2,3,4,4,4,3,6,5,5,5,3,3,4,3,1,2,3,3,2,2,1,1,4,4,3,2,2,2,1,2,3,3,3,2,1,2,3,2,3,4,5,5,5,5,4,3,4,3,4,2,1,2,1,1,3,3,3,3,3,3,3,3,3,3,2,2,4,5,5,5,4,4,3,3,2,2,2,1,1,1,1,1,1,1,2,1,0,1,2,1,1,2,2,1,2,3,2,2,1,1,1,1,1,1,2,2,2,2,2,1,2,3,3,2,3,2,2,2,3,2,2,2,3,5,6,5,1,1,2,3,2,3,4,5,3,4,4,4,3,1,4,5,2,2,3,2,2,2,2,1,3,4,3,4,4,4,5,5,2,2,3,3,3,4,4,4,2,1,3,5,5,5,4,4,4,4,3,2,3,5,5,4,4,3,2,4,4,4,3,1,1,2,1,1,0,0,1,3,1,0,0,2,5,4,2,2,4,4,4,4,4,6,6,5,3,2,1,1,1,2,3,3,4,3,3,3,3,3,4,4,4,4,3,3,4,4,4,4,4,3,3,3,3,3,3,4,4,4,5,5,3,2,2,2,3,3,3,3,2,2,1,2,3,3,2,3,3,3,3,3,1,2,3,3,2,1,2,4,4,3,3,3,5,5,4,2,1,1,2,2,1,2,2,3,2,1,2,2,2,2
256,5,3,2,2,4,3,1,1,2,3,4,4,4,3,2,1,1,4,4,4,3,3,4,5,3,4,3,4,5,5,4,4,2,2,2,2,2,2,3,4,3,3,2,2,2,3,4,5,3,1,1,2,4,2,3,3,3,3,2,3,3,3,2,3,3,5,4,4,2,1,1,2,3,2,1,1,3,3,3,4,3,3,5,5,4,2,2,4,2,3,3,3,4,3,4,3,3,2,2,2,2,2,2,2,2,2,3,2,2,2,2,2,2,2,1,2,3,3,3,4,4,3,3,4,3,3,4,4,3,1,1,2,3,3,4,4,3,4,3,4,5,4,3,4,3,3,2,3,3,3,4,6,7,6,4,4,4,3,4,4,3,2,3,3,4,4,4,3,1,2,1,2,3,4,6,4,3,3,4,4,4,5,5,4,3,3,2,3,3,3,3,3,3,2,3,4,5,5,4,2,3,1,2,3,3,3,2,2,1,1,2,2,1,3,3,2,2,3,5,6,6,6,4,3,3,2,3,3,3,2,1,3,3,3,2,3,4,3,3,4,5,5,6,6,6,6,6,6,6,1,2,2,3,3,3,3,2,3,3,3,3,3,3,3,3,4,4,2,3,2,3,3,3,1,2,3,3,3,2,2,2,2,2,2,2,2,2,2,2,4,4,4,4,3,3,3,2,3,3,3,4,4,5,4,4,3,2,3,4,5,5,4,3,2,3,3,3,3,3,3,4,2,3,3,1,1,3,3,2,2,2,1,2,2,3,1,1,2,2,2,3,2,3,4,3,3,2,1,1,3,2,1,3,4,4,4,4,3,4,4,4,6,5,4,3,3,4,4,2,4,4,5,4,5,4,2,3,5,5,4,4,4,4,4,5,2,2,1,1,1,2,2,2,2,2,3,3,3,1,1,1,5,4,3,3,3,4,5,5,1,1,3,4,6,5,3,2,6,3,4,3,4,4,3,4,4,3,4,4,2,2,1,0,3,4,2,1,1,3,4,5,4,2,2,1,1,1,2,2,2,3,3,3,2,4,6,5,4,2,1,1,2,3,4,2,2,2,4,4,3,2,2,2,1,1,3,4,3,2,1,1,4,5,4,4,1,4,4,3,4,4,5,5,3,1,1,3,2,1,1,1,1,2,3,3,3,4,4,3,3,3,3,2,4,5,5,4,3,4,3,3,3,3,3,3,3,3,3,5,2,3,7,6,3,2,4,3,3,3,4,2,3,2,2,3,4,3,2,3,2,1,1,1,3,3,1,2,4,5,4,3,3,3,2,2,3,3,4,4,5,5,5,5,5,5,4,5,1,3,3,2,4,5,5,5,2,1,3,2,2,2,3,2,2,3,3,2,2,2,3,2,4,5,3,2,3,3,3,3,2,2,2,2,2,3,2,2,6,5,4,3,2,1,2,3,1,2,4,4,3,2,1,4,5,3,3,2,2,3,3,2,1,0,3,5,3,3,3,4,4,3,4,4,4,3,3,4,3,5,2,1,3,4,4,4,1,1,3,3,3,1,1,1,3,3,2,3,4,5,4,3,3,2,4,4,4,4,4,4,3,3,3,2,2,2,3,4,3,2,3,4,4,3,3,4,3,2,2,4,4,3,4,4,4,4,4,4,4,4,4,7,5,4,4,4,3,3,3,2,3,4,3,2,2,2,1,1,3,3,6,5,3,2,0,2,3,2,2,3,3,2,3,4,4,3,3,3,2,3,3,1,1,1,1,2,2,2,3,2,1,2,4,5,5,5,3,1,3,2,3,2,2,2,2,2,3,3,2,2,2,2,2,2,1,1,2,2,2,2,3,3,4,2,2,2,2,3,3,2,1,2,1,3,3,3,3,3,4,5,4,3,3,2,2,2,3,3,3,3,3,3,4,4,1,2,2,1,3,3,3,2,2,3,2,3,3,2,3,3,4,4,3,3,2,2,2,3,4,5,4,3,5,6,4,6,7,7,6,4,3,3,3,1,1,2,2,3,3,3,3,3,2,3,3,3,3,4,5,5,4,3,3,4,3,4,5,4,2,1,3,3,4,5,6,4,1,1,2,2,2,2,3,2,1,1,1,1,1,2,2,1,2,3,3,2,1,2,3,2,1,2,2,3,4,3,4,3,3,3,4,3,3,4,6,6,4,3,3,4,4,3,2,1,3,3,4,4,5,5,4,4,3,1,2,2,2,2,3,3,3,3,4,4,4,4,4,5,4,3,5,3,3,5,5,3,3,3,2,2,1,1,2,1,2,2,2,2,2,2,2,2,1,1,2,2,1,1,2,1,2,3,3,2,1,1,2,3,4,4,4,3,3,3,3,2,2,2,2,2,2,2
257,3,2,2,2,2,2,2,3,3,2,2,2,1,1,1,1,1,2,4,6,3,3,3,3,2,3,4,2,3,3,2,3,4,2,3,5,4,3,4,4,3,1,1,3,4,3,3,4,3,2,3,3,3,3,3,2,3,4,4,5,5,5,5,5,4,2,5,6,7,4,2,0,3,3,2,3,2,2,2,1,2,1,3,3,3,3,5,5,6,4,4,3,3,3,3,3,2,0,1,1,1,1,2,3,3,3,2,3,4,5,6,5,4,4,5,5,5,5,6,5,6,4,3,4,4,4,4,4,3,3,4,3,2,4,6,4,0,1,2,3,3,4,5,5,5,5,4,4,4,3,3,3,3,5,4,3,3,3,2,1,1,2,3,4,4,5,5,5,6,3,2,2,3,3,3,4,5,4,4,4,4,4,3,2,0,2,4,2,2,3,3,4,2,1,2,2,2,4,4,3,3,3,4,4,6,6,4,3,5,4,2,3,2,2,3,3,3,4,3,5,5,4,5,5,6,3,3,4,4,3,4,5,3,2,1,2,2,3,4,3,3,3,3,2,2,3,3,3,3,5,4,3,3,4,4,4,4,1,1,2,3,2,1,0,1,3,3,3,3,3,3,3,3,1,1,3,3,3,4,3,2,2,4,4,3,2,3,3,3,3,2,1,2,5,5,4,3,4,6,3,4,6,6,4,4,5,5,2,2,2,2,2,1,2,4,5,4,2,2,2,3,1,1,5,5,2,1,3,4,2,3,2,2,2,1,1,2,2,3,3,3,3,4,2,2,1,2,2,3,3,3,4,5,3,2,2,3,4,4,5,5,3,2,2,2,2,3,4,4,3,2,3,3,4,5,7,8,3,4,4,3,3,3,3,3,4,4,4,4,4,3,4,4,3,2,2,2,3,3,4,3,3,3,3,3,3,3,3,3,2,2,2,3,3,3,3,2,2,2,3,3,3,4,4,2,4,6,4,3,5,3,1,3,2,3,3,2,2,4,4,2,3,3,2,3,3,2,4,6,6,5,2,2,3,4,5,5,5,4,2,1,4,7,6,4,5,1,1,2,3,3,3,3,2,4,4,4,2,1,1,3,1,2,3,3,4,5,4,4,3,4,3,3,1,2,6,6,2,2,1,1,2,2,3,4,3,3,5,5,5,5,3,3,4,4,4,4,4,4,4,4,5,5,4,5,5,6,6,5,2,1,1,1,1,1,1,1,3,2,2,2,2,2,3,4,3,3,2,3,5,4,4,6,4,2,2,1,1,1,1,3,4,4,2,3,3,3,3,2,2,2,2,2,2,3,3,3,4,5,4,3,4,5,4,5,5,4,5,4,2,1,2,4,3,2,1,4,3,2,2,3,3,3,2,1,2,3,3,3,1,1,2,2,4,3,4,4,5,6,5,4,5,4,4,6,6,3,2,3,3,4,3,2,3,3,3,3,3,3,4,3,2,2,2,3,3,2,2,1,2,3,3,3,3,4,6,6,2,3,2,2,1,1,1,1,2,2,2,3,4,5,3,4,3,2,2,3,5,5,2,2,2,2,2,2,2,2,2,2,2,3,2,3,3,3,3,2,3,3,3,3,3,3,3,3,2,2,2,2,2,2,2,1,1,2,3,3,4,4,3,2,4,4,3,3,4,3,2,3,4,4,4,3,3,4,4,2,1,1,1,1,1,1,2,2,2,4,5,3,2,3,3,2,2,1,2,4,5,5,4,3,1,2,3,4,4,3,3,4,2,2,2,2,2,2,2,2,3,3,3,4,3,3,3,3,4,4,4,4,4,3,2,3,2,3,3,2,2,2,3,4,4,4,4,4,3,4,4,3,2,2,2,3,2,2,1,1,2,2,1,3,2,2,4,3,4,4,4,5,5,3,3,2,4,4,4,4,3,3,3,3,4,4,3,2,4,4,3,3,5,5,4,4,3,2,2,2,2,4,4,3,2,2,3,4,6,6,5,5,5,4,3,2,1,1,1,1,1,0,1,2,4,1,1,3,5,4,4,2,1,2,1,1,3,4,3,2,2,2,2,2,4,4,3,3,3,4,5,5,6,6,7,7,5,4,4,4,5,5,4,4,4,2,1,1,1,2,4,3,2,2,3,3,3,3,4,5,5,4,2,2,2,3,3,2,2,2,3,4,4,4,6,3,1,3,4,3,3,2,1,4,1,1,1,2,2,1,3,3,3,3,3,3,2,3,3,3,2,3,2,3,4,4,6,5,2,2,2,3,4,4,4,4,3,2,4,5,5,4,4,3,3,3,2,3,2,2,3,3,5,3,1,0,1,2,4,5,3,3,4,4,3,3,1,1,3,3,3,3,3,3
258,1,2,1,1,1,2,3,3,3,3,4,4,3,4,6,6,5,4,3,3,4,3,1,1,2,3,5,4,3,4,4,4,4,4,4,5,5,4,2,3,4,3,2,2,3,4,4,4,3,4,4,2,1,1,2,3,2,2,2,2,2,2,2,1,2,3,1,1,5,7,5,4,4,2,2,2,4,4,3,3,2,2,3,3,3,3,4,4,4,4,3,3,2,3,3,3,3,1,0,2,3,3,3,4,4,3,3,4,4,3,5,5,5,5,5,4,3,3,3,3,2,5,5,4,3,4,3,2,2,2,3,5,5,4,5,5,2,3,5,2,2,3,2,4,3,2,2,2,2,3,2,3,3,4,5,7,6,5,3,1,2,2,3,4,3,2,3,4,4,3,2,3,4,4,4,5,4,4,3,3,5,5,4,4,2,2,5,4,3,2,1,1,1,6,3,2,2,2,2,1,2,2,1,2,3,4,4,5,7,4,3,2,3,4,5,6,6,5,5,4,5,6,6,5,3,3,3,2,2,2,3,4,4,5,4,5,5,2,2,2,2,2,2,3,4,5,4,4,4,3,3,3,3,3,3,3,3,2,1,2,2,2,2,2,2,1,2,2,1,1,1,2,3,4,4,3,3,2,2,2,3,2,2,2,3,3,3,1,1,4,4,3,4,3,4,3,1,3,3,2,4,3,1,2,2,3,4,4,4,4,4,4,3,3,4,4,3,2,2,3,4,4,2,2,2,1,2,2,2,1,1,1,1,2,2,1,1,2,2,2,4,3,3,3,3,2,2,3,4,5,3,2,2,1,2,3,3,3,3,3,3,3,5,5,3,2,2,5,5,4,3,3,4,4,4,4,3,2,0,1,4,4,2,0,1,3,4,3,3,1,1,3,4,5,4,3,3,2,3,2,1,4,3,4,5,4,4,4,5,4,3,3,3,2,2,2,3,2,2,3,4,4,5,4,2,1,2,2,3,3,3,3,4,3,3,5,5,4,2,3,6,6,5,5,4,4,3,3,4,6,5,3,4,5,5,4,3,3,3,3,3,2,2,2,2,2,2,4,4,4,4,4,3,1,4,3,4,5,5,3,2,2,2,4,4,4,4,3,4,4,2,2,1,2,3,3,2,1,2,2,3,3,3,3,3,3,6,8,7,5,4,4,6,5,4,4,4,5,5,5,6,6,4,4,4,4,4,4,5,4,4,4,4,4,5,4,4,4,3,3,2,3,3,4,4,3,5,4,4,5,4,4,3,2,3,3,3,3,3,3,2,1,2,2,1,1,1,0,1,4,3,2,1,0,2,2,3,3,3,4,4,2,2,3,4,3,3,3,2,2,1,2,2,3,2,2,2,3,4,4,3,2,2,2,2,3,3,3,4,4,3,3,3,5,6,5,4,4,4,2,1,2,2,4,4,3,3,4,5,4,3,4,4,4,4,5,5,4,4,3,2,6,7,4,4,3,3,1,2,2,2,3,3,2,3,3,3,5,5,4,3,2,1,2,1,1,1,1,1,2,2,2,2,2,4,5,4,4,6,4,4,4,3,3,3,2,2,1,1,4,5,4,3,3,2,1,2,5,6,4,4,3,2,3,6,4,4,4,4,3,2,3,4,3,3,3,3,3,3,3,3,1,1,1,0,1,1,2,1,2,3,2,3,4,5,4,3,1,1,1,2,2,2,1,2,2,1,1,2,2,4,5,3,2,2,3,4,3,2,2,2,2,3,3,5,4,5,4,1,3,3,4,4,4,3,1,1,4,4,5,5,4,4,4,5,2,1,2,2,2,3,3,4,5,5,5,5,6,6,6,6,2,2,4,4,4,4,2,1,3,2,2,2,3,3,3,3,5,4,4,6,8,8,6,4,4,4,3,3,3,4,3,3,3,3,3,3,3,3,3,3,2,2,2,2,3,3,3,3,2,3,2,2,4,4,3,3,2,3,3,3,3,4,2,2,4,4,4,3,3,3,2,2,1,2,3,3,3,3,4,3,2,3,5,5,4,4,4,4,4,3,2,2,3,4,4,3,1,1,1,2,2,3,4,4,4,4,3,3,3,4,4,3,1,1,1,2,2,2,2,2,3,5,6,4,4,6,4,3,1,2,2,5,5,3,3,6,6,4,4,3,3,2,2,1,1,1,3,3,1,1,1,1,1,2,2,2,2,2,2,2,2,2,2,1,2,2,2,5,2,1,1,2,2,2,2,1,1,1,3,4,5,5,4,3,2,2,2,2,2,2,2,2,3,4,3,2,2,2,2,1,2,2,4,4,4,4,3,2,2,0,2,4,4,3,3,3,3,3,3,4,5,5,4,3,3,3,3,3,3,3
259,4,5,5,3,2,1,2,4,4,3,3,3,3,3,5,5,3,6,3,2,1,3,3,3,2,1,1,2,2,4,5,4,5,2,1,2,4,5,5,3,2,2,2,2,1,1,2,5,6,2,2,2,4,5,6,6,5,5,5,3,1,1,2,1,2,3,4,4,4,4,4,3,3,2,4,4,2,3,3,3,5,1,2,2,1,2,2,2,1,1,3,3,3,2,2,5,4,3,2,2,3,3,2,1,2,2,0,2,5,5,4,1,1,6,3,3,3,3,3,2,2,3,2,2,2,2,3,3,2,5,3,4,3,4,5,5,4,3,3,3,2,1,3,4,5,2,3,3,3,3,4,4,4,2,2,3,5,5,5,3,3,3,4,4,5,6,6,5,6,4,4,3,2,2,2,2,4,5,3,4,3,4,4,3,5,3,1,2,3,2,1,2,3,4,2,1,2,4,2,1,1,2,1,2,1,3,2,2,2,2,2,3,5,3,2,3,3,1,1,1,1,2,1,1,1,3,3,3,3,3,3,3,3,6,5,5,4,4,3,3,2,4,3,1,0,1,2,3,2,2,2,2,2,2,2,2,2,4,3,4,3,3,2,2,3,3,2,2,2,2,2,2,2,3,3,3,4,4,4,2,2,3,2,1,3,4,4,4,3,3,3,3,4,4,3,3,3,2,3,1,4,4,4,2,3,3,3,3,1,1,1,3,4,4,4,3,3,3,4,4,3,2,2,2,3,3,3,2,1,3,4,4,3,3,3,3,3,4,2,2,2,4,2,2,3,4,2,3,3,3,5,4,5,2,2,4,5,5,4,2,2,6,5,5,5,5,5,5,5,3,2,2,3,4,5,3,1,4,3,3,6,4,2,7,8,8,7,6,5,4,4,2,3,1,1,4,4,3,3,3,3,4,3,4,3,4,3,4,2,2,1,2,3,3,3,4,5,6,5,4,3,3,3,2,3,2,2,3,3,3,4,4,3,2,2,2,3,2,2,2,2,1,1,2,2,3,3,1,1,2,2,3,3,3,3,3,3,2,2,2,2,2,2,2,2,2,3,5,5,5,5,3,3,2,3,3,3,3,2,3,3,1,3,5,4,2,1,2,4,2,2,2,2,4,4,3,3,3,3,3,3,3,3,4,4,2,3,4,4,4,3,2,2,3,4,4,4,4,3,4,5,4,5,2,2,4,4,3,2,5,5,2,1,2,3,3,2,4,6,4,2,2,2,4,5,3,3,3,3,3,3,3,3,2,2,2,1,1,1,2,2,2,3,3,4,4,5,5,5,4,4,3,3,3,2,2,2,2,2,2,3,3,4,4,4,2,2,2,2,2,1,2,2,2,2,2,2,2,2,3,3,1,1,1,1,1,2,3,4,2,3,4,4,4,3,3,3,5,4,6,7,5,2,4,1,4,3,3,3,3,3,2,2,3,3,3,2,2,3,3,4,4,4,5,6,6,5,4,4,2,3,4,2,3,4,4,2,1,1,1,1,3,5,4,4,5,4,4,4,4,4,4,4,4,2,2,1,2,1,1,2,4,4,3,3,3,2,2,2,5,3,3,3,2,2,2,3,1,1,2,2,3,5,6,7,3,4,4,5,4,4,2,2,1,1,3,2,1,2,2,2,3,3,3,2,2,1,1,1,2,2,2,2,2,2,2,2,1,3,5,3,1,1,1,3,4,4,5,5,5,5,4,3,1,2,2,3,3,3,3,4,3,3,3,2,1,1,1,1,3,3,3,3,2,3,2,2,4,4,4,4,4,4,4,4,3,2,2,3,3,3,3,3,2,3,3,3,3,3,2,3,4,4,4,4,4,3,1,1,1,0,1,2,4,3,1,1,4,4,5,3,3,4,2,2,3,3,4,4,4,4,3,3,4,4,3,3,3,3,3,3,3,2,2,3,3,3,3,2,2,5,6,5,3,2,5,5,2,3,3,3,2,1,0,1,3,3,3,3,3,3,3,3,2,2,4,3,3,2,1,1,3,3,4,4,4,4,3,4,4,3,2,4,4,4,4,4,5,3,3,4,2,0,0,2,3,3,3,3,3,3,3,3,4,3,1,2,2,3,5,3,3,2,2,2,2,2,2,2,1,2,2,2,2,2,2,3,5,5,2,2,1,1,2,3,2,1,1,1,1,3,5,4,5,4,4,3,3,2,2,1,4,3,3,3,3,5,6,5,2,3,3,3,3,2,2,2,1,3,6,5,5,4,3,3,4,3,3,2,2,2,1,1,1,1,1,1,1,1,2,2,4,4,4,4,4,4,4,4,2,1,1,1,2,2,2,2,5,4,3,3,4,4,3,3,3,2,1,1,2,2
260,2,5,4,4,4,3,2,2,2,2,3,3,3,3,3,2,3,5,3,4,4,2,1,1,1,2,2,3,3,3,3,2,1,4,4,4,4,4,3,1,1,1,1,2,3,3,3,3,4,2,4,5,6,7,6,5,4,3,4,4,3,3,2,2,2,3,4,4,3,2,3,4,5,4,4,2,1,1,1,2,2,4,6,6,5,3,2,4,4,2,2,4,5,5,3,3,3,4,4,4,4,3,2,3,4,7,8,4,3,4,5,4,2,2,2,3,3,3,3,3,3,3,2,3,3,2,3,0,1,2,2,1,3,4,3,3,3,5,3,4,4,3,2,0,0,2,3,1,0,1,3,3,3,4,3,3,3,3,3,3,3,4,2,0,2,4,4,4,4,4,4,4,4,4,4,4,4,3,3,3,2,2,2,1,1,3,4,2,1,2,2,1,1,4,3,3,4,5,4,1,3,3,1,2,2,2,1,2,4,0,1,1,1,1,1,4,5,3,3,3,2,2,1,1,1,3,3,3,3,3,4,4,5,6,5,5,3,3,3,4,2,3,2,2,2,3,2,2,1,1,2,4,4,3,4,4,4,6,6,4,2,1,3,4,4,1,2,2,2,3,3,3,2,1,1,2,3,3,3,2,2,5,4,4,2,3,3,4,4,2,4,7,7,6,6,4,3,3,3,4,4,3,3,4,5,5,4,3,1,1,2,3,3,4,3,2,4,4,4,2,2,0,1,1,1,2,2,3,3,3,3,3,3,3,3,3,3,4,5,5,3,3,3,3,5,7,4,4,2,3,2,4,2,2,3,4,3,3,4,7,5,3,3,2,3,3,0,0,0,2,2,3,2,2,1,1,2,1,1,1,1,1,1,3,3,3,5,5,4,2,2,2,3,2,2,2,2,2,2,4,4,5,6,5,4,4,4,4,4,3,4,4,5,4,4,5,4,3,3,5,4,4,3,1,2,3,3,4,3,3,3,4,4,4,4,3,4,5,4,3,3,5,5,4,4,5,6,6,7,7,4,1,1,0,1,1,1,4,4,5,2,1,1,1,3,4,4,5,3,2,2,2,3,4,4,3,3,4,4,4,4,4,3,4,4,4,5,5,5,4,4,4,3,3,4,5,5,4,1,1,1,2,2,2,2,3,2,2,2,1,1,1,1,6,5,2,1,1,2,5,7,5,3,2,3,5,5,5,5,1,1,3,3,3,3,3,1,3,2,3,3,3,3,4,4,4,3,3,5,5,5,3,3,3,3,4,4,4,3,3,5,5,5,6,5,2,3,5,3,1,2,2,3,3,3,4,3,2,3,2,3,3,2,1,2,5,4,3,4,4,5,5,5,5,6,5,3,3,3,2,2,3,4,3,3,4,4,4,4,2,2,3,4,3,4,5,5,3,3,3,3,4,4,4,4,2,2,2,3,3,2,1,1,1,2,2,2,2,1,0,1,2,4,4,4,4,4,4,4,5,4,4,3,4,4,4,4,4,4,5,5,4,2,1,2,2,2,3,3,3,4,4,4,3,3,3,3,3,2,1,1,2,3,4,3,3,2,2,3,4,3,1,2,1,1,1,1,4,4,3,4,4,3,4,5,5,4,4,3,2,2,4,5,5,4,4,3,2,1,2,2,1,1,1,2,2,3,2,1,1,3,3,3,2,1,1,1,2,2,1,1,1,1,1,1,2,2,2,2,2,2,2,2,3,3,2,2,3,3,3,4,4,4,2,3,3,2,2,2,2,1,3,4,3,3,4,2,1,1,1,1,1,3,3,3,4,2,1,2,1,1,1,1,1,1,3,4,3,4,3,2,0,1,2,3,4,3,5,5,0,2,3,3,3,3,2,0,3,3,3,3,3,2,3,3,4,4,2,2,2,0,0,2,2,3,3,3,3,3,3,3,2,1,2,4,4,4,3,3,4,3,4,5,4,4,4,5,3,3,3,3,2,4,4,4,5,4,2,2,2,3,4,3,5,5,3,2,2,1,2,1,3,2,3,4,4,3,3,2,0,1,2,1,1,1,4,3,3,3,4,6,5,4,3,2,1,2,2,2,2,2,1,1,3,4,4,4,4,4,4,4,4,5,4,2,2,2,4,4,3,1,1,2,1,3,3,4,3,2,2,3,4,4,3,5,3,2,3,4,4,5,4,4,4,4,4,4,3,3,3,4,1,1,3,2,0,1,3,4,2,4,5,5,4,2,2,4,3,1,2,3,3,3,2,1,1,2,2,3,3,3,3,2,2,2,2,3,3,3,4,4,2,2,4,4,3,4,5,6,5,4,4,2,3,1,1,0,1,1,2,2,3,1,1,1,2,2,2,2,2,2
261,4,2,2,1,1,1,1,1,1,2,3,4,2,2,3,4,2,1,1,1,2,2,2,2,2,2,2,1,1,1,1,1,2,3,3,4,3,4,2,2,2,1,2,4,4,3,3,3,3,3,3,3,4,4,3,3,3,4,5,4,3,1,2,4,4,3,4,6,5,3,2,3,5,2,3,5,6,4,4,4,4,1,2,6,7,5,4,1,1,2,1,3,4,3,1,2,4,4,3,1,1,2,2,3,2,1,1,1,1,3,5,5,2,2,2,3,2,2,3,2,3,3,1,4,6,5,3,2,1,1,5,5,5,9,7,3,1,2,2,2,2,1,2,3,5,4,4,3,2,3,3,2,1,2,3,5,3,3,2,2,2,3,3,3,4,4,3,3,3,4,3,5,4,4,3,3,2,3,3,4,4,5,5,3,3,2,1,1,0,1,2,1,0,0,1,0,1,4,5,4,1,1,2,1,1,2,2,3,3,1,2,1,1,1,1,2,2,4,4,4,4,4,3,4,4,4,3,4,2,2,3,3,3,4,3,2,2,3,3,4,4,2,2,4,4,1,1,1,3,3,3,3,4,4,3,3,3,1,1,1,1,1,1,1,1,3,3,3,3,3,3,3,3,4,3,2,2,5,5,4,5,4,4,3,1,2,3,1,1,2,2,4,4,4,3,2,3,2,4,5,3,3,5,6,4,4,3,3,1,1,2,2,4,4,4,4,4,4,3,4,4,2,0,0,1,1,2,2,2,4,3,2,3,4,3,1,3,4,4,3,3,3,3,4,4,1,2,5,8,6,4,2,2,1,0,0,1,1,2,5,8,4,4,6,5,3,3,4,3,3,4,4,3,3,3,3,2,4,2,2,1,1,2,4,4,5,5,2,3,3,3,4,4,3,2,1,1,1,1,1,2,4,3,3,3,3,3,3,3,4,5,4,4,3,1,1,1,2,3,3,3,3,3,3,3,2,2,3,3,1,0,1,1,1,4,2,1,1,1,3,3,3,2,3,2,2,1,1,1,5,5,1,3,5,2,1,3,4,2,2,2,2,2,3,3,2,3,3,3,3,3,2,3,2,3,4,5,4,3,2,1,0,3,3,4,5,6,5,4,5,4,4,4,4,4,3,4,5,4,3,3,5,5,4,3,3,2,3,4,4,3,2,2,2,3,4,3,2,1,2,4,5,5,5,4,3,3,3,3,1,1,1,2,3,4,6,7,6,4,2,1,1,1,2,2,2,2,2,2,2,2,2,2,4,4,3,3,2,1,1,1,3,3,3,3,3,3,3,3,1,1,1,2,2,2,2,2,2,6,7,5,5,5,4,2,4,4,3,1,0,1,1,3,3,4,2,2,2,1,2,4,4,2,2,1,1,1,1,1,2,4,4,4,2,2,3,2,1,1,1,0,1,3,2,3,5,4,4,4,3,2,3,3,2,2,1,2,2,2,3,4,3,4,3,3,2,3,3,3,3,3,2,2,3,4,3,3,0,0,3,3,2,2,0,0,2,2,3,3,3,3,3,3,4,4,4,4,4,4,4,4,3,3,3,4,4,3,3,3,3,3,3,3,4,4,3,2,2,2,2,2,2,2,4,4,5,5,5,4,4,5,6,6,2,0,2,3,3,4,3,4,7,5,5,5,4,4,4,3,1,3,4,4,5,5,3,3,3,3,3,3,3,3,3,3,2,2,3,4,3,2,2,1,1,1,1,2,2,2,2,2,1,2,2,1,1,1,1,2,2,2,1,1,1,1,2,2,3,3,3,3,3,3,3,4,2,2,3,3,3,3,2,2,4,4,3,4,4,3,4,4,5,3,2,2,4,4,5,3,0,1,2,2,3,4,4,4,6,3,2,2,4,4,5,4,3,3,3,3,3,3,3,3,2,3,4,5,4,4,4,5,4,4,4,4,4,3,5,4,2,2,3,3,3,2,2,3,1,1,2,1,1,2,3,3,3,3,4,5,4,1,2,2,4,3,3,2,3,5,9,2,3,3,4,4,4,4,3,3,4,3,3,2,2,3,3,3,1,1,2,2,2,2,2,3,3,3,2,2,2,2,3,1,4,4,4,3,3,2,2,3,4,4,4,4,4,4,4,4,1,2,4,5,4,4,5,4,2,4,4,4,5,4,4,4,1,3,4,4,3,2,2,4,2,2,3,3,3,3,3,3,5,5,5,4,4,2,3,2,3,3,4,3,2,3,3,1,3,2,2,3,4,4,5,4,2,4,6,7,5,3,1,2,3,3,2,3,3,3,3,3,3,3,4,4,3,3,3,2,3,3,3,3,3,3,3,4,3,3,4,4,4,4,5,5,2,2,3,4,3,2
262,5,2,3,3,3,3,3,2,3,2,3,4,3,2,2,3,1,3,3,3,3,3,3,3,3,3,3,3,3,3,3,3,3,3,4,4,2,1,2,3,4,3,2,0,1,1,2,3,3,2,3,4,3,2,2,4,4,3,3,2,1,1,0,1,1,3,3,4,4,3,3,3,3,2,3,4,2,1,2,2,1,3,4,4,4,4,3,3,3,2,3,1,1,1,1,1,1,1,2,2,1,1,1,2,1,2,3,3,3,3,2,3,4,0,1,2,3,3,3,2,3,2,4,6,4,2,4,3,0,1,0,0,1,3,3,1,1,2,1,1,1,1,1,1,1,2,3,3,2,4,5,5,4,3,2,2,4,4,3,3,2,3,3,3,3,4,5,6,6,5,6,6,5,3,3,4,5,1,0,1,3,4,5,4,4,3,3,4,4,4,4,4,3,3,3,4,3,3,3,3,3,4,3,4,3,4,4,3,3,1,1,2,2,3,4,4,4,4,3,3,3,3,3,3,3,2,1,2,3,3,4,4,3,3,2,2,1,1,2,2,2,2,1,1,3,3,5,3,2,4,4,3,4,4,4,2,2,2,2,2,3,3,3,4,3,3,4,4,3,4,5,5,4,4,4,3,2,2,3,4,2,1,1,3,3,4,3,2,2,4,5,5,5,4,4,2,1,0,2,2,2,4,4,4,3,3,4,5,3,2,1,4,4,4,3,0,1,2,4,3,2,1,1,1,2,2,4,4,6,5,3,3,3,3,2,1,0,4,4,4,4,4,4,4,5,5,3,3,3,2,4,3,3,4,3,2,2,3,4,7,5,1,2,2,2,2,2,2,2,1,3,2,3,3,3,3,3,3,5,3,3,3,4,4,2,1,2,4,3,3,4,4,4,5,6,5,3,3,1,1,2,3,3,5,5,5,6,4,2,3,4,3,3,3,3,2,2,5,4,4,4,4,4,4,4,3,3,4,4,3,4,2,3,4,4,3,3,2,2,2,2,2,2,2,2,3,3,3,3,2,2,1,1,2,3,6,7,6,5,5,4,3,2,2,2,4,4,4,4,3,3,3,5,6,5,6,5,6,8,7,4,1,3,2,4,6,3,1,5,8,4,4,5,4,3,5,4,3,3,3,3,3,3,3,3,3,3,3,3,3,3,3,3,6,6,5,4,3,3,5,7,4,4,4,4,4,4,4,4,5,4,3,3,4,3,5,5,5,5,4,4,2,1,3,2,3,3,3,2,2,2,2,2,2,4,5,5,4,4,4,4,2,5,7,4,3,2,2,3,2,2,2,2,3,4,2,1,3,5,6,5,4,3,5,6,5,3,4,5,4,3,3,3,2,3,2,3,3,3,3,4,3,3,0,0,2,3,4,3,4,4,3,4,4,5,5,3,2,2,2,3,3,3,4,4,3,2,3,3,3,3,3,4,3,2,3,3,4,4,2,4,3,2,4,3,2,3,3,2,3,3,4,4,4,3,3,2,4,2,3,2,2,1,2,1,3,3,3,3,3,2,2,2,2,2,2,2,3,2,2,2,2,1,3,3,3,3,1,1,4,3,3,2,1,0,0,0,1,1,3,1,2,3,4,4,3,2,2,3,4,5,4,4,5,3,1,1,2,3,5,3,3,3,4,4,2,2,2,2,4,5,5,4,3,3,4,4,2,2,1,1,1,2,2,1,1,1,1,1,1,2,3,2,1,2,4,4,4,3,3,4,2,1,3,3,4,2,1,3,3,2,2,2,2,1,1,1,2,2,2,2,4,4,4,4,2,3,4,3,2,1,2,2,5,6,5,5,4,5,4,6,3,5,5,5,5,3,3,3,2,2,2,3,3,4,3,2,2,3,5,5,5,4,3,3,3,3,3,3,3,4,4,3,1,1,1,1,1,2,2,2,1,1,1,1,3,2,1,2,1,1,1,2,2,1,1,1,1,1,2,1,2,4,5,4,4,4,3,3,3,2,2,2,1,3,4,3,3,5,4,5,4,2,2,2,2,3,3,3,3,3,2,2,3,5,4,2,1,2,2,3,3,3,4,5,3,2,1,2,4,5,4,3,1,1,1,1,1,1,1,1,3,3,3,3,3,3,3,3,6,5,5,5,4,4,3,3,3,3,2,3,3,3,2,1,1,2,2,2,2,2,3,3,2,2,2,2,2,2,2,2,3,3,2,2,2,2,4,3,2,2,1,2,2,1,2,2,3,4,4,5,5,4,3,3,2,5,6,7,6,4,4,4,2,2,2,2,2,2,2,2,3,2,1,1,1,1,1,2,2,2,2,1,2,3,1,1,2,2,3,3,3,2,2,2,2,2,2,2,2,2
263,1,3,4,4,4,5,6,6,5,3,3,2,3,4,4,2,2,4,2,3,2,2,2,1,2,6,4,4,4,3,2,2,2,1,1,2,2,2,3,3,2,1,2,4,5,4,3,3,4,3,2,1,1,0,2,3,4,2,2,3,3,3,3,2,1,1,2,2,2,3,3,4,3,4,4,5,6,6,6,4,4,3,3,3,4,4,5,5,4,1,1,2,3,3,3,3,3,5,4,4,5,4,3,3,4,4,4,3,2,2,2,3,4,2,2,2,2,2,2,3,4,6,3,3,3,5,5,4,4,6,6,5,4,4,4,4,2,2,2,3,5,6,6,5,3,4,4,4,3,3,2,2,2,5,4,6,5,3,1,1,2,3,5,1,3,5,6,5,4,4,5,2,2,3,4,4,2,3,4,4,3,4,4,4,5,3,3,3,3,3,2,2,3,3,3,4,4,3,2,3,5,3,2,2,1,2,4,4,4,2,3,2,1,1,1,2,2,3,4,3,3,4,6,5,3,5,3,3,4,8,7,2,1,4,3,3,3,3,3,3,4,2,2,3,2,3,4,3,2,3,1,2,3,3,4,3,3,3,2,2,1,2,2,3,3,2,2,2,2,2,2,2,2,5,3,1,3,7,6,4,6,3,1,3,3,3,2,1,2,1,2,5,5,4,5,4,3,4,3,4,4,5,4,2,1,4,4,2,1,2,3,3,3,3,2,4,3,4,4,2,2,2,2,2,1,2,2,2,2,1,1,2,2,2,2,4,4,2,3,4,4,4,3,3,2,3,2,2,1,2,2,2,2,7,4,4,5,5,4,4,4,3,2,3,3,3,3,3,2,3,3,4,6,6,5,2,2,3,4,4,4,3,3,3,2,1,2,2,3,3,3,3,4,3,4,1,2,3,4,4,3,1,2,2,3,2,2,2,2,1,3,6,5,4,4,2,1,3,3,3,4,4,2,3,2,1,1,0,0,0,2,4,4,2,2,1,1,2,4,4,2,4,4,4,4,4,4,4,4,2,2,2,2,3,3,3,2,3,3,2,3,3,4,2,3,2,3,4,2,3,4,2,1,2,3,5,5,6,4,2,3,4,5,6,4,4,3,7,7,7,6,5,3,4,3,1,1,4,4,4,3,2,2,2,4,4,4,4,3,3,3,4,4,4,3,2,1,3,5,8,12,4,1,0,1,3,4,5,4,5,5,2,2,2,2,4,5,2,2,6,7,5,3,1,1,3,3,3,5,5,5,4,3,1,1,3,4,2,2,2,3,5,5,4,6,4,2,2,2,3,2,1,1,2,3,3,2,2,2,2,3,3,4,4,4,3,3,3,4,4,4,4,4,0,0,2,3,3,3,4,4,3,4,4,3,3,3,3,3,2,2,2,2,3,4,4,2,1,3,5,3,3,2,2,1,1,2,2,2,3,3,3,2,1,1,1,1,3,3,1,2,3,3,3,2,2,2,1,2,3,2,3,4,4,3,2,2,2,3,3,4,5,6,7,7,3,2,2,2,4,2,3,4,6,5,4,4,2,2,4,3,1,1,1,1,2,2,1,1,4,3,3,3,2,2,2,1,1,2,1,3,3,4,3,5,2,1,3,3,4,4,2,2,3,2,1,1,2,3,3,1,3,3,3,2,3,2,2,2,4,3,3,3,3,3,2,2,5,5,5,5,6,5,7,5,3,2,1,1,0,1,1,1,0,0,1,1,2,2,3,4,2,2,2,3,2,2,1,1,0,1,2,2,3,3,4,4,3,3,2,2,2,4,5,5,0,1,3,3,3,3,2,2,2,2,4,4,3,3,3,5,3,3,4,4,4,3,2,3,4,2,2,3,2,2,3,2,2,3,3,3,4,4,1,2,4,4,4,3,1,1,2,2,3,3,3,3,3,3,3,3,3,3,3,3,3,3,3,3,2,2,2,2,2,2,2,2,3,3,3,3,3,3,3,3,4,4,4,4,4,4,4,3,3,3,3,4,7,8,7,6,3,2,2,4,4,4,4,4,3,3,4,5,5,6,7,6,2,2,2,2,3,3,3,3,4,4,3,4,3,2,2,3,4,2,1,1,1,2,3,4,2,3,2,2,2,3,2,3,5,4,3,2,3,5,5,3,2,1,1,1,1,2,7,5,1,2,2,2,1,1,1,1,2,3,1,1,2,3,3,2,4,4,2,2,2,1,2,2,4,3,1,1,1,2,3,3,0,3,5,4,6,10,10,7,3,3,1,1,3,4,3,3,3,3,5,4,4,2,0,1,3,2,3,3,2,2,1,1,4,2,1,2,3,3,2,1,2,2,2,2,2,2,2,2,2,2,2,2,2,2
264,4,4,1,2,3,2,1,1,2,2,4,4,4,5,5,5,6,3,3,3,3,3,3,3,4,2,2,2,3,3,2,1,1,2,3,3,3,2,1,1,3,3,4,4,4,4,5,5,5,4,4,4,4,4,4,2,2,4,5,4,3,2,3,3,2,3,3,3,2,3,4,3,3,5,7,7,6,6,4,5,6,5,4,5,5,5,3,2,4,5,4,4,5,3,3,3,2,2,2,4,4,3,4,4,4,4,6,5,3,3,3,3,3,3,4,2,3,2,3,5,5,7,6,4,2,2,2,4,6,3,4,6,4,7,10,7,4,5,5,4,4,4,4,4,3,3,3,3,3,3,3,3,3,5,5,3,3,2,2,2,2,2,2,2,3,4,4,3,4,7,5,4,4,4,3,4,2,4,3,5,4,3,3,2,2,6,5,3,3,3,1,0,3,3,2,2,2,3,3,3,3,4,4,4,4,4,3,3,3,0,1,2,2,2,2,3,5,5,5,5,5,4,3,4,3,1,2,1,1,3,4,2,1,4,4,3,1,1,0,1,2,3,1,2,2,3,5,5,5,6,6,4,3,3,3,4,2,1,1,2,2,3,3,3,3,2,2,2,2,2,2,4,3,3,3,4,4,4,4,5,4,1,1,2,2,2,3,1,1,3,2,4,4,4,4,4,3,4,4,3,4,3,4,3,3,3,1,1,2,2,1,1,1,6,5,4,4,4,4,3,4,3,3,4,4,4,3,2,2,1,1,1,1,3,3,2,1,3,2,2,1,2,2,4,4,3,3,5,6,6,6,3,2,1,3,4,3,4,4,5,5,1,1,1,1,1,1,1,1,1,1,3,4,4,4,5,4,2,4,5,4,4,3,2,2,5,5,4,4,4,3,3,2,2,4,4,4,4,3,4,4,1,2,3,2,4,4,4,4,5,5,4,4,4,4,5,4,1,2,3,4,4,2,2,2,2,2,2,2,2,3,3,2,3,4,5,5,3,3,4,5,1,1,2,2,2,3,3,4,3,4,3,2,2,2,3,3,4,4,4,3,3,2,3,4,3,2,3,5,5,4,1,2,3,3,4,4,4,2,2,1,2,3,3,2,1,2,4,3,2,2,2,2,2,3,4,3,3,3,3,3,3,3,3,3,5,5,4,4,3,3,3,3,2,2,2,2,2,3,4,5,4,5,3,3,2,1,1,3,2,4,2,2,3,4,4,5,3,3,3,4,4,4,4,4,3,3,5,5,4,3,4,4,3,2,3,2,2,1,1,1,4,3,3,2,3,2,1,1,1,1,1,1,1,1,2,3,5,5,5,5,6,5,5,5,5,3,2,1,2,1,1,1,4,2,1,2,3,3,2,3,0,1,2,1,1,4,4,4,2,2,3,2,2,2,1,1,1,3,5,6,5,3,3,4,4,2,3,2,2,2,2,2,3,4,3,2,2,3,3,3,3,3,1,1,1,2,3,3,1,1,1,1,3,3,3,2,4,3,0,0,1,2,2,1,1,1,2,4,4,3,3,3,5,5,4,3,4,5,5,5,3,2,2,3,3,4,4,3,2,2,2,2,3,3,2,2,2,1,1,2,2,2,3,2,1,1,3,2,2,3,3,3,4,3,4,4,3,2,3,4,2,2,3,3,3,3,4,4,3,1,1,3,5,6,3,1,4,3,3,2,1,2,3,3,3,4,3,2,2,3,2,4,2,3,3,2,2,2,3,3,3,1,3,6,6,4,2,1,4,3,4,4,4,3,3,3,2,2,2,2,1,1,3,3,3,3,3,3,3,3,3,3,3,3,3,3,3,3,3,3,1,1,1,1,2,2,2,2,2,2,2,2,2,2,2,1,2,1,0,1,2,2,2,1,3,3,4,2,3,4,3,4,3,1,1,3,5,5,4,4,3,4,4,3,1,0,1,2,4,2,2,3,4,4,4,3,3,3,3,3,3,3,2,2,4,5,5,5,4,2,2,3,1,1,2,3,2,3,3,2,2,2,2,2,2,2,2,3,4,4,5,4,4,3,3,3,1,1,2,4,4,5,5,5,4,3,3,3,3,3,5,4,2,3,3,3,3,4,3,4,2,1,1,1,2,3,4,2,3,5,4,3,1,1,2,3,3,3,3,3,3,3,3,4,3,3,1,1,1,0,1,1,3,2,3,2,4,4,4,4,4,3,2,2,3,3,3,3,3,4,3,3,1,1,2,3,1,1,2,3,3,2,1,1,2,4,4,4,4,4,4,4,4,2,2,2,2,2,3,3,2,2,2,3,3,3,2,3,3,2,2,3,4,4,5,4,3,3,2,2,2,2,2,2,1,1,1,1,1,1
265,6,1,2,3,3,3,3,4,3,2,2,2,2,3,3,2,3,2,2,2,2,2,2,2,2,3,3,3,2,4,5,3,2,2,2,5,4,3,3,3,2,1,1,3,4,3,4,4,6,3,3,3,3,3,3,3,3,1,1,1,3,3,4,5,5,3,3,3,3,3,3,3,3,2,2,2,2,2,2,2,3,2,3,2,2,2,2,2,3,4,4,3,4,4,2,1,2,1,1,3,5,3,2,1,3,3,1,1,1,1,1,1,1,2,4,2,1,1,1,1,1,3,4,4,4,4,4,4,4,5,5,3,3,3,4,4,4,2,1,2,2,3,3,1,1,3,3,3,2,3,3,3,3,4,4,3,4,5,5,5,5,4,3,3,3,4,4,4,3,3,4,5,3,3,3,5,4,2,1,4,3,4,4,2,2,5,5,4,2,2,1,1,1,3,3,3,3,3,3,3,3,5,4,3,3,3,3,3,4,2,1,1,1,1,1,1,1,4,4,3,3,3,3,3,4,3,4,6,6,5,5,5,6,3,3,3,3,3,3,3,3,3,2,2,4,4,4,4,1,1,1,2,2,2,2,3,3,2,2,2,2,2,2,2,2,2,2,2,1,2,2,4,5,3,2,2,2,2,1,1,2,2,1,3,3,3,3,3,1,3,3,4,5,6,6,5,3,4,4,2,4,5,5,6,5,6,5,5,4,4,3,3,2,6,6,5,4,3,3,2,2,3,2,3,6,6,5,3,2,1,2,3,1,2,2,2,3,3,3,3,3,2,2,2,2,2,2,3,3,3,3,3,2,5,5,5,4,3,4,3,2,0,1,2,2,1,2,2,0,3,3,2,1,1,2,3,4,2,3,5,4,4,3,1,1,2,1,1,1,1,2,3,4,3,2,3,4,4,4,2,1,4,3,2,2,2,2,3,3,3,3,3,4,4,4,5,5,6,4,5,5,5,5,5,5,5,5,4,4,3,2,2,4,2,4,3,2,3,4,3,3,3,2,2,2,2,2,2,2,3,3,3,4,4,4,4,4,2,2,2,2,2,3,3,3,4,4,2,2,3,3,3,3,1,2,4,4,5,5,6,5,3,4,4,4,5,5,4,4,3,1,3,3,2,3,2,2,3,3,3,3,3,3,3,3,2,3,7,6,5,2,2,1,3,3,2,2,3,4,5,7,5,4,2,2,2,2,2,1,6,6,3,1,1,1,1,1,2,2,2,2,2,1,1,1,2,3,2,1,3,4,4,2,1,2,3,3,3,3,4,2,2,2,3,3,3,3,3,3,3,3,3,3,3,3,3,3,2,3,2,3,4,3,3,2,4,3,4,3,2,2,1,1,1,1,1,1,1,3,4,4,2,2,3,3,3,4,5,4,5,3,4,4,5,5,4,4,1,4,4,4,4,5,4,5,5,3,3,3,3,3,3,3,3,3,1,1,1,1,1,2,1,2,3,3,2,2,2,3,2,2,4,3,3,3,1,1,5,5,4,4,3,2,2,2,2,2,2,2,2,1,2,2,3,3,2,3,3,3,3,3,1,1,2,2,3,3,2,2,1,2,4,3,2,1,1,1,2,2,4,4,4,4,4,4,4,4,4,5,6,7,6,5,3,4,4,4,4,4,3,4,3,5,5,2,2,3,4,3,4,4,3,6,7,5,2,3,3,2,3,3,3,1,1,2,3,3,4,4,5,4,2,2,3,3,2,3,3,2,2,2,2,3,3,3,2,2,3,3,0,2,3,3,3,3,1,1,4,3,4,3,2,4,3,2,3,3,5,5,4,4,3,2,2,2,1,2,4,4,2,2,4,4,3,1,2,3,4,4,3,4,4,3,4,4,4,3,2,2,2,3,3,3,4,4,4,2,2,4,4,5,6,6,3,3,3,3,3,3,3,3,4,4,2,3,2,2,3,3,2,2,2,2,3,3,2,1,1,3,4,3,2,3,5,5,2,4,5,5,4,2,0,5,5,0,1,4,5,2,1,1,2,2,4,3,3,3,2,3,4,5,5,5,5,3,2,3,2,2,3,3,3,3,3,2,5,5,3,2,3,4,6,7,5,4,4,3,3,2,2,1,3,3,4,4,3,4,4,4,4,3,3,4,5,4,4,4,1,1,5,6,4,0,4,9,1,0,1,1,1,1,1,1,3,2,2,2,2,3,3,3,2,2,2,2,2,2,1,1,2,2,2,2,2,2,3,3,5,3,2,1,1,1,1,1,3,4,4,3,3,2,2,1,4,4,4,4,4,3,1,2,3,3,2,1,2,2,2,2,3,3,3,2,2,3,2,2,2,3,4,4,3,5,4,4,2,3,3,3,3,3
266,4,4,4,2,3,2,2,4,5,5,3,3,3,5,6,5,4,1,1,1,1,1,2,2,2,2,1,1,1,2,2,3,3,2,2,1,1,3,3,3,2,1,2,3,2,3,4,4,1,2,2,2,2,4,4,4,3,4,4,4,3,4,4,5,5,1,1,1,2,2,2,4,5,3,4,4,4,4,6,4,2,2,1,2,1,1,1,3,5,5,5,5,4,4,3,3,3,4,4,3,3,3,2,2,2,1,1,2,3,3,4,2,1,2,3,2,2,1,2,2,2,1,2,2,2,2,1,1,1,5,6,4,3,5,6,6,5,2,2,2,1,3,2,1,1,3,3,3,3,3,3,3,2,2,3,3,3,1,3,4,4,3,2,3,3,3,2,2,3,3,3,3,3,4,4,6,3,0,1,3,4,4,3,3,3,4,2,1,0,1,2,3,1,3,2,2,2,4,5,5,4,5,4,4,4,4,4,5,4,3,3,3,3,4,6,4,4,3,4,1,1,2,1,4,4,3,3,3,3,3,3,3,3,3,3,4,3,4,4,4,4,3,2,3,3,4,4,5,4,5,4,3,3,4,3,4,4,1,2,3,3,3,3,1,1,1,2,3,3,3,4,4,4,3,3,3,2,2,1,1,0,1,2,3,3,2,1,1,1,1,1,2,3,1,1,1,1,2,2,2,2,2,2,3,4,3,6,5,4,4,4,1,2,3,3,2,1,1,1,1,1,2,2,3,4,2,3,4,4,3,3,3,3,3,3,3,3,2,1,1,2,3,5,6,5,2,2,4,4,3,3,2,1,1,3,4,3,4,3,3,2,1,2,2,3,3,2,2,3,2,2,2,2,2,2,2,3,4,3,4,3,4,6,8,8,3,4,3,3,4,3,4,3,5,5,5,3,3,3,2,2,2,3,1,1,1,1,2,3,2,1,2,3,3,2,2,2,4,2,3,2,3,3,3,2,4,3,3,2,2,3,5,7,1,2,2,2,2,3,3,2,4,4,4,4,3,3,3,3,3,3,3,3,4,4,5,5,2,2,2,2,4,4,2,2,3,2,3,7,8,5,3,4,3,6,7,4,3,4,5,4,2,2,3,4,4,4,6,6,2,1,2,2,2,2,2,2,3,3,3,3,3,3,3,3,3,3,2,3,2,4,3,2,3,3,3,3,3,3,3,3,3,4,4,5,5,4,4,3,2,3,2,4,4,2,2,1,1,3,3,4,4,3,2,2,2,2,3,4,4,4,3,2,1,1,1,2,2,3,3,3,1,1,1,1,3,3,3,3,2,1,2,2,3,4,4,4,5,5,5,4,4,4,3,3,5,5,5,4,4,4,4,4,4,2,3,3,3,4,4,4,2,2,1,1,2,2,2,2,4,4,4,3,3,3,3,2,4,4,3,4,4,3,1,2,1,1,1,1,1,1,2,2,1,1,1,2,2,2,2,2,4,3,4,4,4,4,3,3,4,3,4,3,1,2,4,6,5,6,3,3,3,3,3,4,3,3,2,2,2,2,2,3,3,3,3,2,1,2,2,2,2,1,2,3,4,5,5,5,2,2,1,1,1,1,1,1,1,1,1,2,2,2,3,3,2,2,2,2,3,3,3,3,2,3,3,4,2,2,2,4,6,4,4,2,3,3,3,2,1,3,4,4,5,5,3,2,0,2,3,4,5,5,5,5,1,1,1,2,3,4,5,3,3,3,2,2,2,3,3,2,2,2,2,2,1,1,1,2,3,3,2,2,3,3,3,1,1,1,2,2,3,3,3,3,4,4,3,2,0,1,3,5,1,1,3,3,2,2,2,1,2,1,1,1,3,3,2,2,3,3,3,3,3,3,3,3,2,2,3,3,3,2,2,2,2,2,1,2,3,4,4,3,4,4,4,4,4,4,4,4,2,1,2,2,2,2,2,2,1,1,1,1,2,3,5,5,2,1,1,2,2,2,2,1,5,5,5,5,5,5,5,4,3,3,3,2,4,3,4,5,1,1,3,5,5,5,4,4,4,3,2,3,3,4,3,1,2,2,3,3,3,3,3,3,3,3,3,3,3,3,3,3,2,2,2,2,2,1,2,2,1,2,2,3,2,3,3,3,3,4,4,4,3,2,1,2,3,2,1,1,1,2,4,2,0,0,0,0,0,1,2,2,3,2,3,3,2,2,2,3,3,3,3,4,4,3,2,2,1,2,2,3,4,4,3,4,4,3,4,3,3,3,2,2,2,1,1,1,2,2,3,3,2,3,3,4,3,5,5,5,3,4,3,2,3,3,2,1,5,5,3,3,4,5,3,1,2,2,2,3,3,3,2,1,1,1,2,2,2,2
267,3,4,4,5,5,5,5,5,5,3,3,3,4,4,3,3,3,3,3,3,3,3,3,3,3,3,3,3,3,3,3,3,3,4,3,4,3,2,1,2,2,5,5,4,4,4,5,4,3,3,2,2,2,2,3,3,2,2,4,5,3,2,2,3,2,4,3,3,3,3,4,3,3,4,4,4,2,1,1,3,4,3,3,2,2,3,3,3,2,1,2,2,3,3,2,1,3,4,4,4,2,2,2,2,4,6,3,3,6,6,4,4,3,2,1,3,3,3,1,1,3,5,5,4,4,3,2,2,1,4,8,8,4,6,9,5,4,6,5,5,5,4,4,4,3,4,4,3,2,2,2,2,4,2,3,4,3,2,2,3,4,5,5,4,4,4,1,3,5,4,4,4,3,3,3,4,4,5,4,3,2,2,2,3,4,3,3,3,2,2,2,1,2,3,1,2,4,4,5,4,2,3,3,3,3,3,3,3,3,3,4,3,3,3,2,2,3,4,4,3,3,4,4,2,1,2,2,2,2,1,1,3,5,3,3,3,3,3,3,3,3,3,4,5,4,4,4,4,5,4,3,1,2,3,3,2,3,3,4,5,4,2,1,2,4,3,3,3,3,3,3,3,3,2,3,2,1,2,1,2,1,2,2,2,2,2,1,1,1,3,3,2,2,2,2,2,3,4,3,2,3,4,4,3,2,4,4,1,1,1,1,5,6,3,4,6,6,5,5,4,3,4,4,3,1,2,2,4,4,2,3,3,3,4,4,5,5,3,3,3,3,3,3,3,3,3,3,3,3,3,3,3,3,2,2,2,5,5,5,4,3,4,4,4,3,2,2,2,4,4,4,5,5,3,3,3,4,4,4,4,3,3,4,3,4,5,7,5,5,4,3,3,3,5,3,2,2,3,3,3,5,5,4,3,3,3,3,4,5,5,2,2,4,5,3,2,3,3,2,1,2,3,4,4,3,2,2,2,2,2,2,2,2,2,3,3,2,1,2,4,6,4,3,3,2,2,2,2,2,3,2,3,3,2,0,1,3,5,3,1,2,4,4,3,3,4,3,3,5,4,4,5,4,3,4,5,4,3,3,3,3,3,4,4,4,4,4,4,3,4,3,3,2,2,2,3,2,4,6,6,6,4,1,1,2,3,3,4,4,4,4,4,3,3,2,1,3,4,4,2,2,4,5,6,6,6,6,4,4,2,2,4,5,4,4,3,3,3,3,3,4,6,4,4,4,4,2,2,2,1,1,1,1,3,2,1,2,2,3,3,3,1,3,4,4,5,3,4,5,3,3,1,1,1,3,3,3,3,1,1,1,3,3,2,4,4,3,2,1,2,1,1,1,2,2,3,4,5,3,2,4,2,1,4,3,3,3,2,4,5,3,4,3,3,5,5,5,2,2,2,2,2,2,1,1,1,2,2,2,3,3,3,4,4,3,3,3,4,3,2,3,2,2,5,6,7,5,3,2,2,4,4,3,4,3,2,3,6,5,3,4,4,3,3,1,2,4,5,4,4,4,5,3,3,4,4,3,3,4,4,4,5,3,2,2,1,2,2,3,2,2,2,2,2,2,2,2,2,2,2,2,2,3,3,1,3,3,4,4,4,4,4,5,4,3,1,2,2,3,1,1,3,2,2,1,1,1,1,1,2,2,4,4,2,1,2,3,3,3,3,3,3,3,3,2,2,4,4,5,5,3,2,3,3,4,2,2,2,3,5,3,2,2,2,2,3,4,5,2,4,4,5,4,3,3,2,1,1,1,2,3,3,4,4,4,4,3,3,3,3,3,4,5,3,3,3,3,3,3,4,3,2,2,4,4,4,3,2,3,2,2,2,3,3,3,3,3,2,2,3,4,4,5,6,6,3,3,3,3,3,3,3,3,2,2,2,2,2,2,3,2,0,0,0,2,2,3,2,3,6,5,3,3,2,3,3,3,3,3,4,4,3,4,4,3,3,3,3,3,3,3,3,3,3,4,5,4,2,4,4,4,2,2,3,2,3,3,3,3,2,3,4,4,4,4,3,1,4,4,5,6,6,4,4,4,2,2,2,2,2,2,3,2,3,3,3,2,3,3,2,2,4,4,4,3,3,3,2,2,2,2,3,3,3,3,3,2,2,3,2,1,1,3,3,3,2,2,1,1,2,2,3,3,2,2,2,2,2,1,1,1,2,3,3,4,4,3,3,2,3,3,3,3,4,5,5,5,3,3,3,2,3,2,2,1,2,5,4,4,3,2,2,2,1,3,5,6,7,7,5,4,3,2,2,2,2,1,1,2,2,2,2,2,2,2,2,2,1,1,1,1,1,1,1,1,3,3,3,4,3,4
268,1,4,4,2,1,2,4,4,1,4,3,4,5,4,5,5,5,5,4,3,2,2,2,1,2,2,2,2,2,1,1,1,1,2,2,2,2,2,2,1,2,2,3,4,3,3,3,2,2,4,4,3,3,4,5,5,5,3,5,5,4,3,3,3,4,5,5,4,2,2,2,4,6,6,5,4,4,3,3,3,3,5,3,3,3,2,2,3,2,2,2,2,2,2,2,1,2,2,2,4,3,3,2,1,2,3,2,3,3,2,2,2,3,3,3,3,2,1,2,3,3,5,4,3,2,1,1,3,2,3,2,1,3,2,4,6,4,3,2,2,3,4,5,4,2,4,5,3,4,4,4,4,4,2,0,2,4,3,2,1,1,4,3,3,2,2,2,1,1,3,3,3,3,2,2,5,4,5,6,6,5,4,4,5,6,3,3,4,3,2,3,2,3,2,3,6,6,5,3,3,2,3,3,5,4,3,3,1,2,3,3,3,2,1,1,3,4,4,3,2,2,1,2,3,3,3,3,3,3,3,3,3,3,3,4,6,6,6,5,3,4,3,2,2,2,3,4,2,2,3,3,3,2,4,5,5,3,2,1,1,1,1,2,3,3,3,3,3,3,4,4,4,5,3,4,4,3,1,2,1,0,1,2,2,1,2,1,2,2,4,3,2,3,4,3,0,0,1,3,3,3,2,2,3,5,4,3,1,1,1,1,2,2,1,2,1,1,1,1,2,2,3,3,3,3,3,3,2,6,8,4,3,3,3,3,1,3,2,3,2,3,4,4,2,2,2,2,3,3,2,2,3,3,4,3,3,3,3,3,3,3,4,4,4,3,3,3,3,3,3,3,4,4,4,5,5,4,1,1,2,2,3,3,3,4,5,5,4,3,5,5,5,5,3,4,5,5,6,5,2,2,2,1,2,2,3,4,4,5,5,5,5,4,4,4,4,4,5,5,5,4,4,4,4,4,2,2,2,2,2,2,2,2,3,1,2,2,2,3,2,3,2,2,3,4,5,5,6,6,6,4,4,3,3,3,2,1,3,3,3,3,3,3,2,2,3,5,4,0,0,2,3,1,1,2,3,3,4,4,4,4,3,3,5,5,4,4,4,4,3,3,3,3,1,0,1,5,1,1,1,2,2,3,3,4,5,4,4,3,3,2,2,3,4,3,2,3,3,3,3,3,2,2,2,2,3,3,3,3,5,5,4,4,5,4,3,3,1,1,3,3,4,3,3,4,2,1,0,1,0,1,2,1,2,2,2,3,3,3,3,4,3,2,3,4,4,4,4,2,2,2,2,3,3,3,4,4,4,4,4,4,4,4,4,3,2,3,3,2,2,2,3,4,3,3,3,3,3,3,4,4,5,4,3,3,4,5,4,4,1,1,2,2,2,5,7,5,4,5,4,4,4,4,2,3,2,2,4,4,4,3,2,4,5,3,5,6,2,2,4,2,2,2,3,3,3,2,2,1,1,2,3,3,2,2,3,5,2,2,4,4,2,4,6,2,1,4,4,3,3,3,3,3,5,3,3,4,4,3,4,4,3,3,3,3,2,2,2,2,1,1,1,1,1,1,1,1,2,2,2,3,3,4,4,4,3,4,4,4,4,3,2,2,1,1,1,3,4,3,1,3,5,4,4,4,3,3,2,2,1,1,1,1,1,1,1,0,1,1,2,4,4,3,2,3,3,1,2,5,5,4,3,2,2,4,3,3,3,4,4,4,3,1,1,1,3,4,4,4,3,3,3,2,3,3,2,2,3,3,3,3,3,3,3,3,4,3,4,4,2,2,3,3,2,2,2,3,2,2,2,2,5,6,4,4,5,6,4,2,3,4,3,3,2,2,2,2,3,3,3,4,4,5,6,5,3,3,4,4,3,3,2,3,2,3,4,4,3,3,3,4,4,4,2,1,3,4,4,4,2,2,2,1,3,3,4,3,2,3,4,3,4,4,5,5,5,4,3,1,2,2,4,4,4,3,3,2,4,4,3,2,3,4,4,4,3,2,2,3,2,4,4,4,4,5,5,4,4,5,4,4,4,4,4,4,5,6,6,7,7,7,6,1,4,6,4,3,3,3,3,2,2,2,3,3,3,4,5,5,2,2,4,4,3,3,2,2,7,5,3,2,2,3,4,3,3,2,3,3,4,5,7,6,3,2,2,2,3,2,1,1,2,1,2,2,4,3,3,4,2,2,3,4,3,2,2,1,1,3,5,6,6,5,3,2,4,6,4,3,2,2,3,3,3,3,3,3,3,3,3,3,1,2,2,2,2,3,3,3,3,3,3,3,4,4,4,4,3,3,3,3,3,3,3,3,3,3,3,3,3,3
269,4,2,2,1,2,1,2,2,1,1,2,2,3,3,3,3,3,3,3,3,3,4,3,1,4,5,3,4,4,4,4,4,5,1,1,1,2,2,3,4,5,3,1,2,3,2,2,3,4,3,2,3,3,3,4,4,2,2,2,2,2,2,2,2,2,6,4,3,2,2,4,4,4,5,5,5,3,3,5,3,2,2,3,2,2,2,1,1,1,3,3,3,3,3,3,3,3,3,2,1,2,3,3,3,3,4,4,3,1,2,2,3,3,4,3,3,2,2,2,3,3,2,1,1,1,1,2,2,2,3,4,4,4,4,3,3,2,3,2,1,3,3,4,4,4,3,2,3,4,3,4,4,3,3,4,4,3,2,2,3,3,5,3,3,3,3,3,1,2,4,3,2,1,4,5,6,7,5,4,5,4,4,2,1,0,1,2,3,3,3,3,1,1,4,4,3,4,4,3,3,4,4,4,2,1,1,2,2,2,4,3,2,1,1,2,3,3,4,4,4,4,4,5,5,3,3,3,2,2,3,4,3,1,1,1,3,3,2,1,3,3,4,3,5,5,6,6,4,5,2,3,4,2,0,2,2,2,3,3,4,3,3,3,3,3,3,2,3,3,3,2,1,2,1,3,4,5,4,1,0,0,1,2,3,3,3,1,2,3,3,3,3,3,3,3,4,5,3,2,3,4,5,4,2,2,2,4,6,5,4,3,3,4,3,3,2,2,3,3,3,4,2,1,2,2,3,3,3,2,2,4,4,4,3,1,2,3,2,2,2,2,2,2,3,3,3,3,2,3,2,2,4,4,5,4,4,4,5,4,4,4,3,4,4,5,4,3,3,3,4,3,1,1,4,6,6,4,3,2,3,3,3,3,3,2,3,3,3,2,2,1,2,3,4,3,3,3,4,4,3,4,4,3,4,4,2,1,2,3,4,4,5,4,3,3,3,3,4,2,3,3,2,2,2,2,3,3,3,3,3,3,2,2,2,3,3,2,3,3,2,2,2,1,1,1,1,1,2,1,2,2,4,4,3,3,5,5,4,3,3,3,3,3,4,3,3,5,6,5,4,2,1,2,1,1,3,4,4,4,2,1,2,2,4,4,4,2,2,3,4,4,3,4,2,3,2,3,5,4,2,1,1,2,4,5,4,3,3,3,4,4,4,4,4,5,5,3,3,3,3,5,5,2,2,3,2,2,2,2,3,4,3,2,2,1,1,1,3,3,4,3,3,5,6,4,2,2,3,3,3,4,4,3,3,3,3,4,4,4,4,3,2,3,3,3,2,2,0,1,2,2,1,2,2,2,4,4,7,7,7,7,6,5,6,8,3,3,3,3,3,3,3,5,4,3,5,3,2,3,2,2,3,1,1,1,1,2,3,2,3,4,2,1,2,2,2,3,4,2,1,1,2,2,2,2,1,2,2,4,5,5,6,4,1,2,2,3,2,2,2,3,3,2,3,4,3,3,4,3,3,3,3,3,3,4,4,5,5,6,5,5,5,5,5,4,2,2,2,2,2,2,2,2,1,2,3,4,4,3,3,2,3,3,3,4,3,3,3,3,3,1,1,3,3,5,5,4,2,1,1,1,1,1,1,1,4,4,5,3,3,4,5,5,4,5,4,3,3,3,3,5,3,2,3,3,4,4,5,5,2,3,5,6,6,5,3,2,5,5,3,1,1,1,1,1,1,1,1,1,1,1,1,1,1,1,1,1,1,1,1,1,1,1,1,1,1,1,1,1,2,4,3,3,2,2,2,2,1,2,3,3,3,4,3,4,4,5,4,4,2,1,1,2,1,3,3,3,3,3,4,4,4,4,3,3,4,4,3,3,3,2,3,4,4,3,2,2,1,3,4,3,2,1,2,2,0,2,4,5,5,4,2,3,3,3,4,4,4,4,3,3,4,4,3,3,3,2,1,2,3,2,2,3,3,3,3,3,2,1,1,1,2,2,2,2,3,2,2,2,2,3,1,1,2,1,2,3,2,2,1,2,1,2,2,2,3,4,4,4,4,3,3,3,5,5,4,2,2,1,1,2,3,5,4,3,1,1,2,2,2,2,4,4,3,4,4,4,4,4,5,5,4,4,3,3,3,3,3,3,2,2,2,4,5,6,5,3,2,2,3,5,4,3,3,3,3,1,2,3,3,3,3,3,1,1,4,4,1,1,4,4,2,3,3,1,1,4,7,7,7,5,4,2,1,1,3,3,2,3,3,3,3,3,3,3,3,3,3,4,4,3,3,3,2,2,2,2,2,2,2,2,3,4,4,3,2,2,2,3,2,1,2,5,3,2,5,5,2,1,3,4,4,4,3,3,3,3,3,3,3,3
270,2,2,2,3,3,3,4,4,4,3,2,1,1,1,2,4,5,4,3,3,2,2,2,1,1,1,1,0,1,1,1,2,3,2,2,3,2,3,2,3,5,4,2,4,7,8,8,6,7,3,3,6,5,4,4,5,7,5,3,5,5,4,4,3,4,3,1,2,2,2,4,3,2,3,3,3,3,3,3,4,3,1,2,3,3,2,1,1,3,1,2,4,4,5,5,3,3,4,3,1,1,1,2,2,2,2,1,2,3,4,3,3,4,3,3,3,5,5,4,4,4,5,4,2,2,4,6,6,5,4,4,3,2,3,5,6,3,4,6,6,6,4,2,1,2,3,3,2,2,3,2,2,2,2,2,4,4,2,2,3,3,4,4,4,4,5,4,4,3,2,2,2,2,2,2,3,3,2,2,2,3,3,2,3,4,3,3,4,4,5,5,5,4,3,3,3,3,4,4,4,4,3,2,2,2,1,1,1,1,3,4,3,4,4,4,4,3,1,1,3,4,4,3,3,1,3,1,2,2,2,3,2,2,3,3,4,3,2,3,3,3,4,4,4,2,2,2,3,4,4,3,4,3,3,3,3,4,2,2,2,1,1,1,1,1,3,4,3,3,3,3,4,3,4,4,3,2,4,4,6,5,1,2,2,2,3,3,3,3,2,4,3,4,6,6,5,2,3,3,4,6,7,7,4,1,1,1,2,3,2,1,1,2,1,3,4,2,3,2,2,2,3,2,3,3,3,3,4,3,1,2,3,4,5,3,2,1,2,1,2,3,3,3,2,2,3,3,3,3,2,2,2,3,3,2,1,1,3,3,3,4,4,2,3,3,1,1,1,1,1,0,0,1,2,2,1,2,3,2,2,3,3,3,3,3,4,5,4,3,3,3,4,5,4,4,4,3,3,3,3,3,5,6,2,1,2,3,4,4,3,3,3,4,5,2,1,1,5,3,3,5,5,4,3,3,2,4,5,4,4,5,7,8,4,3,2,2,3,2,2,2,3,4,4,3,3,2,1,1,3,3,4,3,2,2,2,3,4,3,2,2,3,4,4,4,3,3,3,2,1,1,1,2,4,4,3,3,4,5,3,2,1,3,3,2,3,3,5,5,5,3,3,3,3,3,2,4,4,4,3,4,3,2,2,1,2,2,3,2,3,2,3,4,1,1,3,3,4,3,1,1,1,1,3,3,3,3,1,1,3,2,3,4,4,5,5,3,0,1,3,3,4,4,4,3,1,3,4,4,4,3,2,3,4,2,2,2,3,3,3,4,2,3,3,3,3,3,3,3,5,4,3,3,3,3,3,3,3,3,3,3,3,3,3,3,3,2,3,4,4,4,3,1,1,3,3,3,3,3,3,3,2,2,2,2,2,2,3,3,3,2,3,3,3,3,4,4,5,6,6,4,4,4,3,4,4,3,3,3,3,3,4,4,4,4,4,3,3,3,4,5,4,5,4,4,3,3,3,3,2,1,4,7,7,7,5,4,2,2,3,2,3,4,3,1,1,1,2,3,3,2,3,3,3,3,3,4,3,2,1,1,2,3,3,3,4,5,4,3,0,1,4,5,5,3,0,0,2,1,2,3,3,3,4,4,1,1,1,4,4,1,3,6,4,3,3,2,3,3,4,5,6,6,6,4,3,3,1,0,1,3,5,5,6,5,4,2,1,2,1,2,2,2,3,4,4,4,4,4,3,2,1,1,2,2,2,2,2,2,2,2,3,3,1,1,1,2,2,3,2,3,3,3,2,2,2,2,4,4,2,3,3,2,2,1,2,3,3,2,1,1,3,5,5,5,4,4,4,5,4,5,6,5,5,4,3,3,2,2,2,1,2,1,1,0,2,2,3,3,2,2,2,2,1,5,6,2,1,1,1,1,1,1,1,1,2,2,3,3,2,2,2,3,3,2,2,2,5,7,5,4,3,1,2,2,4,5,3,2,3,3,3,3,4,3,3,3,3,2,2,2,3,5,5,3,3,2,0,2,2,2,2,1,1,3,6,7,6,5,2,1,1,1,2,2,2,1,3,2,2,5,7,6,2,0,2,2,3,4,4,4,4,4,2,1,1,2,2,3,2,2,4,3,3,2,3,3,3,5,4,3,4,5,5,5,6,5,4,3,4,4,2,2,4,4,0,2,5,6,6,4,3,3,3,3,4,5,4,5,3,3,2,2,2,2,3,4,3,1,2,4,3,4,3,4,4,4,3,3,3,2,3,6,4,2,2,2,2,2,3,3,4,4,3,3,2,2,2,2,2,2,2,3,3,4,4,4,3,1,1,1,2,2,3,3,4,4,2,2,3,3,3,3,3,3,3,3,4,4,4,4
271,5,3,4,6,5,5,2,1,1,2,2,2,3,3,3,4,3,3,3,3,3,3,3,3,4,4,4,4,3,3,2,2,2,1,1,3,3,2,4,3,1,1,3,6,7,6,5,3,3,1,1,1,1,2,3,4,3,4,4,4,4,4,4,4,4,3,6,6,5,3,3,4,5,5,5,5,4,4,4,3,3,3,4,5,4,3,2,2,3,3,3,3,3,3,3,3,3,1,3,3,2,2,4,5,4,3,3,3,4,3,3,4,4,2,2,4,4,2,2,2,3,4,3,2,4,4,3,3,5,4,4,2,3,4,6,7,7,4,3,3,4,4,4,4,4,5,5,4,3,3,2,3,4,5,5,4,4,3,3,3,3,3,3,2,2,3,3,3,2,3,4,4,4,4,5,5,5,3,3,3,3,4,3,4,2,1,2,3,2,1,1,3,3,2,1,2,2,2,3,3,3,3,4,2,1,1,2,3,2,3,2,2,4,4,4,4,3,2,3,3,4,4,4,3,3,1,2,4,4,5,5,5,5,4,3,3,3,3,3,2,3,2,1,1,2,2,3,3,4,5,5,4,4,4,3,2,4,4,4,4,4,4,4,4,4,4,2,2,4,5,4,4,4,1,1,2,1,2,2,4,5,3,2,2,2,3,4,4,4,4,4,5,5,5,5,6,6,4,3,2,1,1,1,1,2,5,4,4,4,3,4,4,3,3,3,1,1,2,2,2,2,3,2,2,2,2,2,2,2,2,2,2,2,3,3,3,3,4,4,4,4,4,5,4,4,2,2,2,1,1,2,3,2,2,2,2,1,2,3,3,2,4,4,3,4,4,4,4,4,2,3,3,4,4,4,3,3,2,3,2,2,2,2,3,4,3,4,4,2,1,2,3,2,3,3,2,3,3,3,2,2,3,4,4,4,4,4,2,2,3,2,2,3,6,7,4,3,4,3,2,3,3,3,4,4,3,3,3,3,3,3,2,4,6,6,4,4,3,4,4,3,3,2,3,5,4,3,2,3,3,3,3,5,5,4,5,6,3,2,2,2,2,2,2,3,2,3,3,2,2,1,1,2,2,1,3,5,5,5,6,4,3,3,3,3,3,3,4,4,3,3,2,2,2,2,2,1,3,2,2,2,3,3,2,3,5,4,3,3,4,4,3,4,3,3,2,2,3,4,4,2,1,2,2,2,2,2,2,2,4,4,4,4,4,4,4,4,3,3,4,6,6,5,5,4,3,4,3,2,3,5,6,6,5,3,1,1,4,7,5,4,2,3,3,3,3,3,3,5,2,0,0,3,5,3,2,2,4,4,4,3,3,3,4,4,3,3,4,4,4,4,4,2,1,1,1,1,2,1,1,1,3,3,4,3,2,3,3,3,2,1,2,2,3,3,4,4,3,3,3,3,3,3,3,3,3,3,2,3,3,3,3,3,4,4,2,1,1,1,1,2,4,4,5,4,4,4,4,3,3,3,3,3,3,3,3,2,2,3,3,3,4,4,4,2,0,2,2,1,3,4,3,1,1,1,1,1,1,2,2,2,2,2,2,2,1,1,1,2,2,2,3,3,3,2,4,5,4,6,5,3,2,3,7,7,4,1,2,2,2,1,2,4,5,5,3,2,2,2,3,3,1,3,4,1,1,1,2,1,1,1,2,3,3,3,2,4,2,2,4,4,3,3,4,4,2,1,1,3,3,3,2,2,2,2,2,3,3,3,3,3,2,2,3,3,3,3,3,3,2,2,3,3,3,2,3,4,3,2,2,1,1,1,2,3,1,1,2,1,1,1,1,1,3,4,4,4,3,3,4,5,4,5,5,3,1,1,3,5,5,3,2,3,4,4,4,2,3,2,3,3,3,3,3,2,3,4,4,3,3,2,1,1,4,5,4,5,5,5,5,5,3,3,3,3,3,4,3,1,1,2,1,1,1,1,1,3,4,4,4,4,3,3,4,4,3,3,3,3,3,3,3,3,3,2,2,3,4,2,3,4,4,1,2,3,2,0,0,0,1,3,3,4,4,5,6,5,4,4,4,4,4,4,4,4,5,5,3,2,2,3,5,6,5,3,2,2,2,2,3,3,1,2,2,2,1,2,2,2,3,3,3,3,2,3,3,3,5,4,2,3,3,4,5,5,3,3,3,3,1,1,1,2,7,6,5,5,5,5,5,5,7,3,3,3,1,2,1,2,3,3,3,3,3,3,3,1,1,2,2,3,3,2,3,3,3,3,3,2,2,3,4,4,3,3,3,3,3,3,3,3,2,2,3,3,2,3,3,2,3,1,1,2,3,5,5,4,4,4,2,2,3,4,4,3,3,3,3,3,3,3
272,3,2,1,0,1,2,3,3,2,5,6,6,6,6,6,6,6,4,3,3,2,1,1,2,3,3,4,6,6,6,5,3,3,1,2,2,3,3,2,2,1,3,4,3,3,2,3,3,4,3,2,2,3,1,1,1,1,3,5,5,4,2,1,2,4,5,3,3,4,4,3,3,3,3,4,4,4,3,3,3,3,3,3,3,3,4,4,2,2,2,2,1,1,1,2,3,2,3,3,3,3,3,3,3,3,3,5,5,3,2,2,2,2,1,1,2,2,2,2,3,3,2,3,2,3,3,3,3,3,5,6,4,4,6,6,4,4,3,3,2,3,4,4,3,3,4,5,4,2,3,4,5,5,6,5,5,6,5,4,5,2,2,2,2,3,3,3,3,4,3,5,6,4,3,3,4,5,3,0,1,1,1,1,1,1,2,5,4,2,2,2,3,3,3,3,3,3,3,3,3,3,3,3,2,2,2,2,2,2,1,1,1,1,2,2,2,2,4,3,3,2,3,2,2,2,2,1,2,4,5,5,3,3,3,3,5,5,6,6,5,3,2,2,3,3,4,4,4,4,4,3,4,3,2,3,2,3,5,4,4,4,3,3,3,2,1,3,3,3,3,4,3,3,2,1,1,1,1,1,1,1,2,1,1,2,2,3,5,4,5,3,4,4,4,4,4,4,4,5,4,4,4,3,3,3,2,1,1,2,3,3,3,3,3,3,3,2,2,2,2,2,2,2,3,3,3,3,2,2,2,2,2,3,5,4,5,6,3,3,3,3,3,3,3,3,4,3,3,2,3,3,3,3,5,4,5,5,5,5,3,4,4,1,1,2,3,3,3,3,3,3,3,3,3,3,3,3,2,3,5,6,6,5,3,4,5,5,5,5,4,4,4,3,3,4,3,2,2,4,4,3,1,1,3,3,2,3,4,5,4,5,5,3,3,3,2,2,4,5,5,4,3,3,3,3,4,3,2,3,3,5,5,7,3,2,2,3,3,4,2,1,2,2,2,2,2,2,5,6,3,3,3,3,4,4,4,2,3,4,4,4,4,5,2,1,1,0,0,1,3,2,2,1,2,3,5,5,3,3,3,3,4,2,2,3,4,6,7,9,9,6,4,2,1,2,4,5,1,4,6,4,2,3,3,2,3,4,5,6,6,6,5,3,3,3,3,3,3,3,3,3,4,4,4,3,2,3,4,4,5,7,6,4,3,2,2,1,2,2,1,0,2,2,3,7,5,1,2,3,3,3,4,4,5,4,4,4,4,5,4,2,4,2,3,5,5,4,4,5,2,2,2,2,2,2,2,2,0,0,2,2,2,2,2,2,3,3,4,4,3,3,3,2,2,3,4,5,3,3,3,1,2,3,3,4,4,4,4,2,3,3,4,4,4,4,4,4,3,3,3,2,2,2,3,4,2,2,3,3,4,3,2,2,4,4,4,5,5,4,4,4,2,2,2,2,2,2,2,2,1,1,1,1,1,2,3,3,1,2,1,1,1,1,2,1,4,3,3,3,4,3,3,3,4,5,5,5,4,3,2,2,2,2,2,3,1,2,1,4,2,3,5,5,3,0,1,0,1,2,3,3,3,4,3,3,2,2,2,2,3,3,3,4,3,1,1,1,1,3,3,3,3,3,2,2,2,3,2,3,1,1,2,2,1,1,3,2,2,0,1,2,3,3,2,1,2,4,2,2,3,3,4,3,2,2,2,2,2,2,2,2,1,1,1,1,1,1,1,1,3,3,3,3,3,3,3,3,2,2,3,3,2,2,3,3,3,3,3,3,3,3,3,3,3,3,2,3,5,5,5,3,2,3,2,2,3,3,2,4,8,7,5,6,6,6,4,3,3,2,2,3,3,3,2,1,3,4,3,4,4,4,5,3,3,3,3,3,3,3,3,3,2,2,2,1,1,3,4,2,4,4,3,4,5,4,4,3,0,1,1,1,2,3,4,3,3,2,2,2,2,2,2,2,2,0,3,5,6,6,4,3,1,1,2,2,3,3,2,1,1,1,1,3,4,4,4,4,5,5,4,4,3,3,1,2,3,3,3,3,3,3,3,3,2,3,5,6,4,2,2,3,3,3,3,3,3,3,3,3,2,3,4,5,5,5,5,6,7,6,4,4,6,7,6,4,3,4,3,3,2,2,2,2,3,2,3,3,3,3,5,5,5,4,2,3,5,6,6,3,1,2,2,1,1,2,3,2,2,2,2,1,1,2,3,4,2,0,1,2,2,1,1,3,2,2,2,3,2,3,3,3,3,3,3,4,3,3,4,4,1,2,2,2,3,3,3,3,2,2,2,2,3,3,5,6,3,3,4,4,5,5
273,1,5,3,1,3,5,5,4,2,1,1,2,1,4,5,6,6,3,3,3,2,3,2,2,4,4,3,3,3,2,3,2,3,4,4,4,3,3,3,4,3,4,3,4,3,3,4,4,3,4,4,3,2,3,3,5,6,3,2,2,1,1,2,2,2,3,2,2,2,2,3,3,3,4,3,4,6,4,3,3,1,5,5,4,4,3,3,3,3,4,4,3,2,4,4,4,3,4,4,3,4,4,4,4,5,6,5,5,4,3,4,4,5,3,2,2,4,5,4,3,5,6,5,4,3,3,3,4,2,3,5,2,1,4,7,8,5,3,3,3,3,4,4,4,3,1,4,5,5,3,2,5,4,2,3,3,3,2,3,2,1,1,3,2,2,3,3,3,3,3,3,2,2,2,3,2,3,5,3,1,3,5,3,2,2,2,1,2,2,3,4,3,1,4,4,3,3,3,3,4,4,2,2,2,2,2,2,2,2,2,2,2,2,3,3,3,3,2,3,5,5,3,2,3,3,2,2,2,2,2,2,2,2,3,2,1,1,2,3,2,1,5,4,4,5,5,5,7,6,2,3,4,4,3,2,4,4,3,3,3,4,4,4,4,5,4,3,4,4,3,3,2,1,4,4,3,3,4,3,3,4,3,2,2,2,3,4,3,1,3,2,3,2,2,3,3,3,4,3,1,3,3,1,1,3,4,3,4,2,2,3,4,3,3,3,3,3,3,3,3,3,4,5,5,4,2,2,2,2,2,2,2,2,2,2,2,2,4,4,4,3,3,3,4,4,3,2,3,3,3,3,3,2,3,3,3,3,3,3,3,3,3,3,3,3,3,3,3,3,3,2,2,2,1,2,3,2,3,3,3,3,4,4,4,4,5,5,4,4,5,5,4,4,3,3,1,2,4,3,2,1,3,3,4,2,3,4,3,2,5,7,7,6,5,3,3,3,3,4,4,3,2,3,3,4,4,3,3,3,3,3,3,4,5,4,2,3,5,6,5,5,5,4,3,3,3,3,3,4,2,4,5,3,1,1,1,1,3,1,1,1,1,4,4,4,2,3,2,3,3,3,4,3,2,3,3,3,3,5,5,4,3,3,1,2,3,4,4,5,5,4,4,4,3,2,1,2,1,1,3,5,3,2,1,0,3,5,5,4,4,3,4,4,3,3,3,4,4,3,1,1,1,1,2,3,3,3,3,1,3,3,2,3,3,3,3,5,4,2,3,5,5,3,3,2,3,2,2,3,3,4,4,4,2,3,3,3,3,3,2,3,3,4,4,3,3,3,3,3,3,3,3,4,5,4,3,4,3,3,1,2,1,1,3,3,2,2,2,2,2,2,2,3,4,4,3,2,1,3,3,1,2,2,2,2,2,2,2,2,4,5,5,5,5,6,5,4,2,2,2,2,2,2,2,2,4,3,4,4,3,2,1,1,0,0,2,2,3,3,3,2,2,2,5,5,3,3,3,3,4,3,2,2,2,1,2,2,1,1,2,2,2,2,3,2,3,3,3,3,4,4,3,3,3,4,3,3,1,1,2,2,2,2,2,2,2,2,2,2,3,3,2,2,3,3,3,3,2,3,3,3,3,1,2,3,4,4,4,4,4,4,4,4,2,1,1,1,2,3,3,3,4,2,0,3,4,3,2,3,2,4,5,2,1,2,4,4,3,3,2,1,1,2,4,3,3,3,2,2,1,2,3,3,2,2,2,2,2,2,2,3,3,3,3,3,3,4,4,4,3,4,5,5,5,3,2,2,3,3,2,2,1,2,2,1,1,3,4,4,4,2,1,3,4,4,4,4,4,4,3,4,3,3,3,3,3,3,3,3,2,2,2,2,3,3,3,3,4,3,3,3,3,3,3,3,3,3,3,3,3,3,3,3,3,3,2,3,3,3,3,3,3,2,2,2,3,3,3,2,2,2,1,1,2,2,2,1,3,3,4,3,4,5,4,4,4,3,3,3,3,3,3,3,4,4,4,4,4,4,2,2,3,4,4,4,4,4,2,2,1,1,1,2,4,4,4,2,2,3,3,4,4,3,3,2,2,2,2,2,2,2,2,2,2,2,2,2,2,2,2,3,3,3,4,4,4,4,4,3,3,2,3,3,2,2,2,3,1,4,7,6,2,1,2,3,4,4,3,3,2,1,1,1,2,2,2,2,2,2,3,3,3,2,1,1,1,3,4,5,6,4,2,1,1,3,3,2,1,2,2,3,4,1,1,1,2,2,2,2,2,2,3,2,2,1,1,1,1,1,1,1,2,2,2,2,2,2,3,3,3,3,3,3,3,3,3,4,2,2,3,2,3,2,3,2,3,2,3,3,3,3
274,3,7,3,2,3,2,3,3,3,2,2,4,6,7,7,5,5,3,1,1,1,3,4,5,4,2,2,3,2,2,2,2,2,1,1,1,2,1,1,3,3,1,1,1,2,2,2,3,2,1,2,2,3,3,2,2,1,2,1,1,1,2,2,2,1,3,3,3,3,3,3,4,4,4,4,4,4,4,4,4,4,3,3,3,3,3,3,3,3,4,4,3,4,4,4,3,3,0,3,4,3,2,1,1,1,2,2,4,3,4,4,3,3,1,1,2,2,2,3,6,6,5,5,5,5,5,4,3,1,1,2,2,1,3,6,6,5,4,5,3,2,1,1,1,2,4,3,3,3,3,3,2,4,4,4,4,4,5,5,5,4,2,1,1,1,1,1,2,2,2,2,2,2,4,5,6,4,3,3,4,4,3,2,3,5,3,1,1,3,4,4,1,1,2,4,4,6,6,4,4,3,2,1,2,2,3,4,4,6,3,2,2,3,3,3,3,3,4,3,3,3,4,4,3,4,3,3,3,3,3,3,3,3,3,2,3,4,4,3,2,4,3,3,3,3,3,3,4,2,2,2,2,3,3,4,4,3,5,5,5,5,5,4,5,5,3,2,2,3,3,2,3,3,2,2,2,2,2,2,2,3,4,2,1,2,2,4,5,5,3,4,3,3,3,4,5,5,4,5,5,4,3,5,4,5,5,4,3,2,2,2,2,2,2,2,2,2,2,2,2,2,3,2,3,4,4,4,3,2,4,3,4,3,3,3,3,3,5,5,4,4,3,3,3,3,1,2,2,2,3,3,3,4,3,3,3,2,4,4,3,4,4,3,3,3,3,3,3,3,3,2,2,1,2,2,3,3,4,3,4,6,5,3,4,4,3,4,4,5,4,4,5,5,3,2,2,4,4,4,3,3,1,1,4,3,1,1,1,2,3,3,3,3,2,2,2,1,3,3,2,1,3,3,5,4,2,2,2,2,3,3,3,3,3,3,4,3,4,4,6,5,3,4,4,4,2,3,3,3,3,3,4,3,4,4,6,7,7,5,4,2,2,2,2,1,3,3,3,3,3,3,3,3,4,3,4,4,4,4,4,4,3,4,4,3,3,4,5,3,3,3,3,3,3,3,3,3,0,0,1,2,2,2,1,1,3,3,3,4,5,4,4,3,2,3,4,3,4,2,2,2,0,1,2,3,3,3,3,3,3,4,3,2,3,4,4,4,4,3,2,2,3,2,2,3,4,2,3,3,1,2,4,6,7,5,4,4,3,3,4,3,3,2,3,2,2,2,3,4,3,2,3,3,3,2,3,2,1,2,2,5,5,4,2,3,3,1,1,2,1,1,1,3,4,4,5,3,3,4,4,3,2,2,2,2,2,3,3,2,2,1,2,2,3,4,5,5,4,5,4,5,6,6,5,3,3,2,3,2,2,3,3,3,3,3,3,2,3,4,4,3,2,2,2,2,2,3,3,3,3,3,3,4,4,4,5,5,2,2,2,3,3,4,4,5,3,3,3,2,3,4,4,4,4,4,3,3,2,3,4,3,3,5,5,4,3,3,3,2,2,2,1,1,1,1,3,3,5,5,4,3,2,3,3,3,6,5,3,3,2,3,4,4,3,3,3,4,4,3,4,4,5,4,4,4,4,4,4,3,4,4,4,4,4,2,3,3,1,2,2,2,3,3,2,3,1,1,3,3,3,3,2,1,3,4,4,3,2,3,3,2,4,4,3,3,2,2,2,2,0,2,6,5,3,3,2,0,3,4,4,4,5,6,6,7,6,3,3,5,4,3,3,3,3,2,2,3,5,5,4,2,2,6,6,6,4,2,3,4,4,3,3,3,3,3,3,4,2,1,1,1,3,4,4,2,2,2,2,2,2,2,2,2,3,3,2,1,1,2,3,3,3,3,3,3,3,3,3,3,3,2,4,5,3,2,3,4,2,1,1,3,2,3,3,4,4,4,3,3,3,4,4,3,5,5,4,3,3,2,4,4,3,3,4,5,5,4,4,2,1,2,4,5,5,6,5,5,4,3,3,2,2,4,4,5,3,3,3,3,3,3,4,3,1,1,1,1,1,1,1,1,3,4,4,4,4,3,3,4,4,4,3,3,3,3,4,4,3,4,3,2,1,1,4,5,4,3,3,4,4,4,2,1,2,2,1,1,3,3,3,1,2,4,4,3,3,4,3,2,3,3,3,3,2,2,1,1,2,3,3,4,4,3,3,3,5,4,4,4,4,4,4,3,2,3,3,2,2,3,3,3,3,3,3,3,3,3,3,3,1,1,3,3,3,3,3,2,2,1,1,1,3,3,3,2,3,2,2,3,2,2
275,5,4,4,3,2,3,2,1,3,5,4,2,3,4,5,2,1,5,3,5,3,3,3,4,3,2,2,2,3,2,1,1,1,2,3,4,4,4,4,3,3,4,4,3,4,4,4,5,4,1,0,1,1,1,2,1,1,3,5,5,3,3,6,6,4,2,1,3,4,4,3,2,1,2,3,5,5,5,5,4,4,2,2,2,2,2,2,2,2,2,2,2,2,3,3,4,4,3,3,5,5,4,2,5,5,2,2,4,4,2,3,4,4,5,4,3,2,2,2,5,6,4,4,3,3,4,3,3,3,1,5,3,4,7,8,5,4,3,2,1,2,3,3,2,1,2,2,2,3,3,3,4,4,6,6,4,3,3,3,4,4,3,3,3,3,3,3,3,3,1,2,2,4,4,3,3,3,2,2,2,2,3,3,3,3,3,4,6,4,2,3,1,1,5,3,3,3,3,2,3,3,4,5,2,2,2,3,5,5,3,3,4,4,4,3,3,4,4,3,3,3,4,4,2,2,3,3,3,3,3,3,4,4,5,4,3,4,4,2,2,3,0,0,1,4,6,6,4,3,2,3,4,4,4,4,4,4,3,3,2,2,2,2,3,5,4,4,5,4,4,3,3,3,2,1,1,2,2,2,2,3,4,3,3,3,2,2,2,3,3,2,2,3,3,3,3,4,5,3,3,3,3,3,2,3,3,4,4,3,3,2,2,2,1,1,2,2,2,1,1,2,1,1,1,1,4,4,3,4,2,2,2,2,3,3,4,2,4,2,2,2,3,3,3,3,3,4,4,4,2,3,3,3,2,6,5,3,4,6,10,10,2,2,2,2,2,2,3,2,4,3,4,4,5,5,3,4,3,2,3,4,4,4,4,4,7,7,6,5,5,5,3,4,4,4,3,4,4,3,4,4,3,2,2,3,3,4,4,4,2,3,4,3,2,3,3,3,3,1,1,1,2,2,2,2,3,4,3,2,3,5,5,5,5,3,3,5,5,4,4,4,2,1,3,3,3,2,3,2,1,1,2,1,1,1,2,3,3,2,3,3,3,3,2,2,3,3,2,2,2,2,2,2,6,5,5,6,5,4,5,6,3,4,3,3,4,4,3,3,3,2,1,2,4,4,3,2,2,1,1,1,2,2,3,2,0,2,5,5,6,6,5,6,3,1,2,2,3,4,5,5,4,3,3,3,3,4,4,4,3,3,2,4,5,3,4,4,3,3,2,2,2,2,2,2,3,3,2,2,2,2,2,2,1,1,2,2,2,3,3,4,1,2,2,4,4,4,5,7,3,1,2,2,2,2,1,2,2,2,2,2,3,3,3,3,2,0,2,3,3,3,3,2,2,4,4,4,5,4,4,3,1,1,1,4,4,3,3,4,4,2,1,2,4,5,4,2,2,3,2,2,3,3,4,5,2,2,2,2,2,2,2,2,2,2,2,2,2,2,2,2,4,5,3,4,3,2,2,0,2,3,3,3,3,3,2,3,4,2,2,2,3,4,5,7,5,3,3,2,4,4,3,2,2,3,3,3,4,4,3,2,1,2,1,1,1,2,1,3,3,3,3,2,2,2,1,1,1,2,2,2,2,3,3,3,2,3,3,3,1,1,1,2,2,2,2,2,2,2,2,2,3,4,4,3,1,1,2,2,1,1,1,1,2,3,3,3,5,5,4,4,3,3,3,2,2,2,1,0,1,2,2,2,3,2,2,2,2,2,2,2,2,2,2,2,2,2,2,2,2,2,2,2,3,4,4,3,1,2,3,2,2,3,2,1,3,3,5,4,2,2,3,4,4,2,3,3,2,3,3,3,2,3,3,2,3,4,3,4,6,6,5,5,4,4,4,4,4,4,3,3,3,3,4,3,3,5,3,2,2,3,3,2,1,2,2,2,3,3,4,4,4,3,4,4,4,4,3,4,1,1,2,1,1,1,2,3,2,1,3,1,0,2,4,2,0,1,2,3,3,3,2,1,0,1,0,0,1,3,3,2,3,3,3,3,3,3,3,2,1,1,1,1,2,2,3,2,3,3,3,3,4,4,2,0,1,3,3,3,3,3,4,4,4,3,3,4,4,4,3,2,1,1,2,2,2,2,3,4,3,3,3,2,3,3,3,4,1,0,1,1,0,0,1,2,4,3,4,4,4,4,4,4,2,2,3,3,3,3,4,5,3,3,4,4,4,4,4,5,4,2,2,3,3,3,4,5,1,2,2,3,3,3,5,2,1,2,4,4,4,2,1,1,2,3,3,3,3,3,2,2,3,3,2,2,2,2,3,3,3,2,1,1,2,2,2,2,2,2,1,2,1,3,4,3,2,3,3,4,4,3
276,4,3,3,3,3,4,5,4,5,5,3,3,3,3,2,1,2,5,4,3,2,2,2,3,4,6,4,3,5,6,4,3,5,2,1,3,3,4,4,4,3,3,3,4,4,4,4,5,5,4,4,3,4,4,4,3,4,2,3,4,3,4,4,4,4,3,3,2,2,4,5,4,5,5,4,3,2,2,2,1,2,2,2,2,2,3,4,3,2,2,3,3,3,2,3,3,2,3,3,3,3,3,3,3,3,2,2,3,3,2,3,5,4,2,4,3,3,2,2,3,3,4,4,4,3,3,4,5,4,4,5,5,3,6,7,5,2,2,3,4,5,5,3,3,3,4,4,3,3,3,2,2,2,3,4,4,6,6,5,3,2,3,2,1,3,3,4,2,2,4,6,7,6,4,3,2,2,2,4,4,3,3,4,4,2,2,4,5,5,4,3,4,4,4,4,3,4,5,5,3,2,2,2,3,5,5,5,3,2,1,3,3,3,3,2,3,3,3,4,4,4,4,4,3,2,1,1,1,1,1,1,1,1,5,6,6,5,4,4,4,4,3,4,5,5,5,4,3,2,1,1,1,1,1,1,1,1,5,5,5,5,5,4,3,3,3,3,3,3,2,0,1,4,1,1,2,2,3,3,3,4,2,2,2,2,2,1,1,2,2,2,3,3,4,3,4,4,1,2,2,3,2,2,2,2,3,3,2,4,3,4,4,3,2,2,2,2,2,2,3,3,3,3,3,3,3,3,3,3,3,4,4,4,4,4,3,2,3,5,5,5,5,4,4,2,4,6,6,6,5,4,4,5,3,2,3,3,3,3,3,4,5,6,8,7,7,6,4,3,3,3,4,4,3,2,1,4,5,2,2,3,4,4,3,5,5,3,4,4,4,3,3,4,3,2,1,2,2,2,2,2,3,4,4,4,4,4,4,4,3,3,4,4,3,2,3,6,3,2,2,4,4,3,2,2,2,4,6,5,3,3,3,1,4,5,5,6,4,3,4,4,4,4,3,2,2,2,2,2,4,5,4,4,4,3,3,2,2,4,4,4,3,3,3,4,3,2,3,4,2,1,2,4,5,4,5,5,4,4,4,3,3,3,4,4,3,3,4,4,4,4,3,2,2,3,4,4,4,4,4,5,4,4,4,4,4,3,3,4,4,5,5,5,3,3,3,3,3,3,3,2,3,2,4,4,5,4,4,3,4,3,3,2,2,1,2,2,3,3,4,5,8,8,7,6,6,6,5,4,3,3,2,2,2,4,4,4,4,4,3,3,3,1,1,2,3,4,2,2,4,4,3,3,4,3,3,2,4,4,3,3,4,4,4,3,4,3,3,4,3,3,4,4,2,2,3,3,3,2,3,3,4,4,2,2,2,4,4,6,3,2,1,2,3,3,2,1,4,4,4,4,6,4,2,1,3,2,2,3,4,4,4,4,3,4,5,4,2,2,4,4,4,2,5,5,4,4,5,4,1,2,3,4,4,4,4,3,5,4,3,2,2,1,1,2,2,2,4,5,4,3,4,4,3,2,2,4,5,4,3,1,1,2,4,5,5,5,3,2,3,2,2,1,1,1,2,2,3,3,3,3,3,3,3,3,4,4,4,4,4,4,4,4,4,2,2,4,5,5,3,2,2,2,2,2,2,2,2,2,3,3,3,3,3,3,1,1,3,4,4,4,2,2,4,4,4,4,3,3,3,5,5,7,8,5,3,2,3,3,3,3,2,2,2,2,2,2,2,2,3,3,3,3,3,3,3,2,2,3,3,2,3,3,3,4,4,2,2,3,5,5,4,5,4,2,2,2,2,4,6,4,4,5,4,4,3,3,3,4,3,1,1,3,4,4,3,4,4,1,0,2,5,7,6,4,1,1,1,1,1,1,1,1,1,1,2,3,3,3,4,4,2,2,2,1,1,2,3,4,3,1,1,1,3,5,4,2,1,1,2,2,3,4,5,5,4,4,3,3,3,4,5,5,4,2,2,3,5,6,5,5,4,2,2,4,4,3,3,1,3,4,2,3,3,2,3,4,3,3,5,6,6,5,3,1,2,3,3,3,3,4,5,5,3,1,3,6,6,5,6,5,3,1,2,2,3,3,4,4,2,1,1,2,2,2,2,3,4,4,3,2,2,1,2,2,4,2,3,3,4,4,4,4,2,2,2,2,2,2,2,1,3,5,5,4,2,1,3,4,2,3,3,3,3,3,3,3,4,3,3,3,3,2,3,2,4,6,4,4,4,3,3,3,4,3,2,1,1,1,2,2,2,2,2,2,2,2,2,2,3,3,3,3,3,3,3,3,2,2,2,2,3,3,3,3,2,2,2,3,3,3
277,4,4,3,2,2,4,5,3,2,3,3,3,3,4,4,4,4,3,3,4,5,5,5,3,3,3,2,2,2,2,3,2,0,2,1,2,2,4,3,4,3,3,4,3,3,4,4,4,2,1,2,2,3,3,3,3,4,3,4,5,4,4,3,4,2,1,3,3,4,3,3,1,4,7,5,4,4,5,4,1,1,3,3,3,3,3,2,2,3,6,3,2,3,3,2,1,1,2,2,3,2,2,1,1,2,5,5,3,1,2,3,4,3,1,1,2,2,2,1,1,1,2,3,5,5,3,2,3,3,2,2,1,2,7,10,8,4,4,4,4,3,4,3,2,2,4,4,3,4,3,3,4,4,3,5,7,5,3,3,4,3,2,3,3,3,3,3,3,3,4,4,3,3,3,3,3,2,4,4,4,3,2,2,2,1,2,2,2,3,4,4,4,2,2,1,1,2,2,2,3,3,4,4,4,5,5,5,4,4,4,3,4,4,5,5,4,4,3,4,5,5,3,3,4,4,1,2,4,5,2,0,1,3,2,2,2,3,4,4,6,6,3,4,3,3,3,4,4,6,6,4,4,3,3,3,2,3,3,3,3,3,4,4,5,5,3,3,3,3,3,3,3,3,4,5,4,3,2,3,3,1,2,2,3,3,3,3,2,2,3,7,7,4,2,4,4,3,4,4,4,2,2,4,4,3,3,4,4,3,2,1,1,2,1,2,2,4,5,4,5,3,4,4,4,4,4,4,4,4,2,2,2,2,2,2,2,2,2,3,4,5,4,3,4,6,4,4,5,6,6,5,4,4,4,5,7,7,6,5,6,8,4,4,3,1,2,2,2,3,2,2,2,2,2,2,2,2,2,2,3,3,4,4,3,3,3,4,4,4,3,3,2,2,2,2,2,1,2,2,2,2,5,4,4,3,3,3,3,4,4,3,3,4,4,4,3,3,3,3,2,2,3,3,3,3,3,2,2,2,2,2,2,2,1,5,8,6,4,4,7,6,3,3,3,3,3,3,3,3,2,2,1,1,1,1,1,1,5,4,2,2,4,5,4,2,2,3,4,3,2,1,2,5,2,3,4,4,3,2,3,4,3,2,5,5,5,4,4,4,3,2,1,2,3,3,2,1,2,1,1,2,2,2,3,4,1,2,4,5,4,3,1,1,1,2,3,3,3,3,2,1,3,4,4,5,5,4,4,2,4,3,4,4,4,5,4,3,4,4,4,3,3,3,3,3,4,3,3,3,3,3,3,3,5,5,3,3,3,4,5,7,3,4,4,3,3,4,4,3,3,3,4,4,4,4,4,3,2,3,2,2,3,3,3,4,3,2,3,3,3,3,4,4,5,5,3,5,6,6,5,0,3,5,4,4,3,2,3,3,0,2,1,1,1,1,3,2,3,3,3,3,3,3,4,4,3,2,2,2,3,3,4,3,1,1,2,1,1,1,1,1,1,1,2,2,1,0,2,1,1,4,5,2,2,4,5,3,4,5,5,5,5,5,5,4,3,5,5,4,2,2,2,2,4,4,3,4,4,3,3,2,2,2,2,2,2,1,1,1,3,3,3,2,2,3,2,2,1,1,1,1,2,2,2,2,5,4,2,1,1,2,4,5,2,0,0,0,1,3,4,5,4,5,5,4,2,1,1,2,2,2,3,2,2,3,2,2,3,3,3,3,3,3,3,3,1,1,2,2,3,3,4,3,1,0,2,3,3,3,5,4,4,4,4,4,4,4,5,3,2,1,2,1,2,3,3,4,1,1,2,2,4,4,4,4,3,3,3,3,3,3,3,3,3,3,2,3,4,5,4,3,3,3,3,4,4,4,4,5,2,3,3,2,2,3,3,2,3,1,1,1,1,2,1,1,3,3,2,2,4,4,2,1,2,2,1,1,3,4,4,2,3,3,1,3,4,2,1,1,3,4,5,4,3,3,4,4,2,2,3,3,2,2,2,2,3,3,4,4,2,2,4,5,3,3,3,2,2,4,4,2,1,1,2,2,3,3,2,2,2,1,1,2,3,5,4,3,2,3,4,4,3,3,2,1,2,4,4,3,4,4,3,1,3,3,3,2,2,2,2,1,3,3,3,2,3,3,3,3,2,1,3,3,5,6,5,4,5,3,3,3,2,3,4,4,4,2,1,2,2,2,2,4,5,3,2,3,3,3,1,1,4,3,2,2,3,5,3,2,2,4,4,3,3,2,3,3,3,2,2,2,2,3,3,3,2,2,2,2,2,1,1,1,4,4,4,3,4,4,4,3,2,3,3,3,3,3,2,3,4,4,4,4,4,4,4,4,4,4,4,5,5,4,4,3,4,4,4,4,4,4
278,4,4,3,4,4,4,4,2,2,1,1,3,3,2,2,3,5,2,0,0,0,1,1,2,4,5,4,3,3,2,2,2,2,1,1,2,2,1,2,3,2,2,2,3,3,1,1,2,3,2,2,2,1,3,3,2,2,4,4,3,4,4,4,2,3,4,4,5,5,4,3,3,4,5,5,4,4,3,3,3,3,2,1,1,1,1,2,2,2,3,4,5,4,3,4,6,7,2,1,1,1,2,3,3,2,3,3,3,4,5,5,4,3,4,4,4,3,2,1,2,2,2,2,3,3,3,3,3,2,6,5,4,3,4,5,4,2,4,4,4,4,5,5,5,5,5,5,5,4,3,3,2,2,2,2,2,3,4,5,4,2,3,3,4,4,4,3,3,4,6,6,5,4,4,3,3,3,4,4,4,4,4,4,4,4,2,3,4,5,5,4,3,3,2,3,5,4,2,2,4,4,3,2,2,2,2,2,2,2,4,3,2,3,2,4,4,5,5,4,2,2,3,3,2,1,4,3,3,3,3,4,4,4,3,3,2,2,1,1,2,2,2,2,2,3,3,3,4,4,4,3,2,2,1,1,2,2,2,3,3,3,3,3,3,4,5,4,3,3,2,1,1,1,3,4,3,5,5,5,4,3,1,1,1,2,2,1,1,1,1,1,2,2,3,3,3,3,6,6,6,6,6,6,6,7,5,3,2,3,4,4,3,3,5,4,3,2,3,4,2,1,1,1,1,2,3,2,2,3,1,2,1,1,0,2,4,5,5,4,4,3,2,4,4,3,3,3,3,4,3,3,3,3,2,2,3,3,3,3,4,3,1,2,4,6,6,5,3,2,1,3,5,4,2,5,5,3,4,2,2,2,2,2,2,2,3,2,3,3,3,3,3,3,2,1,1,2,3,3,3,3,2,3,3,3,3,4,1,1,4,4,4,4,4,4,2,2,5,5,4,4,4,3,4,3,0,1,2,3,4,5,6,7,6,5,5,6,5,4,5,4,2,0,2,3,4,6,4,2,2,2,2,2,2,2,2,2,2,2,3,4,4,2,3,4,3,3,1,2,3,4,4,3,4,4,4,4,3,3,3,3,4,4,4,3,3,3,4,4,1,2,2,1,1,1,1,1,2,2,2,3,3,3,3,3,3,3,4,4,4,5,5,5,2,2,2,2,2,2,2,2,1,1,1,2,2,1,1,1,2,2,2,2,3,3,3,3,4,3,2,2,2,2,3,4,2,2,2,2,3,3,3,3,2,2,1,1,2,2,1,2,3,3,3,3,3,3,3,4,4,4,4,4,4,4,4,5,3,3,3,3,4,3,4,5,3,2,2,2,2,3,2,4,4,5,2,0,1,3,2,0,1,3,3,2,3,5,4,2,2,3,3,3,3,4,4,5,5,3,3,2,1,3,3,4,5,6,2,1,2,3,4,3,1,1,1,2,2,2,1,1,2,3,3,3,3,3,3,3,3,4,4,4,4,2,3,3,2,2,2,2,2,2,2,2,1,2,1,1,2,2,2,1,2,2,2,2,2,2,2,2,1,1,2,2,2,2,2,2,3,3,4,4,4,4,4,5,3,2,2,3,3,3,3,3,4,4,3,3,2,3,3,4,2,1,1,1,2,1,1,2,4,4,3,2,2,1,1,1,2,3,2,2,2,2,2,2,1,1,2,2,2,2,1,2,3,3,3,4,4,4,3,2,3,2,1,2,2,2,4,4,3,5,4,3,4,3,3,5,3,2,2,2,2,2,2,1,3,4,4,2,2,2,3,3,2,2,2,2,2,2,2,2,4,4,4,4,4,4,4,5,1,2,3,3,2,2,2,3,5,4,2,3,3,4,2,1,1,1,2,3,4,4,3,1,1,2,3,2,2,2,3,4,4,4,4,4,4,4,4,4,2,2,3,4,4,5,5,5,4,4,3,2,3,3,3,3,1,1,2,1,1,1,3,3,1,2,4,3,2,1,1,2,1,1,1,0,1,1,3,3,3,3,3,3,3,3,3,3,2,1,1,1,4,5,5,4,3,3,4,4,4,5,5,4,4,4,4,5,5,5,5,5,3,3,3,3,3,3,2,2,3,3,2,3,3,4,6,4,1,1,1,1,1,2,4,3,2,2,2,1,3,4,4,4,2,2,2,3,4,3,2,3,5,4,4,4,4,4,4,2,0,2,5,6,5,4,3,3,1,2,2,1,2,2,3,3,1,1,3,3,2,3,2,1,2,3,3,3,3,4,4,3,3,2,1,2,4,3,3,3,4,5,5,3,2,4,4,4,2,2,2,3,4,3,4,4,1,1,3,3,3,3,2,3,2,2,3,3,3,3
279,2,5,4,6,6,6,5,4,4,3,3,3,3,3,3,3,3,2,2,1,1,1,1,2,1,5,4,3,3,3,4,3,2,3,3,3,2,3,4,2,2,1,2,4,5,5,5,4,2,3,3,3,3,4,4,4,4,5,5,5,5,5,5,5,4,3,2,2,3,3,3,3,3,6,4,2,3,5,5,4,3,1,2,6,6,4,3,2,4,2,2,3,3,4,4,4,4,2,2,3,3,3,1,1,3,3,3,1,2,4,5,3,1,2,2,3,4,4,4,4,5,8,7,4,2,1,3,3,3,3,4,4,2,3,6,8,6,3,3,3,3,3,3,5,5,3,3,3,3,3,3,3,3,3,3,3,3,3,3,3,3,4,4,3,3,3,3,3,3,3,3,5,5,4,3,4,4,3,3,3,3,3,3,3,3,1,1,2,2,2,3,3,2,1,1,1,2,2,1,1,3,3,2,2,2,2,2,2,2,3,3,3,3,3,3,3,3,3,3,2,3,3,4,6,6,2,2,2,2,2,2,2,2,1,1,1,1,1,1,1,1,3,3,3,3,3,3,3,3,5,5,6,6,6,6,5,5,5,4,2,1,3,6,5,3,2,1,0,3,5,6,5,3,2,4,5,5,5,4,2,2,3,3,3,3,3,3,3,3,3,3,3,3,3,3,3,4,5,5,4,3,3,5,5,5,3,3,2,2,2,4,5,5,5,3,4,5,4,2,3,4,4,4,4,3,3,3,2,3,4,4,4,4,3,3,3,4,4,4,4,4,4,4,4,4,1,2,4,4,4,4,3,3,1,1,1,1,2,4,6,4,1,3,4,2,1,1,3,3,5,3,2,3,3,4,5,5,4,3,3,2,2,3,2,1,4,5,6,6,5,4,4,4,4,3,3,4,3,3,3,4,2,4,4,5,4,3,4,5,6,5,4,4,5,4,4,2,4,6,2,2,2,3,2,5,4,2,2,2,2,2,3,3,4,2,3,4,5,5,4,1,2,3,3,3,3,3,1,0,1,2,2,2,3,3,3,3,3,2,2,2,1,1,2,3,3,3,4,4,3,3,3,3,3,3,3,3,3,3,3,3,2,3,3,4,4,3,3,2,3,3,3,3,3,3,3,3,2,3,3,3,3,3,3,3,4,5,5,6,6,5,4,4,2,3,1,0,0,1,1,1,2,3,2,2,3,3,2,4,5,4,2,2,3,4,3,2,1,1,1,1,2,2,2,2,4,4,4,3,3,2,2,1,4,3,2,2,3,4,5,7,1,1,1,1,1,1,1,2,1,1,2,2,3,2,3,2,2,2,3,3,3,4,4,4,4,4,4,3,3,3,3,3,3,2,2,2,2,2,2,3,2,2,2,2,2,3,3,3,3,1,1,2,4,5,1,1,3,3,4,4,4,4,4,4,4,2,2,3,4,4,3,3,4,3,2,3,3,3,3,4,3,2,1,2,3,2,3,2,4,4,2,2,2,2,2,2,3,2,3,3,3,3,4,4,4,7,8,9,8,5,4,4,4,2,2,3,3,3,4,4,3,2,2,2,2,2,2,2,4,4,3,3,3,4,4,3,3,2,2,2,3,3,3,3,3,3,3,3,3,4,5,4,3,4,3,3,4,4,3,3,1,1,1,1,1,1,1,1,2,3,4,3,3,2,2,3,3,2,2,4,3,2,3,3,2,2,2,1,1,2,2,2,1,1,2,2,2,2,2,2,3,3,1,1,1,3,3,3,2,2,2,2,2,2,2,2,3,2,2,3,4,4,5,6,4,3,2,2,2,2,2,2,4,4,4,3,4,5,6,8,7,6,5,3,1,1,2,2,4,4,6,6,6,6,4,2,4,3,1,1,2,3,4,3,2,2,3,4,4,4,2,2,3,3,2,3,3,3,4,4,4,3,2,3,3,3,2,2,4,4,4,5,4,4,2,1,2,3,3,4,4,4,4,4,1,1,2,2,2,2,2,2,1,1,1,1,1,1,1,2,3,3,3,3,3,3,3,4,5,3,3,4,5,5,2,1,4,3,2,3,4,5,4,4,1,2,2,2,3,3,4,4,4,3,4,4,3,3,2,2,3,3,2,2,1,1,2,3,4,4,4,2,1,1,1,1,3,2,2,3,5,5,4,3,3,3,4,4,4,3,3,2,2,2,2,2,3,4,5,3,1,2,3,4,4,4,2,2,4,5,6,6,5,5,4,3,1,4,5,5,6,6,4,3,4,6,5,2,3,5,4,2,3,5,3,2,3,5,3,3,3,3,2,2,2,2,2,3,4,4,3,3,3,3,3,2,3,3,3,3,3,2,2,2,3,3,3,3,3,3
280,6,5,4,5,5,4,4,4,3,1,2,3,3,4,4,4,2,3,2,2,2,2,2,2,2,2,3,3,3,3,4,4,2,1,4,3,4,4,3,5,4,3,3,3,3,3,3,4,4,3,2,3,4,4,4,4,4,4,4,5,5,4,4,4,4,4,3,2,2,1,1,3,3,4,3,4,3,3,4,3,2,5,4,3,3,3,3,2,2,2,2,4,4,5,5,5,5,4,4,5,4,4,2,2,3,3,3,3,5,5,4,3,4,3,2,3,4,4,2,1,3,4,4,5,3,3,3,1,3,6,5,5,4,3,4,4,4,3,2,3,3,4,3,4,6,4,2,3,3,3,3,4,5,5,5,5,4,4,3,2,3,3,1,2,4,5,5,4,4,3,1,2,3,4,3,2,4,3,2,3,5,5,2,2,4,4,4,3,4,3,3,3,2,5,4,4,4,4,4,3,3,1,3,3,4,5,5,4,4,3,3,3,5,6,3,4,5,6,6,7,6,3,3,1,1,2,3,4,5,6,5,4,4,2,3,4,4,3,2,3,4,2,2,3,2,1,3,4,3,2,4,4,4,4,3,3,3,2,2,3,3,3,3,3,4,3,3,3,3,3,3,3,2,1,2,2,3,4,3,3,4,4,3,3,3,3,3,3,3,3,3,4,3,2,2,3,3,5,5,4,4,4,4,4,3,2,2,2,2,3,4,4,6,3,1,1,2,2,2,2,1,1,2,2,3,4,5,5,4,3,4,4,4,4,3,3,1,1,3,3,3,3,4,5,5,3,4,2,2,3,4,3,3,4,4,3,3,3,4,4,4,3,3,2,3,2,2,2,2,2,2,2,2,2,2,2,3,3,3,3,3,3,3,4,5,6,5,3,2,3,4,3,2,3,4,5,3,3,4,3,2,2,3,3,2,2,3,4,3,2,2,2,2,2,2,2,3,4,4,4,4,3,3,3,3,2,2,2,1,1,1,3,3,2,3,2,1,3,6,8,8,7,4,3,2,2,3,4,4,5,4,5,5,5,5,5,5,2,2,1,1,2,3,5,4,3,4,4,3,3,3,1,3,6,6,4,3,4,6,5,3,5,4,2,2,2,3,3,3,4,3,2,2,4,4,4,5,6,5,4,4,3,2,3,4,3,2,2,4,4,3,3,3,1,1,1,1,1,1,1,1,1,2,2,3,3,4,5,5,3,3,4,4,3,3,2,3,6,5,5,4,5,4,6,6,3,1,1,3,2,2,5,4,1,1,1,3,3,3,4,3,4,4,3,2,3,3,4,3,3,3,4,4,4,2,2,2,3,4,5,4,3,3,3,5,4,3,4,2,2,2,1,2,2,1,3,2,1,3,4,2,3,3,2,3,3,3,2,2,4,4,4,4,4,4,3,4,3,3,2,2,1,2,2,4,3,3,4,3,3,3,2,2,3,3,3,3,3,3,3,2,2,3,3,2,4,4,4,4,2,2,3,3,3,5,5,5,2,1,2,1,2,2,3,4,2,1,1,1,1,1,1,1,3,3,3,3,3,3,3,3,1,1,3,3,5,5,4,2,2,2,3,2,1,1,1,1,1,1,1,1,1,2,2,3,4,4,4,3,3,3,3,2,3,4,4,4,3,4,6,6,4,4,4,4,4,4,4,4,5,2,4,7,6,5,5,5,5,5,4,4,2,2,0,1,1,1,1,1,1,2,1,3,3,3,3,3,3,4,5,6,3,3,3,3,3,3,3,3,4,4,4,4,4,4,4,4,3,2,3,5,5,2,1,2,4,2,1,1,2,3,2,3,3,3,5,5,5,4,2,3,5,4,3,3,2,3,3,4,6,6,4,4,3,3,5,4,1,1,3,4,4,4,3,3,6,5,3,2,1,1,1,2,5,3,2,3,3,3,2,1,2,2,2,2,2,2,2,2,1,3,4,4,4,3,2,2,3,2,2,4,6,6,6,5,3,2,2,2,1,3,3,3,3,1,1,2,4,4,2,2,1,1,2,3,4,4,3,3,3,4,4,4,2,2,2,2,2,3,5,5,5,5,4,3,4,4,4,4,4,3,4,4,2,3,4,4,4,3,4,4,2,2,3,4,7,7,6,4,4,3,3,3,2,3,1,2,2,2,3,5,4,5,7,7,5,4,2,3,3,3,5,5,3,3,3,3,3,3,3,3,1,2,2,2,2,2,4,3,3,3,2,1,3,3,4,4,3,5,5,4,5,4,4,2,0,1,2,2,4,4,4,3,2,1,3,3,3,3,2,2,0,2,3,3,3,5,5,4,3,3,2,1,1,2,2,2,1,2,3,3,3,3,3,2,3,3,3,3,3,3
281,3,4,4,3,3,2,3,3,3,3,2,2,3,4,4,5,5,4,3,3,4,5,5,5,4,5,4,3,4,4,4,2,1,2,3,4,4,4,4,2,2,1,0,1,3,5,5,4,3,3,4,6,6,5,4,2,1,3,3,4,4,4,3,3,2,5,5,6,5,4,3,2,1,5,5,4,3,2,2,2,2,3,3,3,3,3,3,3,2,1,3,3,4,3,3,4,4,2,1,2,3,4,4,4,3,4,3,2,1,2,2,2,2,2,4,4,6,6,4,3,5,5,2,4,5,4,2,3,3,7,10,7,5,9,10,5,3,4,2,3,3,3,2,3,3,1,3,3,3,4,4,4,4,3,2,1,2,3,3,3,3,3,3,3,3,3,3,4,1,2,5,5,3,2,3,6,4,3,2,4,3,3,3,2,2,2,2,1,1,1,1,0,2,3,3,3,3,3,3,3,3,2,3,5,5,6,6,5,5,5,6,2,1,2,2,3,2,5,6,5,3,2,2,4,5,6,4,3,3,4,4,3,2,3,3,2,3,3,3,3,3,3,4,3,3,3,4,4,3,4,5,5,3,3,2,3,3,4,5,3,3,3,4,3,1,1,2,3,2,4,4,5,3,5,5,3,3,3,3,3,3,3,3,3,1,1,2,3,3,0,0,2,3,3,2,3,4,3,3,5,5,5,5,2,3,5,4,3,3,3,3,2,1,3,3,2,2,3,3,3,3,3,3,2,2,2,2,1,1,4,5,5,4,3,3,4,3,3,3,3,3,3,3,3,3,3,2,3,3,3,3,3,4,1,2,3,3,3,2,3,4,2,1,3,3,3,3,3,1,4,6,6,5,3,1,1,1,2,4,5,6,6,5,3,2,5,4,3,2,3,4,3,3,3,3,3,3,3,3,3,3,2,3,3,4,3,3,3,3,6,7,5,5,5,5,4,3,4,5,5,3,1,0,2,3,3,3,3,3,3,3,3,3,4,4,4,4,4,4,4,4,6,4,3,0,1,2,2,3,5,5,4,3,3,3,2,2,1,1,1,1,3,3,4,4,3,3,2,3,3,4,6,3,3,5,6,4,4,4,3,4,4,3,3,4,4,3,3,3,4,4,5,3,4,2,3,4,3,1,3,3,3,2,1,1,3,7,7,4,3,4,4,4,3,3,3,3,3,5,5,4,4,4,3,3,4,4,3,1,1,3,3,3,3,3,1,0,1,3,4,4,5,4,2,2,1,2,1,2,2,2,2,2,2,2,2,2,2,2,1,1,2,2,3,3,3,4,4,4,3,3,3,3,3,3,3,3,4,4,4,4,3,4,4,5,4,4,2,2,4,4,4,2,1,1,2,2,1,1,1,1,2,3,4,3,2,2,1,1,2,2,2,1,1,2,4,4,4,1,1,2,4,3,2,2,4,3,4,4,5,5,4,4,1,2,2,1,1,1,1,1,2,2,1,1,1,2,4,4,2,3,2,4,4,4,4,3,2,4,5,4,3,2,2,3,3,4,3,3,4,4,4,3,3,3,3,3,3,3,4,4,3,4,4,3,2,3,5,5,1,2,3,3,3,3,2,1,1,4,6,4,4,4,5,6,5,4,3,3,3,3,4,4,2,2,3,3,3,3,2,4,4,5,4,4,2,2,3,2,2,1,3,5,6,4,0,1,1,1,2,2,2,2,2,3,3,3,4,4,3,2,2,1,2,3,4,4,4,4,4,2,2,2,1,1,2,3,4,3,4,3,3,4,6,6,4,2,6,6,6,6,6,5,4,3,1,2,1,1,1,2,2,5,6,4,3,1,1,1,1,3,4,4,4,4,4,4,4,3,3,5,5,5,4,4,6,5,3,4,3,3,4,4,3,3,1,1,1,1,2,2,2,2,1,1,3,3,3,3,2,2,4,4,4,4,4,3,3,2,3,3,3,5,5,4,3,3,3,3,3,2,3,4,4,4,2,2,2,2,1,2,2,2,2,2,2,2,3,3,6,6,2,3,4,4,4,4,3,2,2,2,2,2,1,1,1,1,2,3,2,1,1,1,2,2,2,2,4,4,4,3,4,4,4,2,2,2,2,2,1,1,2,2,2,2,2,2,2,2,3,4,6,6,6,4,2,2,3,2,2,3,2,2,2,3,3,1,1,2,3,4,2,1,3,3,3,3,3,4,5,5,4,2,3,4,4,3,4,4,2,3,3,3,3,2,2,2,4,5,5,4,5,3,4,4,3,4,3,3,3,2,3,3,4,3,4,4,3,2,1,0,1,1,1,2,2,2,2,4,2,1,2,3,4,5,5,5,5,4,2,2,4,4,3,1,3,3,3,3,3,3
282,3,3,5,5,5,4,4,4,3,4,5,2,2,2,5,4,2,5,4,3,2,2,2,3,3,3,2,2,2,2,2,2,2,1,2,3,3,3,4,5,5,4,2,3,3,3,2,3,3,2,2,2,2,2,3,3,3,2,2,1,1,2,3,5,5,1,4,7,7,4,2,2,4,2,4,5,4,2,1,2,3,6,5,2,2,4,6,6,5,3,3,3,3,3,3,3,3,1,1,1,1,1,1,2,4,5,3,3,3,7,6,5,5,2,4,3,2,3,4,2,3,7,9,9,7,5,4,3,1,3,1,1,3,5,6,3,1,2,2,2,2,1,1,1,1,2,2,2,2,2,2,2,2,1,2,3,4,5,4,4,4,3,3,2,3,3,2,2,3,6,5,4,4,4,3,3,2,1,2,4,3,4,4,3,3,3,2,2,3,3,4,4,3,2,2,0,0,4,7,5,2,1,1,1,1,2,2,2,2,6,4,4,4,3,4,4,3,4,6,5,4,4,5,5,5,4,4,4,4,4,5,5,5,3,1,1,1,2,2,3,5,1,1,2,1,3,3,4,4,2,1,1,1,1,1,1,1,3,3,2,2,2,1,1,1,1,1,1,1,2,1,1,2,1,1,0,0,0,0,1,1,2,2,3,4,4,2,1,1,3,5,6,7,6,4,3,2,4,5,5,3,3,3,2,2,5,5,5,4,2,2,2,2,2,3,3,2,2,2,2,3,5,3,1,2,3,3,3,2,2,4,4,4,2,3,3,5,5,5,4,4,3,2,2,2,4,4,4,4,4,4,4,5,3,2,2,2,2,2,3,3,4,4,3,2,2,3,4,4,3,3,3,3,3,3,3,3,3,3,3,3,3,3,3,3,3,4,5,5,5,5,4,3,2,2,2,2,1,1,1,1,2,3,3,3,3,4,4,4,2,2,2,2,2,2,2,2,5,5,4,3,2,2,2,2,6,5,4,3,3,3,4,4,4,3,3,3,3,2,2,1,3,3,3,3,3,2,3,3,1,1,1,1,1,1,1,1,1,1,2,3,4,4,3,5,3,3,3,2,2,1,2,3,2,2,2,3,4,4,2,1,5,6,6,6,4,3,4,6,6,6,4,2,1,1,1,2,2,1,1,2,3,3,3,1,1,2,2,2,2,2,2,3,4,3,1,2,4,5,5,3,2,2,2,2,2,2,2,2,2,4,6,5,3,1,1,4,4,3,2,3,3,3,4,4,3,2,3,2,2,2,4,4,5,6,5,4,3,3,3,3,3,3,3,3,3,3,4,6,4,3,3,3,4,4,4,4,3,5,4,5,5,6,6,6,5,2,2,3,3,2,3,3,2,2,0,1,2,4,3,2,0,1,2,3,3,2,2,5,3,3,5,5,4,1,1,3,4,3,3,3,4,4,5,5,5,0,0,2,1,1,2,3,3,3,2,1,1,1,2,4,4,2,1,1,3,3,3,3,3,4,4,4,4,3,3,2,3,3,2,1,2,3,5,6,6,5,1,2,2,1,1,2,1,2,2,3,3,2,2,2,3,1,0,1,3,4,4,3,3,3,3,2,2,2,2,3,2,2,3,3,3,3,2,2,3,3,3,3,4,4,4,4,4,4,2,1,2,3,2,0,2,1,1,1,2,2,2,1,4,4,4,5,4,4,3,2,3,2,2,1,3,3,4,4,1,2,1,1,1,3,2,0,1,1,1,1,3,3,2,3,4,3,2,2,2,3,3,2,2,2,2,2,2,2,2,2,2,2,2,2,2,2,2,3,2,2,2,2,1,1,1,1,3,3,3,3,3,3,3,3,2,2,2,4,4,4,2,3,4,4,5,5,4,2,2,2,2,2,3,3,3,3,3,3,2,3,3,5,5,4,3,5,1,1,3,3,3,4,3,3,3,3,3,3,3,2,2,1,2,2,2,2,1,2,2,2,3,2,3,4,3,1,3,5,1,4,5,4,1,1,4,6,5,2,3,3,2,4,2,3,5,4,4,4,4,4,4,4,4,4,4,4,4,4,4,4,2,2,2,2,2,3,4,5,4,5,5,4,4,4,4,4,4,4,4,2,2,3,4,5,4,1,3,4,4,5,5,5,4,3,3,4,4,4,3,3,2,2,4,4,3,1,2,4,1,1,1,1,2,2,3,3,4,2,2,2,4,5,4,3,2,2,1,2,2,2,2,1,2,3,2,2,2,3,3,5,7,6,5,4,4,3,4,4,3,3,4,3,2,1,3,4,2,2,3,3,4,3,1,1,1,1,2,3,3,2,1,0,2,2,2,2,2,2,2,2,3,3,3,3,3,3,3,3,3,3,3,3,3,3
283,3,4,3,3,3,3,3,2,2,3,3,3,3,2,2,2,2,2,2,3,3,4,4,3,2,3,3,3,3,3,3,2,2,1,2,3,4,2,2,3,3,2,2,2,3,4,3,2,2,3,1,1,3,4,3,3,5,4,3,3,3,3,3,3,3,3,2,2,5,5,5,3,4,5,4,5,4,4,2,3,4,1,1,1,2,2,3,3,3,3,3,3,3,3,3,3,3,3,2,2,3,3,2,3,2,2,4,4,3,3,5,4,2,2,4,4,3,2,1,3,4,5,4,4,4,3,3,2,1,2,2,1,4,7,5,3,4,3,3,3,3,2,2,2,2,3,3,5,3,3,2,2,2,2,2,2,2,2,3,3,3,3,2,3,4,4,4,3,2,1,1,3,6,7,5,2,2,3,3,4,4,4,3,3,1,2,2,3,4,4,5,5,4,1,1,1,2,1,1,1,3,4,3,4,4,3,3,3,4,3,2,1,0,1,2,2,2,3,3,3,3,3,3,3,3,2,2,2,2,2,2,2,2,1,1,2,4,3,3,2,2,4,4,4,4,4,4,4,4,1,1,2,2,3,3,4,4,5,6,5,5,3,2,2,2,3,2,2,2,2,2,2,2,3,3,3,1,1,1,2,3,4,4,4,4,4,4,3,3,2,3,4,6,6,6,4,3,3,2,1,2,2,2,4,5,4,4,4,4,4,4,4,4,3,3,3,2,2,2,2,2,1,3,4,4,4,3,3,3,2,3,3,4,4,3,3,2,3,2,2,2,4,4,3,1,1,1,2,2,2,2,2,2,4,5,5,5,4,4,5,4,2,4,6,6,3,2,4,5,4,3,2,3,3,2,4,4,1,1,1,1,1,1,1,1,2,4,6,5,2,1,2,4,2,2,2,2,2,2,2,2,2,2,2,1,1,2,3,4,8,6,4,3,3,4,4,2,3,3,3,3,3,3,3,3,2,1,1,1,2,2,2,2,4,3,2,3,4,3,3,3,5,4,4,3,2,3,4,4,2,2,2,2,1,1,1,2,3,2,3,3,2,1,2,4,3,4,5,5,3,2,1,2,3,4,4,2,2,3,5,3,2,1,3,5,6,6,4,2,4,4,3,3,1,1,1,2,3,2,1,2,3,3,2,1,4,4,4,2,1,1,3,4,5,5,6,7,6,5,4,4,6,7,6,6,7,8,8,6,3,3,3,3,2,3,3,3,4,2,2,2,2,2,2,2,2,2,1,1,1,3,3,2,1,1,2,2,3,3,3,2,2,2,2,1,2,4,5,5,5,6,5,4,4,3,3,3,1,1,2,2,3,4,4,6,4,3,3,3,2,2,3,2,2,3,5,6,6,5,3,2,2,3,3,3,2,3,3,2,2,3,4,4,4,3,2,5,5,3,3,1,1,2,2,2,6,5,5,5,5,5,5,5,3,4,3,2,1,1,2,6,2,2,2,3,3,3,3,3,3,2,3,3,3,3,3,3,5,5,4,5,4,3,3,3,3,4,4,3,3,3,2,2,4,4,4,4,4,4,4,4,3,3,3,2,2,2,2,2,4,5,4,2,4,4,4,3,3,3,3,3,3,3,3,4,4,4,4,4,4,4,4,2,1,2,1,1,1,1,3,3,3,3,3,2,2,2,2,2,6,2,3,5,5,4,2,3,3,3,3,3,3,3,2,2,3,3,3,3,3,4,2,1,3,3,3,3,3,3,4,5,2,1,1,1,4,5,6,5,3,4,6,3,1,3,4,3,6,5,5,5,4,5,5,5,5,2,1,2,3,2,1,1,2,2,3,3,2,3,4,3,4,4,4,3,3,3,3,2,3,2,1,1,3,3,3,3,3,4,3,3,6,10,8,4,2,2,3,3,3,3,3,4,5,3,3,3,3,3,5,5,3,3,3,2,2,2,3,3,3,3,4,4,4,3,2,3,4,3,2,2,2,3,4,5,4,4,3,3,3,2,2,2,1,1,2,2,2,2,3,3,1,2,2,3,3,2,2,2,1,2,2,3,2,3,4,4,4,3,3,3,3,2,3,3,5,5,5,4,3,3,4,4,2,2,2,1,1,1,2,2,3,3,3,2,3,4,4,3,4,4,4,4,4,4,4,4,1,1,1,1,1,2,4,5,6,4,4,4,4,2,3,3,4,2,2,4,6,6,5,3,1,1,1,2,2,2,3,3,4,4,3,3,3,4,6,8,3,2,3,4,4,3,3,4,4,3,4,4,4,4,4,5,3,4,4,4,3,3,3,2,1,2,1,2,3,3,2,2,2,2,2,3,3,3,3,3,1,1,4,5,4,3,2,2,3,2,2,3,4,5
284,2,2,2,1,1,1,2,3,3,2,2,2,2,2,3,3,4,3,3,2,2,2,2,3,3,2,2,3,4,3,3,2,2,2,2,2,1,1,1,1,1,2,2,2,2,3,3,4,4,5,4,2,2,4,6,6,5,4,4,4,4,4,4,4,4,2,2,2,2,2,2,2,2,3,3,4,4,3,3,4,4,8,7,6,6,5,4,4,4,3,3,3,3,3,3,3,3,2,3,4,4,2,2,3,4,4,4,5,4,4,5,4,4,4,6,4,3,3,2,2,3,4,3,2,2,1,2,3,3,1,1,1,3,4,4,3,1,2,2,3,3,3,3,4,4,4,3,2,2,3,4,5,6,2,2,3,3,3,3,4,4,1,2,2,3,4,5,7,7,5,5,5,4,4,4,2,2,2,2,2,3,4,5,5,4,1,2,4,4,4,4,3,3,4,4,4,4,4,4,4,4,0,3,4,2,2,3,4,4,3,3,3,3,4,3,3,3,3,3,3,3,3,3,3,3,4,4,3,2,3,3,3,3,0,2,3,2,3,5,7,5,2,2,3,3,3,4,4,4,1,1,2,3,3,3,3,2,2,2,3,4,4,3,2,2,3,3,2,1,1,2,3,3,1,1,1,1,1,1,1,1,1,3,5,6,6,6,4,3,0,0,1,2,3,3,2,2,3,3,3,3,3,3,3,3,3,3,3,3,3,3,3,3,2,2,2,3,3,4,4,4,2,3,3,3,2,1,2,3,1,1,3,2,3,4,4,4,2,2,2,2,2,2,2,2,2,2,1,1,1,1,2,2,3,2,1,1,2,4,4,3,6,5,4,3,3,3,4,5,2,2,2,2,2,2,2,2,5,4,3,3,2,2,1,1,3,3,3,3,3,3,3,3,0,2,4,5,5,4,2,0,1,2,2,3,4,4,4,4,1,2,3,3,4,3,3,3,4,4,4,4,4,4,4,4,2,2,2,4,3,3,3,3,4,4,5,4,4,4,2,1,2,3,2,2,3,4,5,4,4,3,3,2,2,3,4,5,4,3,2,1,1,1,3,3,4,2,1,1,1,1,1,1,1,1,3,4,4,4,2,1,3,3,2,2,4,5,6,6,9,5,2,4,4,2,1,3,2,3,4,5,5,4,3,3,2,3,4,4,5,5,5,4,3,3,2,2,3,3,6,7,4,2,3,6,8,8,4,1,5,4,4,4,4,5,5,5,5,4,3,2,2,3,4,4,2,2,3,3,3,3,4,4,3,3,3,4,4,4,4,4,5,4,4,4,4,3,3,3,2,3,4,4,3,2,1,2,2,5,4,1,0,1,5,7,4,6,7,5,5,4,3,2,2,0,2,4,3,3,3,0,3,3,3,3,3,3,3,3,3,3,3,3,4,4,4,4,4,4,4,4,4,4,4,4,4,3,2,3,4,3,2,1,1,1,1,1,1,1,1,1,5,5,5,4,3,3,5,6,4,3,4,4,3,2,2,2,2,2,2,2,4,4,3,2,2,3,4,4,4,3,3,4,3,1,1,1,1,1,1,2,4,4,3,3,2,3,3,3,4,2,1,1,3,4,5,4,3,3,3,4,4,4,5,5,5,4,2,3,4,4,3,1,2,2,5,5,2,2,3,2,1,3,3,2,1,1,1,1,2,4,4,2,1,1,1,1,3,3,3,3,3,3,3,3,4,1,1,1,3,4,3,1,2,2,2,2,2,2,2,2,4,5,6,6,4,1,1,1,3,3,3,2,2,2,2,1,1,1,1,2,2,3,3,2,2,3,3,3,2,2,2,3,3,4,5,5,4,4,5,6,3,2,2,1,1,2,2,3,1,1,1,1,1,1,1,1,2,3,3,2,2,3,3,2,2,4,4,4,2,1,2,3,1,1,1,1,1,1,1,1,4,4,5,5,4,3,4,5,6,4,2,2,3,5,5,4,3,3,4,4,3,1,1,4,3,3,3,3,2,2,2,2,3,3,2,2,3,4,4,5,4,4,4,3,3,2,2,2,2,2,2,2,2,2,2,2,3,3,4,4,4,4,4,4,1,1,1,2,2,3,3,4,3,2,2,2,3,3,2,2,4,4,3,2,2,2,3,4,3,2,2,1,1,2,4,4,3,2,3,4,5,4,4,2,1,1,1,1,1,2,2,2,3,3,3,3,4,3,2,2,2,3,4,4,5,4,4,4,3,2,2,2,2,2,2,2,2,3,4,4,4,3,2,1,1,1,3,6,6,5,4,3,1,1,1,1,2,2,3,3,2,2,2,2,2,2,2,2,3,3,3,1,1,1,1,0,2,2,2,2,2,2,2,2,2,3,4,3,2,2
285,1,1,3,3,3,4,5,5,5,4,4,4,4,4,4,4,4,1,1,2,2,1,1,1,2,1,1,1,2,3,2,3,3,3,3,3,3,3,3,2,2,5,4,2,1,2,4,6,7,4,4,3,3,3,2,2,2,1,2,2,1,2,2,3,3,4,6,6,3,3,4,4,2,2,2,2,3,3,2,3,3,5,5,4,4,4,3,3,3,1,2,3,3,3,2,1,0,2,2,3,3,3,3,4,5,6,6,5,3,2,1,3,3,1,0,1,3,5,5,3,1,2,2,2,2,2,2,1,1,0,1,2,3,3,2,2,1,1,2,3,4,4,3,2,1,4,3,2,2,3,4,5,6,4,4,3,3,3,4,4,4,0,1,3,5,5,5,3,2,5,4,3,2,2,3,4,5,2,2,3,4,4,4,3,4,1,1,2,2,3,3,3,4,1,2,3,3,4,4,3,3,2,2,2,2,2,2,2,2,4,4,3,2,3,4,5,4,6,6,5,3,2,2,4,4,1,2,3,4,4,3,2,1,3,5,7,5,3,1,3,5,7,5,3,2,3,3,2,2,4,4,4,4,4,4,4,4,4,3,3,3,2,2,1,0,0,1,1,2,3,3,4,4,3,2,3,3,4,5,4,3,2,2,3,4,3,4,5,3,1,2,2,3,3,2,2,1,1,1,2,2,2,2,3,3,2,2,2,2,2,2,2,2,3,3,3,2,2,2,2,2,2,3,4,3,2,2,3,4,4,3,5,6,6,3,2,2,3,2,1,1,1,1,1,2,3,3,3,3,3,3,3,3,3,4,3,3,2,1,4,5,2,4,5,5,4,3,3,4,3,3,3,3,3,2,2,2,2,2,2,2,2,2,2,2,1,2,3,3,4,4,3,3,2,3,4,4,4,4,3,2,5,5,5,4,4,2,1,1,5,6,5,1,1,4,5,4,4,4,4,5,5,5,4,2,4,4,3,3,4,5,6,7,4,4,4,4,4,4,4,4,4,4,4,4,4,4,4,4,2,2,2,2,2,2,2,2,2,3,3,3,1,1,1,2,2,2,3,3,3,2,1,1,1,3,5,5,5,4,4,3,3,4,5,4,3,3,2,2,3,2,2,2,2,2,2,2,3,3,3,3,4,4,4,4,4,6,6,4,4,6,6,4,3,3,4,4,5,5,5,5,2,2,2,2,2,2,2,2,2,3,4,4,3,2,1,2,3,3,3,3,3,3,3,3,3,3,3,2,2,3,4,5,3,3,3,3,3,3,3,3,2,2,3,4,4,3,2,2,6,2,0,1,3,2,2,3,4,5,6,6,6,6,5,4,2,2,2,2,2,2,2,2,3,2,1,2,4,5,4,3,2,2,2,2,2,2,2,2,3,3,3,4,3,3,2,2,3,3,3,3,3,3,3,3,2,2,2,1,1,1,1,1,0,1,1,2,3,3,2,1,1,1,1,1,1,1,1,1,1,1,2,2,3,3,3,3,4,3,2,3,3,2,2,4,3,3,3,3,3,2,2,2,3,2,3,4,4,4,4,3,2,2,2,3,3,4,4,4,1,1,2,1,2,2,2,1,2,2,5,6,4,4,6,6,5,5,6,6,4,3,2,4,1,2,3,4,5,4,4,4,5,5,3,1,2,3,2,1,0,3,4,3,2,2,2,1,3,3,5,4,4,4,3,3,1,1,2,3,4,4,4,5,2,3,3,2,2,2,2,3,2,2,3,2,3,2,1,1,1,1,2,2,2,2,3,3,3,2,2,4,4,3,3,4,3,3,3,3,2,2,2,2,2,3,4,5,5,4,3,3,2,4,5,5,3,2,3,2,4,3,2,2,4,4,3,2,3,3,3,3,3,3,3,3,3,3,3,3,3,3,3,3,2,2,2,2,2,2,2,2,3,3,3,3,3,3,3,3,2,2,2,3,2,2,2,1,2,1,2,3,2,0,1,6,3,4,3,2,1,3,4,4,1,1,2,2,4,4,5,6,2,2,2,1,1,1,1,2,2,2,3,3,3,2,1,1,2,2,2,2,3,3,4,4,3,2,1,1,1,1,2,2,1,1,3,3,2,1,1,3,3,3,3,2,2,2,3,3,3,4,4,3,3,4,4,3,3,2,3,4,2,3,5,3,2,2,2,2,2,2,2,2,5,5,4,3,3,4,5,5,4,4,5,4,2,2,2,3,3,3,3,3,4,3,3,2,1,1,2,2,3,3,2,1,3,3,2,2,2,2,1,1,3,4,5,4,2,1,2,3,2,1,2,3,2,3,4,4,3,4,5,4,2,1,2,3,3,4,4,5,4,4,4,4,3,3,3,2,2,3
286,2,5,4,3,4,5,6,5,3,4,3,1,2,3,4,4,4,2,1,1,2,2,1,1,1,3,3,3,3,4,4,4,4,3,3,3,3,2,1,1,0,1,1,2,3,4,4,4,4,2,2,1,1,2,2,3,2,2,2,3,3,3,3,3,3,4,4,4,4,4,4,4,4,3,2,3,3,2,2,2,2,3,3,3,3,3,3,3,3,1,3,4,2,2,2,3,4,3,3,2,2,2,3,5,6,6,5,4,2,2,2,3,2,5,6,4,3,4,4,4,6,2,2,2,2,2,2,2,2,8,6,4,4,3,4,2,2,1,1,3,3,3,2,1,1,2,5,7,5,5,5,4,4,6,5,5,5,4,3,1,1,3,3,3,2,2,3,3,3,3,3,4,4,4,5,5,5,3,5,7,7,4,3,2,2,1,1,1,1,2,2,2,2,5,4,3,5,4,3,3,4,3,3,2,2,2,2,1,1,4,5,2,2,5,4,1,2,6,7,6,2,1,3,4,2,2,1,2,3,4,3,2,1,3,3,3,2,2,2,1,1,2,3,3,3,4,5,5,4,3,2,4,4,2,3,6,5,5,4,4,4,3,2,3,4,5,3,1,2,3,4,4,3,2,2,2,4,6,7,7,5,2,2,2,2,1,1,1,1,2,2,2,2,2,2,2,2,4,6,7,5,0,0,0,2,5,4,3,3,2,2,3,3,4,5,4,3,1,2,1,1,1,2,4,5,5,3,1,0,3,5,6,5,2,1,2,4,4,5,5,4,4,4,3,3,0,1,2,4,3,2,1,0,1,1,4,5,5,4,4,6,4,4,4,4,4,4,4,4,3,3,3,3,3,3,3,3,3,2,2,2,2,2,1,1,2,3,4,5,5,4,3,2,5,5,5,4,4,3,4,3,3,3,3,3,3,3,3,3,2,4,7,10,10,8,5,3,3,3,3,3,3,3,3,3,2,2,2,3,3,3,3,3,2,2,2,2,2,2,2,2,1,1,1,1,1,1,2,4,3,2,3,3,2,3,7,7,3,2,2,3,3,2,2,3,3,3,3,2,2,2,1,1,3,5,4,2,3,4,3,1,0,1,2,3,4,3,3,2,4,4,4,4,3,3,3,3,1,2,2,2,3,3,4,4,4,3,5,5,3,2,3,2,2,2,2,3,3,3,3,3,2,2,3,3,3,3,2,2,3,3,3,3,3,3,3,3,4,4,4,4,3,3,3,3,5,5,5,5,4,4,3,3,1,1,3,4,6,5,4,4,4,3,3,3,5,6,6,4,2,2,2,2,2,3,3,3,3,3,3,3,3,3,3,3,2,2,3,3,1,1,3,4,6,5,4,3,2,3,3,2,0,3,4,4,3,3,4,6,6,4,4,5,5,5,2,1,4,3,3,2,2,2,2,2,3,3,3,3,3,3,3,3,2,1,1,2,3,4,4,3,1,1,1,2,2,2,2,3,5,3,1,1,1,1,3,4,4,3,3,2,1,0,2,6,3,2,2,2,2,2,2,2,2,2,2,2,1,1,1,1,2,2,2,2,2,2,2,2,5,4,4,3,2,1,1,1,2,1,1,1,1,2,4,5,4,1,1,1,3,4,3,2,0,1,2,2,3,3,2,2,1,2,1,1,1,1,2,2,6,4,3,3,4,5,4,2,1,3,4,3,2,1,2,3,4,4,3,2,2,3,4,4,4,4,4,3,3,3,3,4,2,2,3,3,3,3,2,2,2,2,3,2,1,1,3,5,4,4,3,3,3,3,2,3,1,4,5,3,1,1,2,1,2,3,3,3,3,3,3,2,7,6,4,3,2,2,3,3,5,5,5,5,5,5,5,5,4,3,3,2,2,2,2,2,1,1,1,1,1,1,2,3,4,3,2,2,2,2,3,4,1,1,2,2,2,2,3,3,4,4,4,3,3,2,2,2,4,3,3,3,4,5,6,7,3,3,3,3,3,3,3,3,2,3,3,3,3,3,3,3,3,2,2,3,3,3,2,2,6,5,5,4,3,3,2,2,2,3,3,4,4,4,4,4,5,5,4,4,4,3,4,4,3,2,2,2,2,2,2,2,2,2,2,2,2,2,2,2,3,4,5,4,3,2,3,3,4,2,3,3,3,2,3,5,6,6,4,4,4,4,6,6,7,4,1,2,2,2,1,2,2,2,2,2,2,2,3,5,5,5,4,4,2,2,1,1,3,3,3,3,3,3,3,3,1,1,1,2,3,4,2,1,1,1,1,1,1,1,1,1,0,2,4,4,3,2,3,4,5,3,1,1,1,1,1,1,4,4,4,4,4,3,3,3,1,2,3,3,3,3
287,4,4,3,2,3,4,5,4,3,3,3,4,4,4,4,3,3,4,4,4,4,4,4,4,4,1,2,2,2,1,1,1,2,4,4,4,3,1,1,1,2,2,1,1,2,3,3,3,2,4,4,3,3,2,2,3,3,3,3,4,3,2,1,1,2,2,1,1,1,2,3,4,5,9,10,8,5,3,3,3,1,5,5,4,2,1,2,4,4,2,2,3,2,3,3,3,2,1,1,2,2,1,1,2,3,4,2,1,1,3,5,6,5,4,6,6,5,5,4,1,0,3,3,3,3,2,2,2,2,2,5,6,4,5,7,8,5,5,6,6,7,6,5,3,2,4,3,2,2,3,4,4,3,3,3,3,3,3,3,3,3,2,2,3,3,4,4,4,5,3,4,4,4,3,4,4,5,1,2,4,2,2,3,3,3,1,1,2,2,2,2,1,1,3,3,3,4,4,4,4,4,3,3,3,3,3,3,3,3,1,2,2,3,3,5,5,5,3,4,5,2,3,6,7,4,2,2,3,3,3,3,3,2,1,2,3,3,3,3,2,2,2,2,2,2,2,3,3,3,2,2,2,2,3,3,4,4,3,3,2,1,1,2,3,3,3,3,2,2,2,3,4,4,1,2,4,4,3,2,2,2,3,2,1,2,2,3,2,1,2,2,2,2,3,3,3,3,5,5,4,4,4,4,3,3,4,5,4,3,2,3,2,1,2,3,4,4,3,2,3,4,2,3,4,3,3,2,3,4,1,1,1,2,2,2,1,1,3,3,2,1,1,1,2,2,1,3,3,3,2,2,2,3,3,3,3,3,4,4,5,5,3,3,3,3,3,3,3,3,4,3,2,3,4,4,3,2,2,2,2,2,2,2,2,2,2,3,3,4,4,3,3,2,1,2,2,3,3,2,2,1,5,4,4,3,4,4,6,6,5,1,1,5,8,5,3,3,3,1,1,2,3,3,2,1,3,3,2,2,2,3,4,4,2,1,2,2,4,5,5,3,3,3,3,3,3,3,3,3,4,1,0,1,3,2,3,4,3,3,2,1,2,2,4,4,1,3,4,4,2,0,0,1,3,2,3,4,4,4,4,5,4,5,4,4,3,3,3,3,1,1,2,2,3,3,4,4,3,4,5,5,4,3,2,1,2,2,3,3,3,3,4,4,3,4,4,2,2,5,6,5,3,3,3,4,4,4,4,4,3,3,3,2,2,2,3,3,2,2,1,1,2,2,3,4,2,2,3,3,3,3,2,1,2,2,2,1,2,2,3,4,2,3,3,2,1,1,2,3,1,1,2,3,3,2,1,1,4,4,5,4,3,2,2,3,2,2,2,1,1,1,1,1,3,3,3,2,2,2,1,1,1,3,4,3,2,4,4,3,3,3,4,4,3,3,4,6,2,1,2,3,4,4,2,1,2,2,3,4,5,3,2,3,5,3,3,5,5,3,3,5,4,4,4,3,3,4,4,4,2,3,4,5,5,4,4,3,4,4,3,4,4,4,4,3,2,2,2,2,3,2,2,3,2,2,2,2,2,2,2,2,2,1,1,1,2,3,2,1,2,2,3,3,3,3,2,2,2,2,2,3,3,3,3,3,1,1,2,2,2,2,3,3,4,3,1,2,3,3,2,1,2,4,5,4,2,1,1,3,1,2,4,4,4,3,3,4,2,2,2,2,1,1,1,1,2,2,2,1,1,1,3,6,3,3,3,3,3,3,3,3,2,2,3,3,3,3,3,3,2,3,3,3,3,3,3,2,2,3,2,1,1,1,1,2,6,6,4,3,4,5,6,6,3,3,3,3,3,3,3,3,3,1,2,3,4,2,2,4,3,2,2,1,1,2,2,3,1,2,1,2,4,4,5,4,3,3,3,3,3,3,3,3,2,2,2,2,2,2,2,2,3,2,2,3,4,5,4,4,1,1,1,1,1,1,1,1,2,2,2,2,2,2,2,2,2,2,5,6,6,3,2,4,3,3,3,3,3,3,3,3,2,2,2,2,2,2,2,2,6,5,4,4,4,4,3,2,5,4,3,2,2,1,2,2,1,2,3,3,3,3,4,5,3,3,3,2,2,2,2,2,3,5,4,2,2,4,5,3,2,2,4,4,4,4,4,3,3,3,2,2,2,2,3,3,3,3,3,3,3,4,4,4,2,3,3,2,2,3,3,2,3,4,4,3,3,4,3,2,2,6,6,2,2,6,6,2,1,1,2,2,2,2,1,1,3,2,1,1,2,3,3,3,2,2,3,3,4,4,4,4,5,5,5,4,4,3,4,4,3,3,3,4,4,5,5,5,2,2,2,1,1,1,1,1,3,3,3,3,3,3
288,3,3,3,3,3,3,3,3,3,2,3,4,3,2,2,3,3,2,2,2,2,2,2,2,2,3,3,2,2,2,2,3,3,2,2,2,1,2,2,2,2,7,6,4,3,3,4,6,6,3,3,4,4,4,4,3,3,5,5,4,4,4,4,4,3,2,3,3,3,3,2,1,1,2,5,7,6,3,1,2,4,3,2,3,3,3,3,4,4,4,5,6,5,4,4,4,5,2,3,4,5,4,3,4,6,4,3,2,1,1,1,1,2,2,4,3,1,2,5,7,6,2,4,5,4,3,3,4,5,4,3,3,3,4,5,5,5,2,2,2,2,2,2,2,2,4,1,2,2,1,1,1,2,2,2,4,4,4,4,2,2,3,3,3,3,3,3,3,3,2,2,2,3,3,3,3,3,3,3,3,1,1,1,0,0,2,2,3,3,4,4,4,5,3,3,3,3,3,3,3,3,3,3,3,4,4,4,4,4,4,3,2,1,1,2,2,3,2,1,1,1,3,4,5,5,1,1,1,1,2,2,2,2,3,2,2,4,5,4,5,8,3,2,2,2,4,4,4,3,2,2,2,2,3,3,3,3,5,6,5,6,5,3,3,1,3,3,2,2,2,3,4,5,2,2,2,2,2,2,2,2,2,2,2,2,2,3,3,3,1,1,1,1,2,2,3,4,1,1,1,1,2,2,2,2,6,6,5,4,3,3,2,2,3,2,2,4,4,4,3,2,2,3,3,3,2,2,2,3,3,3,2,2,2,2,3,3,2,1,3,4,3,4,5,3,2,2,2,2,2,2,2,2,4,2,2,3,5,5,5,4,4,4,3,3,3,3,2,2,1,2,6,7,8,7,4,3,1,3,5,4,3,2,3,4,3,4,4,4,2,2,2,3,4,3,2,2,2,2,3,4,2,4,4,4,3,2,1,3,2,2,2,2,3,3,3,3,4,4,3,3,3,2,2,2,2,2,2,3,4,5,4,3,5,4,2,2,1,1,2,2,3,3,3,3,4,4,4,4,4,2,2,1,2,3,5,6,5,5,5,5,5,5,5,5,2,2,1,3,3,2,2,3,2,2,2,2,2,2,2,2,3,3,3,3,4,4,4,4,6,7,6,5,3,2,4,6,2,2,3,4,4,3,2,2,3,3,5,5,5,4,4,5,2,2,3,2,3,3,4,5,1,2,1,4,5,4,1,0,1,1,1,2,2,3,3,4,5,3,2,3,3,4,3,1,4,3,2,3,4,5,4,3,4,3,2,2,3,5,5,5,4,4,3,4,4,3,4,2,3,3,3,3,3,3,3,3,2,3,4,3,3,2,3,4,3,3,2,1,1,1,2,2,2,2,3,3,3,2,2,1,2,1,1,1,1,1,1,1,1,1,1,1,2,2,2,2,2,3,4,3,1,1,1,3,2,2,3,3,3,3,3,3,1,3,4,3,2,1,2,3,1,1,2,4,3,2,3,2,3,5,4,2,2,4,3,1,1,2,4,3,3,3,3,5,3,2,3,3,3,3,3,3,1,1,3,4,5,4,3,3,2,2,2,2,2,2,2,2,1,1,3,3,3,3,1,1,2,1,1,1,1,1,3,3,4,4,4,4,4,4,4,3,6,4,1,1,2,4,5,5,2,3,5,6,5,4,2,2,0,1,5,4,4,9,9,2,2,2,3,3,3,3,4,5,6,4,2,1,3,3,2,1,3,3,3,3,2,2,2,2,2,3,3,3,3,4,4,4,1,1,2,2,2,2,3,3,4,4,4,4,4,4,4,4,5,5,4,4,3,3,3,2,3,3,2,2,2,2,1,1,3,6,7,4,1,1,2,4,1,2,2,3,3,4,3,3,2,2,3,3,3,3,3,3,5,4,4,4,4,3,3,3,3,3,3,3,3,3,3,3,3,3,3,4,5,5,5,5,2,1,2,2,2,2,3,3,3,3,3,3,3,3,3,3,4,4,4,3,3,2,2,2,1,1,1,1,2,4,4,3,6,4,2,2,3,2,1,0,2,2,2,2,3,3,3,3,2,2,3,3,4,5,5,6,2,3,5,3,3,3,6,8,4,2,3,5,4,4,2,1,3,2,2,2,2,2,2,3,2,2,3,3,3,3,4,4,4,3,2,2,3,5,5,5,3,4,1,1,1,1,1,2,1,1,1,1,1,1,1,1,4,3,2,2,2,2,3,4,2,2,1,1,1,2,3,3,3,3,3,3,3,3,3,3,6,5,4,4,2,2,1,1,3,1,1,3,3,1,1,3,3,3,3,3,3,3,3,3,1,0,1,2,4,5,3,1,1,1,1,1,2,3,3,4,1,1,3,2,1,1
289,3,4,4,3,3,3,2,2,2,1,1,2,3,4,4,6,5,4,4,4,3,3,3,3,3,3,4,4,3,2,1,1,1,5,5,4,4,3,3,2,2,2,1,1,3,3,2,2,3,5,5,4,3,2,1,2,2,4,2,3,3,4,5,4,2,4,5,3,2,2,2,3,3,3,4,5,5,3,1,0,1,4,4,4,4,4,4,4,4,2,2,2,1,2,2,2,2,2,2,2,2,2,1,0,0,2,3,4,4,5,5,6,6,4,4,5,6,6,5,4,4,4,4,3,3,3,3,2,2,2,2,1,2,3,4,4,2,2,2,2,2,1,1,1,1,1,1,3,3,2,2,3,4,4,4,4,4,4,4,4,4,5,4,2,2,2,2,4,4,2,1,3,5,5,4,4,4,7,6,4,2,1,1,2,1,2,2,2,2,3,3,4,4,2,2,3,3,3,3,4,4,0,1,2,2,2,1,2,2,3,3,3,4,3,3,3,3,1,1,3,3,3,3,4,4,5,5,3,3,4,4,4,3,3,3,4,5,5,4,3,3,5,4,3,1,1,1,2,2,4,4,3,3,3,2,2,2,3,3,5,6,4,4,3,2,4,4,3,3,3,3,2,2,1,1,4,5,4,4,4,2,3,2,2,3,5,5,4,2,3,2,3,4,3,0,0,4,3,2,2,2,3,3,3,3,3,4,3,2,3,5,5,4,3,3,3,2,2,3,3,2,5,5,4,4,3,3,2,2,1,2,3,3,3,3,4,5,3,1,2,3,4,2,2,3,3,3,3,3,3,3,3,3,2,2,3,2,2,3,5,7,6,5,3,3,3,4,5,6,3,3,2,1,1,2,3,3,3,3,3,3,4,4,4,4,7,6,4,3,3,4,6,7,4,2,2,2,2,2,1,2,2,1,1,1,3,4,4,2,2,4,4,3,3,4,4,3,5,5,3,3,2,2,3,3,3,2,2,2,3,3,4,5,4,3,3,3,3,3,3,3,3,4,5,5,3,2,3,4,3,3,3,3,3,4,4,4,4,3,2,2,3,4,4,3,2,2,2,2,2,2,2,2,1,1,2,2,2,2,3,4,2,2,2,2,2,2,2,2,3,3,3,3,3,3,3,3,3,3,3,3,3,3,3,3,2,2,2,2,2,2,2,2,3,4,4,3,1,1,3,5,2,3,3,4,4,3,3,2,2,2,3,3,3,3,2,2,3,3,3,3,3,2,2,2,2,2,3,3,3,3,2,2,6,5,4,4,4,4,3,2,2,2,1,2,2,2,2,2,3,4,4,4,2,1,1,1,2,2,2,1,2,2,4,4,3,3,3,3,3,3,3,3,4,3,1,3,1,1,4,2,0,3,4,3,2,2,2,4,3,3,4,4,3,3,4,6,5,4,4,3,3,3,3,3,5,5,4,4,3,3,3,3,0,1,1,3,3,3,2,3,3,3,2,2,3,3,2,2,3,3,2,2,3,1,2,3,2,3,5,5,5,4,2,1,4,4,4,4,4,4,4,4,3,3,2,2,2,2,2,2,2,2,2,2,2,2,2,2,1,2,2,2,2,3,3,3,1,1,1,1,2,5,5,3,2,2,3,3,3,3,3,4,2,1,1,2,3,4,2,1,2,3,4,3,2,2,1,1,1,1,3,2,1,1,1,2,3,3,3,3,4,4,4,4,3,3,3,3,3,3,3,3,2,2,2,2,2,2,2,2,3,3,3,3,3,4,4,4,2,2,2,2,2,2,2,2,1,1,1,2,2,3,3,3,3,3,3,3,3,3,3,3,4,5,5,4,3,2,2,3,1,2,2,1,1,1,3,5,2,1,1,1,2,2,3,4,1,1,3,2,1,1,1,2,2,2,2,2,2,2,2,2,3,3,4,4,4,4,3,1,6,6,4,3,1,2,2,3,4,4,3,2,1,1,2,2,2,2,2,2,2,2,3,3,5,4,3,2,1,1,3,3,1,4,5,2,2,4,4,2,3,3,2,3,3,3,3,3,2,4,3,1,1,3,3,2,3,3,3,3,3,3,3,3,3,3,3,3,3,3,3,3,2,2,2,2,2,2,2,2,2,3,4,3,2,2,4,4,3,1,2,3,4,2,2,3,1,3,4,2,2,4,5,4,1,2,2,1,1,2,3,3,3,3,3,3,3,3,3,3,3,3,3,3,3,3,3,3,1,1,1,1,1,1,1,1,1,2,3,4,4,3,2,1,3,3,2,2,2,2,2,2,3,3,4,6,7,6,4,2,2,2,1,1,3,5,4,2,2,3,3,1,1,3,4,3,3,2,1,2,4,3,4,5,4,3,2,2,3,3
290,6,3,3,2,2,2,3,4,4,3,3,3,3,3,3,3,3,5,5,3,2,2,4,6,7,3,1,3,4,3,4,6,4,2,3,4,4,4,4,3,2,3,1,2,2,4,5,7,6,4,4,4,4,4,4,4,4,3,4,5,5,3,3,4,5,3,3,4,4,4,4,3,3,4,4,4,4,3,3,2,2,5,5,5,4,4,3,3,3,2,3,4,4,3,2,3,4,2,3,5,6,6,5,3,2,1,3,4,3,3,3,5,6,5,4,3,4,5,5,4,3,3,3,3,3,3,3,3,3,6,4,3,5,8,8,5,2,4,5,5,1,3,6,6,2,4,3,1,1,3,4,4,3,1,1,3,3,3,3,3,3,3,3,4,5,5,4,3,4,1,1,2,1,2,2,2,2,2,3,4,4,4,4,4,4,2,2,4,3,3,3,2,3,1,1,1,1,1,1,1,1,1,1,2,2,3,3,4,4,4,1,2,3,5,6,6,5,1,1,2,3,2,2,1,1,3,1,1,3,4,2,2,4,3,3,4,5,5,5,5,5,3,4,6,6,5,5,6,7,3,3,3,3,3,3,3,3,2,2,2,2,2,2,2,2,4,4,4,4,5,5,5,5,0,0,1,2,2,2,2,3,0,1,1,1,2,2,2,3,1,1,1,1,2,2,2,2,4,5,5,5,3,2,3,4,4,5,5,4,2,1,1,2,4,2,2,2,3,3,2,1,3,2,1,1,3,3,4,3,4,3,2,2,2,2,3,4,7,7,7,6,6,5,6,6,1,1,2,3,4,4,4,4,1,4,6,6,4,5,5,2,3,3,3,4,5,5,4,3,2,2,4,5,5,4,1,1,2,2,3,4,4,3,2,2,2,5,5,4,3,4,4,4,4,4,2,2,2,2,2,2,3,3,3,4,4,4,4,5,2,4,7,7,5,4,2,1,4,3,3,3,4,4,4,3,3,3,3,3,3,3,3,3,3,3,3,4,5,6,5,3,3,3,3,4,4,4,4,4,2,2,2,2,2,2,2,2,2,2,2,2,2,2,1,1,3,4,4,4,3,2,2,3,4,3,3,2,2,3,3,4,2,2,2,2,1,1,1,1,3,3,1,1,1,1,3,3,5,4,3,2,2,2,2,2,3,4,5,4,3,2,1,2,2,2,3,4,4,3,1,2,1,2,3,4,4,4,4,4,3,4,4,5,5,4,4,3,6,1,3,5,2,1,2,2,2,2,3,3,2,2,2,2,2,2,3,3,3,3,3,3,4,5,6,6,5,5,5,5,5,5,3,2,2,2,3,3,3,3,3,3,4,4,4,4,3,1,1,3,4,1,2,4,3,2,3,2,1,1,2,3,4,4,4,4,5,5,5,5,2,2,3,4,4,3,2,1,2,3,2,2,2,3,4,4,4,4,4,3,2,2,2,2,1,2,2,3,3,2,2,1,3,3,3,2,2,1,1,1,1,2,3,3,3,3,2,1,3,3,3,3,3,3,3,3,2,2,3,3,3,3,4,4,3,3,3,3,3,3,3,3,2,2,2,2,2,2,2,2,1,1,1,2,1,1,1,1,1,1,1,1,2,2,2,2,4,2,1,2,2,1,2,4,3,2,2,2,3,4,3,3,3,3,3,2,3,4,4,6,4,4,4,4,3,3,3,3,3,3,2,2,2,2,3,3,4,4,4,4,4,4,4,4,2,2,1,1,1,1,2,2,1,1,2,3,2,2,2,2,1,1,2,2,2,2,3,3,2,2,3,3,4,4,5,5,4,4,4,4,4,4,4,4,2,2,2,0,1,1,1,2,4,5,4,1,1,3,2,1,5,4,3,3,3,3,4,5,4,4,4,4,4,4,4,4,2,2,1,1,2,2,2,2,2,2,2,3,3,2,3,3,2,2,2,2,2,2,2,2,2,2,3,3,3,3,3,3,3,3,2,1,2,2,4,5,2,2,3,3,3,4,4,4,2,4,5,2,2,3,5,5,1,1,2,2,2,3,3,3,5,4,3,2,2,2,3,4,4,4,4,4,4,4,4,4,5,5,4,4,3,3,3,3,5,4,3,2,2,2,3,4,5,4,4,4,4,4,4,3,2,2,2,2,2,3,3,3,4,3,2,2,3,4,4,3,1,1,1,1,2,2,2,2,3,2,1,3,4,4,2,0,2,2,2,2,2,2,2,2,3,3,3,3,4,3,3,3,0,2,3,1,1,3,3,0,2,3,4,4,2,2,3,4,4,4,3,2,1,1,1,2,3,3,4,4,4,3,3,2,4,3,3,2,2,2,3,3,1,1,1,2,2,2,3,3,2,2,2,2,2,2
291,2,1,2,4,5,5,4,2,1,2,2,3,3,3,3,2,2,3,3,2,2,2,2,3,3,3,2,2,2,2,2,1,1,1,3,5,5,4,4,5,6,3,3,4,3,4,6,7,6,6,6,5,4,4,3,3,2,1,2,2,2,2,2,2,1,2,2,2,3,3,3,4,4,4,3,2,2,1,1,2,2,3,4,5,2,2,2,2,2,2,2,2,1,2,1,1,1,3,4,3,1,3,3,3,2,4,4,4,5,4,4,4,4,3,3,3,3,3,3,3,3,6,2,1,2,4,5,4,1,1,5,4,4,5,2,2,4,2,2,3,3,3,3,3,4,2,2,3,3,4,4,4,4,4,5,5,4,2,1,1,2,3,3,3,3,3,3,3,3,1,1,2,3,4,5,6,5,3,3,2,2,2,2,1,1,2,2,2,2,2,2,2,2,1,1,4,5,5,4,2,1,2,3,4,4,2,2,3,4,1,1,1,1,1,1,1,1,2,3,3,3,3,3,2,1,2,2,2,1,1,1,1,1,1,2,2,3,3,3,3,3,3,3,3,3,3,3,3,3,3,3,2,1,2,2,4,5,2,2,2,2,2,2,2,2,1,1,2,2,2,2,3,3,4,3,3,3,3,4,4,2,1,1,1,1,1,1,2,2,2,4,5,5,4,3,3,4,3,3,3,3,3,2,2,2,3,3,3,3,3,3,3,3,3,2,2,2,2,2,3,3,3,3,3,3,3,3,3,3,3,2,3,3,3,3,3,3,3,2,2,2,2,2,2,3,1,1,1,2,2,2,3,3,1,1,3,2,3,3,4,6,5,5,5,6,5,4,3,2,3,4,4,4,4,6,5,2,1,2,3,4,4,4,3,3,6,7,6,5,5,6,8,8,5,5,5,4,4,3,2,1,2,2,1,2,3,4,6,7,1,3,3,3,3,2,4,5,6,6,5,5,4,3,2,2,3,4,5,3,3,4,5,3,2,2,3,3,4,3,2,2,3,2,2,1,1,2,3,4,3,3,2,2,3,5,4,1,4,4,4,4,3,3,2,2,3,4,4,3,3,5,4,2,2,2,3,4,5,5,3,1,2,2,3,3,3,2,1,1,2,2,3,4,4,4,4,4,3,3,3,3,3,3,3,3,3,3,4,4,4,4,3,3,2,2,4,5,5,3,1,2,4,4,4,4,4,4,4,4,3,3,3,2,2,2,2,2,5,1,4,5,3,5,9,6,3,2,2,2,3,4,3,2,3,2,2,4,5,6,4,2,2,2,4,4,4,4,5,5,4,3,3,3,3,4,3,3,1,2,3,2,3,4,5,4,4,5,6,6,6,6,5,4,3,3,2,2,4,4,4,3,3,2,2,2,3,3,4,4,3,3,4,4,4,4,3,3,3,3,4,5,4,4,2,2,6,6,5,4,3,3,2,2,1,1,1,1,1,1,1,1,6,5,5,5,4,4,4,3,3,3,2,2,2,2,3,2,4,3,4,3,4,3,4,4,4,3,2,2,1,2,2,1,2,2,2,2,1,1,1,1,0,0,1,2,2,3,4,4,3,3,2,2,2,3,5,5,4,4,3,2,2,3,3,4,1,2,1,1,1,2,2,2,2,1,1,3,5,5,4,2,3,3,3,3,3,3,3,3,2,2,2,2,2,2,2,2,2,2,2,2,3,3,3,3,3,3,3,3,3,3,3,3,5,5,4,3,2,2,3,3,1,3,5,6,5,5,3,2,2,3,4,5,5,4,3,2,2,2,3,3,4,4,4,5,3,3,3,3,3,3,3,3,1,3,2,3,7,7,2,2,5,5,3,4,3,2,2,1,5,5,3,2,2,2,3,3,3,4,5,6,7,5,5,5,4,4,4,4,4,4,4,4,5,4,2,2,3,3,5,6,5,3,3,4,4,3,3,3,1,1,1,1,2,3,4,5,2,0,0,1,2,3,2,2,4,4,3,3,2,2,2,2,1,1,1,1,1,2,3,4,1,1,3,3,2,1,1,2,2,2,2,2,2,3,3,3,1,1,1,1,2,2,2,3,2,3,3,1,1,3,3,2,3,3,3,3,3,3,3,3,2,2,2,2,2,2,2,2,2,4,4,3,4,6,7,5,4,3,3,4,4,2,2,3,1,1,3,4,4,5,4,4,3,3,2,2,2,2,3,3,1,1,3,4,4,4,4,3,1,1,1,1,2,2,2,2,1,2,2,2,2,3,3,3,4,5,5,5,5,4,3,3,2,2,2,3,3,2,2,3,4,3,3,2,2,2,2,3,1,3,6,4,3,2,1,1,1,2,3,3,5,6,7,7,2,2,2,2,2,2
292,4,7,5,3,3,2,3,4,4,3,3,4,3,4,4,4,5,4,3,3,4,5,5,4,3,2,2,2,3,3,3,3,3,3,4,4,4,4,3,2,1,1,1,3,4,6,5,5,5,2,2,3,4,4,4,3,3,4,4,5,4,3,2,1,0,3,2,3,3,4,4,4,3,2,2,3,2,3,4,4,4,6,5,4,3,2,3,3,4,3,3,4,4,4,4,4,4,5,5,4,5,5,5,4,4,5,6,6,4,4,6,7,5,2,2,3,3,4,4,4,4,5,4,6,3,2,2,2,2,3,5,1,2,6,5,3,3,2,1,3,2,3,3,1,2,3,3,3,2,1,2,2,2,2,4,4,4,2,2,3,5,4,2,3,4,4,5,4,3,3,3,4,5,6,6,5,5,4,4,2,2,2,2,2,1,2,3,4,2,0,1,4,5,2,2,2,2,2,2,2,2,1,0,1,2,1,1,2,3,3,3,3,3,3,3,4,5,4,3,3,3,4,4,5,4,2,1,1,2,4,4,3,2,0,2,4,4,5,3,2,2,1,2,2,2,4,4,5,5,3,3,3,4,4,4,4,5,5,3,2,2,3,3,3,2,1,3,4,4,3,3,2,2,2,3,3,2,4,5,4,3,5,4,3,3,2,2,3,3,5,5,4,4,4,3,4,4,3,3,4,5,4,3,3,3,3,3,4,4,4,4,4,5,3,3,3,4,4,3,2,3,3,3,3,3,3,3,3,3,2,3,2,2,2,3,6,6,3,5,5,4,3,1,3,4,3,4,4,5,4,3,3,4,2,2,2,2,2,2,2,2,3,3,3,3,3,3,3,3,4,4,4,3,3,3,2,2,3,3,3,3,3,3,3,3,4,5,7,7,4,1,1,4,6,5,3,3,3,3,4,5,3,4,4,4,4,4,4,3,5,4,3,3,3,3,3,3,4,3,3,3,3,3,3,3,4,3,3,3,3,2,3,5,5,3,4,4,6,6,5,4,2,3,4,4,4,3,2,2,3,3,3,3,3,4,3,3,4,4,3,3,2,4,3,3,4,3,2,3,3,3,3,1,0,1,2,3,4,5,3,3,4,4,3,4,4,4,4,5,6,5,3,2,1,2,3,2,2,4,4,3,2,2,2,4,1,1,3,5,5,4,4,6,0,4,5,2,0,2,4,3,1,2,3,4,4,2,1,1,3,2,3,4,3,1,2,5,4,1,1,1,2,3,3,2,1,2,2,2,3,3,3,3,4,4,3,3,3,4,3,3,3,1,2,4,6,6,6,3,1,1,3,4,4,4,3,3,3,3,3,2,1,1,2,2,3,3,3,3,3,3,3,3,5,7,5,3,3,5,3,3,2,2,3,3,3,3,3,3,1,1,3,4,4,3,3,3,3,1,3,5,5,5,7,6,4,3,4,5,5,3,2,3,2,2,2,1,1,1,1,1,1,3,5,5,3,3,4,4,2,3,3,2,2,2,1,2,3,3,5,5,5,4,4,3,2,4,6,6,6,5,2,2,4,4,5,3,3,3,2,2,2,3,4,4,4,3,2,3,6,5,3,2,1,3,5,5,3,4,4,4,5,6,9,7,1,2,2,2,2,1,3,3,1,3,3,2,1,1,3,2,1,4,3,1,2,3,3,1,4,5,5,4,3,2,4,3,1,4,3,4,4,4,5,6,4,2,1,3,4,4,4,3,4,2,2,1,1,2,3,3,3,3,3,3,3,3,3,3,2,2,4,4,4,4,2,2,3,2,2,3,3,4,3,1,1,1,1,1,2,1,1,1,2,2,2,3,3,3,3,2,4,4,3,2,2,3,4,4,3,3,3,3,3,3,3,3,3,2,2,2,4,4,4,3,4,3,2,2,2,2,3,4,8,7,5,4,3,2,1,2,1,2,5,5,2,0,2,6,4,3,2,3,4,4,3,2,2,2,2,2,2,3,3,3,3,4,5,6,4,2,1,1,2,1,1,2,1,2,2,1,1,1,2,1,1,1,1,1,0,1,1,1,3,4,5,5,4,4,4,3,3,3,2,2,1,1,1,1,3,3,4,4,4,4,2,2,1,1,2,2,3,3,3,3,3,3,3,3,2,2,2,2,2,2,2,2,3,2,2,2,1,0,0,0,6,4,4,4,3,3,3,3,1,3,3,2,3,2,4,4,3,3,4,4,4,4,5,5,1,1,1,1,3,3,2,3,4,3,2,2,2,2,4,4,2,2,2,2,3,3,4,4,3,3,3,3,3,3,3,3,4,4,4,4,4,4,4,4,2,2,2,2,3,2,2,2,4,3,3,2,1,2,2,1,2,2,2,2,2,2
293,6,4,2,2,3,5,5,3,1,4,3,3,2,2,3,3,4,3,3,3,3,3,3,3,3,2,2,3,3,3,3,2,1,3,3,3,3,2,2,2,2,3,4,5,5,5,5,4,3,5,4,4,3,4,5,5,5,4,4,4,4,4,4,4,4,3,4,4,5,5,4,4,3,4,4,4,4,3,3,2,2,1,1,2,2,2,2,1,1,3,3,3,3,3,3,3,3,1,3,3,2,2,3,2,1,3,3,2,1,1,1,1,1,3,4,3,1,1,3,3,1,3,3,3,3,3,3,3,3,3,5,4,2,4,9,7,1,4,3,3,2,2,2,2,3,3,3,3,3,3,3,3,3,4,4,3,3,2,2,1,1,2,1,2,2,3,2,2,2,3,3,4,4,3,3,3,3,2,1,3,5,7,5,3,2,2,3,3,2,2,3,3,2,3,3,3,3,3,3,3,3,3,3,3,3,3,3,3,3,3,3,3,3,3,3,3,3,3,6,7,4,2,2,3,3,3,2,2,2,3,3,2,1,1,2,2,3,4,4,5,5,3,3,4,4,5,5,5,3,2,4,5,4,4,4,4,4,2,3,4,6,6,6,5,3,3,5,5,5,4,3,3,3,3,3,3,4,4,4,4,3,2,2,2,2,2,2,2,2,4,4,4,4,4,4,5,5,4,3,4,5,6,5,4,4,4,5,5,4,2,1,2,2,2,2,3,3,3,2,2,3,5,3,3,3,3,4,4,3,1,1,2,4,4,3,1,2,4,3,4,5,6,6,5,5,6,5,4,3,3,2,3,2,2,2,2,3,3,3,4,4,4,4,4,4,2,2,5,4,3,5,5,4,4,3,2,4,4,2,2,2,2,2,3,4,3,4,3,3,3,3,4,3,2,3,3,2,3,3,4,6,5,3,2,3,3,5,4,5,7,6,6,4,4,3,2,2,3,3,3,3,3,2,2,2,1,1,1,2,4,4,3,4,5,4,3,3,4,5,2,1,1,5,7,5,4,2,1,1,1,3,3,2,1,1,3,4,4,3,2,2,2,3,5,4,5,2,2,4,3,3,1,1,6,5,5,4,5,7,7,4,4,5,5,6,6,7,8,7,5,5,5,5,4,4,3,2,1,2,4,4,4,3,2,3,3,3,3,2,3,4,5,5,4,3,3,4,5,4,1,0,0,2,4,5,4,4,3,4,4,5,5,4,3,4,4,3,3,3,3,3,3,3,3,3,2,2,2,2,3,3,3,3,2,2,2,2,2,2,2,2,3,3,4,3,3,3,3,3,3,3,3,3,4,4,4,3,3,3,3,3,3,3,3,3,2,2,3,3,2,3,2,1,3,3,3,3,3,3,3,3,4,4,3,3,2,2,2,2,2,1,2,3,4,5,5,5,5,5,5,4,3,2,2,2,1,1,1,1,4,4,5,5,4,4,3,2,1,1,1,1,4,4,4,4,3,2,2,3,3,2,3,2,3,4,6,8,4,2,2,2,2,2,2,2,4,4,3,2,2,1,1,1,2,3,3,3,3,3,4,4,4,5,4,3,2,2,2,3,3,2,2,2,1,1,2,2,1,1,1,2,3,3,4,4,4,3,3,3,3,3,3,3,3,3,4,3,3,3,3,2,2,3,3,3,2,1,1,1,1,3,3,4,5,4,3,3,2,2,3,3,3,3,3,4,3,3,4,3,3,4,4,3,3,4,4,3,3,3,3,3,1,1,1,1,2,2,2,3,2,2,2,2,2,2,2,2,2,2,2,2,2,2,2,2,3,4,3,2,2,2,4,5,2,1,2,1,1,2,3,3,3,4,3,3,2,1,1,1,1,1,2,3,4,3,3,3,3,3,3,3,3,3,3,3,2,2,2,2,1,1,1,1,0,0,3,3,4,4,4,4,1,1,2,3,3,4,3,2,3,2,1,3,4,4,4,3,2,1,3,4,4,4,4,4,2,1,3,3,3,4,3,2,3,3,3,2,3,3,4,6,5,3,3,3,3,3,3,3,2,2,3,3,2,2,2,1,1,2,3,4,4,4,2,2,1,1,1,2,2,3,4,3,3,3,3,3,3,3,3,3,4,3,4,1,0,0,6,4,4,3,4,4,3,3,2,1,2,3,5,5,4,4,3,2,2,3,4,5,5,5,4,2,3,3,2,1,3,5,5,5,2,2,2,2,2,2,2,2,3,3,3,3,2,2,2,2,2,2,2,2,3,2,2,2,1,1,1,1,3,5,5,3,1,1,2,2,3,2,2,1,2,3,3,3,4,4,4,4,5,5,4,2,1,1,2,4,3,1,2,2,3,3,3,3,2,2,2,2,2,2
294,1,2,1,1,2,2,0,0,1,4,3,3,3,3,4,4,3,3,4,4,4,3,3,2,2,2,3,4,4,5,4,4,3,2,2,1,1,1,1,3,2,1,1,1,3,5,7,8,4,3,4,4,4,3,2,3,3,4,4,4,4,4,4,5,4,3,4,5,5,5,3,2,2,2,3,3,2,3,4,4,3,4,4,5,3,3,2,3,3,1,2,3,3,5,5,5,5,4,3,4,4,2,1,2,2,1,1,1,2,2,2,3,3,2,3,4,4,3,3,3,3,4,3,2,3,3,2,3,4,5,6,6,6,5,4,3,3,5,5,4,4,3,3,3,3,2,3,2,1,1,2,3,3,4,5,4,3,3,3,2,2,3,3,3,4,4,3,3,3,3,3,5,4,3,3,4,3,3,3,2,2,2,3,4,4,2,2,3,3,2,2,2,2,2,2,2,2,3,2,3,3,2,4,3,2,1,1,1,1,2,2,3,3,4,4,4,4,3,3,3,3,3,2,2,2,2,3,3,3,3,3,3,3,3,3,3,3,3,4,4,4,3,4,3,2,2,4,2,2,2,2,3,2,2,2,1,1,4,5,4,3,2,3,5,4,5,5,4,3,2,2,3,3,3,3,3,3,3,3,3,3,3,3,3,3,3,2,2,4,5,5,4,3,3,3,3,3,3,3,3,3,3,2,2,3,4,3,3,4,4,4,4,3,2,2,2,2,2,2,2,2,1,1,2,2,2,3,3,4,4,3,3,3,3,3,3,3,4,3,3,3,3,3,2,2,2,1,2,2,3,3,3,3,3,3,3,3,3,4,4,2,2,4,4,5,6,6,6,5,3,3,3,3,3,3,3,4,2,2,2,2,2,1,1,2,4,5,4,3,3,4,4,3,0,1,0,2,3,4,4,3,3,4,3,4,4,5,6,4,2,3,2,4,4,4,5,3,3,3,2,3,3,3,4,3,3,4,4,3,4,5,5,3,1,1,2,3,3,2,3,2,3,3,3,3,4,4,2,3,4,3,3,3,3,3,4,4,3,3,3,3,3,3,4,4,2,4,4,4,4,4,2,1,1,2,2,3,3,2,1,1,2,2,3,3,3,2,2,3,4,5,4,3,2,3,5,2,1,1,3,1,0,2,4,2,3,4,4,4,4,4,4,4,1,1,1,1,2,2,3,5,6,4,3,7,9,7,3,4,4,2,1,1,1,1,2,1,4,5,5,5,4,4,4,3,3,3,3,3,2,2,2,1,1,2,1,2,2,1,0,4,5,3,3,3,3,2,3,4,3,4,2,2,2,1,2,1,1,1,1,2,2,2,3,3,4,4,2,3,3,3,3,4,3,3,2,1,2,4,4,2,4,5,4,4,4,4,4,4,2,1,0,1,5,6,2,1,2,2,2,3,3,3,3,3,4,6,6,5,3,2,1,1,4,4,3,3,3,3,2,2,2,2,3,3,3,3,3,3,5,4,2,4,6,4,3,5,2,1,1,2,2,3,3,3,2,2,2,3,3,3,4,4,4,4,4,4,4,4,4,4,3,2,1,1,2,3,3,1,2,2,2,2,2,2,2,2,1,1,2,5,3,1,3,4,3,3,3,3,4,4,3,3,3,3,2,2,2,3,3,3,3,3,2,2,2,2,2,2,3,3,3,1,1,3,3,1,1,3,3,3,2,2,2,2,5,3,2,3,2,3,2,1,2,3,2,2,2,3,3,3,4,2,1,2,2,2,3,5,2,2,2,2,2,2,2,2,3,4,5,4,3,2,3,5,1,1,3,3,3,3,1,1,1,2,2,1,1,0,0,1,0,1,1,2,4,3,2,1,3,3,2,2,3,3,2,2,1,1,1,2,2,4,4,4,3,3,4,4,3,2,3,4,5,5,5,2,2,3,5,4,3,3,4,4,3,4,2,3,2,1,1,2,2,1,2,2,2,1,1,2,2,2,3,3,4,4,4,5,4,4,4,4,4,3,2,3,4,4,4,3,4,4,2,1,1,1,2,3,2,1,1,2,3,2,2,2,1,1,1,3,3,3,1,1,2,3,2,2,2,2,2,2,3,5,6,5,4,2,2,3,3,3,3,2,1,2,3,3,4,5,4,4,3,3,3,2,4,4,3,3,2,3,3,3,3,3,3,3,3,3,3,3,5,4,4,5,4,3,3,2,2,2,0,1,1,1,3,3,1,1,3,2,2,1,1,4,2,1,1,5,7,5,3,2,3,3,3,3,3,3,3,4,1,1,1,1,1,1,1,1,2,3,3,3,3,3,4,4,2,4,5,5,3,2,1,1,1,4,4,3,3,3,5,5,3,1,2,4,3,1
295,2,6,6,5,4,3,3,4,4,3,2,2,2,3,3,3,3,4,3,2,4,6,7,6,4,3,4,3,3,3,3,2,2,3,3,3,3,3,3,3,3,6,6,4,3,3,3,3,3,3,3,3,3,3,2,2,2,4,5,4,4,4,4,5,5,1,1,1,2,2,2,2,2,4,4,3,3,4,3,4,4,2,4,4,3,3,2,4,4,4,4,4,4,4,4,4,4,3,3,1,1,2,3,5,5,4,4,5,5,4,3,2,2,3,3,3,3,3,3,3,3,3,3,2,2,3,3,3,4,7,4,2,1,3,4,4,2,3,2,2,3,4,5,4,3,3,4,4,4,5,5,7,6,1,2,3,3,3,2,1,2,7,5,3,2,3,4,3,3,2,3,3,3,3,3,3,3,2,2,4,4,4,4,3,3,4,4,3,2,1,2,3,3,4,4,5,4,3,3,3,3,3,3,2,2,2,2,2,2,2,2,2,2,2,1,1,2,6,5,4,4,3,3,2,2,2,3,5,5,5,4,3,2,2,2,2,3,4,4,5,5,4,3,3,2,2,3,3,4,2,2,3,4,3,3,2,2,2,1,1,2,1,2,3,2,3,3,3,3,3,3,3,3,1,2,3,3,4,4,4,4,2,3,4,4,2,0,1,2,3,2,2,2,2,2,2,2,2,2,2,2,2,2,2,2,3,3,2,0,1,1,2,2,3,3,3,3,3,3,3,3,3,2,2,2,2,2,3,4,3,3,4,4,3,2,3,5,4,3,3,3,3,2,3,4,4,3,1,1,0,1,2,2,4,4,3,3,2,1,3,4,3,3,4,3,3,3,4,3,6,6,4,3,3,2,2,3,2,2,1,2,3,2,1,1,4,4,4,4,4,4,4,4,4,4,3,2,1,1,2,3,3,3,3,3,3,3,3,3,3,3,2,2,2,3,3,3,4,4,3,3,3,3,3,2,2,2,2,2,1,1,0,0,3,3,3,3,3,3,6,6,4,4,4,4,4,4,4,4,3,2,2,2,2,2,2,2,5,6,5,4,2,1,1,1,2,3,1,1,1,1,3,4,1,1,3,4,4,4,3,3,4,4,3,3,3,3,3,3,3,3,1,1,3,3,3,1,3,4,4,3,2,2,3,4,3,2,3,4,5,5,5,5,2,2,3,3,4,4,2,2,1,1,2,4,5,5,4,4,2,1,1,3,5,4,3,2,3,3,2,2,1,3,3,3,3,4,3,2,2,2,4,6,1,1,2,1,1,1,3,3,0,0,1,1,1,1,1,2,2,1,1,1,1,1,2,2,2,2,1,1,1,3,3,5,3,2,4,3,2,1,2,3,4,3,3,3,3,3,3,3,3,4,5,4,4,4,4,4,2,3,4,5,4,3,3,2,6,6,5,5,4,5,5,5,4,3,3,3,3,3,3,2,1,1,1,1,2,2,3,3,3,3,3,3,3,3,3,3,4,4,5,4,4,5,4,1,1,1,1,1,1,2,2,2,4,3,1,2,2,2,2,3,3,3,4,4,3,2,2,2,3,3,3,3,3,3,4,3,2,1,2,2,2,2,2,2,3,2,2,3,4,5,6,4,2,2,2,2,2,1,1,1,2,2,3,3,4,4,3,3,4,4,2,2,4,3,3,3,2,2,3,3,3,3,3,3,1,2,3,3,2,3,2,1,2,4,4,2,4,4,4,5,3,2,3,3,5,5,5,5,4,3,3,3,3,3,4,3,3,3,3,3,3,3,3,3,3,4,5,5,3,1,1,3,4,4,2,3,4,5,5,4,3,4,4,4,4,4,4,4,3,3,3,3,3,3,3,3,3,3,3,3,3,3,4,5,3,1,1,1,0,1,1,1,4,4,3,3,3,2,3,4,3,2,2,2,2,3,5,6,6,3,3,1,2,3,2,2,3,4,2,2,2,3,5,5,6,6,5,5,6,5,5,3,4,4,5,5,5,5,5,5,3,4,3,1,2,3,5,5,5,5,4,2,2,2,1,0,1,1,1,1,1,1,2,1,3,3,3,3,2,2,2,1,2,3,3,3,3,3,3,3,1,1,1,1,1,1,1,2,1,2,4,3,2,4,6,4,2,2,4,5,4,3,3,3,3,3,3,3,4,3,4,4,2,1,0,0,2,3,3,1,4,4,3,3,2,2,2,1,1,1,1,1,2,2,3,2,2,2,3,3,2,2,3,4,2,1,4,4,3,2,2,3,3,3,4,4,4,4,4,3,5,7,5,3,2,4,4,5,4,4,2,2,2,1,2,2,3,2,1,2,2,2,3,3,1,1,2,3,4,4,5,5,3,2,2,2,2,1
296,3,4,4,4,4,4,3,5,4,1,1,2,3,5,5,4,3,2,3,3,4,3,3,3,3,3,3,3,3,3,3,3,3,3,3,4,4,3,2,4,4,1,2,3,3,4,4,4,4,5,4,3,3,3,3,3,3,6,6,6,4,3,3,4,5,6,6,6,5,3,3,2,2,3,3,3,3,3,2,2,3,4,3,2,2,4,5,6,5,3,3,2,2,3,4,5,5,4,4,4,4,5,5,3,4,4,3,2,3,4,5,3,2,4,4,2,1,1,1,1,1,1,2,3,3,3,2,1,1,3,2,2,2,6,5,3,2,2,3,3,4,5,4,2,1,2,5,5,4,4,3,3,2,1,2,4,4,4,2,1,1,3,3,4,4,5,5,4,2,0,2,3,3,3,4,4,3,2,2,1,3,4,4,2,2,3,3,3,4,4,4,3,2,3,3,4,4,4,3,3,2,4,4,5,5,5,3,3,2,2,4,4,3,3,2,2,4,3,3,3,3,3,3,3,2,2,3,2,1,1,1,3,2,3,4,2,2,2,3,4,2,4,3,3,3,3,3,3,3,2,2,3,3,3,3,3,2,2,2,2,2,2,2,2,2,3,3,3,3,2,2,2,2,3,3,3,3,3,3,3,3,2,2,2,3,5,5,3,1,1,1,3,4,4,4,4,3,4,4,3,1,2,2,4,6,8,6,4,3,3,5,6,6,5,4,4,4,5,5,4,3,4,4,4,3,2,1,1,1,1,3,5,4,4,4,3,3,2,0,1,3,4,4,3,2,3,3,3,3,3,3,3,3,3,2,4,7,5,1,2,6,4,2,2,3,5,4,4,2,2,2,3,4,4,2,2,0,3,3,4,4,4,4,3,1,2,2,2,3,3,4,5,6,5,4,4,3,3,3,2,3,4,3,1,3,4,2,2,3,3,3,4,4,3,2,3,4,4,4,5,5,4,4,3,3,2,3,4,4,2,1,2,3,4,4,4,4,4,4,4,4,6,5,3,3,4,5,5,3,2,3,5,4,2,2,4,7,4,3,3,3,4,4,4,4,4,4,4,3,3,4,3,3,3,3,3,3,4,4,3,2,4,4,4,4,4,3,3,3,3,3,3,3,3,3,3,3,1,1,2,2,1,1,1,1,4,6,4,4,3,4,4,6,5,4,5,5,5,4,3,3,1,1,1,1,2,2,1,1,2,1,2,4,4,4,3,1,2,3,4,4,4,3,3,3,3,4,5,7,7,4,2,5,4,1,2,4,4,4,4,4,4,2,2,3,5,5,4,4,4,4,3,3,3,2,3,3,2,3,3,4,5,5,5,5,6,5,5,4,3,2,2,2,1,1,1,1,3,3,3,2,2,2,1,1,3,4,3,4,4,2,3,3,1,1,1,1,1,1,3,3,3,4,4,6,6,4,4,4,3,2,2,2,2,1,1,2,3,3,3,4,4,5,5,4,3,2,1,1,3,3,3,3,3,3,3,2,4,5,3,3,3,4,3,2,2,4,4,4,3,1,1,1,3,4,3,3,3,3,3,3,3,3,3,4,4,4,3,3,2,2,2,1,1,1,2,2,2,1,1,2,2,2,2,3,5,5,4,4,4,3,4,5,4,3,2,2,2,3,3,3,3,3,3,3,3,2,2,3,3,2,1,3,5,4,1,1,2,2,2,2,2,2,3,2,3,3,3,3,3,3,3,3,4,4,4,4,3,4,3,2,2,3,2,2,3,4,4,2,2,2,2,2,2,2,2,2,2,1,1,2,2,2,2,3,3,2,1,2,3,3,4,4,3,2,2,3,2,2,2,2,2,2,2,2,2,2,2,2,2,2,2,2,2,2,2,2,3,4,4,4,5,4,4,4,1,1,2,2,2,2,2,3,2,1,1,1,1,1,2,2,1,1,3,5,5,5,3,1,2,2,2,2,3,3,3,5,2,1,2,2,2,2,2,4,4,3,3,3,3,3,3,3,3,2,2,3,3,3,4,4,4,3,3,3,3,3,3,3,2,1,3,3,3,4,6,4,4,4,2,2,4,6,6,5,4,4,4,4,3,4,3,3,2,2,1,1,1,1,1,2,3,2,2,2,2,2,2,2,2,1,2,2,2,2,3,3,2,2,1,1,1,1,1,2,3,2,3,3,3,4,3,4,4,4,4,4,3,3,2,2,3,3,4,4,2,2,3,2,2,2,2,2,2,2,2,2,1,1,3,5,5,5,3,1,3,4,3,3,3,2,2,1,3,3,3,4,3,3,3,1,1,2,1,1,1,1,3,5,4,2,1,2,2,3,3,4,4,3,3,3,4,4,4,5,4,4,4,4,4,4
297,6,2,3,3,1,1,3,4,2,1,1,2,2,3,4,5,6,3,2,2,1,1,1,1,1,1,1,2,1,2,1,1,1,3,3,2,2,3,3,2,2,3,2,2,3,4,5,4,3,4,4,3,3,2,1,2,2,2,4,5,4,3,4,4,3,3,4,3,3,4,4,3,4,1,1,3,3,3,3,3,3,2,3,4,3,3,3,3,2,3,4,4,3,2,2,2,2,3,4,4,4,4,3,4,2,2,3,2,2,2,3,4,4,1,2,2,2,2,2,2,1,2,3,3,2,1,1,1,2,3,5,4,4,6,5,2,3,1,3,6,5,3,2,2,2,3,4,4,3,3,4,4,4,3,3,4,5,4,3,3,3,4,4,4,4,4,4,4,4,3,2,2,3,4,4,3,2,4,3,3,5,5,4,4,5,2,2,1,1,3,4,3,2,3,1,3,5,4,3,3,2,2,1,3,2,2,3,4,4,3,3,2,1,1,3,3,3,3,3,3,3,3,3,3,3,5,5,6,6,5,3,3,4,4,3,3,2,1,3,4,3,2,2,5,8,6,4,4,5,2,2,6,5,3,2,2,3,5,6,5,4,4,4,4,2,2,3,3,4,3,3,3,3,3,1,2,3,5,7,6,4,4,4,4,3,3,4,4,5,5,4,4,5,5,4,4,3,4,4,2,1,1,2,3,2,4,5,3,3,4,5,4,3,2,3,3,3,3,3,4,3,3,3,1,2,4,5,5,3,3,3,4,4,5,4,3,4,2,0,2,2,3,2,2,2,3,4,4,4,3,4,4,3,4,4,4,5,5,5,4,4,4,4,4,4,3,2,3,3,3,2,2,2,2,2,3,2,1,1,1,2,3,4,1,1,3,3,3,3,3,3,2,1,3,5,3,3,4,4,3,4,4,4,5,5,4,3,2,3,3,2,2,2,3,4,4,4,1,1,2,3,4,3,1,1,5,4,3,3,3,3,4,4,2,2,3,5,5,5,4,4,3,3,3,3,3,3,3,3,2,3,3,4,4,5,5,5,6,3,1,1,3,4,4,3,0,1,1,2,3,3,5,5,4,4,4,4,3,3,3,2,2,3,4,3,3,3,5,5,4,3,3,3,2,3,3,2,1,2,2,2,2,1,1,1,3,4,3,3,3,4,6,6,1,1,2,4,2,1,1,0,2,2,3,3,3,3,3,3,5,4,2,4,5,3,3,5,4,5,6,7,7,6,5,3,4,3,3,3,4,5,3,4,3,2,3,4,4,4,4,3,3,4,5,4,3,0,2,5,4,3,4,4,3,3,3,4,2,1,2,2,2,2,2,3,3,5,5,3,2,3,3,1,3,2,2,3,1,0,2,2,1,3,4,4,4,3,4,4,1,2,2,1,1,2,5,5,1,1,2,2,2,3,2,2,1,1,2,2,3,4,3,4,3,2,2,3,3,1,2,3,4,6,6,5,2,1,2,4,2,2,2,4,4,3,2,1,1,1,2,2,2,2,3,4,1,1,2,1,1,1,1,1,3,3,3,2,3,2,2,1,2,2,2,3,3,3,2,1,2,3,3,3,3,4,4,3,3,3,2,2,3,3,3,2,4,3,3,5,6,6,5,2,3,3,3,4,4,3,3,3,2,2,1,2,3,4,4,2,3,3,2,3,5,5,4,2,1,1,4,4,5,4,2,2,2,2,2,2,2,2,2,2,2,3,3,3,3,3,4,4,3,2,2,1,1,1,2,3,2,2,1,1,1,1,1,2,1,1,1,2,3,3,3,3,3,2,2,1,2,2,2,1,3,4,5,5,3,3,3,3,3,5,6,3,1,2,4,4,4,4,3,3,3,2,2,2,3,1,2,2,2,3,2,2,2,2,3,3,3,3,2,2,1,1,2,2,2,2,3,3,3,3,2,2,2,1,1,1,4,4,3,2,2,3,3,3,4,3,2,2,3,4,5,7,3,3,5,5,4,3,2,3,6,6,4,5,5,4,4,5,4,4,3,3,2,2,2,1,3,5,4,1,1,3,5,4,4,4,2,4,5,6,5,5,3,2,1,3,4,3,3,5,6,6,4,2,2,0,1,2,3,3,3,3,3,3,3,3,4,4,4,4,4,4,4,4,4,4,5,4,4,2,2,4,2,2,2,2,2,2,2,2,3,3,3,3,3,2,2,2,1,1,1,1,1,1,1,1,2,2,2,2,2,2,2,2,3,3,3,3,3,3,3,3,3,3,3,3,3,3,3,3,3,3,3,3,2,2,2,1,2,3,2,3,2,3,3,2,3,3,2,3,3,3,4,4,4,4,2,1,1,2,5,5,4,4,4,4,4,4
298,4,2,2,3,4,3,2,2,2,3,3,3,3,3,3,1,1,1,1,3,3,3,3,3,1,2,4,4,3,4,3,3,3,0,0,3,4,4,2,1,0,3,3,4,4,5,5,5,5,6,4,1,2,4,5,4,2,2,3,3,3,2,3,3,1,2,2,3,3,3,3,2,3,3,3,4,4,4,4,3,3,4,4,5,5,5,5,4,4,4,3,3,3,3,3,4,4,3,4,4,3,2,3,2,1,1,1,1,2,3,4,3,3,4,5,5,2,2,2,4,6,3,1,2,3,2,1,1,2,4,3,3,4,5,5,4,3,4,5,4,3,3,4,3,3,5,6,6,5,2,2,4,6,3,3,3,2,1,1,3,3,4,3,4,4,4,5,4,3,3,3,4,2,2,3,1,1,4,4,4,4,3,3,3,2,2,3,3,3,3,3,3,3,4,4,4,4,5,5,4,4,4,4,4,3,4,4,4,4,5,6,5,4,3,3,3,2,1,2,4,4,5,3,1,1,1,1,1,2,3,3,2,2,2,2,4,4,2,0,2,2,3,3,3,4,4,4,5,5,5,5,4,3,3,3,2,4,5,3,3,2,2,3,2,2,4,3,2,2,2,2,4,4,2,2,2,3,3,3,3,3,3,1,1,3,3,3,2,3,3,3,3,3,3,3,3,4,4,3,4,4,3,4,3,2,2,2,2,2,2,2,2,2,3,2,2,3,4,4,3,3,2,2,4,5,4,4,4,4,3,3,3,2,2,3,2,3,4,3,3,3,3,3,3,4,2,3,3,4,5,4,4,4,5,3,2,3,4,7,8,6,6,6,5,5,5,3,3,3,2,2,3,3,3,3,3,2,1,3,3,3,3,3,4,4,6,6,5,4,5,6,5,3,3,3,4,3,3,3,3,3,2,2,2,3,2,2,3,4,5,4,3,1,1,2,1,1,4,4,3,2,3,3,1,2,3,3,3,3,3,3,3,4,3,2,2,1,1,2,2,3,3,3,2,1,2,2,5,4,2,2,3,3,4,4,4,4,4,4,4,3,3,3,2,2,3,3,3,4,4,4,3,4,3,4,5,5,4,3,3,4,4,4,3,3,3,4,4,5,7,5,5,4,3,3,3,3,3,3,3,3,3,1,2,2,4,5,5,6,6,6,6,7,4,2,2,2,1,1,1,0,2,3,3,4,4,4,4,5,3,3,3,3,3,3,3,3,5,6,3,2,2,2,3,5,5,5,5,5,5,3,3,3,3,2,3,4,4,4,3,2,3,4,4,4,4,4,4,4,3,2,2,2,3,3,3,5,4,2,3,3,3,3,3,4,4,2,2,3,3,3,4,4,4,4,2,2,2,2,1,1,3,5,2,4,7,5,1,2,2,1,2,3,3,3,3,4,4,4,4,4,4,4,4,4,5,5,3,3,3,3,5,5,4,2,2,2,2,2,2,3,3,2,2,2,3,3,3,3,3,3,3,2,2,3,5,5,7,6,4,2,0,1,3,5,3,1,1,2,3,5,6,5,2,2,1,2,1,2,5,5,3,3,3,3,3,3,4,4,4,4,3,3,2,2,2,2,2,2,2,2,2,2,2,3,3,3,3,3,3,2,2,2,4,4,4,4,3,3,4,4,3,3,5,5,5,5,2,2,2,2,3,3,3,3,2,3,4,3,3,2,3,3,4,4,2,1,1,2,3,3,2,1,2,2,2,2,2,2,2,3,5,5,4,3,4,4,4,3,3,3,2,2,2,3,3,4,4,4,2,2,2,2,4,4,3,3,3,2,2,1,1,1,3,3,4,3,3,3,3,2,1,2,5,4,5,4,3,3,4,3,4,3,3,3,3,3,3,3,3,3,3,3,3,3,2,3,4,3,3,2,3,4,1,0,1,3,3,2,2,3,1,2,3,3,1,2,5,6,5,4,2,2,2,2,2,3,1,1,2,3,4,4,4,3,2,2,2,2,2,2,2,2,1,1,1,3,3,4,3,3,2,2,2,2,2,2,3,3,2,3,3,3,2,2,1,1,2,4,5,5,3,2,2,3,0,2,3,5,5,5,4,3,4,4,3,3,3,3,3,3,1,1,2,3,4,4,4,4,5,5,4,4,3,3,3,2,3,3,2,3,4,4,3,2,4,2,2,2,3,4,3,2,4,3,2,3,4,4,4,2,2,3,4,2,1,1,1,0,3,2,2,2,2,2,2,2,3,2,2,2,3,3,2,3,2,3,4,4,4,4,3,2,1,2,2,3,4,3,2,3,3,3,2,2,2,3,5,6,3,3,4,4,5,4,5,5,2,2,3,3,3,3,3,3,3,2,2,1,1,2
299,5,6,3,2,3,3,4,4,7,3,2,2,1,1,2,3,3,3,2,1,2,2,2,1,0,2,2,2,2,3,3,3,4,4,3,3,3,4,4,3,3,4,2,3,5,5,4,7,7,3,3,3,3,3,3,3,3,2,1,1,2,2,2,4,4,5,5,5,5,5,5,5,5,1,1,2,2,2,3,3,4,4,3,2,1,2,2,2,1,3,2,1,1,1,2,4,4,3,2,4,4,4,3,4,6,4,3,4,5,5,4,2,2,3,4,4,4,4,3,2,2,4,4,3,2,2,3,4,4,4,2,1,3,4,5,5,2,3,3,2,5,6,5,3,4,4,3,3,4,4,3,3,3,5,5,4,4,4,4,3,3,4,4,2,2,2,1,3,3,5,5,5,4,4,5,5,5,2,1,1,1,2,2,2,4,3,2,2,3,4,2,3,3,3,3,3,3,3,3,3,3,2,2,2,2,3,3,1,1,3,3,2,3,3,3,3,2,2,2,3,3,3,3,2,2,2,2,1,1,1,2,3,4,4,3,3,3,2,0,2,5,3,2,2,1,3,4,3,2,2,1,1,2,3,4,3,3,5,3,2,0,1,1,2,3,3,3,3,3,3,3,3,3,1,4,4,3,3,4,4,1,1,2,3,3,3,3,4,4,1,2,4,5,5,4,2,1,2,3,4,4,4,4,5,5,6,7,5,4,3,1,1,1,2,1,3,3,3,2,1,0,4,3,3,4,4,5,5,5,4,3,4,4,4,3,3,1,2,2,3,3,4,4,4,2,5,4,3,2,4,4,3,2,2,3,4,4,3,4,5,5,4,4,4,4,4,4,4,4,5,4,4,3,3,3,3,2,1,3,4,4,3,2,2,3,1,1,3,3,4,3,2,1,1,1,1,1,2,2,2,2,2,2,2,2,2,2,2,2,6,5,5,4,3,3,3,3,1,1,2,4,6,5,3,2,0,1,1,1,1,2,2,2,2,3,3,2,1,1,2,1,3,3,3,3,4,4,4,3,2,3,4,4,4,4,5,5,4,3,2,2,2,4,4,4,1,1,1,3,4,4,4,4,4,4,4,4,3,3,3,4,2,2,1,1,2,2,3,4,4,3,4,2,3,3,2,1,3,3,4,3,3,3,2,2,3,3,2,3,3,4,4,3,2,3,1,3,4,2,5,3,3,3,3,4,5,5,3,2,4,3,4,3,2,2,3,4,2,3,3,3,3,4,4,4,6,5,3,2,3,3,2,2,4,3,3,3,4,5,4,4,3,3,3,3,3,3,3,3,3,3,2,2,2,2,1,1,1,1,2,3,3,3,3,3,3,3,3,3,3,3,3,3,4,5,2,3,3,2,5,4,2,4,4,2,2,4,4,2,3,5,5,3,4,5,5,3,3,3,4,5,3,3,4,5,5,4,3,3,2,2,2,3,4,4,3,3,2,1,1,1,5,2,0,0,1,3,4,3,2,2,3,4,3,1,1,1,2,2,3,3,3,3,2,3,6,6,5,4,1,1,2,2,2,2,2,2,3,3,2,3,4,4,3,3,2,1,1,1,1,3,4,4,4,2,3,3,2,2,2,2,2,2,2,1,3,3,2,2,1,2,2,3,5,4,3,3,3,3,3,0,3,4,3,4,2,2,3,2,1,1,1,1,2,2,3,3,2,2,2,1,1,1,2,2,2,2,2,2,2,2,2,2,1,3,4,4,2,1,2,2,1,1,1,1,2,2,3,3,4,3,3,2,2,2,2,2,1,1,3,3,4,4,4,3,2,2,2,3,3,3,3,3,3,3,3,3,4,4,5,4,4,4,4,3,3,2,2,2,3,3,2,2,3,5,4,2,2,4,3,3,5,3,1,3,3,3,3,3,2,1,1,1,2,2,2,2,1,2,2,2,2,1,1,1,1,1,2,3,4,3,2,2,2,3,2,1,2,2,2,3,3,3,3,3,2,2,3,4,3,3,2,1,1,1,1,3,3,5,5,5,5,3,1,1,2,2,2,1,3,3,3,3,3,3,3,3,3,4,5,6,6,5,5,4,6,6,4,3,3,4,5,6,3,2,4,4,3,4,4,3,2,2,2,2,2,1,1,0,0,2,6,5,2,1,2,2,2,2,3,5,5,5,3,2,3,3,2,2,2,3,5,5,1,3,3,2,3,3,2,2,1,1,1,2,2,3,4,4,2,2,2,2,2,2,2,2,2,2,1,1,1,2,2,2,1,1,1,1,1,2,1,1,2,2,1,2,2,2,3,5,6,5,4,3,3,3,5,5,2,1,2,2,2,1,2,2,2,2,2,2,2,2,2,3,3,3,3,3,3,3
300,4,5,5,4,4,4,3,3,2,2,3,2,1,1,5,8,6,1,1,1,2,2,2,3,2,2,1,1,1,1,2,3,3,2,3,3,4,3,3,4,3,3,4,4,4,4,4,3,4,3,3,3,2,2,2,2,3,3,4,4,3,4,5,4,6,7,5,6,6,3,2,1,2,3,3,4,5,6,6,6,5,3,3,3,3,3,3,3,4,2,2,2,3,3,3,3,3,4,4,4,4,3,2,1,4,6,4,5,5,5,4,1,1,1,1,1,2,3,3,3,1,4,7,7,5,3,3,4,4,4,3,2,3,3,3,3,3,3,3,3,3,4,3,3,3,3,3,4,4,5,5,5,3,2,4,4,3,2,2,4,3,3,3,4,4,3,4,4,5,7,6,5,3,3,3,4,3,2,2,3,3,3,3,3,3,2,3,3,2,2,2,2,2,1,1,2,3,2,2,2,3,6,7,6,4,4,3,2,1,2,2,3,2,2,3,4,4,4,4,3,3,2,2,2,2,4,4,3,2,3,3,3,4,3,2,2,1,1,2,4,4,3,3,5,6,4,3,3,5,4,3,3,3,3,3,3,3,4,4,2,2,3,5,4,2,2,3,3,3,3,2,2,3,2,4,4,3,5,6,6,6,3,4,4,4,4,4,3,3,2,4,5,5,6,7,4,3,4,3,2,3,4,4,3,3,3,3,3,3,2,2,2,2,2,2,2,2,2,2,2,2,1,2,4,4,4,3,1,1,2,4,5,4,4,3,2,1,0,1,3,2,2,2,4,5,7,6,5,4,3,2,2,1,3,2,1,2,2,2,3,3,4,4,3,2,3,3,2,1,2,1,2,3,3,2,3,3,2,2,1,1,1,2,2,3,4,4,5,5,5,4,3,2,3,5,5,5,4,4,3,1,1,1,3,3,4,4,5,5,5,5,4,4,4,4,3,3,2,1,4,5,5,5,4,4,1,1,2,3,2,3,4,6,6,6,5,3,3,2,2,2,2,3,3,3,3,2,2,4,4,3,4,3,2,3,4,2,3,3,2,2,4,6,7,7,3,1,3,4,4,4,3,3,3,2,4,4,5,5,4,3,2,1,1,1,1,1,1,1,3,4,2,2,2,4,6,8,4,2,1,1,2,3,3,1,3,5,5,3,1,2,2,1,3,3,3,3,4,4,4,4,4,3,2,3,5,4,5,6,4,4,5,4,2,0,0,1,2,2,2,3,3,4,5,6,2,1,2,3,4,4,3,3,4,3,3,3,3,3,3,3,3,2,3,5,5,4,2,3,4,2,1,3,6,5,4,5,7,7,7,5,5,4,2,2,1,1,1,1,1,1,2,2,2,1,3,2,3,4,3,5,4,3,3,4,4,4,4,3,0,0,2,4,4,5,5,4,5,6,6,4,3,2,3,8,5,3,3,3,3,4,4,4,4,3,3,3,2,2,2,1,1,1,2,3,3,4,3,2,4,5,3,1,1,1,3,3,2,2,2,2,2,1,2,2,2,3,3,4,4,3,3,3,2,2,3,3,3,3,4,5,2,1,1,1,2,2,2,2,2,2,2,2,2,2,2,2,3,3,1,1,2,4,5,5,4,4,4,4,3,4,5,4,3,3,2,1,1,1,2,3,2,3,3,2,2,1,2,2,2,2,2,2,2,2,2,2,2,2,2,2,2,2,2,1,2,3,2,3,3,2,1,3,2,2,2,2,2,2,2,2,2,2,4,4,2,2,2,2,3,3,5,4,3,2,3,2,3,2,3,3,5,6,7,8,4,2,2,2,2,1,2,2,2,4,4,3,3,5,6,6,6,5,3,4,3,2,1,1,1,1,2,2,2,3,3,4,4,3,4,3,3,3,3,4,3,3,3,3,3,3,3,3,2,1,1,1,1,1,1,1,0,0,2,2,2,3,3,3,4,4,3,3,3,2,2,3,2,2,2,2,2,2,3,3,2,4,3,1,1,1,3,2,3,3,3,3,2,2,1,1,2,2,3,2,2,2,2,2,3,3,3,3,3,3,3,3,1,1,2,2,5,8,8,5,4,3,3,2,4,4,3,3,3,3,3,3,3,3,3,3,5,5,4,4,4,4,3,3,4,4,4,5,5,4,4,4,3,4,5,3,3,3,5,5,3,2,4,4,5,4,4,5,2,1,1,1,1,2,2,1,2,3,3,2,2,2,2,1,1,2,4,3,4,3,3,4,2,1,1,1,2,3,2,1,3,3,3,3,3,3,3,3,3,3,3,2,2,2,2,2,2,2,1,1,1,1,2,3,2,1,1,2,4,3,1,1,1,2,4,4,4,3,3,3,2,2,3,3,3,3
301,3,2,2,2,2,3,3,3,3,3,3,3,4,4,4,3,3,2,1,2,3,2,2,2,2,2,2,4,4,2,2,2,2,4,3,3,4,5,4,5,4,3,4,5,6,5,5,6,6,1,1,1,2,3,5,4,5,4,2,2,2,4,5,4,3,4,4,3,2,3,5,6,7,4,3,3,3,2,3,3,1,4,6,5,4,4,4,4,4,3,4,5,6,6,4,3,1,1,3,3,3,3,3,3,3,3,6,4,1,1,1,3,3,1,2,2,3,2,3,3,3,4,4,4,3,2,3,3,3,2,4,3,2,5,6,4,3,3,3,4,3,2,2,2,3,2,1,3,4,2,2,1,1,2,3,3,4,3,4,3,3,3,3,3,4,4,4,3,3,3,2,2,2,2,2,3,3,2,1,3,3,3,2,2,2,1,2,1,1,2,3,3,5,3,2,3,3,3,3,3,3,2,2,2,2,2,1,2,4,2,1,2,3,2,2,3,3,3,4,3,3,3,3,3,2,3,2,2,2,3,3,3,3,2,2,3,3,3,3,4,5,3,2,1,1,1,2,2,3,3,1,1,1,2,3,4,3,6,5,3,2,4,5,6,6,3,2,3,3,4,4,5,4,2,3,3,3,4,5,3,3,3,2,2,3,2,3,2,2,1,2,3,2,2,2,4,2,2,1,1,1,3,4,4,4,5,2,2,3,2,1,1,1,1,1,1,1,1,1,1,1,3,2,1,0,1,4,6,5,4,3,3,3,3,3,4,5,1,0,5,6,4,3,2,2,6,7,4,4,4,5,4,1,3,3,2,3,4,5,5,4,4,4,4,3,3,3,3,4,1,1,1,1,1,1,2,2,1,1,1,1,1,1,2,2,5,5,5,5,5,5,5,5,3,3,4,4,2,1,2,2,1,2,3,4,3,4,4,5,3,2,3,3,2,2,2,3,5,4,3,4,6,7,6,5,5,5,4,3,2,1,3,4,2,3,3,3,2,2,2,3,3,3,3,1,3,3,4,4,3,3,4,4,5,5,5,5,4,4,4,4,3,3,3,3,1,2,2,2,2,2,2,2,3,3,3,3,5,5,3,1,3,3,3,3,3,3,2,3,2,2,1,1,1,1,1,2,2,4,2,2,2,1,1,1,2,3,3,3,3,3,2,1,4,4,4,4,5,4,4,4,1,4,6,3,3,6,4,1,3,3,3,3,3,2,2,3,3,2,4,5,4,4,3,4,3,2,2,2,2,3,5,5,3,3,3,3,3,3,3,2,4,5,3,2,3,3,4,4,4,4,4,4,4,3,2,2,1,1,1,1,2,3,3,4,2,2,3,2,2,1,1,2,2,1,1,2,4,4,5,6,3,3,2,0,2,3,2,3,1,2,3,4,4,3,3,1,4,5,5,5,5,5,5,5,4,4,4,4,4,3,3,3,2,2,2,1,2,4,3,0,1,2,2,3,2,2,3,2,2,2,3,2,2,1,1,2,1,1,1,1,1,1,1,1,5,5,4,3,3,3,4,5,4,5,5,5,5,4,4,5,2,1,1,1,1,1,2,2,2,2,3,3,4,3,3,3,5,5,4,3,3,4,4,4,3,5,3,2,2,4,4,3,3,1,1,1,1,1,2,2,1,3,3,2,1,3,3,1,1,1,3,4,4,4,2,2,1,3,3,3,3,2,2,3,3,3,2,3,4,4,2,1,1,1,1,1,1,1,2,2,3,3,3,3,3,3,3,3,2,3,5,5,4,2,1,2,4,4,2,3,2,2,4,4,2,3,3,4,4,2,1,1,2,2,3,3,3,2,2,1,2,1,2,2,4,6,5,3,3,3,2,2,2,2,2,2,4,4,3,3,4,4,3,3,3,3,3,2,2,1,2,2,1,2,1,1,3,5,4,3,3,3,3,4,4,3,4,4,2,2,2,3,3,4,4,3,4,4,4,3,3,3,4,4,3,4,5,6,5,2,1,2,2,1,1,2,3,3,3,5,4,4,4,4,4,4,4,5,4,3,2,1,1,1,1,2,2,2,2,3,3,3,4,4,3,3,2,2,3,2,3,4,3,2,2,3,4,4,4,3,3,3,3,2,2,3,4,4,3,3,2,2,1,3,4,4,4,4,2,1,0,1,3,3,1,3,3,5,5,6,4,3,4,3,3,4,4,3,3,3,2,3,3,3,3,3,4,4,2,3,3,3,3,4,2,1,0,2,1,0,2,3,2,0,3,3,3,2,3,2,2,1,1,2,2,2,2,2,1,1,1,1,2,2,2,2,3,3,0,0,1,1,1,1,1,1,1,1,1,2,3,3,3,2,1,2,2,2,3,3
302,2,2,2,3,2,2,1,1,2,3,1,2,2,3,4,4,3,1,1,3,4,5,5,3,2,1,1,1,1,0,2,3,1,2,2,2,3,3,2,2,2,4,4,4,4,5,5,5,6,0,0,4,6,4,3,1,1,3,3,4,5,5,5,3,3,2,2,2,3,3,4,4,5,5,5,3,4,2,3,3,4,2,4,4,4,4,3,2,1,2,3,3,3,4,4,4,5,6,6,2,2,3,3,5,5,2,2,2,5,5,1,0,0,3,1,1,1,1,0,2,2,3,4,2,2,1,1,2,2,5,7,4,2,6,8,3,1,2,2,3,3,3,3,3,3,2,3,2,1,2,2,3,4,3,1,2,3,3,2,2,1,4,4,4,4,4,4,4,4,4,3,3,3,3,3,3,3,4,3,3,3,3,4,4,2,4,4,4,4,4,3,3,3,1,1,1,2,2,2,1,1,2,3,4,4,2,3,4,4,4,2,2,3,2,3,4,4,3,5,4,4,5,5,3,1,5,4,5,4,4,3,4,4,4,1,3,3,3,4,4,5,4,3,1,1,3,5,5,2,4,4,5,4,5,5,5,4,1,1,1,1,1,1,3,4,5,4,2,2,2,4,3,2,3,3,3,3,3,3,3,2,1,2,4,3,2,4,4,4,3,3,2,2,2,2,2,3,3,3,4,3,4,3,3,3,3,3,3,3,2,2,2,2,1,1,2,2,1,1,1,1,3,3,3,3,3,3,3,4,4,4,1,1,1,1,2,4,4,7,7,4,2,3,4,7,4,4,2,2,2,4,6,5,0,0,1,1,4,6,9,6,1,4,6,6,5,3,0,1,4,2,3,3,3,3,3,4,4,3,2,2,2,2,3,4,3,4,3,3,1,2,4,4,4,3,4,3,3,3,3,3,4,3,3,3,3,4,3,4,4,4,4,3,3,4,4,5,7,7,7,7,7,7,7,5,2,4,4,4,4,4,4,3,2,4,4,4,4,4,2,2,3,4,3,2,3,3,2,3,2,2,4,4,2,3,3,3,6,4,4,4,4,4,4,3,2,3,4,4,4,3,3,3,3,3,3,3,2,1,3,2,1,3,2,1,1,1,3,4,2,2,2,2,2,2,2,2,3,2,2,2,2,3,3,4,4,3,3,2,2,2,2,1,2,3,3,4,4,3,5,5,4,3,2,3,4,4,2,2,3,2,3,3,3,3,4,3,4,5,6,5,4,2,2,3,2,3,4,3,3,4,4,4,5,4,4,4,4,4,4,4,4,3,3,3,4,3,4,4,3,3,3,2,2,2,1,0,5,5,4,3,3,3,5,6,3,2,3,4,4,3,3,2,3,3,2,2,2,2,4,4,4,4,3,4,4,3,3,4,2,2,2,2,2,2,1,1,4,4,2,2,2,1,1,2,7,7,6,6,5,4,4,3,1,2,3,3,3,3,4,5,3,2,2,3,3,4,4,4,3,3,1,1,1,1,3,4,3,3,2,2,2,2,4,4,5,3,3,3,3,4,4,4,5,4,4,4,4,4,4,4,4,4,3,3,3,3,3,3,2,2,1,2,1,2,1,1,4,4,4,4,4,4,3,3,3,4,3,3,3,3,3,2,3,4,2,1,1,2,4,5,3,3,2,3,5,5,3,2,1,1,1,1,1,1,1,1,1,2,3,4,4,4,3,1,4,4,3,3,4,3,3,3,3,3,4,4,4,4,4,5,2,1,3,3,3,3,2,1,2,2,3,3,2,2,3,3,4,4,2,3,3,3,3,2,1,1,1,1,1,1,1,1,0,1,2,1,2,2,2,1,3,6,3,2,3,3,4,4,1,2,3,5,5,4,5,3,4,4,3,3,4,6,4,2,2,2,2,2,3,3,1,0,2,1,3,3,3,3,3,2,2,2,2,2,2,3,3,3,4,3,2,2,1,2,2,3,4,4,1,2,3,4,3,1,2,3,4,4,2,1,2,3,2,2,1,2,3,4,3,1,2,2,2,2,2,2,2,2,4,4,2,3,2,3,3,3,4,5,5,5,4,2,2,2,2,0,1,2,2,3,5,7,6,4,3,2,1,1,2,2,1,1,1,2,2,3,3,4,2,1,2,5,5,5,5,4,5,5,4,3,2,3,3,4,2,3,4,5,5,5,4,2,2,4,4,4,4,3,3,4,2,1,1,1,3,4,2,1,3,4,4,4,4,4,3,3,3,3,3,3,3,3,2,0,1,2,2,3,4,3,4,3,3,3,3,3,3,3,3,3,2,2,2,3,4,4,3,1,4,3,3,2,3,2,2,1,2,2,3,3,3,3,3,1,2,1,1,1,3,4
303,5,3,3,3,3,3,3,3,3,4,3,2,3,5,5,5,4,3,3,3,4,4,4,3,3,2,2,1,2,2,2,2,2,2,3,4,4,5,7,5,2,4,4,4,4,4,4,4,4,2,4,2,3,2,3,3,3,3,3,3,3,3,3,3,3,4,4,4,5,4,4,4,4,4,4,3,1,1,1,3,4,4,4,2,2,3,4,3,2,1,2,2,3,2,1,2,3,4,4,2,3,3,3,2,2,3,2,2,5,4,1,1,3,5,2,4,4,3,2,3,4,4,3,1,1,2,3,3,1,0,1,5,5,4,5,1,1,3,3,3,2,2,2,2,2,2,2,2,2,2,3,3,3,2,2,3,2,1,1,2,3,2,2,3,4,4,3,2,2,3,3,3,3,4,4,4,4,3,3,2,2,2,2,2,4,2,2,3,3,4,4,3,3,3,4,4,3,4,5,5,7,3,1,1,2,3,4,3,3,3,4,4,4,5,5,4,4,3,3,4,3,4,3,2,2,3,2,2,1,1,1,1,1,4,3,2,4,5,5,4,5,4,4,4,4,3,3,3,2,6,4,3,2,2,2,3,3,4,4,4,3,3,2,2,1,2,2,3,3,3,4,4,3,3,3,3,3,2,2,2,2,3,3,3,3,3,3,2,3,4,2,1,3,4,4,4,3,3,4,4,4,4,3,3,3,2,3,3,4,3,3,3,3,2,2,2,1,1,1,1,1,3,4,4,4,3,3,2,2,2,2,2,2,2,2,2,2,3,5,4,4,5,6,6,4,2,3,3,2,2,2,2,2,2,3,5,6,3,4,4,4,3,3,3,3,4,4,3,3,4,3,3,5,6,6,5,4,2,2,3,3,2,2,1,2,5,7,5,3,4,6,4,4,3,3,3,3,3,3,3,3,3,3,3,3,3,3,3,3,4,4,2,1,2,4,4,5,6,4,4,3,2,2,2,4,2,1,2,3,4,4,4,3,2,3,4,3,2,4,4,2,2,3,3,4,4,5,4,5,1,2,3,2,2,2,3,4,2,2,2,2,2,2,2,2,2,1,3,2,3,3,3,2,3,4,4,4,4,5,5,5,5,3,2,1,1,1,3,3,4,7,4,2,2,3,5,6,2,2,3,3,4,4,5,5,3,3,4,4,4,5,5,4,1,1,1,1,2,2,2,3,4,2,3,4,3,4,4,2,2,2,3,3,3,3,3,2,2,2,2,2,2,2,1,1,4,3,4,5,6,6,5,5,2,1,1,1,2,4,4,3,2,2,3,4,4,4,3,3,2,1,2,2,2,4,4,4,4,2,2,2,4,4,4,3,2,2,2,1,3,3,2,2,2,3,3,3,3,3,2,4,3,1,2,3,3,3,3,2,4,4,4,4,4,4,2,2,2,2,2,3,3,3,3,3,3,2,2,2,2,2,5,4,1,3,5,5,2,3,4,3,3,3,3,4,4,4,4,2,1,3,3,2,3,4,1,1,4,2,1,1,3,3,3,3,2,2,2,2,2,3,2,3,4,5,5,5,3,2,3,4,1,2,3,2,2,3,3,3,4,4,2,2,2,2,4,4,3,3,3,3,3,3,2,5,6,4,3,3,3,3,2,3,4,2,2,4,6,7,5,1,3,4,3,2,2,2,2,2,2,3,3,3,3,3,2,1,1,1,1,1,1,2,4,3,2,1,1,3,4,4,3,3,2,2,2,1,2,2,1,2,3,3,3,2,2,3,3,3,4,3,2,2,2,2,2,1,1,2,2,1,1,3,3,3,3,3,4,4,5,5,4,4,3,2,2,2,3,2,2,1,4,3,2,2,3,2,2,2,3,3,1,2,2,2,2,1,2,1,2,2,2,3,3,2,1,2,3,3,2,2,2,2,2,2,3,4,5,4,4,3,5,5,2,2,3,3,4,2,1,1,2,3,3,4,4,3,2,2,2,2,1,2,3,3,3,2,2,3,4,3,2,4,4,2,2,2,3,3,4,4,4,2,3,3,4,4,3,1,3,4,4,5,4,4,5,5,2,2,3,3,4,4,1,1,2,2,3,3,3,2,2,3,2,2,3,2,2,2,2,2,3,3,2,1,3,3,3,3,3,3,2,2,2,3,3,3,2,3,2,1,2,3,6,5,2,2,2,3,3,3,4,2,1,2,2,2,1,2,4,5,3,3,3,2,2,2,2,2,1,1,3,3,3,4,4,4,2,2,2,2,2,1,1,1,6,6,6,6,5,4,2,2,3,3,2,2,3,3,3,3,3,3,3,3,3,3,3,3,4,3,2,2,3,3,2,2,2,4,5,4,4,4,3,5,0,0,0,1,2,2
304,2,3,1,1,1,1,1,1,2,4,3,4,4,3,3,3,2,3,4,4,3,2,1,2,3,2,2,1,2,2,2,3,3,1,1,2,2,2,2,2,2,1,1,1,1,1,1,1,1,1,1,2,2,2,3,3,4,4,5,5,3,2,2,2,1,2,4,4,4,4,4,3,3,3,3,3,2,2,2,2,2,2,2,1,1,1,2,2,2,3,4,5,4,3,3,4,4,2,0,2,3,2,1,2,1,2,1,1,2,3,3,4,4,3,3,2,2,4,5,5,5,5,3,3,4,4,2,3,4,7,6,5,4,5,9,10,7,4,3,2,3,4,4,2,2,4,3,3,2,2,2,3,3,4,4,3,3,3,3,4,3,2,3,2,1,1,2,2,3,4,3,4,4,4,4,4,5,4,3,4,5,5,5,4,3,3,4,4,3,2,3,4,3,3,3,3,2,1,0,0,0,1,1,1,1,1,1,1,1,2,1,2,2,1,2,2,3,3,4,6,5,4,5,2,2,3,3,3,3,3,4,3,2,3,3,3,3,3,3,2,2,3,3,3,3,3,3,3,3,1,2,4,4,3,2,3,4,4,3,3,3,3,3,3,4,2,2,2,2,3,3,3,3,3,1,2,2,3,4,3,3,3,3,4,4,4,3,3,3,1,4,4,3,2,1,1,1,3,4,3,2,3,5,5,4,1,1,1,1,2,2,3,3,2,3,2,1,1,3,1,1,2,2,1,1,1,2,2,3,4,4,4,4,5,5,5,5,0,1,2,3,4,4,4,3,5,4,2,3,4,5,3,2,3,3,3,3,4,6,6,7,5,4,4,4,3,2,1,1,1,1,2,3,4,2,2,3,2,3,3,3,4,4,5,6,2,3,3,3,3,2,2,1,0,2,4,2,2,3,3,3,4,3,0,0,0,2,2,2,5,4,4,4,3,3,3,3,2,3,3,4,4,4,2,3,4,3,3,3,3,3,4,3,5,5,5,5,5,5,5,5,2,2,2,3,3,2,2,2,2,3,3,4,3,1,1,2,3,1,1,2,2,2,3,3,3,3,2,2,3,4,4,4,3,3,2,2,2,3,4,5,4,3,4,5,5,5,7,5,2,2,1,1,2,2,1,2,3,3,5,4,3,2,2,1,3,3,3,4,5,5,4,3,2,3,4,5,5,4,3,2,3,1,2,4,5,3,2,3,4,4,4,4,4,4,5,5,3,3,4,4,5,4,3,4,3,2,2,2,3,3,3,3,3,4,4,4,4,5,5,5,4,4,4,4,4,3,5,4,2,3,3,3,2,1,0,1,3,3,4,4,4,2,1,3,3,3,3,2,1,1,0,2,2,2,2,1,1,3,4,4,4,4,4,4,5,5,5,5,3,4,4,4,6,7,7,8,3,3,3,3,5,4,4,3,3,3,3,3,2,2,2,2,0,0,1,1,1,1,1,1,1,1,1,1,2,4,6,6,5,2,1,1,1,0,2,2,3,4,3,3,2,2,4,5,3,3,3,2,3,2,2,2,2,3,3,3,2,2,3,2,0,2,3,3,2,3,4,4,3,1,1,2,4,4,3,2,3,2,3,3,3,3,5,5,3,3,4,4,4,4,5,5,4,4,5,5,4,4,4,4,2,3,3,2,1,1,1,1,3,2,3,3,3,3,3,3,3,3,3,3,3,3,3,4,4,4,5,5,4,4,4,3,1,1,2,2,1,2,2,3,5,4,4,4,3,3,2,3,2,2,2,3,3,3,5,1,1,4,6,6,5,3,3,6,8,6,4,3,3,3,4,3,2,4,4,3,3,2,4,3,0,3,4,5,2,0,0,1,2,0,2,5,3,2,1,3,4,3,5,5,4,4,1,1,2,2,2,3,3,3,3,3,4,4,4,4,4,4,4,3,1,2,2,2,4,4,4,4,4,4,2,2,2,2,2,2,1,2,2,3,3,3,3,3,4,4,4,4,3,3,3,5,5,3,1,0,4,5,2,2,2,1,1,2,2,3,2,3,3,4,4,3,2,3,4,4,3,3,3,2,2,2,1,1,3,4,4,4,2,2,4,4,3,3,3,3,3,3,2,2,5,5,5,4,2,2,3,4,3,3,3,5,4,3,6,5,3,4,2,2,1,2,2,4,4,5,5,5,5,4,2,2,1,1,2,4,5,4,3,2,4,4,4,4,3,3,4,3,2,3,3,2,2,3,4,3,3,3,3,4,2,3,2,4,6,4,3,3,2,3,4,2,1,4,5,4,2,2,2,4,3,2,3,2,1,1,1,1,2,2,2,3,3,4,4,4,4,4,1,2,3,2,2,3,3,3,2,2,2,2
305,2,0,1,2,2,2,3,4,4,2,1,2,2,3,4,5,7,5,3,2,2,2,2,2,3,4,3,3,3,3,3,3,5,2,3,2,3,3,4,5,5,1,2,2,2,2,2,2,2,2,3,3,1,1,1,3,4,3,2,3,3,3,3,1,1,4,5,4,4,4,4,4,5,2,4,4,2,1,2,4,5,1,0,0,4,5,4,5,4,3,2,2,2,3,3,4,4,2,2,2,2,1,1,1,3,1,1,3,3,1,0,1,5,5,3,3,4,4,5,4,4,6,5,3,3,3,3,3,2,3,3,3,5,7,8,5,1,4,4,1,2,5,6,4,4,1,1,3,2,3,4,4,2,2,4,6,6,5,4,3,4,4,3,3,3,3,3,3,3,3,3,3,2,3,3,4,5,2,2,2,2,3,2,2,2,4,4,4,3,5,4,4,3,5,5,4,2,3,4,3,4,3,3,3,3,2,1,4,3,4,3,2,4,5,6,5,4,4,2,2,2,2,3,4,5,1,0,2,2,2,2,2,1,0,2,4,7,7,5,3,0,2,2,3,4,4,4,3,3,3,5,6,7,6,4,2,2,2,3,4,4,4,4,3,2,3,2,3,2,3,2,2,1,3,3,3,3,3,3,3,3,1,1,3,3,3,3,1,1,2,3,4,5,5,4,2,2,3,3,3,2,3,3,3,3,3,4,4,3,3,2,2,3,4,2,3,3,3,3,3,3,4,4,4,4,4,4,4,4,4,4,4,3,3,3,3,3,2,3,2,4,4,4,3,2,5,5,5,5,5,5,5,4,2,3,3,3,3,3,3,3,5,5,4,3,3,4,3,2,2,2,3,3,3,3,3,3,4,4,4,5,3,3,2,3,5,5,6,5,3,4,6,5,3,2,3,3,2,4,4,4,3,3,4,6,7,7,5,5,2,3,4,3,3,3,4,4,3,4,4,4,3,3,3,3,2,1,2,3,3,4,4,6,4,4,2,1,0,1,2,5,5,2,3,3,4,4,4,5,3,3,3,3,4,6,7,6,5,4,1,1,2,2,3,3,1,2,3,3,4,5,4,4,4,3,4,5,3,1,2,4,4,3,3,3,3,2,2,2,2,2,2,2,2,2,1,2,4,7,6,3,3,4,3,3,2,2,2,2,2,2,2,3,4,4,3,4,4,5,5,4,1,2,4,4,5,5,5,4,2,3,3,3,3,2,2,2,1,1,2,4,4,2,2,2,2,4,4,3,3,4,4,1,2,3,2,1,3,4,3,4,3,5,7,7,7,5,4,4,2,3,3,2,2,2,1,2,2,3,3,3,2,3,2,3,1,0,0,2,4,4,5,6,5,4,3,3,2,2,3,1,1,3,2,3,4,7,9,8,4,4,3,3,2,2,1,3,2,2,4,3,3,4,6,3,1,2,3,3,4,3,3,2,3,6,4,2,1,1,3,3,4,3,2,2,2,3,3,3,4,4,4,4,3,3,3,3,3,2,2,1,1,1,3,3,1,2,2,2,2,3,3,3,4,3,1,0,0,2,2,1,3,5,5,4,3,2,4,4,4,3,2,2,3,2,2,4,3,2,3,3,3,3,4,4,2,3,3,3,3,3,3,3,1,1,2,2,3,3,1,2,4,4,4,4,4,4,4,4,3,4,6,5,3,2,4,3,3,3,3,3,3,3,3,3,3,2,2,3,2,1,1,2,0,1,4,3,3,4,5,5,2,2,2,2,2,2,2,2,1,3,6,4,3,3,4,4,4,4,2,4,5,3,2,1,2,0,1,2,2,3,3,3,2,2,2,2,2,2,2,2,2,3,4,3,1,3,4,3,3,3,4,4,4,4,4,3,4,3,4,3,3,3,4,5,3,3,2,1,1,1,2,2,5,4,4,3,3,2,1,2,2,2,3,3,4,4,4,2,3,3,3,3,3,3,3,3,2,3,2,1,3,4,5,5,6,6,7,7,4,2,1,3,3,6,6,4,5,6,8,8,4,3,2,2,2,1,1,3,4,4,4,4,4,4,4,2,1,3,4,3,4,4,2,2,3,3,3,3,3,3,3,3,2,2,2,2,2,2,2,2,3,3,2,3,1,0,1,2,5,4,4,5,3,2,3,4,3,2,3,4,5,4,2,2,2,2,1,1,3,4,4,2,1,1,1,3,4,4,2,2,4,3,3,2,1,0,0,1,2,2,2,2,3,3,3,3,3,1,1,2,3,3,3,3,1,1,2,2,2,1,1,2,3,2,3,3,2,2,2,2,2,1,2,2,1,1,2,4,3,4,3,2,1,1,2,3,2,1,1,2,3,3,4,5,3,2,2,2,2,2
306,7,4,2,2,2,4,1,1,6,6,1,1,0,1,3,3,5,3,3,1,1,1,3,2,1,1,2,2,2,2,1,1,0,1,2,2,2,3,3,3,3,1,1,1,1,1,1,2,4,2,1,2,3,3,3,2,2,2,3,3,2,3,2,2,2,4,4,5,5,5,5,5,4,7,6,5,3,3,2,2,2,4,4,5,5,4,5,5,5,3,3,5,4,2,2,2,5,4,4,2,2,3,2,3,3,5,5,4,4,6,7,3,0,1,0,2,1,1,3,3,3,3,2,3,3,2,3,4,5,6,4,1,1,2,4,4,3,4,3,4,4,3,2,3,5,5,4,3,3,2,2,2,2,2,2,3,3,3,3,4,4,3,3,2,2,3,3,3,2,4,4,3,2,2,2,3,3,3,3,3,3,4,4,3,3,4,4,4,4,4,4,4,5,2,3,3,4,4,4,3,3,2,2,2,2,3,3,3,3,1,2,3,3,1,1,2,3,3,5,6,4,2,4,1,0,3,3,4,4,4,3,2,2,1,3,4,4,4,4,4,3,2,2,3,3,3,4,4,4,3,3,3,3,3,3,3,3,3,5,5,3,2,2,4,4,5,4,3,3,4,3,5,5,5,5,3,3,2,3,3,4,6,4,3,3,4,4,4,3,1,0,2,2,0,0,1,2,1,1,2,3,5,5,3,2,2,3,3,2,4,6,7,7,5,5,6,5,5,5,4,4,2,2,3,4,3,4,4,3,4,4,3,3,2,4,4,4,3,3,3,3,3,3,3,4,5,5,4,3,4,4,6,4,1,1,1,1,2,3,6,6,3,4,5,3,3,1,2,2,3,2,2,4,7,8,7,6,3,3,4,4,4,2,2,3,1,0,3,3,2,1,2,5,6,4,4,4,4,3,4,4,4,2,2,3,3,2,3,3,3,4,4,4,4,3,2,2,3,3,3,3,3,3,3,4,4,4,3,2,3,4,4,1,1,3,3,3,3,3,3,4,6,6,4,3,2,3,4,4,4,3,1,2,2,1,2,4,2,1,1,1,1,1,1,1,2,3,2,3,3,3,3,2,3,3,3,3,3,2,2,2,3,3,3,2,3,3,4,4,4,3,4,5,5,6,6,5,3,2,3,3,3,4,3,3,3,3,3,3,3,3,4,1,1,5,5,4,5,5,1,0,1,2,4,5,4,4,6,5,1,0,1,2,2,1,1,2,4,1,1,2,4,5,4,4,5,2,1,1,1,2,4,3,2,3,4,4,4,3,5,3,1,2,1,1,1,1,1,1,2,3,4,4,4,3,2,3,4,4,4,4,4,4,4,3,1,1,3,3,3,3,2,3,2,1,2,4,3,1,4,3,2,3,3,2,2,2,2,2,1,1,2,2,2,1,2,2,1,1,3,3,2,3,2,2,5,5,5,4,4,3,3,3,2,2,2,2,2,2,2,3,4,4,3,3,5,4,4,2,5,5,6,3,3,4,6,5,6,5,3,3,4,3,2,4,3,2,2,2,2,2,2,3,3,2,3,3,3,3,3,2,2,3,3,4,3,3,3,3,3,3,4,4,3,3,2,2,2,2,2,2,2,2,2,2,3,3,3,3,3,3,3,4,2,4,5,4,4,4,2,4,6,4,5,5,4,3,3,3,2,3,3,3,3,3,3,3,5,4,4,4,4,3,3,4,2,4,5,5,5,5,5,4,1,1,1,1,2,2,2,2,3,3,3,4,4,3,3,4,4,3,2,3,3,3,3,3,2,2,5,3,2,1,1,2,3,2,2,2,2,2,2,2,4,5,5,4,2,1,2,4,4,3,3,3,2,1,1,1,1,2,2,2,2,1,1,1,1,1,3,4,4,3,1,1,2,2,2,2,2,2,2,2,2,2,2,2,3,3,1,0,1,2,1,2,2,3,4,4,4,4,5,5,5,4,3,2,0,0,0,1,3,4,6,8,3,4,3,3,3,3,2,1,1,1,2,2,2,2,2,3,4,4,3,3,2,1,1,1,2,2,2,2,3,3,4,4,2,2,2,2,2,3,3,3,4,3,2,2,3,3,5,6,4,2,1,0,0,1,1,1,2,2,3,3,4,4,4,4,3,2,3,3,3,3,3,3,3,1,1,1,2,2,1,4,4,2,2,3,4,2,2,3,3,2,2,3,3,3,3,3,6,4,5,6,1,0,1,1,2,2,3,3,4,5,4,4,3,2,3,3,3,2,2,1,3,2,2,3,3,3,3,5,4,2,2,2,2,3,3,4,2,2,5,5,5,3,2,2,2,2,3,3,3,3,2,2,3,2,4,4,3,3,4,4,2,2,2,2,3,3
307,3,3,3,2,1,2,2,1,3,4,3,2,1,2,3,4,3,2,2,2,3,2,1,1,1,2,1,2,3,3,4,5,2,3,1,1,3,3,3,3,2,5,5,5,3,3,5,6,5,4,4,3,5,5,3,2,3,4,4,4,4,2,1,1,2,4,3,3,2,3,2,3,4,5,5,3,3,4,3,3,4,4,3,4,6,6,5,3,3,3,3,3,4,4,4,4,5,4,3,2,2,3,3,2,2,4,2,3,4,2,0,1,1,1,3,3,2,3,4,6,5,6,4,3,3,2,2,2,2,3,0,1,3,4,5,4,2,2,2,4,6,7,6,2,1,4,3,2,2,3,4,4,4,3,4,5,6,6,5,4,3,5,3,2,3,3,3,4,4,5,5,4,1,1,0,0,2,1,1,3,3,4,5,4,3,2,1,2,2,2,3,3,3,3,3,3,3,2,2,2,1,1,2,2,2,1,1,2,4,4,3,3,4,4,4,5,5,5,5,4,3,2,2,1,1,1,1,2,2,2,3,6,2,2,3,1,1,2,4,7,6,3,3,4,2,1,2,2,2,4,4,4,4,4,4,3,5,3,1,1,1,2,2,2,1,3,2,1,1,1,2,3,4,4,3,3,3,3,2,2,3,3,3,5,6,5,3,2,2,2,3,3,4,4,3,3,2,3,3,4,4,4,4,4,4,4,4,5,4,4,4,3,5,5,4,3,3,3,3,2,4,4,2,1,3,5,4,2,2,2,3,3,3,2,2,2,1,1,4,4,3,2,2,3,2,3,3,3,3,2,2,2,2,2,3,3,2,4,5,4,3,1,3,6,6,4,1,0,1,1,2,4,2,2,4,1,0,2,3,3,3,2,1,3,3,3,3,3,3,3,3,3,4,4,4,4,4,4,4,5,3,1,1,1,1,1,1,1,1,3,4,4,4,4,4,3,4,3,3,3,3,3,3,3,3,2,4,4,1,0,0,1,2,2,2,3,3,3,4,5,4,3,2,2,1,2,1,3,1,1,2,1,1,2,3,3,3,1,1,2,2,2,4,5,4,5,4,4,4,3,3,3,3,2,3,3,3,4,4,5,4,3,7,8,6,3,2,4,5,5,3,3,4,3,3,5,3,2,1,2,2,3,4,5,4,3,3,4,4,4,4,4,3,4,4,4,4,4,4,4,3,2,3,3,3,2,1,4,5,5,5,4,3,3,3,4,4,3,2,2,3,3,2,4,4,3,2,3,2,2,3,4,5,2,1,1,1,1,2,3,3,3,2,2,2,2,2,2,3,2,2,2,2,3,2,3,2,2,3,3,4,5,5,4,4,4,2,2,3,4,4,5,6,4,3,3,4,3,4,4,4,3,1,2,3,3,3,3,3,1,0,2,3,4,4,4,4,4,3,3,3,3,3,3,3,2,1,2,2,3,3,3,2,3,3,2,4,4,4,5,5,4,4,4,4,2,1,2,3,2,4,5,4,2,5,5,4,1,2,2,3,2,4,5,5,3,3,3,3,2,3,4,3,3,3,2,2,3,4,4,6,7,3,0,0,1,2,2,3,3,3,3,3,2,2,2,1,2,3,3,4,4,4,5,4,4,3,2,2,2,2,2,2,2,1,1,1,0,1,1,3,5,3,1,0,0,1,3,2,2,2,2,1,2,3,2,2,1,1,1,1,1,1,2,2,2,2,3,2,2,3,3,2,2,2,3,3,4,5,6,4,1,1,1,1,1,2,3,2,2,2,1,1,1,1,1,1,2,3,3,2,3,5,6,6,6,5,3,4,4,4,3,3,3,4,4,3,4,4,4,4,3,3,4,4,3,3,3,3,2,2,3,3,3,3,3,3,2,2,1,3,3,2,2,1,3,4,1,1,2,2,2,2,2,2,1,2,3,3,3,3,2,2,2,3,4,5,5,5,5,6,4,2,1,1,1,2,1,1,2,3,3,3,3,2,3,3,3,3,3,3,3,3,3,3,3,2,2,3,4,5,2,3,3,4,4,3,2,2,3,3,3,3,4,4,4,4,2,2,3,3,3,4,4,4,3,2,2,2,2,2,3,4,1,1,1,1,1,1,1,1,4,2,1,3,3,2,3,5,6,5,3,3,3,4,3,4,6,4,3,4,4,5,5,5,4,4,4,4,4,3,3,3,2,2,2,2,2,2,2,3,4,2,1,1,1,2,3,3,5,4,2,2,2,3,4,2,1,4,2,1,2,4,3,1,1,3,2,2,2,3,3,4,2,2,2,3,3,4,4,3,0,1,3,4,4,3,3,2,1,3,3,2,2,1,2,4,4,4,4,4,4,3,3,2,3,3,3,3,3,3
308,4,3,2,2,3,3,3,4,4,1,2,3,2,3,2,1,2,1,1,1,1,1,1,3,2,3,5,5,4,4,3,4,4,3,3,3,3,3,3,3,3,2,2,2,3,3,4,4,4,6,5,5,6,5,4,2,2,5,5,3,3,3,2,4,1,0,2,1,1,4,6,6,3,2,2,2,2,2,2,2,1,4,4,4,4,4,4,4,4,1,1,1,4,5,3,1,2,3,4,5,5,3,3,6,6,3,4,5,4,1,1,3,3,3,3,3,3,3,3,3,4,5,3,3,3,4,4,2,2,1,1,1,2,5,7,6,3,2,3,3,4,3,3,2,3,3,4,3,2,2,4,5,4,2,1,2,4,2,0,1,4,2,2,2,3,4,4,4,4,4,4,3,3,3,3,3,4,2,2,2,2,3,3,3,2,0,2,3,3,1,2,2,2,1,2,2,2,2,1,1,1,3,3,4,5,6,5,5,5,2,3,3,2,1,1,1,2,5,5,5,5,5,4,4,4,4,3,3,4,4,4,3,3,1,2,3,2,1,2,3,2,3,3,3,3,3,4,4,3,3,3,3,3,4,4,4,3,3,4,4,4,4,5,5,5,5,4,4,4,4,4,4,4,4,3,2,2,3,4,4,3,1,1,1,1,1,1,1,1,3,4,5,4,4,3,3,2,2,2,3,3,3,2,2,2,4,5,3,2,2,2,3,4,2,3,4,4,4,4,4,5,2,2,2,2,2,2,2,2,2,2,3,3,4,4,5,5,4,3,4,4,4,4,4,3,5,5,4,4,4,3,3,3,4,2,2,4,3,4,5,4,4,7,6,3,4,4,5,5,4,4,3,3,2,4,4,2,1,2,1,2,3,3,3,3,7,4,2,3,3,1,0,2,1,2,3,4,4,3,3,3,5,5,5,4,4,3,3,2,3,4,4,4,3,3,3,4,2,2,2,3,3,4,4,3,1,2,2,2,2,2,4,5,6,6,5,5,5,4,3,3,3,3,3,3,3,4,3,1,1,3,5,5,5,5,3,3,1,2,3,3,2,2,2,2,1,1,1,2,2,2,2,2,1,1,2,3,5,5,4,3,5,5,5,4,5,6,6,5,5,5,4,4,5,4,5,3,2,3,4,4,2,2,2,3,3,3,3,3,3,3,2,2,3,5,6,7,4,3,2,2,4,4,4,5,5,5,4,2,4,4,4,4,4,4,4,5,5,3,4,4,3,2,2,2,0,1,2,2,2,2,1,2,3,1,1,1,1,2,3,2,3,5,5,3,2,2,3,3,2,2,2,2,2,2,2,2,2,3,3,3,3,4,5,3,4,5,3,3,5,6,6,4,1,1,3,3,4,4,2,2,3,3,3,3,3,3,3,3,1,2,3,3,4,4,3,3,3,4,5,6,4,3,1,2,3,5,5,4,4,3,2,2,3,2,2,1,3,3,5,5,2,2,2,1,2,4,5,6,6,4,1,2,2,1,1,2,3,3,4,1,1,2,2,2,3,3,2,2,2,2,1,1,2,3,4,4,3,3,4,5,3,2,3,2,1,0,0,1,4,4,3,3,3,3,2,2,5,6,7,7,4,3,5,6,4,3,3,3,4,4,4,2,0,1,3,4,2,2,4,6,5,3,3,3,3,3,2,1,3,4,3,1,0,2,4,4,3,2,1,2,4,2,2,3,4,3,1,2,2,2,3,3,3,3,2,2,2,2,2,3,3,3,3,3,2,2,1,1,2,5,4,4,5,6,3,1,3,3,4,5,7,6,4,3,4,6,4,3,4,6,4,2,2,4,6,6,5,6,4,5,5,5,3,3,3,2,2,3,4,3,4,2,1,1,1,1,4,4,4,4,5,4,3,3,1,2,4,6,5,3,4,4,3,2,4,4,4,4,2,3,4,4,3,3,2,3,3,5,4,3,3,3,5,6,6,3,1,2,2,2,3,3,4,3,2,2,2,2,1,2,1,1,3,3,2,1,3,4,3,2,4,2,3,3,3,3,3,3,2,2,1,1,1,2,3,3,3,2,2,4,5,4,2,1,3,2,3,4,3,4,4,4,3,3,3,3,3,4,4,3,3,5,6,4,3,1,1,4,5,5,4,4,3,1,1,2,5,3,2,2,1,0,3,4,2,2,2,2,2,2,2,2,3,3,3,2,2,1,1,2,2,2,2,3,3,3,3,4,4,3,3,2,2,2,1,1,3,6,5,3,4,6,2,2,3,2,2,2,4,4,6,2,0,1,1,2,3,4,3,3,1,2,3,2,2,3,4,3,2,4,5,5,4,2,1,1,3,3,4,4,4,3,2,3,2,2,2,2,2,2
309,2,1,1,3,2,1,1,2,3,3,2,4,3,3,3,4,4,3,2,2,1,1,2,2,3,6,4,3,3,3,5,6,7,4,3,3,3,3,0,1,2,1,1,2,2,2,2,3,2,2,3,3,3,2,2,3,3,4,5,4,3,3,2,3,3,3,3,3,4,4,3,2,2,1,2,3,2,1,3,3,2,3,3,3,4,4,5,5,5,3,2,4,3,3,3,2,3,1,3,3,2,3,3,2,4,3,2,4,3,4,7,2,2,4,3,5,5,4,4,2,2,0,2,3,2,1,2,1,0,3,4,3,3,4,6,3,0,2,4,5,3,3,1,2,3,4,4,3,4,4,3,4,4,3,3,5,5,3,4,3,3,1,1,2,4,4,3,3,3,3,3,4,4,2,2,1,1,2,2,3,3,3,3,4,4,4,4,3,3,3,3,2,2,1,1,2,2,1,2,2,1,1,1,1,1,2,2,1,1,0,1,4,5,4,4,3,3,5,5,3,3,3,2,3,3,2,3,3,4,5,4,4,2,0,1,2,2,3,3,4,3,5,4,3,3,2,4,2,2,4,3,3,4,3,3,4,3,4,3,3,4,3,3,5,5,1,2,2,3,3,3,4,5,2,3,4,3,3,5,6,6,4,4,3,2,2,2,2,2,3,4,3,3,3,3,2,2,0,1,4,3,1,2,4,4,7,6,5,2,2,1,3,2,2,3,3,2,3,3,3,2,4,4,3,3,3,3,2,4,2,2,3,3,3,3,1,1,5,4,5,5,4,3,4,2,1,3,3,3,4,4,4,3,5,3,0,0,2,3,2,2,6,6,6,5,4,2,4,5,2,2,3,3,3,3,3,2,0,1,4,4,2,2,3,4,3,5,2,4,6,4,2,2,3,3,4,3,3,4,4,5,4,6,6,4,4,4,5,5,3,4,5,4,4,4,5,3,4,6,4,4,3,3,2,1,1,2,3,4,2,3,4,4,4,4,4,4,4,4,4,4,3,3,3,2,2,2,2,2,4,2,3,2,3,3,3,3,4,3,3,3,3,3,4,5,2,1,2,3,3,3,3,2,5,6,4,4,5,6,5,5,3,3,2,3,3,2,3,4,3,3,3,3,2,2,2,2,2,5,5,4,2,1,1,2,4,4,3,3,2,2,2,3,5,4,4,4,3,5,1,0,0,2,4,4,2,2,1,1,4,3,3,3,2,3,4,5,2,2,2,2,2,2,2,2,4,3,1,2,3,4,4,3,2,2,0,1,1,2,1,1,3,2,2,4,4,8,6,4,1,2,4,4,3,3,3,3,1,4,5,3,4,3,4,2,4,5,4,2,3,3,3,4,3,2,3,3,1,2,3,2,1,1,2,2,3,4,4,4,2,2,4,4,4,5,5,6,1,1,3,3,3,1,0,0,1,2,5,6,5,4,3,1,4,5,3,4,2,2,1,3,4,3,4,4,4,3,2,2,1,3,4,4,4,3,2,1,2,1,1,1,2,3,4,4,2,4,5,3,2,2,4,4,2,4,4,3,2,3,2,2,3,2,2,2,1,2,1,2,6,5,4,3,3,3,1,1,2,3,3,2,4,5,6,6,4,3,2,2,4,4,4,2,2,3,3,2,3,3,5,3,5,3,4,4,4,3,1,2,4,2,4,4,4,4,2,1,2,1,3,3,1,2,3,4,6,4,3,3,1,2,1,2,3,3,4,3,3,3,3,4,2,3,3,3,3,3,3,1,3,3,5,5,4,4,4,3,2,3,3,3,4,3,6,5,4,2,1,1,1,2,3,2,1,1,1,1,1,2,4,3,3,3,3,3,2,2,3,3,1,2,4,4,4,4,3,2,2,2,2,4,4,2,2,3,1,1,2,2,1,2,3,4,1,1,2,1,2,1,1,0,2,1,0,1,2,3,4,1,3,3,3,3,3,2,3,2,0,2,3,4,4,3,4,7,4,2,3,3,3,3,2,3,1,1,1,1,3,3,2,1,2,0,2,3,3,3,4,3,1,1,2,4,5,6,5,4,3,2,3,4,4,5,2,1,2,1,1,1,1,2,4,3,2,2,2,3,2,1,1,0,1,4,3,4,4,2,3,2,3,2,1,3,3,3,4,3,1,2,3,4,3,2,3,1,4,2,1,3,3,3,2,1,1,2,2,3,2,0,1,3,3,2,3,3,4,5,6,6,2,2,2,2,2,3,3,1,5,4,3,4,4,4,2,3,6,5,1,1,2,4,2,1,1,3,4,3,1,1,2,2,1,1,1,3,3,3,4,6,3,3,4,5,4,4,3,3,4,3,2,2,2,3,3,2,1,2,2,2,2,2
310,3,4,4,3,4,5,4,5,2,0,1,4,4,5,4,3,3,2,2,2,2,2,2,2,2,3,3,2,3,2,1,1,2,4,1,1,2,3,3,2,1,1,1,3,3,4,5,4,4,4,5,5,4,5,3,2,3,8,6,5,4,5,4,4,4,3,4,3,3,4,3,2,2,3,2,2,2,2,3,1,2,5,5,4,4,3,3,3,3,2,3,3,1,0,2,2,0,2,2,3,3,1,0,2,4,4,1,2,4,6,5,3,4,2,2,2,2,2,1,3,3,3,4,3,2,2,2,2,1,5,4,3,1,3,4,4,4,4,2,2,2,1,1,3,3,2,3,4,2,2,4,4,4,2,3,4,3,4,3,3,2,4,6,5,4,2,3,3,3,4,4,3,2,2,2,3,3,3,3,2,1,2,3,4,4,2,3,3,3,3,3,4,2,3,3,2,2,2,2,2,3,2,2,3,3,3,3,2,2,3,3,4,5,5,5,5,5,3,3,5,5,4,4,2,3,3,2,4,5,4,3,2,5,5,2,3,4,4,4,2,2,2,3,4,4,3,4,3,1,2,2,3,4,3,3,2,2,2,2,2,2,3,5,5,3,0,0,1,1,1,1,3,4,2,0,0,0,3,6,4,1,3,2,2,3,4,3,5,4,2,4,4,2,2,1,1,2,4,4,5,5,2,1,3,5,4,4,3,2,3,3,3,3,4,4,2,2,2,2,2,3,3,1,1,2,2,2,2,3,4,4,2,3,3,4,6,4,3,4,3,3,2,3,3,3,6,5,4,3,2,2,3,2,2,2,2,2,2,3,4,4,1,2,4,3,2,2,3,5,3,3,2,1,1,0,0,3,1,2,4,4,4,5,5,4,5,7,6,5,4,3,2,1,3,3,1,3,4,3,1,3,2,3,5,4,3,3,5,4,5,3,3,4,4,4,4,2,8,7,4,1,2,2,1,1,3,1,1,2,3,3,3,3,3,4,4,2,3,5,5,4,2,1,2,2,3,3,3,4,5,5,5,4,4,3,3,4,5,3,2,2,3,5,3,2,7,8,7,6,4,2,3,2,2,1,3,4,4,5,4,3,4,2,4,5,5,4,3,3,3,2,3,4,3,5,5,6,3,2,3,2,1,3,5,5,6,7,6,5,4,4,2,3,1,5,8,5,2,3,5,6,1,2,3,3,2,2,4,4,2,1,1,3,2,2,4,5,5,3,3,4,4,4,3,2,4,3,2,3,3,1,1,1,1,2,3,4,4,4,4,2,1,2,3,3,2,2,3,3,5,5,4,3,4,4,6,6,0,1,3,2,2,3,3,4,2,1,1,3,4,3,4,4,4,1,2,2,3,3,3,4,3,3,4,3,2,2,1,1,2,3,3,2,2,2,2,4,1,1,1,2,4,4,4,2,6,4,4,3,3,2,2,2,4,5,5,3,4,6,5,3,1,2,3,3,3,3,1,2,2,2,2,1,1,2,4,2,4,3,3,2,2,4,4,3,2,1,1,2,3,3,3,3,3,2,3,4,5,6,3,1,2,2,2,3,3,3,4,4,3,2,3,3,3,4,3,4,5,3,2,3,4,3,3,3,4,3,3,3,3,5,5,4,1,1,1,1,2,2,3,3,0,0,2,2,1,1,3,5,3,2,4,4,4,3,2,2,3,3,3,2,2,2,1,1,2,1,1,2,3,1,2,3,3,2,2,2,2,2,2,2,3,4,2,2,2,2,4,6,0,1,3,4,4,1,1,1,1,1,0,1,3,3,3,2,3,3,2,2,3,5,5,4,3,3,6,5,4,4,4,2,3,3,4,4,4,3,2,3,4,4,3,3,4,3,2,3,2,4,6,5,5,5,4,3,2,2,2,2,2,3,3,4,4,2,2,2,2,2,2,2,4,2,2,2,2,2,3,4,3,4,3,3,4,4,2,0,3,3,1,1,3,2,3,4,2,3,2,2,3,4,5,4,2,3,3,4,4,3,3,2,2,0,2,2,2,4,4,3,3,3,3,5,7,9,7,3,1,1,2,1,1,2,1,0,1,2,1,3,2,4,3,1,1,2,3,3,2,3,4,2,3,3,3,1,0,2,3,2,0,0,0,1,2,1,1,1,0,1,1,1,1,2,5,5,5,3,3,4,4,3,2,2,3,2,2,1,1,2,2,2,3,3,2,2,2,2,2,1,1,2,1,1,1,1,1,2,4,4,2,1,2,3,4,2,3,2,3,3,3,2,1,1,1,0,1,3,2,3,2,1,1,1,1,1,1,2,2,1,2,2,3,4,2,1,3,5,3,2,2,2,2,3,3,3,2,2,2,2,2,2
311,2,4,2,1,3,5,5,4,6,4,3,4,4,4,4,3,3,2,3,3,4,3,3,2,2,1,2,2,3,3,2,2,1,2,2,2,2,2,2,2,2,1,2,2,3,2,2,2,4,5,5,3,2,1,1,2,1,4,2,1,2,4,3,1,1,3,4,4,4,4,5,3,2,3,3,4,5,4,5,5,6,5,3,4,4,3,2,2,2,4,3,3,3,5,4,4,5,4,1,1,4,5,3,1,1,3,4,3,2,3,5,5,3,3,4,1,0,1,2,5,10,6,3,2,0,1,1,3,4,4,3,1,2,5,5,4,1,3,1,1,1,2,3,2,2,1,2,3,3,3,3,3,3,2,2,2,2,0,1,2,5,4,2,2,3,2,2,2,2,3,2,1,3,5,2,0,1,3,2,2,3,2,3,3,3,1,1,1,1,1,1,1,1,2,2,1,1,2,2,1,1,0,2,3,3,2,3,3,3,3,4,5,4,3,3,4,4,5,6,5,3,2,2,3,5,3,3,3,3,3,3,3,3,2,2,2,3,3,2,2,3,2,4,4,3,3,4,4,5,3,0,2,2,2,2,2,4,4,4,1,1,3,4,2,0,3,3,3,2,2,3,5,5,1,2,3,4,5,3,3,3,1,2,2,2,3,2,3,3,2,2,2,2,2,2,2,2,3,3,2,1,1,2,3,4,1,4,3,2,3,4,6,6,4,1,3,3,2,3,2,2,1,1,1,1,1,1,1,3,1,2,2,2,3,3,4,3,3,1,1,1,3,5,2,0,2,3,2,2,3,3,2,1,1,2,1,2,2,4,4,5,5,5,5,5,5,7,7,5,6,4,3,2,3,4,2,1,3,4,3,2,2,2,1,1,1,1,2,2,2,2,2,3,1,1,2,3,4,4,1,3,2,4,3,3,3,3,4,4,3,1,2,2,1,1,2,2,1,1,3,3,4,5,3,4,3,2,4,2,2,3,4,3,3,4,4,4,4,3,3,2,0,1,4,5,4,4,3,3,1,2,3,1,1,3,3,2,1,0,1,2,2,3,3,4,5,2,2,3,1,2,3,4,12,6,3,4,5,6,4,0,1,0,1,3,4,3,2,4,6,4,4,3,2,3,4,3,3,4,3,4,4,4,5,5,3,3,5,6,5,3,4,4,0,1,3,4,3,3,5,4,3,3,5,5,5,4,2,3,5,4,3,2,3,4,1,0,1,1,1,2,1,2,2,2,3,3,3,1,1,3,3,3,3,1,2,4,6,5,2,2,4,3,1,2,2,2,3,3,3,3,3,4,4,3,3,3,3,3,4,4,3,4,5,4,1,2,4,2,2,4,3,1,4,4,5,4,1,1,2,3,3,3,3,2,2,2,1,0,0,0,3,3,1,1,4,4,0,1,2,2,1,1,2,1,2,2,2,3,2,3,1,2,2,2,2,2,2,2,3,1,4,2,3,4,5,5,4,6,3,3,1,3,3,3,5,4,3,1,1,2,2,2,2,0,3,2,4,5,5,4,2,2,4,4,4,4,3,4,4,4,3,2,3,2,2,3,4,4,1,2,4,5,5,4,2,1,4,4,3,2,1,1,2,2,2,1,1,2,2,3,2,2,2,2,2,2,2,2,2,2,1,2,3,4,4,4,2,4,2,1,3,3,3,3,2,2,3,3,3,4,4,5,4,5,1,1,1,2,3,3,2,2,4,3,3,3,2,5,5,3,1,2,1,1,1,1,1,2,5,5,4,4,2,4,5,4,6,4,2,4,3,2,4,4,1,0,2,2,1,1,2,3,2,2,3,3,4,3,3,2,4,4,2,4,5,4,3,2,0,2,2,2,2,4,4,5,4,3,1,2,4,4,4,4,3,3,3,3,2,2,2,1,4,3,3,4,5,5,4,5,3,2,2,3,2,0,2,2,2,2,2,3,1,1,1,3,1,3,4,3,2,1,1,2,1,3,4,3,3,3,2,1,3,2,2,2,2,2,4,4,1,2,1,2,3,2,3,3,3,4,3,2,4,5,4,2,3,1,2,4,7,7,6,4,3,2,4,4,2,2,2,2,2,3,3,2,2,2,1,2,7,7,6,5,4,3,3,1,3,1,1,1,3,5,3,0,3,4,4,1,1,1,0,1,1,1,2,1,2,4,3,2,4,3,3,3,2,4,3,3,2,2,2,1,1,3,4,2,2,4,3,1,3,4,1,1,4,3,3,3,1,1,1,1,3,3,2,3,1,1,4,3,1,3,5,5,3,4,4,0,1,4,3,2,3,3,2,3,3,3,3,3,3,3,3,4,4,4,4,4,4,4,4,4,3,2,2,2,3,3
312,1,7,4,1,2,3,3,1,0,2,2,2,2,2,3,3,3,2,1,3,3,4,4,4,4,3,4,4,4,2,0,0,1,4,7,6,6,4,4,4,4,3,1,2,4,4,4,4,2,2,3,3,3,2,2,2,2,3,5,5,5,5,5,3,1,0,3,4,1,1,3,3,2,2,3,3,4,4,3,4,3,4,6,4,2,2,2,2,5,2,1,1,2,3,3,4,3,3,2,3,3,2,1,3,3,3,4,3,3,3,5,4,3,4,2,2,2,1,2,4,5,2,3,5,3,3,4,5,6,4,2,3,5,6,5,3,7,4,4,4,4,4,4,4,4,4,3,4,5,5,5,5,5,2,3,2,3,3,2,3,3,1,3,4,4,4,4,4,4,3,3,3,4,4,5,7,7,5,5,3,3,2,0,1,4,3,2,2,2,2,2,4,3,3,4,5,5,3,3,3,4,5,5,3,3,3,1,2,1,0,1,3,4,4,4,5,4,5,5,5,5,5,4,2,2,1,1,0,0,1,4,4,1,1,1,1,2,3,3,1,1,2,2,2,2,3,3,3,3,4,5,6,6,4,2,4,3,6,4,3,3,2,2,2,2,2,3,3,3,3,2,2,2,3,3,4,4,3,3,3,2,1,1,0,1,1,1,1,0,0,1,3,5,7,6,5,4,4,5,4,4,4,4,4,4,2,3,5,4,2,2,2,3,1,2,2,2,3,3,3,4,1,0,1,2,3,4,5,2,4,5,4,2,1,0,2,6,2,2,2,2,2,2,2,2,2,2,2,2,2,2,2,2,4,6,4,2,2,4,9,7,2,2,2,3,2,3,1,1,1,2,3,5,6,5,3,4,4,3,5,6,3,2,1,1,5,4,6,7,7,6,6,5,4,1,2,3,4,4,6,7,6,4,3,4,3,3,3,4,3,2,2,2,3,3,1,2,1,2,3,4,3,4,4,5,1,1,2,2,4,4,5,4,4,4,4,3,3,3,4,3,1,3,4,3,3,3,2,2,1,2,2,1,2,3,2,2,2,1,1,1,1,2,3,4,5,4,3,3,3,3,2,1,2,4,5,5,6,5,5,4,0,2,3,3,4,3,4,6,2,1,3,4,1,1,2,2,3,2,2,3,3,3,3,3,4,6,4,1,1,1,2,2,1,2,1,1,3,4,4,2,3,3,4,5,2,2,2,2,1,3,2,2,2,2,2,1,3,3,4,5,4,5,5,7,4,6,3,2,2,2,4,3,2,1,1,4,4,2,3,5,5,4,2,2,3,2,4,4,3,4,2,3,6,4,2,4,2,2,2,2,3,2,4,5,5,5,3,4,3,3,2,3,1,2,2,4,2,2,3,1,4,2,1,2,3,4,4,3,6,4,5,6,6,5,3,3,4,4,4,5,4,5,5,3,3,2,2,3,3,3,2,2,2,2,4,4,3,5,4,3,1,1,2,5,6,6,4,4,4,3,4,4,4,3,3,3,4,4,5,5,3,2,2,4,4,4,4,3,2,2,1,2,2,2,1,2,1,1,1,1,2,3,1,1,2,2,2,3,4,3,3,4,4,5,4,4,3,3,2,2,3,4,5,5,2,2,3,4,3,4,4,1,2,3,5,4,4,6,4,0,2,2,2,3,3,2,2,2,2,4,5,5,4,2,1,3,1,1,2,3,2,3,3,3,1,1,2,5,6,4,2,2,4,3,3,3,4,4,3,3,2,1,1,1,1,2,2,2,3,2,3,4,3,4,2,2,3,3,3,3,3,3,3,3,3,4,5,5,4,7,6,4,1,3,4,2,1,1,2,2,3,3,2,2,2,6,5,3,3,2,3,3,4,5,3,2,6,5,0,0,2,5,6,4,1,1,1,1,1,1,1,1,5,3,2,2,1,1,1,1,3,2,1,2,1,1,2,3,6,7,5,5,3,2,1,2,2,3,3,3,3,2,2,3,3,4,5,3,3,5,4,2,1,3,2,4,4,5,6,4,3,0,0,1,4,5,4,1,1,2,2,3,3,2,2,1,1,3,2,2,1,1,1,1,0,1,2,3,2,1,3,3,3,2,3,1,1,1,1,1,1,1,2,3,1,3,5,5,4,2,1,2,3,4,3,3,3,2,3,3,2,2,1,1,2,2,2,2,2,3,5,4,3,3,3,3,2,3,2,4,1,2,1,0,1,1,2,4,2,2,2,2,3,3,3,3,1,1,1,1,1,1,1,1,1,1,1,1,2,2,1,1,1,2,3,2,3,3,3,2,5,4,2,3,2,2,3,5,1,3,2,3,3,4,5,3,3,5,3,5,6,2,1,1,1,1,2,2,4,4
313,2,4,4,4,3,4,4,3,4,3,3,3,2,3,4,6,4,2,1,3,3,4,4,2,0,2,2,5,6,6,6,3,4,2,2,3,3,4,4,4,5,1,0,2,5,5,5,2,2,2,2,2,2,2,2,2,3,2,1,1,1,2,2,2,1,3,3,2,2,2,1,2,5,5,3,3,4,3,2,1,3,2,3,3,3,3,2,1,2,3,2,1,0,0,0,1,2,2,2,3,3,1,1,1,1,2,4,5,4,3,3,5,5,1,1,3,2,3,5,5,4,3,4,3,2,3,2,2,2,6,6,5,6,9,8,4,2,5,5,4,4,4,3,3,2,2,6,5,4,5,5,3,3,3,3,4,5,4,3,2,0,4,4,3,2,2,3,5,7,5,5,4,3,4,4,3,4,1,2,3,3,3,4,5,4,3,5,4,3,2,2,1,2,3,1,2,4,3,2,3,1,0,1,1,1,1,2,2,2,4,4,3,3,3,3,3,3,3,3,3,2,4,4,3,4,4,3,2,2,2,2,1,2,4,3,3,3,3,3,3,4,3,3,1,2,2,3,5,4,3,4,4,3,2,3,4,3,4,6,3,3,3,5,6,5,4,3,3,4,3,3,0,0,2,4,3,2,3,3,4,4,3,2,2,2,3,2,1,1,3,4,3,4,4,3,1,2,2,1,1,1,1,2,2,3,4,5,2,3,3,4,4,3,3,3,2,2,2,2,1,1,3,4,3,2,2,3,3,3,3,1,2,5,4,3,2,3,1,3,2,1,2,2,2,3,1,2,2,2,2,2,1,1,1,3,4,3,3,4,3,2,3,3,3,2,1,1,1,2,3,5,3,4,2,1,3,6,5,5,4,4,4,6,2,1,2,3,5,5,2,2,4,5,4,4,4,4,4,6,5,5,4,4,4,3,2,1,1,3,4,4,4,4,3,3,3,3,4,4,5,7,7,6,5,6,4,1,1,1,1,3,6,5,4,3,2,4,4,3,4,3,2,2,3,2,2,1,1,2,1,4,3,1,1,1,1,1,1,1,1,1,1,1,2,4,2,4,5,2,2,2,2,1,1,4,7,5,5,6,5,5,0,2,2,4,4,4,3,2,3,4,4,4,4,4,4,4,2,1,1,1,2,2,3,5,1,4,4,5,4,3,1,4,5,4,5,5,3,2,1,2,6,3,4,5,6,3,2,1,3,3,2,3,1,1,6,5,3,3,3,2,2,4,4,3,3,4,4,4,4,4,4,3,3,2,2,2,2,2,2,2,0,0,1,1,2,2,4,3,5,4,3,2,1,1,4,6,2,2,4,5,5,5,5,4,7,4,2,4,4,3,4,4,5,4,6,7,6,5,5,5,4,4,3,3,3,3,2,2,3,3,2,1,2,4,5,4,2,4,5,4,3,2,2,3,2,1,2,1,2,2,1,1,1,2,3,2,2,2,1,1,1,4,4,3,2,3,2,1,5,5,3,3,3,3,4,4,4,3,4,4,3,4,7,5,3,5,6,5,2,2,4,4,3,3,3,3,3,3,3,3,5,4,2,1,1,2,2,2,6,5,4,4,2,2,1,1,1,1,2,3,2,4,3,3,2,1,1,1,1,1,0,0,1,2,4,3,2,3,4,4,1,1,1,1,1,2,2,2,2,1,2,2,2,1,1,1,4,6,3,2,1,1,1,3,4,2,4,4,4,2,2,1,2,1,1,2,3,4,5,6,4,2,2,2,2,2,3,2,4,3,2,2,1,1,1,1,2,2,3,4,3,2,2,3,1,2,3,4,2,1,2,2,2,4,6,6,4,1,1,1,6,2,1,1,1,2,3,3,1,1,1,1,2,1,1,3,6,3,2,3,4,4,4,3,2,2,1,1,1,1,2,1,1,1,4,4,3,2,4,3,3,3,2,4,4,3,3,2,5,5,3,3,2,4,5,4,0,0,1,1,3,2,3,5,4,4,4,3,3,2,3,2,3,4,5,5,5,5,4,4,1,1,4,4,2,2,2,2,4,4,4,4,4,4,4,3,3,5,6,6,6,4,1,3,3,3,3,1,0,4,7,7,3,3,4,3,4,4,4,4,5,5,2,2,3,4,4,5,5,3,1,3,4,6,4,1,6,5,2,1,1,2,4,5,0,0,2,2,2,4,3,2,2,1,1,1,2,2,2,1,3,3,1,1,2,1,1,1,1,1,2,3,3,2,2,2,3,4,2,1,1,1,2,3,2,1,1,2,2,1,2,1,2,2,2,2,2,2,2,3,4,3,2,2,2,2,2,2,2,2,2,2,2,2,2,3,3,3,3,3,3,2,1,2,3,3,3,3,4,4
314,3,1,3,5,4,2,4,5,1,2,1,4,6,6,5,4,4,4,4,4,5,5,4,4,4,1,1,1,1,1,0,1,2,1,3,2,2,1,1,2,1,2,1,2,4,5,6,6,7,0,1,1,1,3,5,7,6,3,3,5,4,5,4,2,3,5,4,2,3,3,2,3,4,2,3,2,2,3,2,1,1,2,3,2,3,4,3,4,4,3,2,3,4,4,3,4,4,3,4,4,3,3,3,2,2,3,2,1,1,1,4,3,1,1,3,5,4,4,3,3,2,3,4,3,3,3,5,3,2,3,2,4,7,6,4,5,6,2,2,3,3,3,3,4,4,2,1,3,5,3,1,2,3,4,3,2,2,4,4,3,2,0,3,4,4,3,3,2,3,1,1,4,3,2,1,2,3,2,1,1,1,2,3,1,1,2,3,4,3,2,2,2,2,3,3,2,1,3,5,5,2,2,2,5,5,6,6,4,4,2,2,2,2,1,1,0,0,2,2,2,2,2,2,3,3,1,1,2,2,2,2,4,4,3,3,3,3,3,3,3,2,4,3,3,3,4,4,4,4,3,3,3,3,3,3,3,3,4,4,4,4,4,3,3,3,2,1,1,1,1,1,1,1,3,3,3,3,3,2,2,2,1,1,1,1,1,1,1,1,3,1,1,1,2,3,2,2,5,5,4,4,3,4,4,2,3,2,1,1,1,2,4,2,2,4,2,1,1,2,3,2,3,4,3,3,3,3,3,3,2,2,2,1,1,1,1,1,3,1,2,3,4,2,1,1,2,4,3,3,3,3,4,4,3,3,4,4,3,4,5,3,2,4,5,4,5,5,3,1,3,3,3,3,4,4,4,4,1,2,2,2,2,3,4,3,5,6,4,3,5,5,3,2,2,1,1,2,2,2,4,2,3,3,3,3,4,4,5,5,4,2,0,2,4,4,5,3,4,2,2,3,3,3,3,2,3,4,4,4,4,5,4,4,1,2,3,2,2,3,5,4,2,3,4,3,3,3,2,4,3,2,2,2,1,3,4,2,1,1,1,2,4,3,1,1,3,2,3,2,0,0,2,2,4,6,8,8,7,4,1,1,2,3,6,5,4,3,4,5,7,6,5,4,4,3,5,6,1,2,3,3,3,3,3,3,1,2,6,6,5,4,3,2,3,9,7,2,1,3,3,1,2,1,2,4,4,3,3,3,3,1,2,1,0,0,0,1,5,2,2,4,4,4,3,1,5,5,3,2,1,1,2,2,4,4,2,3,3,2,1,1,2,2,2,2,2,2,2,3,3,3,4,3,3,5,4,3,4,3,3,3,3,3,3,3,4,4,4,5,3,3,3,3,1,1,6,6,1,0,2,3,3,2,2,2,3,3,2,3,0,0,0,1,1,2,5,3,1,1,2,2,1,3,5,2,4,5,4,2,2,2,5,4,0,2,3,3,3,2,1,2,3,2,2,3,4,3,3,1,1,3,3,1,1,1,2,5,4,4,2,1,1,2,4,5,4,2,2,1,1,2,4,6,3,3,2,2,3,3,3,3,3,3,2,2,3,3,1,2,2,2,2,2,2,2,1,1,2,4,4,4,5,5,5,5,5,6,6,5,4,4,3,2,2,3,4,5,4,2,2,4,3,3,1,2,3,3,2,1,0,0,2,3,4,4,1,0,1,2,1,2,3,3,5,3,2,4,3,2,2,1,2,2,3,3,2,2,1,2,2,2,4,2,3,4,6,4,2,1,3,2,2,2,2,3,2,1,1,3,3,3,4,4,4,5,3,1,1,1,1,2,2,2,4,4,4,4,3,3,3,3,4,4,5,7,6,4,3,2,2,4,3,2,2,1,3,4,4,3,2,2,2,2,1,2,1,2,2,2,1,1,1,1,1,2,2,2,2,3,3,3,4,5,4,4,4,4,2,2,2,1,1,1,2,4,4,1,1,1,0,1,1,2,5,5,4,2,1,1,1,2,2,3,3,1,2,2,2,3,3,3,3,6,3,1,1,1,1,1,2,1,2,3,3,4,3,3,2,1,2,4,4,3,5,6,4,4,4,4,4,4,4,2,2,2,1,1,1,1,2,2,4,3,3,3,1,1,1,2,3,3,3,3,5,5,3,4,1,1,2,2,2,3,3,3,5,4,3,2,3,2,3,4,2,1,2,1,2,6,6,3,4,3,3,2,2,2,3,3,3,2,2,1,2,2,4,4,2,2,2,3,4,6,6,5,1,0,2,4,4,4,4,4,2,2,1,2,2,3,3,4,3,3,3,3,3,3,3,3,4,5,5,4,5,5,4,4,4,4,6,6,5,6,4,3,3,3,3,3,3,3
315,3,5,2,3,3,3,1,1,4,4,5,4,1,1,2,4,2,2,3,2,2,2,4,3,2,3,3,3,3,3,3,3,4,4,4,4,4,3,3,3,4,1,1,2,2,2,2,4,4,5,4,3,2,3,3,3,2,4,3,1,0,3,8,7,2,2,1,1,1,3,3,3,6,3,1,4,4,4,3,2,3,2,2,3,2,2,3,3,1,2,2,3,2,3,3,2,2,0,0,3,5,5,4,4,4,5,3,3,5,6,6,5,4,3,2,2,4,4,2,3,2,2,4,3,2,1,2,3,3,2,2,3,4,4,3,2,3,1,1,2,2,3,3,3,3,4,5,4,4,4,4,3,5,7,7,6,6,4,2,4,4,1,3,5,4,3,3,5,5,5,6,7,7,7,5,4,5,0,0,3,4,4,3,2,2,1,1,1,1,4,4,3,2,4,4,5,3,4,5,4,4,4,1,3,2,1,2,2,2,2,2,1,2,3,3,4,4,2,2,1,2,2,3,3,4,3,4,4,4,6,7,7,6,3,1,1,1,2,3,4,3,0,3,5,6,5,5,4,5,3,3,3,3,2,3,2,3,2,1,2,3,3,1,1,1,1,1,1,1,1,1,1,1,2,2,3,3,3,4,5,4,2,1,1,1,1,1,1,1,1,1,3,3,3,1,2,2,1,2,2,2,4,4,3,1,7,7,5,4,1,2,3,3,2,2,2,2,2,2,2,2,3,3,2,2,2,2,1,2,3,3,3,4,5,5,3,4,6,5,4,4,4,3,2,3,5,5,5,4,4,4,4,3,2,2,3,2,1,2,5,4,3,2,2,2,3,3,3,3,3,3,3,4,3,3,2,1,2,5,6,7,6,4,0,0,5,5,5,5,5,5,6,5,1,3,3,1,2,2,1,2,3,2,1,3,2,2,2,1,1,1,1,3,4,4,2,1,3,4,2,2,3,2,2,2,5,5,3,2,2,3,4,5,3,5,4,2,2,3,2,2,3,5,6,5,3,2,4,6,2,1,2,3,3,3,1,1,6,5,3,1,1,2,2,2,5,5,4,2,3,5,3,1,2,2,2,3,3,4,5,3,2,6,4,2,1,2,3,3,4,4,2,1,1,2,3,3,2,2,3,3,3,3,2,2,2,3,1,0,1,1,3,3,4,3,4,4,4,3,3,4,8,6,3,2,5,6,5,3,2,3,1,0,1,2,4,4,3,2,4,4,3,3,3,3,1,2,2,2,2,2,2,2,2,2,2,2,2,2,2,2,3,3,4,5,5,5,5,4,5,5,4,4,4,4,5,4,1,1,3,4,3,3,3,5,3,3,5,6,4,2,2,3,2,3,3,2,2,4,4,4,2,3,4,2,2,2,2,2,2,3,4,5,5,4,3,4,3,3,3,4,3,4,4,4,3,5,4,4,4,4,2,3,7,5,4,4,4,4,3,4,2,1,2,1,1,1,1,1,3,4,5,2,1,3,4,4,2,4,5,4,3,3,2,2,1,1,1,1,1,2,4,1,2,3,1,1,1,2,3,2,3,2,5,3,3,2,3,1,3,4,4,3,3,3,3,3,1,2,1,2,3,3,4,5,2,4,4,3,3,3,3,3,1,2,5,6,4,2,2,3,2,3,4,3,4,4,4,4,5,4,3,2,3,2,2,1,1,1,4,4,4,4,2,2,1,1,1,1,1,1,1,1,3,3,3,3,3,3,2,2,2,3,1,3,3,3,1,1,5,4,2,2,1,1,3,3,1,1,1,2,3,4,5,3,5,4,3,2,1,0,3,1,3,4,3,1,3,5,1,2,2,2,2,5,6,5,5,4,2,1,1,1,2,3,4,4,3,3,4,4,5,3,1,3,4,4,5,4,3,3,4,3,4,3,2,3,3,3,2,2,2,3,2,2,2,1,2,3,2,2,2,2,5,5,2,3,3,2,3,3,3,2,3,6,2,0,4,4,2,4,3,4,3,1,2,2,1,1,1,1,4,4,3,2,2,1,0,1,2,2,1,3,3,3,1,1,4,3,2,2,4,4,3,2,5,4,2,1,1,3,5,5,3,2,3,3,3,4,5,5,2,2,4,5,6,4,3,3,2,4,4,4,4,3,3,3,2,5,5,2,1,4,4,3,3,3,3,2,3,3,3,0,0,1,2,4,3,5,5,5,3,2,3,3,4,4,4,4,3,3,3,3,4,3,3,3,2,1,3,2,2,4,3,4,4,4,4,3,3,2,4,4,1,2,1,1,1,2,1,1,3,3,2,1,2,5,5,4,3,3,2,1,1,1,0,2,2,4,4,3,4,5,4,4,4,3,4,3,3,3
316,2,4,3,3,3,3,3,3,4,3,2,3,3,4,3,3,3,4,3,4,4,4,5,4,3,1,2,2,2,3,3,3,3,2,0,0,1,1,1,1,2,4,3,3,5,4,3,4,6,3,2,3,3,2,3,2,2,3,2,2,2,2,3,3,4,2,3,4,3,3,4,5,3,3,3,2,3,4,4,3,2,1,1,2,2,2,2,3,3,3,2,2,3,3,3,3,3,4,3,3,2,3,2,2,2,5,3,3,4,4,1,0,2,3,2,2,3,2,3,3,2,3,3,2,2,2,1,1,3,5,3,2,3,7,7,5,2,2,3,4,3,4,3,4,3,3,3,1,1,0,3,5,5,2,3,4,2,2,4,4,5,3,2,2,3,2,1,1,2,4,4,4,3,4,5,7,7,4,4,2,2,4,4,2,1,2,3,2,2,1,1,3,3,1,3,3,3,3,3,3,2,2,4,2,1,3,5,3,3,2,1,1,1,1,1,1,2,3,4,5,6,5,4,2,3,3,3,4,3,4,4,2,2,4,4,4,4,4,4,4,4,1,2,2,2,2,2,4,5,5,4,2,4,5,5,4,3,2,3,3,3,2,1,1,3,2,2,3,3,4,5,4,4,4,2,3,3,3,2,2,3,3,3,2,1,2,4,2,1,3,3,3,3,4,4,4,4,4,3,4,5,6,6,6,5,4,4,2,2,3,3,2,2,3,2,3,3,3,2,2,3,4,3,2,3,4,4,3,1,2,3,4,5,4,5,5,5,4,3,3,3,3,3,3,1,4,5,4,2,1,1,1,1,1,1,1,2,3,4,5,2,1,5,8,5,3,3,5,2,1,2,3,5,6,6,1,0,2,4,4,4,4,4,3,3,4,4,3,4,3,3,3,2,4,4,3,3,4,4,3,1,1,1,1,1,2,3,2,2,5,5,5,6,5,5,4,2,3,3,3,3,3,2,1,3,3,2,3,3,3,5,3,4,3,1,5,7,5,4,2,3,3,1,2,2,2,3,2,3,6,4,3,1,1,0,0,3,4,3,2,2,2,1,0,1,1,2,4,2,1,1,3,4,4,7,7,6,3,2,3,5,4,4,3,1,3,4,4,2,2,4,4,2,1,3,3,1,4,3,3,3,3,3,3,3,2,1,3,3,3,4,4,4,2,2,5,3,2,5,4,2,1,3,2,1,0,1,3,3,2,2,2,1,2,3,2,2,2,1,1,1,3,3,1,2,0,0,3,3,4,4,1,1,1,1,2,1,1,2,4,4,2,2,4,2,2,2,0,1,3,2,2,2,2,2,2,3,1,1,2,4,4,3,3,2,2,3,3,2,2,2,2,1,3,2,2,3,2,2,2,2,1,3,3,4,4,4,5,6,4,2,2,3,4,5,3,1,2,2,2,3,3,4,5,5,1,3,4,4,3,4,3,4,3,5,6,5,3,3,3,3,4,3,2,1,1,1,1,1,2,2,1,2,2,2,3,4,3,4,2,2,2,3,3,3,3,3,4,4,2,1,0,0,3,3,3,3,2,1,2,3,3,3,3,3,3,3,1,1,2,1,3,4,2,0,1,2,3,2,0,3,3,2,3,2,1,2,2,3,2,1,2,3,6,3,2,3,2,3,4,5,2,0,1,1,2,2,1,1,5,3,3,4,4,6,6,3,1,2,2,2,3,2,2,2,4,2,2,3,6,7,6,5,1,1,1,1,1,1,1,1,4,4,3,3,3,1,1,1,3,3,3,2,4,3,3,3,1,1,3,3,4,4,3,3,1,1,4,4,3,3,3,4,3,3,2,3,2,3,3,3,2,3,4,4,5,5,5,5,3,4,3,2,3,4,2,1,1,1,1,1,1,2,2,0,0,1,3,4,4,4,3,1,2,2,3,3,2,2,3,4,2,1,1,1,2,2,2,3,3,3,3,3,2,2,3,1,2,3,2,2,3,4,4,5,4,2,4,5,4,3,3,2,5,4,2,2,4,4,3,2,2,2,2,2,2,2,2,1,1,2,3,2,3,3,3,5,1,2,3,4,5,4,3,3,2,1,2,4,5,3,3,4,5,5,3,2,1,2,3,4,1,1,2,2,1,2,3,3,2,3,3,3,4,4,4,4,1,1,1,2,2,3,3,3,5,3,4,4,4,6,7,6,3,4,3,2,3,3,2,2,2,3,4,4,2,2,3,4,4,4,3,5,5,4,5,4,2,4,5,4,3,3,2,1,3,4,4,4,4,3,1,2,1,1,1,2,3,4,5,5,5,4,4,4,2,2,2,2,2,2,2,2,2,1,1,3,5,4,4,3,4,3,2,2,2,2,2,2,2,2
317,4,3,4,2,1,3,7,4,2,1,1,2,4,5,5,5,5,5,3,3,4,4,3,4,3,0,2,4,4,4,4,4,3,5,4,3,3,3,3,3,3,3,3,3,3,3,3,3,3,3,2,3,2,2,3,3,4,3,3,4,4,3,4,4,4,4,3,2,3,6,6,5,4,3,1,1,3,4,2,2,2,2,2,3,4,3,3,3,3,3,2,2,3,3,3,4,4,3,3,4,4,3,2,2,3,4,3,2,3,3,3,4,3,2,2,2,2,2,2,2,2,3,3,3,3,4,4,4,3,4,3,2,2,2,3,5,5,2,2,3,3,2,3,4,4,5,6,5,5,4,2,2,3,4,3,3,3,2,3,2,2,3,2,1,2,2,1,2,3,2,3,3,1,0,1,2,2,3,5,4,3,2,1,3,5,6,3,2,3,3,3,3,3,5,3,3,3,2,2,2,2,2,3,3,3,3,3,4,4,3,3,2,4,4,2,1,3,7,6,3,5,6,6,3,2,3,3,3,2,2,2,2,3,1,3,5,5,3,3,3,4,4,3,4,4,1,1,2,3,4,4,3,4,4,3,4,4,4,2,1,2,2,3,3,2,1,2,3,3,3,3,6,5,5,2,2,3,3,4,3,2,3,3,1,1,2,3,4,2,2,4,4,4,4,5,5,3,1,1,3,3,5,4,4,6,6,6,5,5,4,4,3,4,3,1,2,3,2,2,3,3,3,1,3,3,2,3,3,3,2,3,3,3,3,2,2,1,2,2,1,1,2,4,3,3,2,1,3,4,5,7,6,2,1,2,3,5,4,4,4,2,2,4,6,5,3,3,2,2,4,5,6,7,5,4,4,4,3,2,3,2,2,1,0,2,7,7,8,6,6,7,4,1,2,3,5,5,3,3,3,5,1,1,2,3,3,3,4,3,1,2,3,4,3,1,3,6,3,5,5,2,2,3,5,6,4,3,2,2,2,4,3,2,4,5,5,3,2,3,2,3,2,3,3,2,3,2,3,5,2,2,2,1,1,1,2,4,3,2,4,3,2,2,3,5,5,4,3,2,2,2,2,1,3,5,5,6,7,6,3,2,4,4,3,2,2,5,7,5,3,3,2,3,2,3,2,1,4,6,4,5,4,4,4,4,4,4,5,8,6,4,3,1,2,1,3,5,6,5,3,3,3,3,4,4,2,2,2,4,2,3,3,4,4,2,2,4,2,1,2,3,3,2,2,3,3,3,3,4,5,4,4,6,5,4,4,3,3,4,4,4,5,5,6,4,1,1,3,3,3,3,5,4,5,5,2,3,4,4,5,4,2,3,4,3,4,4,4,5,3,3,3,2,2,2,3,3,3,5,5,2,3,4,3,4,5,5,5,4,1,1,3,4,4,3,2,4,3,2,2,2,3,3,5,5,3,3,1,2,3,3,2,2,1,2,1,1,2,2,2,2,1,1,2,2,2,3,3,3,1,0,1,2,3,3,4,5,5,2,3,3,3,4,3,3,3,3,3,2,1,2,3,4,5,5,1,0,2,2,4,5,1,2,2,1,2,2,3,3,1,3,4,3,4,3,4,4,4,4,4,4,4,3,5,5,5,5,5,4,4,4,4,3,1,4,5,5,3,2,2,0,1,2,2,2,2,2,1,1,3,3,3,2,2,1,1,1,3,2,1,2,1,1,1,2,2,2,2,2,2,3,3,2,2,3,4,5,3,2,1,2,2,2,2,3,4,4,3,1,4,4,3,3,3,3,1,4,5,5,4,4,4,3,3,1,2,4,5,4,2,3,3,2,4,4,3,3,4,4,3,2,3,5,6,4,2,4,5,4,2,3,5,4,3,3,2,2,2,3,3,3,4,3,3,3,2,3,3,2,2,2,2,2,1,3,4,4,5,5,5,5,4,4,4,2,2,3,2,2,2,1,1,1,1,2,2,2,3,2,3,4,3,2,3,2,2,3,2,1,2,3,2,2,0,1,1,1,2,3,3,3,5,4,3,3,3,3,3,3,1,2,2,2,3,4,5,4,2,1,2,2,1,2,1,2,4,2,1,2,2,2,4,4,1,1,2,2,1,2,3,3,2,3,2,1,2,1,1,1,1,1,1,1,1,1,4,4,3,3,3,3,2,2,3,3,3,3,3,3,3,3,4,3,1,2,4,3,1,1,4,3,1,2,1,0,2,4,5,6,4,2,2,1,2,3,4,4,5,5,5,5,5,5,5,3,2,3,2,2,4,3,3,4,4,4,3,2,2,2,4,4,3,3,2,2,2,2,2,3,1,2,1,3,6,5,4,5,5,4,5,4,3,2,2,2,3,3,3,3,3,3
318,5,4,3,1,0,3,3,1,0,3,4,3,3,3,4,5,5,5,4,4,3,2,2,1,0,2,4,1,1,1,1,0,0,4,4,4,3,2,1,3,3,2,2,3,3,3,3,1,2,3,3,3,3,2,3,3,2,4,4,3,3,3,2,4,5,3,1,2,1,2,1,2,4,4,5,4,4,3,1,2,4,4,4,3,1,0,0,1,2,1,1,2,2,2,3,4,2,3,3,3,3,2,2,2,4,3,4,8,6,4,2,4,4,2,4,3,3,1,2,1,0,4,5,4,4,4,3,2,2,1,2,3,1,1,5,4,1,0,1,3,3,2,2,1,1,2,2,2,3,5,4,2,2,2,1,1,2,1,3,1,0,3,3,2,2,2,2,2,3,2,1,3,3,2,2,2,2,4,4,7,7,5,4,5,3,2,2,1,1,2,2,2,3,2,2,3,4,4,5,3,3,4,4,4,4,4,4,4,4,2,3,3,3,3,3,2,4,5,3,4,5,4,4,3,4,2,4,4,3,3,3,2,2,2,3,3,4,5,3,3,3,2,2,1,1,1,4,6,3,2,1,2,2,2,4,3,2,2,2,2,2,2,2,2,3,3,3,3,3,2,2,2,2,3,3,4,4,4,4,4,3,3,3,3,3,3,3,3,3,3,3,3,5,6,4,3,2,5,7,3,1,1,1,2,2,1,1,1,1,2,4,3,1,2,3,2,3,2,2,4,3,1,1,1,1,1,2,1,1,4,5,2,2,4,4,4,2,3,5,6,4,5,4,4,3,3,3,1,1,2,2,5,5,1,1,3,2,3,3,5,6,3,2,2,3,3,3,2,2,2,2,5,6,6,4,2,2,2,2,2,2,2,3,1,3,4,4,4,4,4,4,4,4,3,3,3,3,3,3,3,3,3,2,2,2,2,4,5,3,2,4,5,4,4,4,3,4,3,3,2,2,2,1,1,3,3,2,1,1,1,1,1,1,5,1,1,3,4,3,1,1,0,0,2,2,3,2,2,2,2,2,2,3,3,3,3,4,5,5,4,4,4,4,4,4,2,0,1,5,4,2,2,3,3,1,3,5,6,4,1,1,6,2,0,1,5,3,2,5,4,2,2,2,2,2,1,1,2,1,1,1,1,1,2,4,3,3,3,4,6,4,5,4,3,3,3,5,5,7,4,2,2,3,4,3,2,3,2,2,4,4,6,5,3,4,5,3,2,4,4,4,3,2,2,2,2,3,5,5,5,4,3,4,5,4,3,2,3,4,3,4,3,2,2,2,3,3,2,1,1,2,3,3,3,2,1,2,3,5,3,4,3,3,5,1,2,2,2,3,5,5,4,1,1,3,2,1,1,2,3,2,4,4,3,3,4,5,4,4,2,3,3,2,2,3,3,4,5,4,4,4,4,5,4,3,4,3,3,2,0,1,2,2,4,4,3,2,2,1,1,3,3,3,3,2,3,4,2,3,3,1,1,1,1,2,5,3,2,2,2,3,3,3,3,3,2,2,4,5,5,5,4,2,1,4,4,3,3,3,6,6,6,3,2,3,4,4,3,3,4,3,3,3,3,3,3,2,2,4,4,2,2,2,2,3,4,4,4,3,5,4,4,6,2,0,1,3,3,3,3,2,2,2,2,2,3,3,4,4,3,4,5,6,6,5,2,0,1,1,3,3,2,0,0,0,1,3,3,4,3,2,2,2,2,1,1,2,2,2,2,3,3,2,2,2,1,1,2,2,1,1,2,1,1,2,4,5,3,2,3,3,3,3,4,6,5,2,1,3,3,2,2,2,2,2,3,3,3,3,3,2,3,4,2,3,3,1,1,1,2,2,1,2,5,4,3,2,3,3,3,3,3,3,3,3,3,3,3,3,3,3,3,3,1,1,1,2,3,2,2,2,2,2,3,1,1,3,2,3,4,4,4,3,4,4,3,2,2,3,5,4,3,2,2,3,2,3,2,0,1,3,5,2,0,1,2,2,4,8,9,5,1,2,2,2,3,4,4,4,3,4,3,4,4,3,2,4,1,1,1,3,3,4,6,4,2,3,5,4,1,2,6,5,3,5,5,4,2,1,2,3,3,3,3,3,3,3,3,2,1,4,3,4,4,4,5,4,4,3,1,1,1,1,1,1,1,1,2,3,4,3,3,6,2,0,1,2,2,2,3,3,3,1,0,2,4,2,2,2,2,1,1,2,2,2,3,3,1,1,4,5,5,3,1,1,2,3,3,3,4,5,5,4,3,1,1,2,3,3,3,4,3,2,2,3,3,2,2,2,3,2,2,3,2,1,1,2,2,3,1,2,2,1,1,2,2,2,2,2,3,3
319,2,1,2,3,5,7,3,1,2,2,0,1,2,3,2,2,3,6,5,4,4,4,4,5,4,4,5,3,1,1,1,2,4,5,4,2,2,2,4,4,4,3,3,4,4,4,5,4,4,1,1,2,1,1,2,2,1,2,3,1,1,3,4,3,4,2,1,0,1,2,3,3,3,3,3,3,1,1,3,4,3,3,3,3,4,4,4,3,4,2,1,1,1,1,1,1,2,3,3,2,2,2,2,1,1,4,4,2,3,3,5,5,3,2,2,1,2,4,4,3,2,3,4,4,4,5,5,3,2,4,2,3,6,7,7,3,1,2,2,3,4,4,5,4,3,4,4,4,4,5,4,3,3,4,4,2,3,4,3,2,3,1,2,2,1,1,0,1,2,3,3,3,3,3,3,5,4,5,5,4,3,3,4,4,3,2,2,2,2,2,2,2,2,2,2,2,2,3,3,4,4,3,2,2,2,2,2,2,2,2,0,0,1,4,6,6,6,6,5,4,6,5,4,6,7,1,2,2,1,2,1,2,3,2,2,2,2,3,4,4,3,3,5,5,3,2,3,5,3,3,4,3,2,3,4,1,3,4,3,4,4,3,2,1,1,1,2,3,3,2,2,3,4,5,4,3,3,2,3,4,1,1,3,3,2,3,2,1,1,1,1,2,3,4,4,4,2,3,3,1,3,5,6,6,6,7,6,4,3,3,3,2,3,3,2,2,4,1,1,4,5,3,4,3,4,1,1,1,1,1,1,1,1,1,1,4,6,2,1,5,6,3,1,2,4,3,2,2,2,1,1,2,2,1,2,2,2,4,4,6,5,2,3,2,2,1,2,2,1,2,3,1,1,1,1,1,1,2,4,3,2,3,2,2,5,5,2,2,3,4,6,6,4,3,4,5,5,3,3,1,3,6,7,4,3,2,3,6,5,3,4,4,4,4,4,3,4,4,2,2,3,4,4,4,3,2,3,2,2,2,1,1,3,2,2,3,4,4,2,0,1,5,2,2,2,4,5,4,4,5,3,3,3,3,4,3,3,2,2,2,2,4,3,2,1,1,1,2,4,3,3,5,4,3,5,5,5,6,5,3,4,2,2,3,5,5,5,7,7,6,3,2,3,4,4,1,1,4,3,4,4,3,3,1,1,2,2,2,1,2,2,2,3,3,4,4,3,3,2,1,3,4,3,3,3,3,3,3,4,6,5,5,4,5,5,5,3,2,4,5,5,3,3,3,4,1,2,7,7,6,4,3,1,2,3,5,8,7,4,1,2,3,4,3,4,3,2,4,5,3,3,3,3,3,2,0,1,1,2,3,2,3,4,4,2,3,4,3,3,5,5,4,4,3,2,3,3,3,3,3,3,3,5,6,4,2,2,4,5,5,4,3,3,3,4,2,1,1,3,3,2,3,3,3,3,3,4,4,5,5,4,3,1,3,5,4,3,2,2,2,4,4,2,1,1,2,4,5,6,4,3,1,1,2,3,4,4,3,2,2,2,3,4,5,6,6,4,3,4,4,3,4,5,5,5,4,3,3,2,2,2,2,2,2,3,4,4,4,3,2,3,2,1,1,2,1,1,2,3,3,3,4,4,5,4,3,2,2,2,3,3,2,2,3,3,3,2,4,2,1,1,2,2,2,3,3,2,2,1,2,2,3,3,3,3,3,3,4,3,2,3,3,3,3,4,4,5,6,6,6,4,4,4,3,3,4,3,2,2,3,4,3,2,3,3,1,1,1,1,2,4,3,4,4,3,2,2,2,2,2,5,4,3,4,4,4,4,3,3,3,2,2,2,4,3,2,4,6,4,3,4,4,4,5,5,4,4,4,3,1,1,1,4,3,3,4,2,1,1,0,1,2,3,1,1,3,3,3,3,3,3,1,3,3,3,3,3,2,1,1,2,3,2,1,3,3,3,2,3,4,3,3,3,3,4,4,4,2,2,4,3,2,3,3,3,2,2,3,3,2,2,3,3,3,1,1,2,2,1,2,4,2,4,4,4,4,3,3,2,3,4,4,5,6,5,3,2,1,1,1,3,4,4,4,3,1,2,5,4,3,5,4,4,4,3,2,1,0,0,1,2,1,2,2,2,2,5,5,4,4,4,4,3,4,5,4,3,3,1,1,1,1,4,5,3,3,3,4,6,6,4,4,3,3,4,3,2,3,4,4,4,1,0,1,2,3,5,3,3,3,2,2,2,2,1,1,2,3,3,4,4,4,3,3,2,1,3,2,2,2,2,2,2,2,2,2,2,3,2,2,3,2,3,3,2,2,2,2,2,4,4,3,3,3,3,1,3,6,4,3,3,2,2,3,4,2,2,2,2,2,2
320,6,4,1,0,0,1,3,1,0,2,2,3,3,3,2,2,3,5,5,4,3,2,3,5,5,3,3,5,4,4,2,2,2,2,3,5,5,4,4,4,4,3,3,4,3,3,4,4,3,2,2,3,3,3,2,1,1,4,4,4,4,3,3,4,5,1,3,4,4,1,0,3,5,4,4,5,4,4,4,2,1,4,5,3,3,2,2,2,2,2,2,3,4,3,2,3,4,6,4,4,3,3,3,3,2,3,4,4,3,5,6,4,3,2,2,2,2,2,2,2,2,1,2,3,2,1,2,2,3,5,5,5,5,5,4,4,3,3,4,5,5,4,2,1,2,4,6,6,3,2,2,4,5,3,3,3,1,0,2,2,3,1,2,4,5,6,5,3,1,3,2,2,3,2,3,5,5,2,1,3,3,1,1,2,2,3,4,3,3,2,2,5,3,4,3,3,3,3,3,3,4,2,3,5,3,1,1,3,4,5,5,4,5,5,4,4,4,4,5,4,3,3,2,3,4,2,5,5,5,5,3,4,5,3,2,3,3,3,3,2,4,4,2,2,2,2,2,2,2,2,3,3,3,3,4,4,3,4,2,4,5,4,2,3,5,3,4,3,3,3,3,2,2,4,5,6,5,5,5,3,2,4,4,3,3,4,4,4,2,1,2,2,2,3,3,4,4,3,3,3,2,2,3,3,4,3,3,2,1,1,1,2,2,2,1,1,3,3,3,3,3,4,4,4,4,3,3,2,2,3,3,4,5,4,5,5,5,4,4,4,4,5,6,4,3,3,3,3,3,1,2,4,4,4,5,4,3,5,5,5,5,2,2,5,6,7,4,2,3,2,2,4,5,5,4,3,3,5,5,4,4,2,3,4,3,3,3,4,5,3,3,5,4,3,2,2,2,2,2,2,1,3,2,2,1,2,6,5,4,5,4,4,4,4,3,3,2,1,2,4,4,0,1,5,4,1,0,1,3,3,3,3,1,1,2,4,5,3,3,4,3,6,5,5,6,4,4,3,3,3,4,4,4,2,3,2,2,2,3,3,4,4,3,1,1,1,2,2,2,2,1,1,1,0,1,5,4,5,3,4,7,4,4,7,7,5,3,4,4,2,2,1,0,1,2,2,2,2,1,1,1,1,1,1,2,4,4,4,3,3,4,3,3,2,2,1,2,2,3,3,2,1,2,4,4,3,3,3,2,2,2,2,3,4,5,4,4,3,2,4,6,4,2,3,5,3,1,2,4,3,2,2,1,1,1,1,2,3,3,3,4,2,2,1,1,1,2,2,2,2,2,4,5,4,2,3,4,3,3,4,5,6,7,7,6,3,3,4,4,3,4,3,4,3,4,4,3,5,5,3,2,3,4,3,1,3,5,2,1,5,3,3,4,4,3,3,2,3,4,1,2,3,3,3,3,2,3,3,3,2,2,2,4,2,0,2,3,3,3,4,3,3,3,3,2,1,2,2,2,1,2,2,1,1,1,3,3,4,6,5,4,3,4,4,3,2,1,1,2,3,1,2,3,3,3,3,3,3,3,3,3,4,4,4,4,4,4,4,5,5,4,4,4,4,4,5,4,4,3,3,4,4,4,3,3,2,2,4,3,2,2,4,4,4,5,5,5,4,4,4,5,3,4,2,3,3,1,2,2,3,3,2,2,2,3,4,4,4,2,2,2,1,1,2,2,2,3,3,2,3,3,2,1,3,2,2,2,3,2,1,0,1,1,3,3,2,1,3,5,4,3,3,3,2,2,2,2,1,2,4,3,2,2,2,2,2,2,2,2,2,2,2,2,3,2,2,2,3,4,4,5,2,2,3,3,1,1,2,4,2,2,3,3,2,4,3,3,3,2,2,1,1,1,3,3,2,0,1,3,2,2,0,1,4,3,3,3,3,4,3,2,2,1,1,1,1,1,1,1,1,1,1,1,1,2,2,1,2,2,3,2,1,1,2,6,5,2,4,5,5,4,5,5,4,4,3,2,2,3,6,9,5,2,3,3,5,4,2,4,4,3,3,3,3,3,1,3,6,4,3,4,3,4,3,2,4,4,3,2,1,2,4,3,4,5,5,4,4,4,3,1,2,3,3,3,3,2,2,4,4,5,5,3,2,3,3,3,4,3,3,3,4,5,3,5,4,4,4,2,2,4,5,4,2,2,2,1,2,1,1,1,1,2,1,1,3,3,2,2,3,2,1,1,1,1,3,4,3,3,4,4,4,4,4,3,2,3,3,3,3,2,3,3,2,3,4,4,3,2,2,3,3,5,5,5,4,4,3,2,4,4,4,4,3,3,3,2,1,2,2,2,3,3,3,3,3,3,3,3,3,3
321,3,2,3,2,1,1,1,2,4,2,3,3,3,2,3,4,5,0,1,4,4,2,3,3,3,3,5,4,3,5,4,3,3,2,4,4,3,3,3,3,3,2,3,3,3,3,2,4,4,2,3,4,4,2,2,2,3,3,4,3,2,2,3,4,4,4,7,7,6,3,3,6,5,4,4,3,3,3,3,3,4,3,3,3,4,3,3,4,5,3,2,2,3,3,3,2,3,3,5,4,3,4,4,3,3,1,1,1,2,3,2,1,4,6,3,2,1,0,1,3,4,5,2,2,2,3,3,2,5,4,3,1,1,5,6,4,3,5,4,5,4,4,4,1,1,3,3,2,1,2,2,2,2,3,3,3,3,2,0,1,2,3,3,4,4,4,3,4,5,4,3,2,4,4,2,3,5,3,3,2,2,4,3,2,1,2,3,6,6,1,3,6,5,4,4,2,2,2,3,6,7,5,4,4,4,3,2,3,3,1,2,4,3,4,4,4,4,4,4,2,1,2,4,5,4,6,5,3,2,3,4,4,3,2,4,4,4,4,4,4,2,4,1,2,4,6,7,5,1,1,2,1,3,4,3,4,4,4,2,2,2,3,4,3,3,2,3,3,3,3,3,5,2,4,3,3,4,3,1,1,1,1,2,2,2,4,3,3,2,2,3,2,3,4,3,3,4,4,3,3,3,3,4,3,3,0,3,5,5,4,3,2,4,4,3,3,2,2,1,1,1,1,1,1,2,4,3,3,3,1,1,1,2,2,2,2,1,4,3,4,6,5,5,5,6,5,5,5,5,5,5,3,3,2,2,3,5,5,4,4,6,2,0,1,1,1,1,3,3,2,3,2,2,1,2,2,1,1,2,3,4,4,5,7,6,6,5,3,2,3,2,2,5,3,1,3,4,1,0,2,3,1,3,4,3,4,4,1,2,3,5,4,3,5,4,0,1,4,4,4,3,3,3,2,2,2,1,1,2,1,1,1,1,5,5,3,2,2,2,5,6,5,4,4,4,4,3,1,2,2,2,3,3,3,4,5,4,5,4,3,3,3,2,3,3,1,3,3,3,1,1,1,2,2,3,4,4,5,4,4,3,2,2,3,2,1,1,2,3,5,3,2,3,3,5,4,5,2,5,5,3,2,3,2,3,4,4,2,3,5,4,3,2,4,5,3,3,3,5,5,6,1,0,3,3,3,2,3,3,2,3,3,4,4,5,5,3,2,2,2,3,4,4,4,4,2,1,2,1,2,3,1,2,2,1,3,4,4,3,2,1,4,5,5,3,1,3,3,2,3,4,4,2,1,2,1,0,4,4,3,4,3,3,5,4,2,2,2,2,2,2,3,5,3,4,4,4,2,2,2,1,2,2,4,4,3,4,3,2,1,1,2,2,3,4,5,6,5,4,6,5,5,6,5,4,2,2,3,3,3,3,2,1,3,3,3,3,3,3,3,3,4,3,2,3,2,1,2,3,3,2,5,7,5,3,5,6,2,1,1,2,2,2,2,2,5,4,3,3,4,5,3,3,3,3,4,4,5,4,5,5,1,1,1,1,1,1,1,1,2,3,3,3,3,5,5,3,3,3,2,2,3,3,3,4,4,5,6,6,4,2,3,4,5,4,1,1,2,4,7,6,4,4,3,4,3,3,3,2,2,3,3,3,4,4,4,3,4,2,2,2,3,5,5,3,3,2,2,2,2,2,2,2,3,3,3,3,3,3,3,3,2,1,1,1,1,1,1,2,4,5,5,4,4,4,3,1,3,5,4,3,3,4,5,5,5,2,1,3,3,2,2,1,2,4,4,3,2,2,4,3,2,3,4,2,1,2,5,4,1,2,3,3,2,3,4,2,1,1,3,3,5,5,3,4,4,2,3,4,4,4,3,3,1,2,4,3,3,3,4,4,4,4,4,5,5,6,6,4,2,3,3,4,4,3,3,4,4,3,2,1,2,2,1,3,3,2,2,2,4,7,8,9,5,1,2,3,4,4,3,2,2,2,2,2,2,2,1,1,3,3,4,3,3,3,1,2,2,2,2,1,2,2,3,4,2,2,3,3,3,5,4,2,2,5,4,3,2,3,4,4,5,5,4,3,3,3,4,4,2,3,5,5,4,3,3,3,5,5,5,3,1,1,3,4,3,2,2,2,2,2,2,2,2,2,2,3,4,2,2,4,2,3,3,3,4,3,2,4,3,2,3,2,2,2,3,4,4,5,4,2,2,3,3,1,2,1,2,4,5,3,3,3,1,2,3,3,3,3,1,2,2,2,2,2,2,4,4,4,4,4,5,6,6,5,4,1,0,1,3,4,4,2,3,4,3,3,3,2,2,2
322,7,1,1,3,3,1,1,1,1,1,2,2,3,3,4,2,1,3,4,2,1,2,2,2,3,3,2,3,3,3,3,3,4,4,3,4,4,4,4,3,2,2,3,4,3,3,4,4,4,3,3,3,3,3,3,3,3,3,3,3,3,4,4,4,4,2,4,3,2,3,3,1,2,4,3,4,6,5,3,3,4,6,5,5,3,2,4,3,3,7,4,0,1,2,3,3,4,2,4,1,1,3,4,3,1,2,4,2,2,3,5,6,5,3,3,4,4,4,3,2,2,1,1,1,1,1,1,1,2,4,6,4,3,6,7,6,4,2,3,4,3,2,3,2,3,2,4,6,4,4,5,5,4,2,3,4,4,2,1,2,4,1,0,2,5,4,4,3,2,0,2,3,2,1,1,1,3,2,0,2,2,2,4,4,3,1,3,3,2,2,2,1,2,1,3,6,5,3,2,2,3,3,2,2,3,3,3,3,3,0,1,2,4,4,4,2,2,2,3,3,3,3,3,1,3,3,2,1,1,1,2,4,3,1,1,1,4,7,6,3,2,2,1,1,2,1,3,5,2,1,3,3,3,2,2,1,2,3,3,3,2,1,0,1,3,2,2,3,2,2,3,4,5,3,5,7,7,6,5,2,2,3,2,2,2,2,2,3,3,3,2,3,3,4,4,5,5,2,2,3,3,4,5,4,5,6,6,5,3,2,1,1,1,2,4,2,2,2,1,1,1,3,3,3,2,2,2,3,3,2,3,3,3,3,4,3,3,3,1,4,4,3,4,2,2,3,4,2,1,1,2,3,2,2,2,2,2,2,3,4,4,4,4,6,5,2,1,2,3,1,1,2,2,3,3,3,3,3,4,4,3,3,3,3,6,4,7,4,2,1,2,4,3,1,1,1,1,1,1,1,1,5,4,4,4,5,5,6,7,3,2,3,4,4,3,4,5,3,3,2,1,2,4,4,3,2,3,4,3,3,2,3,4,3,2,1,2,3,4,5,3,3,4,4,3,3,3,2,1,1,2,3,4,4,5,6,5,5,3,2,2,4,4,4,3,2,3,3,3,4,5,2,1,3,3,2,3,4,6,5,4,3,1,2,3,4,6,7,7,6,5,3,2,2,2,1,1,3,4,5,3,2,2,1,1,2,3,4,4,1,1,3,3,3,3,2,3,2,3,6,9,5,3,4,3,4,5,4,4,4,3,3,3,2,2,3,2,2,2,1,1,2,2,2,3,2,3,4,4,4,5,2,0,2,3,1,2,3,5,5,4,2,3,3,3,1,2,4,3,4,5,6,4,4,4,3,3,3,3,3,3,3,3,3,3,4,4,4,4,4,4,4,4,4,3,4,4,4,3,2,1,1,2,2,1,3,3,2,2,2,5,7,4,5,6,3,0,2,3,1,1,2,3,5,5,3,4,3,3,2,1,3,3,2,2,2,2,2,2,3,4,3,3,2,2,2,2,2,2,4,3,0,1,3,3,2,1,3,2,2,2,4,5,5,6,5,3,3,4,3,1,1,1,1,1,1,1,1,1,1,2,1,1,1,1,3,3,2,3,5,2,1,1,1,2,4,2,1,2,0,1,2,3,5,4,2,2,2,2,2,2,3,2,0,0,2,3,4,4,3,2,2,3,3,2,2,2,3,3,3,3,3,3,1,1,3,4,4,2,1,2,0,0,0,2,2,1,1,2,2,2,2,3,5,5,3,4,4,4,4,4,4,4,4,4,4,5,4,3,2,1,1,2,2,2,2,2,4,4,3,2,2,4,4,3,4,4,5,4,3,3,4,4,2,2,2,2,2,2,2,2,7,4,3,2,2,2,3,3,1,2,4,5,4,3,4,3,3,3,2,3,2,1,2,1,2,3,1,1,1,3,3,2,2,2,2,2,2,2,2,1,1,1,1,1,2,2,2,3,3,4,4,5,4,2,2,3,2,2,3,3,1,2,3,2,1,1,2,2,1,3,7,4,1,3,3,4,4,4,5,5,3,3,1,1,1,1,1,1,2,2,2,2,4,5,5,3,1,1,4,4,3,4,3,3,2,2,4,5,5,4,3,2,4,4,3,3,4,4,4,4,2,3,0,0,2,4,4,4,5,5,5,4,4,4,4,6,6,2,0,1,5,4,3,5,4,3,3,3,3,3,2,3,3,2,2,2,4,5,5,5,4,3,3,2,2,2,1,0,2,7,6,5,5,4,3,2,2,3,3,3,3,3,3,3,2,1,2,3,3,1,1,2,3,2,3,4,4,3,3,4,4,4,5,4,4,4,3,3,2,2,2,2,2,2,2,3,3,3,3,3,3,3,3,3,3,3,3,3,3,3
323,5,6,6,4,2,2,2,1,2,1,2,2,2,4,5,4,3,1,2,2,2,2,1,2,2,1,2,3,2,1,1,3,2,2,1,3,3,2,3,3,1,1,3,3,3,2,1,2,4,5,4,4,4,3,3,2,3,5,4,4,4,4,5,6,4,5,6,5,3,3,3,2,3,3,3,3,4,4,3,3,2,3,2,3,3,3,3,3,2,3,4,2,2,3,3,5,6,2,0,1,1,0,1,3,5,4,2,3,3,3,3,1,2,1,2,2,2,1,2,6,8,6,4,4,4,3,1,1,2,4,5,6,4,4,4,5,3,3,3,1,3,5,6,3,0,3,2,2,3,2,2,3,4,3,2,2,2,2,2,1,2,1,1,4,5,4,2,2,4,3,2,3,4,5,3,2,3,3,0,0,3,5,4,3,4,3,2,3,4,4,4,2,1,2,3,3,3,3,3,3,3,1,1,2,3,2,2,2,1,3,3,5,5,4,4,3,2,4,7,5,4,6,5,2,2,3,4,3,3,4,4,4,3,2,2,2,4,5,4,4,3,3,2,1,2,3,3,3,4,5,4,2,3,3,2,3,2,4,4,2,2,2,3,4,4,2,1,0,1,4,4,5,8,3,1,0,2,3,2,0,1,1,1,1,2,2,2,1,2,3,2,3,2,2,2,3,3,3,1,3,5,5,5,5,4,3,3,3,2,2,3,4,1,2,4,4,3,4,5,4,2,2,2,3,4,3,3,1,1,1,0,2,3,3,3,2,3,2,2,2,2,2,2,2,2,4,2,1,2,3,3,2,1,3,1,1,1,2,4,5,6,4,4,4,3,2,2,2,2,1,2,3,2,2,2,3,2,1,1,1,1,1,1,2,3,5,7,5,3,2,2,5,4,1,3,4,2,1,2,1,3,2,2,3,4,4,4,3,3,6,6,5,4,4,6,6,4,4,4,3,4,4,3,4,4,3,4,5,4,4,4,3,2,3,2,2,4,5,4,1,1,3,3,2,2,3,4,3,2,1,1,1,1,2,2,3,3,3,4,3,3,3,2,2,3,4,5,4,3,4,5,6,5,9,7,2,0,1,3,3,3,2,3,3,4,3,3,2,3,7,5,3,3,4,2,3,3,2,2,2,2,3,5,4,2,3,4,4,3,3,3,3,2,4,6,4,3,2,2,3,2,2,2,2,3,3,3,2,2,3,3,3,3,3,3,3,3,2,2,3,3,3,3,4,4,0,0,1,0,2,3,2,3,4,4,5,6,5,3,3,2,2,2,3,4,4,4,4,4,3,1,1,3,3,4,4,3,2,4,6,3,2,3,3,4,5,3,2,2,2,2,3,4,5,3,3,4,5,4,2,2,4,3,3,4,5,4,4,4,2,1,2,4,5,6,5,3,3,5,1,0,1,1,2,1,1,1,2,3,5,5,3,3,3,3,2,2,2,1,3,3,2,3,3,3,3,3,3,3,2,3,3,3,3,2,1,2,6,6,4,3,4,5,5,5,3,2,3,3,3,3,2,2,3,3,2,3,3,3,4,4,1,0,0,1,1,2,5,5,4,3,2,2,4,4,1,1,2,2,4,5,5,4,2,2,2,1,3,4,4,4,4,3,4,2,1,3,5,5,5,5,6,5,5,4,2,1,2,2,4,5,3,1,1,2,4,5,4,4,4,3,4,3,3,3,1,2,1,3,4,3,2,1,2,1,2,2,3,3,4,4,2,1,2,4,5,3,3,3,6,7,6,6,5,6,7,7,2,2,2,3,3,4,5,5,3,3,4,5,5,5,5,5,5,5,3,4,4,3,5,4,5,5,5,4,3,3,2,3,2,2,3,3,3,3,3,3,2,2,2,1,1,2,1,1,2,3,3,4,4,3,3,2,4,4,3,2,2,3,3,1,1,1,1,1,2,3,2,1,2,3,4,3,2,3,4,5,2,3,3,1,1,2,3,3,4,4,3,2,2,2,2,3,3,4,4,3,4,3,2,3,4,3,4,4,1,1,1,2,3,1,1,4,6,3,3,1,2,2,1,3,4,4,2,3,3,3,2,1,3,5,3,0,1,1,2,2,2,2,3,3,3,3,3,5,6,5,3,1,2,5,6,6,4,4,4,5,3,1,1,1,1,1,1,1,1,1,1,1,1,1,1,1,2,2,2,3,3,3,3,3,2,2,1,1,1,1,2,1,3,3,3,4,4,5,5,6,3,2,1,3,4,4,2,1,0,1,3,5,4,3,4,4,1,1,1,1,2,1,2,1,1,3,4,4,3,1,0,0,1,3,3,2,4,6,5,4,2,1,1,3,3,3,2,2,3,4,4,4,4,3
324,3,6,4,2,2,2,4,5,3,1,3,4,2,2,4,4,2,2,3,4,3,2,3,5,5,2,1,0,1,2,2,4,3,3,1,1,3,4,5,3,2,2,3,3,3,3,2,1,3,2,3,2,2,4,4,3,1,2,2,4,5,4,4,3,3,3,3,3,4,4,4,5,4,1,3,3,2,2,1,2,3,4,3,4,5,5,4,6,4,2,2,2,2,2,3,2,3,3,1,3,4,5,5,4,3,1,2,3,2,1,2,2,1,2,3,2,1,1,2,2,2,3,3,4,4,4,3,4,4,0,2,3,4,6,6,5,3,1,1,3,3,3,3,4,5,2,1,2,2,3,4,3,1,1,1,1,1,2,2,1,1,1,3,4,3,3,2,3,4,3,4,4,4,5,5,5,4,3,3,2,1,1,1,2,0,1,5,4,2,2,3,2,1,4,4,4,4,4,4,4,3,2,3,3,3,3,3,3,2,1,2,2,1,1,1,1,1,1,1,3,3,3,4,4,2,4,4,2,2,2,3,2,4,6,2,1,3,4,4,1,3,5,5,4,4,4,3,3,5,5,4,4,3,4,4,3,3,4,3,1,1,0,1,2,4,3,1,3,4,3,3,3,3,3,3,4,5,5,4,4,4,2,2,2,2,2,2,2,2,4,4,5,4,5,5,6,4,3,4,5,4,4,3,2,4,4,4,3,3,4,5,4,4,3,3,3,4,4,2,2,2,2,2,6,5,3,3,4,5,4,3,2,2,3,3,3,4,1,2,5,3,4,5,1,1,4,4,2,1,1,1,3,5,5,1,2,5,7,7,7,6,2,5,6,5,4,3,2,1,3,3,3,3,3,4,4,3,3,3,3,3,3,3,3,2,3,3,3,3,3,3,3,1,1,2,2,3,3,3,2,3,2,4,6,4,3,3,4,5,3,3,4,4,4,4,3,4,3,3,4,4,2,0,0,2,7,9,5,1,4,7,8,5,5,5,4,4,4,4,4,4,1,1,2,2,2,2,2,1,3,3,4,2,3,2,2,2,3,3,2,1,2,2,2,2,5,5,3,4,5,4,3,5,5,3,2,3,3,4,4,5,1,2,5,5,4,3,4,8,8,5,4,4,2,1,1,1,2,2,2,1,2,3,3,2,3,4,5,5,4,3,3,2,4,4,5,4,3,3,3,2,3,3,4,4,4,4,2,1,4,4,4,3,3,4,3,4,2,1,1,1,2,2,3,2,3,3,3,3,4,4,4,4,3,2,1,1,2,2,1,3,5,5,3,2,2,3,3,4,5,4,2,1,0,0,1,2,1,1,3,3,1,1,3,2,2,4,5,2,2,4,4,3,2,2,2,2,2,2,2,2,3,3,4,4,3,3,4,4,3,0,2,2,2,3,4,3,1,1,3,3,2,3,2,2,1,3,7,5,4,3,1,0,1,2,4,5,5,4,3,3,3,2,2,3,4,5,5,6,6,4,3,2,0,2,2,3,4,5,4,2,4,4,4,3,3,3,1,1,2,2,0,2,5,4,3,3,4,3,3,4,3,3,4,4,2,2,3,2,3,3,2,3,3,3,4,3,1,3,2,3,3,1,2,2,4,4,3,3,2,1,2,2,1,1,3,3,3,4,4,4,4,4,3,3,3,2,1,1,2,3,3,3,3,2,2,2,2,2,2,1,2,3,1,2,4,3,2,1,2,4,4,4,3,3,3,4,5,6,6,5,3,4,5,5,4,3,3,3,2,2,4,4,5,3,1,1,2,2,2,2,2,2,2,2,4,4,3,3,4,4,3,3,4,3,4,4,4,5,5,5,3,4,4,4,4,4,3,4,2,1,1,1,1,1,1,2,3,3,4,4,4,4,3,3,4,4,4,5,4,3,2,2,2,2,2,3,4,4,4,4,3,4,4,3,4,5,5,4,3,2,2,3,1,1,2,2,4,2,2,3,3,3,3,7,2,2,4,4,3,4,3,2,1,1,4,4,4,4,4,5,3,2,1,1,1,1,2,4,3,1,1,2,4,4,2,2,3,2,2,3,2,2,4,3,3,4,3,3,4,4,5,2,2,3,3,2,2,2,2,4,6,4,2,2,3,4,6,3,0,1,1,2,2,3,6,4,2,2,2,3,5,3,2,2,2,3,2,0,1,3,2,1,3,4,3,3,2,2,2,2,3,5,5,4,2,2,3,3,4,3,3,3,2,3,3,3,3,2,2,3,3,3,3,3,2,1,2,2,2,2,1,1,2,1,1,2,2,2,2,2,4,4,3,3,3,3,3,4,3,3,2,2,6,5,4,4,4,3,4,4,3,3,3,4,2,2,2,2,2,2
325,4,2,3,3,2,3,2,1,1,1,1,4,3,1,2,5,3,3,3,3,3,3,3,4,4,1,1,1,1,3,4,4,3,1,1,1,2,3,2,2,2,3,3,3,3,3,3,3,3,3,4,4,3,1,2,2,2,0,1,1,1,1,1,3,3,0,1,3,5,3,2,1,0,4,6,4,3,5,4,4,4,2,3,4,4,4,5,7,5,1,1,4,5,4,3,1,2,1,1,2,2,1,1,2,2,1,2,1,1,2,2,2,4,6,5,2,1,1,1,3,5,5,5,5,3,2,2,2,4,7,5,4,4,3,3,3,4,5,3,2,3,2,3,2,3,4,7,5,3,2,5,4,1,1,4,3,3,3,2,3,3,1,2,3,4,3,5,6,2,2,3,3,3,2,1,3,3,1,1,2,3,4,5,5,7,5,4,4,4,4,3,3,2,1,1,1,1,2,3,2,2,2,1,3,4,4,3,3,2,3,3,1,2,1,1,1,1,0,2,3,1,1,1,1,0,2,2,4,3,2,1,1,3,3,1,1,2,3,3,5,6,1,2,3,3,2,1,1,2,2,4,7,6,4,3,1,1,4,3,3,2,3,2,1,2,1,1,1,0,3,4,2,2,3,3,4,4,4,2,3,5,4,4,2,0,1,3,4,3,1,4,4,4,3,2,1,1,1,1,2,5,5,1,1,4,3,2,3,3,3,3,2,3,4,3,2,2,2,3,1,1,4,4,3,3,1,2,3,4,4,4,4,4,4,2,2,3,2,3,2,1,1,2,3,3,3,4,5,4,4,3,2,0,3,2,1,2,4,4,3,3,3,2,3,2,2,3,4,3,1,2,5,5,3,1,3,5,3,1,3,5,6,5,6,7,9,8,5,3,4,3,4,5,3,1,1,1,4,4,4,6,5,3,3,3,5,5,4,3,2,2,4,5,5,2,2,3,3,3,3,4,5,5,3,3,2,2,2,2,3,3,2,2,2,4,5,4,3,3,4,5,4,2,2,2,2,1,1,1,4,4,4,3,3,3,4,6,5,2,0,0,2,4,4,3,2,3,3,3,3,4,4,3,3,3,4,4,4,4,5,4,3,3,2,3,5,2,1,5,4,3,4,2,2,3,3,2,3,1,3,2,2,2,2,2,2,3,5,4,2,1,2,3,4,3,5,6,6,6,4,3,3,0,1,5,5,6,5,4,5,4,6,6,5,4,2,5,4,3,3,4,3,3,5,7,1,1,1,1,1,1,1,3,4,3,3,2,3,3,3,3,5,3,1,2,4,5,2,1,2,2,4,4,2,2,2,3,4,4,4,4,4,4,5,5,2,4,4,2,2,2,3,3,3,3,3,2,2,2,4,4,2,1,1,1,2,3,1,1,2,2,2,3,3,3,4,3,2,2,3,3,2,2,2,4,4,3,3,3,4,4,4,3,0,1,3,4,5,4,3,4,5,4,5,5,4,2,2,3,1,2,4,4,3,3,3,2,3,2,2,4,4,4,3,3,4,4,3,2,2,2,3,4,5,3,2,1,2,3,4,2,1,1,1,1,2,3,3,3,4,3,3,3,2,2,2,4,1,0,1,2,3,2,3,3,4,3,2,2,2,3,3,3,3,3,2,1,1,3,4,4,2,2,2,2,1,2,2,2,1,1,3,4,3,2,3,1,4,6,4,3,4,4,3,2,3,3,3,4,5,5,4,3,3,2,1,1,2,2,3,3,3,6,8,6,4,3,3,4,5,5,4,4,4,4,2,1,2,1,3,3,1,3,3,3,1,1,3,3,3,2,1,2,3,2,1,3,4,4,3,2,3,3,4,3,3,3,2,1,2,2,1,2,3,4,2,2,1,2,3,3,2,1,2,4,3,2,3,3,2,2,1,1,1,1,3,3,3,5,4,5,3,1,1,2,3,3,2,2,2,2,1,2,2,2,2,2,3,3,3,4,4,5,4,2,4,4,2,5,5,3,3,2,3,4,4,3,3,1,1,1,2,4,2,2,1,1,1,1,2,3,2,2,2,2,2,2,2,2,2,2,3,3,4,4,2,4,6,7,5,4,2,1,3,2,2,2,1,1,1,1,3,3,2,4,5,4,2,1,2,3,3,3,3,3,5,4,2,2,2,2,2,3,3,1,0,1,2,4,6,5,3,2,1,3,2,1,2,3,4,5,4,3,3,2,2,2,1,1,1,3,2,2,2,2,2,2,5,5,5,4,4,3,3,3,1,1,2,2,4,4,3,2,2,2,2,1,1,2,4,3,3,2,1,2,4,3,3,3,3,3,2,4,4,3,4,3,3,4,3,4,3,3,4,3,4,4,4,4,4,4
326,4,4,1,1,1,2,3,3,1,2,3,2,2,2,3,3,2,3,3,1,2,4,4,2,1,1,2,3,3,2,4,5,2,3,5,3,2,1,2,2,3,6,5,4,3,3,3,1,1,1,3,3,2,3,3,2,3,6,5,4,4,3,3,3,3,5,5,4,4,3,3,3,3,3,4,6,6,5,3,3,2,4,4,1,2,3,1,2,4,3,3,1,2,3,3,4,4,4,0,1,4,2,3,3,2,1,0,2,5,5,5,4,2,5,6,2,1,1,1,3,4,4,4,3,3,4,5,1,3,4,5,4,4,4,5,5,5,2,4,2,2,2,3,3,2,4,3,3,3,4,4,5,5,4,4,4,3,3,3,3,3,2,2,3,3,2,2,1,2,3,4,4,4,4,4,5,5,5,4,4,4,3,4,4,3,2,2,2,2,3,2,2,2,3,1,3,3,3,3,3,3,2,5,4,4,4,3,3,3,2,1,1,3,2,3,4,2,1,3,3,2,1,3,3,2,2,2,2,2,4,5,4,5,0,1,3,2,3,3,3,2,3,2,3,4,4,3,2,2,2,2,3,2,2,2,1,1,3,3,2,2,3,5,4,4,3,3,4,3,3,3,4,4,4,3,3,4,4,2,2,2,3,3,3,2,1,1,1,2,3,2,3,3,3,3,5,3,3,4,5,5,3,2,3,4,2,2,2,3,4,5,5,4,3,2,4,3,2,3,3,2,3,3,3,3,2,2,2,4,3,3,3,4,4,3,3,2,2,4,5,5,4,3,3,3,2,1,2,2,4,5,5,5,2,1,2,2,1,1,4,8,6,4,6,6,4,3,4,3,2,2,3,2,3,3,4,5,4,3,2,4,4,4,4,2,1,1,4,4,3,3,4,3,2,2,2,2,2,2,2,2,1,3,4,1,1,3,2,1,5,7,4,3,3,3,2,3,2,3,4,4,3,4,4,5,4,4,4,4,3,2,3,5,3,3,3,3,3,3,3,3,2,2,2,2,2,2,2,2,2,1,1,3,4,4,3,5,6,3,2,4,3,4,2,1,0,2,3,2,2,2,2,1,1,1,4,6,6,4,4,4,3,3,3,4,3,1,3,4,6,6,6,5,6,6,5,3,3,3,2,2,2,3,5,5,4,4,5,4,4,5,6,4,5,4,4,4,4,4,4,4,4,4,4,5,5,5,5,3,2,4,3,3,3,3,5,5,4,2,2,4,5,4,5,4,5,6,3,3,5,4,4,6,4,1,2,3,3,3,3,2,2,2,2,1,0,1,1,2,1,1,1,1,1,1,1,0,0,1,1,1,3,5,7,6,2,1,1,2,2,1,1,1,3,4,2,3,4,3,3,5,3,2,3,3,3,3,3,3,2,3,2,1,1,1,1,2,1,1,2,2,3,3,2,2,5,4,3,2,4,5,5,6,4,2,4,5,5,3,3,3,3,3,5,4,4,5,4,3,3,4,2,0,2,4,4,3,2,2,2,2,3,3,2,1,2,2,1,1,1,1,2,2,0,1,3,4,5,3,1,3,2,2,1,2,3,2,2,3,2,3,3,3,3,3,3,3,1,2,2,1,2,2,1,2,2,2,2,1,1,3,4,5,3,3,3,1,1,2,3,4,4,4,4,4,4,3,2,3,4,3,3,4,4,4,3,3,2,2,2,3,1,3,6,3,3,5,3,2,3,3,3,3,5,5,4,2,1,1,1,0,3,4,5,7,4,1,0,1,1,2,2,2,1,2,1,1,4,3,2,3,3,2,3,2,3,4,2,1,2,2,1,0,2,5,4,2,3,4,4,4,4,3,3,4,4,4,4,3,2,2,2,1,0,1,1,2,1,1,3,2,3,1,1,1,1,1,2,3,1,2,2,2,2,2,4,3,4,4,3,3,3,3,3,3,4,4,4,4,2,2,2,2,2,2,2,3,3,3,4,4,4,4,4,5,3,3,3,2,1,1,2,2,1,1,2,1,3,4,4,5,3,3,3,3,4,5,5,5,2,3,4,3,3,4,5,4,2,3,3,4,4,4,5,4,3,3,3,3,3,3,3,3,1,2,5,5,3,2,2,4,4,3,3,2,2,2,2,2,4,4,4,4,3,2,3,2,3,3,2,2,3,3,4,4,5,5,1,1,2,1,1,1,0,0,0,0,2,2,3,5,2,2,2,2,2,2,2,3,3,2,4,4,4,3,4,3,5,4,4,2,1,1,2,2,2,2,2,2,2,2,1,2,2,3,3,3,3,3,4,5,2,2,4,5,4,2,2,3,4,3,3,3,3,4,4,4,4,4,3,3,3,3,2,1,3,3,3,3,3,3
327,4,3,3,1,1,3,5,4,2,1,0,0,1,2,3,4,5,3,2,2,4,6,6,5,4,1,1,2,1,1,2,3,3,4,3,3,2,2,3,2,4,3,2,1,1,1,2,2,2,3,2,2,4,3,3,3,3,2,1,1,2,2,2,3,5,2,0,1,4,5,2,3,3,3,3,5,5,3,3,2,3,3,3,3,3,3,3,3,2,1,2,3,3,5,5,3,5,2,3,2,2,3,2,1,6,9,6,6,6,6,5,3,3,5,5,4,4,1,1,4,6,6,4,1,1,3,3,4,4,1,2,5,5,5,3,1,1,1,2,3,3,3,3,2,1,2,2,3,3,2,3,2,2,3,2,3,3,3,3,3,3,2,3,4,4,4,3,2,2,1,3,5,5,2,1,2,2,2,2,4,3,2,2,2,3,2,2,4,6,5,5,5,4,4,5,5,5,3,3,3,1,1,2,2,2,2,3,3,3,2,4,1,2,3,4,3,2,5,5,4,2,2,3,6,5,2,2,5,5,4,4,2,3,3,2,2,2,4,6,5,3,2,4,4,2,2,3,2,2,2,2,2,2,2,2,4,3,4,3,2,2,3,2,3,3,2,3,4,4,4,4,2,1,3,2,2,3,5,5,4,2,2,2,2,2,2,3,5,4,2,1,2,2,2,3,3,1,2,3,2,2,3,4,3,3,5,3,2,1,1,1,1,3,3,3,3,1,1,1,2,3,3,1,2,2,2,2,3,4,3,3,5,5,6,6,4,4,5,5,4,4,4,3,3,2,0,3,5,4,4,4,4,6,1,2,2,2,3,3,7,7,1,2,2,1,1,3,5,3,3,3,4,4,4,3,3,3,3,4,4,3,4,4,2,3,3,5,5,4,3,4,3,4,4,2,2,3,3,4,4,3,3,3,3,3,3,3,3,2,4,4,4,4,4,5,5,3,4,3,3,3,3,3,2,2,2,3,3,3,3,4,1,1,3,3,4,3,2,3,4,5,4,3,4,3,1,3,4,2,2,2,3,3,2,1,3,3,4,5,3,3,2,3,5,4,3,3,4,4,3,4,3,3,3,3,2,2,1,2,3,4,4,3,1,2,3,3,3,3,4,4,4,4,4,4,4,4,4,3,3,3,2,3,2,3,5,4,3,3,4,3,3,3,5,4,4,4,2,2,1,2,3,3,3,3,2,3,2,3,4,5,5,3,2,2,3,4,3,1,2,3,4,5,5,4,3,1,2,2,1,2,3,3,2,2,4,5,2,2,5,5,4,4,3,4,6,4,2,3,4,1,1,2,4,4,3,1,0,1,2,2,2,3,3,2,3,4,4,4,4,5,5,4,3,2,1,1,1,3,1,1,1,1,2,2,1,2,1,3,3,3,3,3,3,3,4,4,3,3,3,3,3,3,3,3,5,4,4,3,3,3,3,4,4,5,3,3,2,2,4,2,3,4,3,4,4,5,1,0,2,3,4,6,6,6,7,6,7,7,5,4,4,2,1,2,1,3,5,6,4,3,5,3,3,3,3,3,3,3,3,3,3,4,4,4,3,3,2,2,2,2,2,2,2,3,4,4,3,4,3,2,2,2,4,5,5,4,4,2,3,4,4,5,1,1,2,2,2,3,5,7,4,4,3,2,1,0,0,0,2,2,2,3,2,3,3,1,2,3,7,10,6,3,1,5,5,1,2,3,3,3,2,1,3,4,2,2,4,4,4,4,2,2,3,3,2,2,2,2,3,2,2,2,3,4,4,3,1,1,1,1,2,3,3,2,2,2,3,3,4,3,3,3,3,3,4,3,1,2,2,2,3,4,2,3,2,2,2,2,4,5,5,3,1,2,2,4,4,2,4,3,4,5,4,4,4,2,0,0,2,4,2,1,1,3,3,2,2,2,2,1,5,6,5,4,3,3,3,3,2,1,2,2,2,4,3,2,3,2,3,3,3,3,3,2,3,3,4,4,3,2,2,1,1,4,3,3,3,4,5,5,1,2,2,1,2,2,3,3,3,3,3,3,2,2,3,3,3,2,3,2,1,1,1,2,2,2,3,4,3,1,1,1,3,3,2,3,2,3,3,4,5,3,4,5,5,5,4,2,3,2,2,4,4,4,2,1,3,4,1,1,3,4,4,4,4,2,1,5,4,3,3,3,4,2,4,5,3,4,6,8,4,4,4,4,4,4,3,4,5,2,1,3,3,3,3,3,1,0,1,2,2,2,2,1,3,2,2,3,3,3,2,1,4,3,2,3,1,1,3,3,4,3,2,1,1,1,2,2,4,3,3,4,3,3,4,4,4,4,4,4,4,5,4,3,2,2,2,2,2,2
328,3,1,1,1,0,0,1,3,2,3,3,1,1,1,1,3,1,5,1,2,2,1,2,4,5,8,7,5,1,0,1,1,3,3,3,4,4,5,6,6,5,1,3,4,3,3,3,3,3,4,5,3,3,2,2,2,2,5,5,4,4,3,3,3,6,3,4,3,3,5,3,2,5,5,3,2,3,3,2,2,2,2,1,2,1,1,2,2,1,1,2,2,2,3,4,4,4,5,4,3,2,1,1,2,1,0,0,3,5,5,2,1,1,2,2,2,2,1,3,3,4,4,4,4,4,4,4,5,6,3,2,3,4,6,5,6,7,2,2,2,3,3,4,4,4,6,6,5,4,5,5,5,4,3,3,2,2,3,3,2,3,3,2,3,4,4,4,3,1,3,3,1,2,4,4,3,2,1,2,2,2,3,4,5,4,2,2,2,2,2,2,3,3,1,1,1,1,1,1,1,1,3,3,3,3,4,4,6,4,4,3,2,2,2,2,2,2,1,2,3,2,2,2,3,4,2,2,1,1,2,2,2,3,3,2,2,2,3,5,4,2,3,1,2,3,1,2,4,3,1,0,0,2,3,4,3,3,2,0,0,2,3,2,2,4,4,3,2,3,3,3,3,2,0,2,4,4,4,4,1,1,4,2,2,1,0,1,4,3,3,1,1,2,3,4,4,3,3,4,4,4,3,5,6,5,1,1,1,1,2,2,3,2,3,3,3,3,2,1,2,2,3,1,5,4,3,3,3,2,3,2,1,3,3,4,4,4,3,3,6,7,7,7,3,3,3,4,2,1,3,2,2,3,3,3,4,5,5,3,4,6,5,2,2,2,3,4,4,3,3,2,0,0,1,1,2,3,3,4,3,2,3,3,2,4,3,4,7,6,3,1,2,4,3,3,3,4,4,4,3,2,0,1,2,1,3,4,3,4,5,4,4,5,5,4,3,2,3,2,2,2,3,3,2,1,1,1,2,2,3,3,3,3,3,3,3,4,4,2,2,3,3,2,3,3,2,3,2,1,2,3,4,3,2,3,4,4,5,4,4,4,3,3,3,3,1,1,1,1,3,2,3,3,3,2,4,4,3,4,5,5,3,5,4,1,2,2,3,4,2,3,2,1,1,1,1,1,4,4,2,2,3,3,2,3,4,3,3,3,4,3,4,5,5,6,5,3,4,5,5,3,3,5,5,5,4,3,3,3,2,2,2,2,3,3,2,2,4,1,1,2,2,3,3,3,3,4,4,4,4,3,3,3,2,2,1,1,3,5,5,6,3,4,4,3,3,3,2,2,1,1,1,2,1,1,2,1,1,1,2,2,2,3,3,3,4,4,4,3,3,2,2,4,4,3,1,1,1,1,2,2,1,3,5,4,1,1,2,5,1,2,3,1,3,5,5,7,7,5,4,4,4,4,4,5,3,3,2,3,4,4,2,1,1,1,1,1,2,1,2,2,3,2,2,2,2,2,2,3,2,2,3,2,1,2,2,1,2,5,4,3,3,4,4,3,2,2,2,3,3,3,3,3,2,2,2,2,2,2,1,2,2,3,2,2,1,2,5,4,5,3,2,2,5,4,3,1,2,3,3,2,1,2,2,2,2,4,5,6,6,3,1,2,2,3,3,4,5,3,2,3,5,5,5,5,5,5,5,3,4,4,2,3,1,2,5,5,4,3,3,3,2,2,1,1,1,3,3,3,1,2,4,4,1,0,0,0,1,1,1,1,2,2,1,2,2,2,1,1,3,3,3,3,2,2,2,2,5,4,4,4,5,4,4,5,3,3,3,3,3,3,4,1,1,1,2,2,2,3,2,2,3,3,3,3,4,4,3,4,3,4,6,5,2,1,0,3,4,1,1,1,2,3,4,6,3,2,2,3,3,2,2,2,1,1,4,5,5,4,2,2,3,3,3,3,1,1,1,1,2,3,3,2,4,7,7,2,2,4,2,1,3,3,2,2,3,4,6,5,4,4,1,1,3,3,3,3,4,4,6,6,3,3,1,1,2,3,5,3,3,4,1,1,3,4,5,5,6,5,2,3,6,6,5,3,2,3,4,4,2,2,2,2,2,3,1,1,1,2,1,1,4,4,4,5,4,3,2,3,2,2,1,2,4,5,4,4,4,2,3,3,4,4,4,2,1,2,2,2,1,2,2,3,4,4,4,4,2,1,1,4,1,1,1,1,1,2,2,2,3,3,3,3,3,2,2,3,2,2,2,2,3,3,2,2,4,4,4,3,3,4,4,3,3,2,3,3,4,4,3,3,3,5,4,1,2,4,2,2,4,4,4,3,4,4,5,4,3,4,3,3,5,5,6,5,4,4,4,4,4,4
329,4,2,2,1,3,4,4,2,3,2,5,7,6,4,4,4,3,2,2,1,1,1,1,2,2,3,2,1,1,0,0,1,4,5,4,3,3,4,4,3,4,4,3,1,2,2,3,3,2,1,2,3,3,3,3,2,1,1,2,3,3,4,4,3,3,3,4,3,3,3,4,3,3,6,5,4,4,3,3,2,1,4,5,4,6,6,6,5,3,4,4,2,2,3,4,4,2,2,2,1,1,1,1,1,1,3,2,3,4,3,4,4,5,3,2,1,1,1,2,3,4,4,2,1,1,0,0,1,1,1,3,3,3,4,6,7,6,4,3,3,1,3,3,2,2,3,3,3,3,4,5,4,4,4,4,5,7,6,4,3,3,2,2,2,2,5,4,3,2,2,3,4,3,3,3,3,3,3,4,5,6,5,5,4,2,3,3,4,5,4,4,3,2,0,2,2,3,3,3,2,2,3,3,3,3,2,2,3,3,3,1,1,3,3,3,3,4,4,1,0,1,1,1,1,2,3,2,3,3,3,3,4,1,2,3,3,3,2,3,3,2,2,1,2,2,2,2,2,3,3,3,3,3,3,3,3,4,3,2,2,3,4,4,3,4,4,4,4,4,4,4,6,3,1,3,4,3,2,1,3,5,1,1,2,2,1,2,1,4,4,1,2,4,3,4,4,4,4,3,3,2,3,3,3,3,3,5,4,3,4,3,3,2,2,2,2,3,4,4,4,3,3,3,4,3,3,3,3,3,1,2,3,3,3,2,2,2,1,3,3,4,6,6,6,6,4,3,3,4,6,4,2,2,4,4,3,3,2,2,4,4,2,2,1,0,3,4,1,1,4,5,5,5,5,4,2,2,1,1,2,3,3,3,6,4,5,4,2,2,4,5,4,2,2,2,3,3,2,2,2,5,5,6,6,7,4,4,5,4,3,3,2,2,2,2,2,2,5,5,4,4,3,1,1,2,2,3,3,2,2,1,1,2,4,2,3,3,4,4,3,3,2,3,3,2,2,2,2,3,5,5,5,4,3,4,6,5,2,2,3,4,3,3,2,2,3,4,4,4,3,2,1,1,2,4,4,4,4,4,6,8,2,3,3,3,3,3,3,4,5,3,2,1,1,1,0,0,4,4,4,2,2,1,1,1,3,6,6,4,4,5,4,4,3,4,3,3,4,4,3,3,2,2,4,4,4,4,2,4,5,5,1,1,1,1,4,4,2,2,4,3,3,2,2,3,3,2,4,4,4,3,3,5,5,5,4,1,2,3,4,3,4,5,4,2,1,2,4,4,2,2,2,2,2,2,2,2,4,4,3,4,4,4,5,5,2,1,1,1,1,1,1,1,1,2,4,3,2,3,3,3,4,2,2,2,2,2,2,2,2,1,1,3,5,6,5,2,0,1,2,3,4,4,4,4,1,0,3,5,4,3,2,4,4,4,2,2,3,3,3,4,2,2,4,4,4,2,1,3,5,3,2,2,2,2,2,1,1,1,2,4,3,4,3,3,3,3,3,3,3,3,3,3,2,2,2,2,3,4,3,2,2,2,2,2,2,2,2,2,1,2,6,7,7,5,3,0,1,5,2,1,2,2,3,3,3,3,3,3,2,1,1,1,0,1,3,3,2,1,1,3,3,3,2,2,1,1,1,2,2,3,2,1,1,2,3,3,5,4,3,2,3,2,1,1,5,3,1,1,1,2,4,4,2,2,1,2,2,2,1,2,4,4,3,3,2,1,1,1,2,2,1,3,4,2,1,2,1,1,2,4,3,2,3,4,4,3,4,5,4,3,5,6,3,2,1,1,2,1,2,1,2,4,2,2,2,3,4,4,4,3,2,3,4,4,4,4,4,3,2,3,4,4,4,2,3,6,6,4,3,2,1,1,4,3,0,2,2,2,2,3,2,1,1,1,1,1,1,1,2,3,4,4,3,3,2,1,3,3,2,2,3,2,3,3,1,0,1,1,1,1,1,2,4,4,3,1,1,1,2,2,1,1,1,1,1,1,1,1,1,1,1,1,1,2,4,5,3,3,3,3,4,4,3,1,1,3,3,1,1,2,5,5,2,2,3,3,2,4,3,2,4,6,5,5,3,3,6,6,4,2,2,2,2,1,1,2,4,6,4,2,2,4,4,2,3,5,3,2,2,2,2,2,2,2,2,1,1,1,3,4,4,2,1,2,2,3,3,1,2,3,2,2,1,4,6,3,1,2,3,3,4,3,2,2,4,4,2,2,3,1,3,4,5,4,3,2,2,2,1,1,3,7,5,3,3,3,3,3,6,6,5,5,2,2,2,0,1,4,4,4,5,5,4,3,4,4,4,4,4,4
330,4,3,1,1,1,2,3,3,1,4,5,3,3,5,6,7,5,2,3,3,4,5,4,4,2,1,2,2,3,2,2,2,2,5,5,5,5,4,4,4,2,1,2,2,2,3,3,2,3,4,5,4,2,1,1,4,3,4,4,4,3,2,3,1,1,3,2,4,4,6,5,3,2,3,4,5,5,6,8,6,5,1,1,1,2,3,3,4,5,2,1,2,2,2,2,2,2,4,5,7,6,4,4,2,2,3,4,3,3,4,4,4,3,5,3,2,3,4,4,1,1,5,3,3,3,2,2,2,2,1,1,2,2,5,9,6,4,4,4,4,2,2,4,5,5,2,3,3,2,3,3,3,4,3,1,2,3,2,2,2,1,3,2,2,2,2,2,2,2,2,2,1,1,1,1,3,3,4,4,5,4,3,2,2,4,5,3,2,2,2,2,3,3,1,3,3,1,1,2,5,3,1,0,2,4,5,5,4,4,4,3,3,2,3,3,2,3,3,3,3,3,2,2,2,2,2,1,1,1,2,4,6,5,4,3,3,5,5,4,3,2,2,2,4,4,4,4,4,3,2,3,3,2,4,4,3,3,3,4,3,4,4,4,4,3,2,3,3,1,1,1,3,3,3,2,2,3,3,3,2,2,2,3,3,3,3,2,1,3,3,2,2,2,2,2,4,3,4,5,2,3,5,4,5,4,1,4,3,2,2,2,2,3,2,1,1,4,6,5,5,2,1,2,2,3,3,3,3,3,3,2,2,2,2,3,3,3,1,1,2,4,4,3,4,3,2,3,3,3,3,3,4,2,4,3,3,1,2,1,1,5,7,6,5,3,1,1,3,5,5,3,3,3,3,2,2,3,2,2,1,1,1,2,3,4,6,6,5,4,5,5,6,7,5,4,4,6,5,4,4,3,1,1,2,2,2,4,3,3,4,2,1,4,6,4,0,2,3,3,1,1,2,3,2,2,2,2,4,5,3,2,2,3,4,4,4,3,3,2,1,2,1,1,3,3,2,1,4,5,2,2,3,6,6,6,5,4,3,3,3,3,2,2,1,3,2,3,3,2,3,3,4,5,4,3,4,3,3,5,5,2,3,6,5,3,3,3,5,7,7,5,5,4,4,2,3,7,2,3,4,4,3,4,6,7,3,3,3,3,3,3,3,3,3,2,3,5,5,3,4,4,2,3,4,5,4,3,3,3,1,1,1,1,1,1,2,2,2,3,2,2,3,2,1,2,1,1,0,1,2,4,6,7,3,1,1,1,2,2,2,2,6,3,1,2,2,3,4,5,6,5,4,3,2,3,4,3,3,3,3,3,3,4,4,5,3,3,2,2,3,3,3,4,2,2,2,1,1,1,1,1,1,1,1,2,2,3,4,5,3,3,3,3,3,3,3,2,2,4,3,4,4,3,5,4,4,3,3,3,2,2,2,1,3,3,3,4,4,3,4,3,3,3,2,3,3,3,2,1,2,1,1,3,4,5,5,3,2,2,3,2,2,1,1,2,3,3,3,3,2,1,1,1,1,1,1,2,3,3,3,6,5,4,4,4,4,4,4,5,4,4,1,1,2,2,2,3,3,4,5,4,2,2,3,3,5,1,0,3,5,5,5,4,0,1,2,2,3,4,3,4,3,2,1,1,1,2,2,3,4,2,3,3,3,2,2,3,4,3,3,2,2,1,0,1,2,1,3,5,5,4,3,2,1,2,3,4,4,5,6,3,1,1,2,2,2,2,3,2,2,1,3,2,1,3,3,3,3,2,3,3,5,5,2,2,3,3,4,4,3,3,3,2,2,5,6,4,4,5,4,4,3,3,3,2,3,2,2,3,4,4,4,4,4,4,4,4,3,3,2,2,3,3,3,5,5,3,3,3,3,2,2,2,3,4,2,2,2,2,2,2,1,1,1,1,2,4,3,2,1,2,3,3,4,5,5,5,2,2,3,4,5,5,5,5,3,3,3,3,2,2,2,1,0,2,2,1,1,1,1,1,1,2,2,3,3,3,3,4,4,4,4,4,3,3,5,4,3,3,2,2,4,5,4,4,2,2,3,3,2,2,5,6,4,2,2,2,3,3,3,2,2,2,2,2,2,2,4,4,1,1,2,2,3,4,2,3,4,4,4,4,4,4,4,4,4,4,4,4,5,6,7,6,3,3,4,3,3,4,4,3,2,2,2,3,5,6,7,7,3,3,2,3,3,3,2,3,3,3,3,3,3,2,3,3,2,4,4,5,5,4,5,5,2,2,2,2,2,2,2,2,1,2,2,3,3,2,2,1,3,3,3,3,3,3,3,3,3,3,3,3,3,3,3,3,2,2,2,2,2,2
331,3,6,4,2,3,3,4,1,0,0,2,3,2,4,5,4,4,1,1,1,1,2,2,4,4,1,1,3,2,2,1,2,2,3,2,1,1,2,3,3,3,3,2,3,3,3,4,5,3,4,3,3,3,3,2,4,4,2,2,2,2,1,1,1,1,2,2,2,2,3,3,4,4,2,2,2,2,2,2,2,2,3,3,3,3,3,3,3,3,3,3,3,3,3,3,3,3,2,2,3,4,3,3,5,5,4,3,2,2,4,4,2,1,3,3,0,2,3,3,4,5,3,2,2,2,2,4,4,3,5,3,1,1,3,4,3,2,3,3,5,5,5,4,3,3,2,3,3,2,2,2,2,3,4,3,4,4,4,4,4,2,2,3,3,2,4,4,4,4,3,2,3,3,3,2,4,4,3,3,3,2,2,2,3,2,2,2,2,2,2,2,2,2,4,3,2,2,1,2,4,4,3,2,3,3,2,1,3,4,2,1,4,3,3,4,3,3,5,6,7,5,4,3,6,5,2,2,3,3,2,2,2,4,4,2,2,2,2,3,3,2,4,3,2,2,3,3,3,3,3,4,5,2,1,3,4,5,6,7,4,3,1,1,2,5,5,5,3,1,1,2,3,3,4,5,3,3,4,4,5,5,2,1,3,3,2,3,3,2,3,4,4,5,4,4,5,4,2,2,3,3,3,3,2,3,4,3,4,4,4,4,3,2,1,1,1,1,3,4,2,1,2,4,4,4,4,3,3,4,3,3,3,3,3,3,3,4,2,4,6,4,5,5,3,1,1,3,1,1,3,4,3,3,3,4,4,4,1,1,6,6,2,5,9,4,1,2,3,4,3,3,3,3,3,3,3,3,1,1,3,3,2,2,3,3,4,5,4,4,4,4,5,8,7,4,4,4,5,3,1,2,4,2,1,2,2,2,1,3,3,2,4,5,4,4,2,2,6,5,5,4,4,4,4,5,5,5,4,1,0,2,6,4,4,2,3,3,4,4,1,0,2,3,2,3,4,4,5,5,3,3,3,2,3,2,1,3,6,3,2,3,3,3,3,2,1,0,2,3,2,3,3,0,3,4,3,4,4,3,2,2,1,1,1,1,2,2,5,7,9,6,2,3,4,4,6,6,4,1,3,4,4,4,3,2,3,4,3,2,1,1,3,4,5,5,4,3,3,3,4,3,2,2,3,4,4,4,4,2,2,4,5,5,3,3,3,2,1,2,3,3,3,3,4,5,3,0,0,3,4,1,1,2,3,3,1,0,1,2,4,5,5,5,5,4,3,3,2,3,4,3,3,2,2,3,1,1,3,3,2,1,1,2,3,2,3,2,1,1,2,4,4,2,1,1,1,2,2,1,0,1,3,3,4,4,5,2,0,2,4,5,5,2,2,5,4,4,7,6,3,1,2,6,4,2,2,2,3,3,3,3,4,3,2,2,1,1,1,2,3,3,3,4,5,4,2,1,2,2,3,2,3,2,3,3,2,3,2,2,3,3,3,4,4,4,3,3,3,3,3,3,3,2,4,4,3,2,5,4,0,1,4,2,1,2,2,2,3,4,4,3,4,4,4,4,3,3,2,2,2,2,2,3,3,4,5,4,2,4,3,2,3,2,3,2,2,2,1,3,2,2,5,4,3,3,3,2,2,1,2,4,0,0,3,5,3,2,3,4,4,3,2,4,5,4,3,3,2,2,1,1,2,1,2,4,6,5,5,6,5,4,4,4,2,1,2,3,2,3,5,5,3,3,3,3,4,4,3,3,1,2,2,4,7,7,5,6,4,3,2,2,2,2,4,5,5,4,1,1,2,3,1,2,2,2,2,2,0,1,3,2,2,4,5,5,5,5,3,3,2,2,2,3,6,4,3,5,3,3,3,2,3,3,3,2,1,2,3,3,2,3,2,2,2,2,2,2,2,1,1,2,4,3,1,1,2,2,1,1,1,1,2,3,3,4,4,4,5,4,2,1,1,3,3,1,0,2,1,3,4,4,2,2,1,1,1,2,2,2,5,4,2,1,4,8,6,4,2,1,3,4,4,5,6,4,2,1,2,2,3,3,3,3,3,2,3,3,1,1,1,3,5,2,2,7,6,2,3,5,5,3,2,3,3,2,3,2,2,2,1,0,1,3,3,2,4,3,5,4,2,2,3,3,2,3,3,2,3,3,3,3,2,3,3,2,2,1,3,5,5,5,6,6,5,5,5,3,1,1,1,1,1,2,3,3,4,4,4,3,3,3,3,1,2,1,1,1,1,2,2,3,3,2,3,3,2,2,2,2,2,3,3,3,3,2,1,1,1,1,2,2,2,2,2,2,3,2,2,2,3,3
332,6,6,5,2,3,5,2,1,1,3,3,3,3,4,4,3,3,4,4,4,5,4,2,1,2,3,2,2,2,2,2,2,1,1,3,5,4,4,3,3,3,3,2,2,2,1,2,2,2,2,3,3,2,3,3,2,1,0,1,3,4,5,2,1,1,1,1,2,3,3,3,3,3,4,5,3,2,3,5,6,4,4,2,1,4,4,4,5,5,4,3,3,3,2,1,2,2,2,2,1,1,2,2,2,1,3,3,1,1,1,1,2,3,3,4,4,2,1,3,4,4,3,3,2,3,6,4,2,4,1,2,3,2,3,5,4,3,1,1,2,3,2,3,3,3,2,3,3,2,3,3,3,4,1,1,1,2,1,1,1,3,3,3,4,5,4,4,3,3,1,2,3,4,2,1,2,4,4,3,3,2,1,1,1,3,4,5,5,4,3,5,2,1,4,3,3,3,3,3,4,4,3,4,4,4,4,4,3,4,4,2,3,3,3,4,4,5,5,4,4,4,4,4,3,2,2,2,2,3,3,3,3,4,2,1,2,3,4,4,4,4,3,3,5,4,2,1,3,6,4,1,1,1,2,3,3,2,2,2,1,0,1,3,3,4,3,2,2,4,4,5,5,3,4,2,4,4,2,1,1,1,2,3,4,1,0,0,3,4,2,2,3,3,4,2,2,2,3,2,2,4,4,4,4,3,6,7,6,5,3,2,1,0,2,3,2,1,0,0,2,3,2,1,1,2,2,2,2,2,3,4,3,4,4,4,4,3,6,4,1,2,2,3,3,3,3,4,4,4,5,6,6,5,4,1,2,4,4,6,9,7,6,5,4,4,2,2,3,3,4,2,2,2,2,2,4,4,4,4,5,5,5,4,5,5,4,7,8,5,2,1,4,4,4,3,5,4,3,4,3,2,3,3,3,3,4,4,3,3,3,4,4,4,3,1,1,3,0,1,3,4,5,4,5,5,1,3,4,4,2,1,3,4,5,4,6,5,3,4,5,5,2,1,1,2,2,2,2,1,1,1,3,3,3,3,3,4,4,4,4,3,4,4,3,4,5,5,4,3,4,5,3,2,3,2,3,4,4,3,1,1,1,3,4,3,2,2,2,2,4,6,6,3,3,3,4,2,5,5,4,5,2,3,2,2,1,1,4,4,4,3,1,0,1,2,2,4,4,4,4,4,3,2,3,3,4,6,4,3,3,2,2,2,3,3,3,3,3,2,2,3,2,3,2,2,4,3,3,3,3,3,4,3,3,3,2,1,2,3,3,4,2,3,2,3,3,1,1,3,5,3,1,2,4,4,4,4,3,5,6,7,6,6,2,0,0,0,2,3,3,2,1,2,2,2,2,2,3,3,4,4,3,3,2,2,2,2,1,1,1,2,3,3,5,6,7,4,3,4,4,3,4,5,4,3,3,2,1,1,1,3,3,4,3,1,2,3,4,4,4,5,4,2,2,3,4,4,3,3,4,2,1,2,2,2,4,5,5,4,3,3,3,4,4,1,1,4,2,2,2,2,1,1,3,2,2,2,3,3,2,2,3,1,2,3,5,5,4,3,2,2,3,3,4,5,3,3,3,2,2,4,5,6,4,2,3,4,4,3,3,4,3,5,3,1,2,2,2,4,5,5,3,4,5,5,4,2,2,0,0,1,4,4,2,2,3,5,3,2,2,2,2,2,2,2,3,5,4,3,3,3,3,2,3,4,3,3,3,3,3,3,2,2,3,4,3,4,5,6,2,3,2,3,3,3,3,2,3,4,4,4,4,5,6,4,1,1,1,1,1,1,2,2,4,4,4,2,4,3,3,3,1,2,3,2,2,2,2,1,3,2,2,2,2,2,2,1,2,2,2,3,2,2,2,2,2,2,1,3,3,4,4,3,3,4,3,3,4,3,3,3,3,3,4,5,5,5,5,3,2,1,1,1,1,1,1,1,2,2,1,2,2,2,3,3,5,5,5,5,3,3,4,3,1,1,1,1,1,3,3,3,4,2,0,1,3,4,2,2,4,3,2,3,5,6,6,5,2,0,1,1,3,5,4,1,1,1,1,2,2,3,4,3,2,2,2,2,1,1,1,1,1,1,3,4,2,1,2,3,3,4,4,3,4,3,3,4,1,1,3,1,1,2,3,3,1,1,0,1,1,2,3,4,2,2,2,2,2,2,3,3,2,3,3,2,2,3,3,4,6,4,3,3,3,3,3,3,2,3,3,3,3,3,2,1,3,4,6,5,5,3,2,1,1,2,2,2,1,2,2,2,3,4,4,3,3,6,5,1,3,3,1,3,4,4,3,5,4,1,2,3,2,1,1,2,2,2,2,2,2,2
333,3,3,7,4,2,3,3,1,1,3,2,2,2,2,1,3,3,1,0,1,1,2,4,4,6,5,4,4,3,3,4,4,3,4,4,4,3,3,3,2,2,3,3,4,5,5,7,6,5,2,1,1,1,1,1,2,2,1,1,2,4,3,1,1,3,4,2,2,3,4,5,6,4,3,4,3,4,2,3,5,5,1,1,4,4,3,3,3,2,1,2,4,3,1,1,1,1,4,4,3,3,3,3,4,3,6,6,4,4,3,1,0,0,2,3,4,3,4,3,2,2,2,2,2,4,3,3,3,4,4,3,4,4,6,6,4,3,3,3,4,4,4,4,4,4,4,3,3,3,2,2,2,4,5,4,3,3,3,2,3,3,1,2,3,3,4,3,4,1,0,0,2,4,4,4,4,5,5,3,3,3,3,4,4,2,3,3,2,2,2,3,4,3,2,2,3,3,3,4,4,3,2,2,2,2,2,2,2,2,1,2,2,2,2,3,5,5,3,3,3,3,3,2,1,1,1,2,1,2,3,4,1,0,1,2,2,3,3,3,4,5,3,4,3,3,4,3,3,2,1,1,2,2,1,1,2,2,2,1,1,1,2,2,2,2,3,3,2,2,2,2,2,3,3,2,2,3,2,3,4,2,1,2,1,1,2,2,3,2,4,4,2,5,7,5,3,3,1,0,3,6,6,3,4,4,3,3,3,3,4,6,3,0,2,3,2,2,2,2,3,3,3,2,3,3,3,3,3,3,2,5,6,5,4,2,4,3,1,2,2,3,3,2,1,3,3,4,3,3,3,5,4,4,4,3,5,5,3,3,4,3,4,5,5,4,3,2,2,1,2,2,1,2,2,2,2,4,5,2,3,5,5,5,3,4,6,3,1,2,4,4,2,2,4,3,4,4,3,2,3,4,2,2,4,6,5,4,4,4,5,4,4,4,3,3,4,4,3,0,1,1,1,2,2,2,2,3,1,2,4,4,2,2,4,4,4,4,4,3,3,3,4,3,3,3,4,4,4,5,2,4,4,3,3,3,2,2,1,1,1,1,1,2,3,2,1,1,3,3,3,4,4,3,3,5,4,2,3,4,4,4,5,5,4,4,4,3,2,1,3,3,4,4,4,6,6,5,5,2,3,4,3,2,2,3,3,3,3,3,3,3,3,5,2,1,4,4,2,2,2,3,3,1,2,4,6,6,6,4,2,2,2,2,3,4,2,1,1,1,1,1,1,2,3,4,5,4,4,4,3,2,2,0,0,2,2,3,2,1,3,3,1,1,1,1,2,2,2,2,2,1,1,1,1,1,1,1,4,3,2,3,3,4,6,3,2,3,3,2,2,3,3,2,3,3,2,4,4,4,5,4,2,3,3,4,4,4,2,1,3,5,6,6,6,6,6,5,5,4,4,3,1,2,1,1,4,5,3,4,5,4,3,3,3,3,2,3,2,1,0,1,2,3,2,3,3,4,4,3,3,3,3,3,2,1,3,3,3,3,3,3,2,3,4,2,3,4,4,4,3,2,3,4,2,1,0,1,3,5,5,3,2,2,2,2,2,2,2,2,3,3,3,3,3,3,3,2,3,5,6,6,5,2,4,5,4,3,3,2,2,2,2,2,2,3,3,3,1,2,3,5,5,4,3,4,4,2,2,2,1,2,4,5,5,2,0,2,2,2,1,1,1,2,3,2,1,1,2,2,2,2,2,4,2,2,2,2,2,2,2,2,2,2,2,2,2,2,2,2,1,3,4,4,3,5,6,4,2,3,2,1,1,4,4,2,2,4,4,3,3,3,3,4,2,2,3,3,3,2,2,4,5,4,3,5,5,4,5,5,4,4,3,1,3,4,1,3,3,2,2,1,2,3,3,3,4,4,4,2,2,2,3,3,3,4,4,5,4,3,2,2,3,3,3,3,3,3,3,2,3,4,3,2,4,4,1,3,5,2,2,2,2,3,6,6,2,2,3,4,4,3,3,2,2,4,3,3,3,3,3,3,2,1,1,2,1,1,3,4,4,6,6,5,4,3,0,1,2,3,3,3,4,4,4,4,3,3,1,1,0,1,1,4,2,5,1,1,1,0,1,4,4,2,4,3,3,3,3,2,2,1,0,2,3,3,2,1,1,1,1,2,2,3,3,2,2,3,3,3,3,3,4,3,3,3,3,3,3,2,2,1,2,3,2,2,2,2,2,1,1,2,1,1,1,1,4,2,1,2,3,3,4,6,3,2,5,6,6,6,5,5,5,4,3,2,3,3,2,2,4,4,5,4,3,3,5,4,4,6,2,1,2,2,2,1,1,1,1,1,1,3,3,2,2,1,2,4,3,3,3,3
334,4,2,4,5,4,3,4,1,0,1,1,1,1,2,2,2,2,4,3,4,4,4,4,3,3,1,2,3,3,1,1,2,3,0,1,2,2,2,2,3,3,3,2,2,4,4,3,3,3,3,3,3,3,3,3,3,6,5,4,2,1,2,2,2,2,5,4,3,3,2,2,1,2,4,3,3,3,3,3,3,3,2,3,3,3,3,2,2,3,3,3,2,2,2,2,2,2,4,4,2,2,2,0,0,0,0,2,2,3,4,4,3,2,1,1,1,1,3,3,2,1,5,4,3,2,1,2,3,3,5,2,2,4,8,10,7,4,0,2,1,1,1,1,1,1,5,5,5,3,2,3,3,6,5,2,3,3,3,3,2,3,4,4,4,3,2,2,3,4,3,1,2,3,4,3,3,5,7,6,4,4,6,4,3,1,2,3,3,3,2,2,2,1,3,3,4,4,1,0,0,2,2,2,2,2,2,3,3,2,6,6,6,6,5,5,4,4,3,4,3,3,4,5,4,5,2,2,2,2,3,3,3,3,3,3,2,2,2,2,2,2,2,2,2,1,2,2,2,1,1,1,1,1,1,1,1,1,2,3,3,3,3,4,3,2,0,0,3,5,5,5,3,0,1,2,4,5,5,4,5,6,5,4,5,4,2,2,1,1,2,2,2,2,2,3,3,5,3,3,1,1,2,2,3,5,4,3,5,5,3,3,2,2,1,1,1,1,1,1,3,4,3,3,2,2,2,2,2,3,4,3,2,2,2,1,2,2,3,4,5,6,6,5,4,2,4,4,3,3,3,2,2,2,3,2,2,1,3,2,2,1,2,2,3,3,3,3,1,1,2,2,1,1,1,2,3,4,4,4,4,3,2,1,2,2,4,8,8,6,3,3,3,1,1,2,3,4,4,6,7,7,2,3,3,2,2,2,2,3,4,4,4,4,4,4,4,3,4,5,5,4,4,3,4,5,3,3,3,3,3,3,3,4,2,4,4,4,3,2,1,2,3,1,1,2,2,2,1,1,1,1,1,1,1,3,4,6,6,2,4,4,4,4,2,2,1,1,2,2,3,2,3,4,4,4,5,5,5,6,5,4,1,6,6,1,1,3,4,6,5,3,1,1,2,2,4,2,3,2,2,2,4,2,2,2,3,4,4,5,4,4,5,4,2,4,4,4,5,4,4,3,3,3,3,2,1,2,4,3,3,3,2,2,3,3,3,3,4,4,4,5,5,6,5,4,2,2,2,1,2,1,1,1,1,1,0,0,0,2,3,4,0,1,2,1,2,2,3,4,8,6,3,1,0,1,4,5,4,4,4,4,4,4,5,4,3,2,2,2,1,2,3,4,3,2,2,2,2,3,3,1,3,3,4,5,5,5,4,1,2,1,1,4,6,7,7,6,3,6,7,4,2,2,4,3,3,3,3,2,2,3,3,1,2,3,3,3,3,3,4,3,5,4,3,2,3,2,3,5,3,1,1,2,3,4,4,1,1,1,3,4,5,3,1,2,2,3,4,4,5,4,2,1,4,4,4,4,4,2,2,3,4,3,3,1,2,2,2,4,2,3,2,0,0,0,2,1,1,2,4,4,3,3,4,3,4,2,3,3,3,3,3,4,6,4,2,1,1,3,5,7,2,4,2,1,1,1,2,4,1,2,4,4,5,4,4,3,3,3,3,3,3,3,3,3,1,1,2,2,2,2,2,2,1,2,2,2,2,3,3,3,1,3,2,1,2,3,3,3,5,4,4,4,3,3,2,2,2,4,4,3,2,1,3,3,4,5,4,3,3,5,5,3,2,2,3,3,4,3,3,2,4,5,5,4,5,5,4,4,2,3,6,5,5,4,2,2,1,2,3,3,3,3,3,5,4,3,3,3,3,3,3,1,3,3,4,5,4,4,4,2,2,1,3,2,4,5,4,3,2,3,3,3,3,3,2,2,2,2,1,1,1,3,3,1,3,4,3,5,4,5,4,1,1,2,4,4,1,2,2,2,4,3,4,4,5,4,1,3,3,1,3,2,2,4,4,3,2,3,3,3,3,4,3,2,2,2,2,3,3,3,4,4,1,2,3,3,4,4,5,3,2,2,2,3,3,3,1,0,2,2,4,3,3,3,3,2,1,2,3,4,4,2,3,4,2,3,2,2,2,1,2,5,4,0,2,5,5,2,0,0,2,2,1,2,3,3,4,5,1,3,5,4,2,1,1,2,1,1,1,2,2,2,3,3,2,2,3,3,4,4,3,2,2,2,2,2,2,2,3,4,4,3,3,2,2,2,1,2,3,2,2,2,3,1,3,1,4,4,4,2,2,2,2,3,4,4,4,4,3,3
335,2,5,0,0,3,3,3,3,2,1,1,2,1,2,2,2,2,4,5,5,5,3,3,2,2,4,4,3,3,1,1,1,1,3,2,2,3,4,5,5,3,4,4,4,4,5,5,3,2,5,6,8,7,4,3,2,3,3,4,5,5,4,5,6,7,2,2,2,1,1,0,0,2,4,5,6,6,4,4,4,5,4,2,1,1,3,4,3,2,2,3,2,1,1,1,2,5,2,2,3,4,4,2,1,5,3,0,1,3,3,3,3,2,1,1,1,2,2,1,1,3,5,3,1,3,6,5,5,4,4,2,1,2,5,8,7,4,3,3,2,3,3,2,2,4,4,4,3,3,4,5,5,3,3,3,2,3,4,5,4,4,3,2,3,6,6,3,1,1,2,3,3,4,5,4,4,6,3,4,4,4,4,4,3,3,3,1,1,2,4,4,4,3,2,2,2,2,2,2,2,2,2,3,4,4,4,3,3,4,1,1,2,2,3,4,3,3,6,5,4,3,3,3,3,4,1,1,1,2,2,2,2,2,1,1,2,2,3,3,2,2,3,4,4,4,4,4,3,4,3,2,3,3,3,3,3,2,1,3,3,3,3,3,1,0,3,6,6,5,5,5,5,2,3,3,3,3,3,3,3,3,1,1,1,1,1,2,2,1,2,3,4,5,5,3,3,3,2,1,1,1,3,4,4,3,3,3,3,3,3,3,3,3,6,5,4,4,4,4,3,4,5,3,4,4,4,5,3,3,5,3,1,2,2,2,4,3,3,4,2,2,3,3,2,1,4,4,2,1,2,2,3,4,2,2,2,2,2,2,1,2,5,4,4,4,3,3,3,3,1,1,1,1,2,1,2,2,0,1,4,4,4,3,3,2,5,4,5,3,3,4,4,3,4,6,6,5,3,4,5,3,1,1,1,1,1,1,2,2,2,2,2,1,1,1,1,2,3,3,3,3,3,3,3,3,3,3,3,3,3,3,3,1,4,3,4,6,6,7,5,2,1,1,3,4,4,3,4,4,0,2,2,2,2,3,3,3,4,3,3,3,4,5,5,5,4,5,6,6,6,3,1,1,4,5,4,2,4,6,3,2,0,3,5,5,2,3,3,6,9,7,4,3,3,4,4,3,1,2,4,5,3,1,1,3,3,3,3,5,4,2,2,3,4,3,3,3,4,4,3,3,2,2,5,3,3,4,3,3,4,4,2,2,4,3,0,1,2,2,5,7,6,4,2,2,7,4,3,5,4,1,0,2,0,1,2,2,4,4,5,6,4,3,3,3,3,3,3,1,1,2,3,2,3,3,3,3,5,5,4,3,2,1,1,1,4,2,3,2,2,3,2,2,4,3,2,2,3,4,6,6,1,1,2,2,3,3,3,3,4,2,2,2,2,3,3,2,3,3,1,1,3,3,3,2,2,2,3,5,4,2,1,1,1,3,2,2,3,3,2,4,3,3,3,3,5,6,6,6,4,2,2,2,3,3,3,3,3,4,5,6,6,5,3,2,0,2,1,1,1,3,4,3,0,1,3,4,4,3,0,0,3,3,3,3,4,4,2,2,1,1,1,1,1,1,2,2,1,2,3,3,5,6,4,3,3,4,4,2,3,2,1,3,3,1,0,0,2,3,3,2,1,1,1,1,2,2,1,1,3,3,3,3,2,2,1,1,2,3,5,5,4,4,4,3,3,3,4,3,2,3,2,1,3,2,1,1,1,3,3,3,6,4,4,5,4,4,3,2,3,3,4,4,4,4,3,3,2,2,2,2,2,2,2,2,1,1,3,3,3,3,1,1,5,2,3,1,1,1,4,5,3,2,5,6,5,4,2,2,2,1,1,2,4,4,1,1,1,2,2,2,3,6,6,3,3,3,3,2,3,4,4,3,3,2,3,3,3,1,2,1,1,2,3,3,3,3,4,3,3,3,3,4,3,4,5,3,3,4,3,3,2,2,2,4,4,4,4,2,1,2,3,2,5,5,3,3,3,3,3,2,2,3,3,3,1,1,2,3,5,4,5,4,4,5,6,5,2,1,2,3,4,3,3,2,0,0,1,1,2,4,3,3,1,1,2,2,1,2,2,1,2,5,3,1,3,4,4,3,2,2,2,2,4,4,4,4,4,3,1,3,4,4,5,6,4,3,2,3,3,3,3,3,2,2,2,2,2,2,2,2,4,4,2,1,2,2,1,2,1,1,1,1,1,1,1,1,4,3,3,2,3,3,3,4,1,1,2,3,3,4,3,2,1,2,4,2,2,2,1,2,3,1,2,3,2,1,1,1,2,2,2,2,3,3,3,3,3,3,3,3,2,2,2,2,3,3,3,3,3,3
336,4,3,3,4,2,2,4,3,2,2,1,2,2,2,2,2,4,2,2,3,5,5,4,2,1,3,3,3,2,2,4,4,3,1,2,5,5,4,2,2,3,1,1,3,4,5,4,4,3,5,7,3,1,3,6,4,3,3,2,4,4,3,2,2,2,3,3,4,3,4,3,2,0,2,3,4,5,4,2,2,4,2,3,5,5,4,3,3,3,4,1,1,2,2,3,2,1,0,1,2,4,4,4,3,5,1,1,2,5,7,5,2,1,3,4,6,4,3,5,5,4,3,4,5,4,4,4,2,4,4,4,3,1,1,5,4,1,3,3,5,5,4,4,5,5,4,4,4,3,3,4,4,3,4,4,5,5,3,3,4,4,4,2,2,4,3,2,2,2,2,1,1,3,4,5,6,7,4,5,4,1,1,1,1,1,3,3,2,2,3,4,5,6,1,1,1,2,3,2,2,1,1,2,2,2,2,1,1,1,4,4,2,2,2,2,3,2,3,3,2,2,2,2,2,3,2,1,1,2,3,2,1,1,3,4,5,4,3,2,2,3,2,1,2,3,3,2,1,3,4,3,2,2,2,3,3,3,4,4,3,4,4,4,4,4,4,4,4,4,3,3,2,3,0,1,2,2,2,2,1,2,2,2,2,2,2,2,2,2,1,1,3,4,4,3,3,4,3,2,1,1,1,2,2,1,0,0,1,1,3,3,3,2,1,1,1,1,2,1,2,3,2,2,2,3,3,3,3,3,1,1,1,1,1,2,2,0,3,4,3,2,2,3,1,0,1,1,1,2,2,2,2,2,5,4,3,2,2,2,3,3,5,3,4,3,2,2,2,1,3,3,3,2,3,3,4,3,2,2,3,3,1,1,3,4,5,5,1,1,3,4,3,2,3,3,2,2,2,2,2,3,4,4,4,4,4,4,4,4,4,4,4,5,5,5,2,1,3,3,3,3,3,3,3,1,5,4,2,2,2,2,4,4,3,5,6,5,3,3,2,2,2,2,2,2,3,3,3,1,3,2,1,2,1,2,2,1,3,3,3,3,3,3,3,5,4,5,4,3,2,3,3,2,4,4,4,4,2,3,4,4,5,5,2,5,4,5,5,4,7,6,5,6,4,2,2,2,4,3,3,3,3,4,4,4,7,7,3,3,3,2,2,3,4,6,6,5,4,4,3,1,0,1,2,1,1,2,4,5,3,5,5,5,5,5,4,2,4,4,4,4,4,4,4,4,0,1,1,2,2,3,3,5,4,3,3,4,4,4,2,1,1,0,1,2,2,3,2,1,3,4,4,4,3,4,3,4,0,1,2,3,4,5,8,8,3,1,0,2,1,1,3,3,3,2,2,1,1,2,2,2,4,3,2,3,3,3,2,1,2,2,2,2,4,5,4,4,3,3,4,3,2,3,3,5,4,2,2,2,1,1,1,1,1,2,3,4,3,5,5,6,3,4,4,4,3,3,2,1,6,5,3,4,4,3,4,3,2,3,3,1,1,2,4,4,4,3,5,4,3,4,4,3,2,3,3,3,3,2,3,2,2,2,2,3,4,4,2,2,2,2,2,2,2,2,3,3,1,1,2,2,3,3,3,3,4,4,4,3,4,3,4,4,1,1,0,0,3,5,4,2,4,4,3,3,3,3,4,4,1,1,2,3,4,5,5,5,2,2,3,3,1,1,1,3,3,2,2,1,2,2,1,2,3,3,3,2,2,3,3,3,1,1,1,1,1,1,1,1,2,2,2,3,4,3,2,1,1,1,1,1,1,1,1,2,2,2,3,3,2,2,3,2,1,2,3,3,3,2,2,3,4,3,2,3,5,7,6,3,2,4,3,2,3,4,4,2,3,3,3,3,4,3,3,2,3,3,2,2,2,2,4,5,2,2,1,1,2,4,3,1,0,2,4,3,2,3,4,2,5,5,4,3,3,3,4,6,4,2,1,2,1,3,5,3,4,3,5,3,3,3,4,4,3,3,3,3,3,4,5,4,2,2,1,2,3,5,5,5,1,1,4,6,5,3,1,3,4,4,7,5,4,4,3,3,4,2,0,2,3,3,4,5,1,1,0,2,2,1,1,1,3,4,4,3,4,5,5,4,1,2,5,6,4,3,1,2,3,1,1,4,6,4,3,3,2,2,1,1,1,2,3,3,3,2,3,3,3,3,2,2,2,2,2,2,3,4,5,2,3,4,3,3,4,4,4,1,1,4,3,3,2,4,5,4,1,3,3,3,4,3,2,4,2,3,3,2,3,3,2,3,3,2,2,1,1,1,2,4,4,2,2,2,3,4,4,3,3,4,2,1,2,2,3,1,3,3,2,2,1,1
337,4,4,8,10,7,2,2,3,5,5,4,5,5,4,3,4,4,4,4,3,1,2,3,4,4,4,3,4,5,5,4,3,4,2,2,2,2,2,2,3,3,4,4,4,4,4,5,3,2,4,3,3,2,2,2,3,4,1,1,3,3,3,2,2,1,5,4,4,3,3,3,1,2,1,2,2,2,1,3,5,2,2,2,3,3,3,4,4,5,3,3,3,2,3,3,4,3,2,2,3,3,3,2,2,2,1,0,2,3,2,3,2,2,1,1,1,1,2,2,3,3,1,2,2,2,2,1,1,1,4,4,6,6,4,4,2,0,1,2,2,2,3,3,3,3,1,0,2,2,2,3,1,1,3,4,3,3,2,3,2,2,3,3,4,4,4,3,2,4,4,2,1,2,2,2,2,1,0,1,3,3,5,5,3,2,0,0,4,4,0,2,5,5,3,2,3,3,3,3,4,4,3,2,2,2,2,2,2,2,3,3,3,3,2,2,2,2,1,2,2,2,4,4,5,5,6,5,4,2,2,4,5,4,4,4,3,2,2,2,3,4,2,3,3,2,2,3,2,1,1,3,2,2,4,3,2,1,2,3,3,2,3,2,2,4,4,6,6,3,3,2,2,4,4,4,3,3,4,4,3,2,2,2,2,1,2,3,3,2,3,2,2,1,1,2,3,3,3,2,2,2,3,2,2,2,1,3,4,4,2,0,1,2,2,2,3,3,3,4,4,4,5,4,4,4,3,3,3,1,4,5,5,5,4,3,4,6,4,4,4,4,4,4,3,3,3,4,4,3,4,4,3,2,3,2,2,3,4,4,4,3,0,0,2,3,4,3,4,5,1,2,4,5,5,4,3,4,2,3,4,3,4,3,2,5,4,6,6,7,6,4,3,2,0,2,3,3,4,4,3,3,6,7,6,3,3,3,4,3,5,6,5,4,2,2,3,3,2,2,2,2,2,2,3,4,6,3,2,2,1,2,2,1,2,3,3,4,4,3,3,2,3,3,4,4,4,4,3,3,2,3,3,3,3,4,4,5,5,4,1,1,1,1,3,4,2,1,1,2,2,2,1,4,3,1,1,2,1,3,5,2,1,2,2,2,2,2,2,2,2,2,4,4,4,2,2,2,2,1,1,2,2,2,3,3,4,2,2,2,4,5,4,2,3,3,4,3,1,2,2,4,3,3,4,6,5,4,2,1,4,3,4,5,5,5,6,6,2,1,3,3,2,3,3,2,2,2,3,3,3,4,3,1,2,2,2,2,2,2,3,4,3,3,4,4,4,4,4,3,2,1,1,1,1,2,1,1,4,3,3,2,2,1,1,1,1,2,1,2,1,1,1,2,3,4,2,3,3,3,3,4,4,4,4,4,4,4,4,4,1,1,2,4,4,4,3,3,3,3,4,4,4,5,3,4,1,3,5,4,4,3,3,3,8,6,4,5,7,7,4,2,1,2,3,3,1,1,1,0,0,1,3,2,3,4,2,2,3,4,1,2,4,5,4,6,5,3,2,2,3,3,3,2,1,2,3,3,4,4,5,3,2,4,4,4,4,4,3,2,5,4,3,2,2,2,2,1,3,2,2,2,2,2,2,2,4,2,1,0,1,1,2,1,1,2,3,5,3,2,5,6,5,5,3,3,2,1,3,3,3,4,3,2,2,3,3,2,1,1,2,2,2,2,2,1,1,2,2,3,2,1,1,1,3,3,4,3,2,2,3,3,1,3,3,1,3,2,3,1,2,3,1,1,2,2,1,0,1,3,2,2,2,2,2,4,2,4,3,3,2,2,2,5,5,2,3,4,3,4,5,4,6,3,4,4,4,4,5,4,3,2,3,5,5,5,5,3,4,4,4,4,5,5,7,6,4,2,1,2,3,3,4,3,3,3,3,3,3,3,2,2,4,3,3,3,4,4,4,4,3,3,6,6,5,6,5,4,2,3,3,4,4,4,4,4,3,3,2,2,2,2,2,2,4,4,3,3,2,3,1,1,4,3,1,2,2,3,4,3,3,1,1,2,4,5,5,4,2,2,2,1,2,2,1,1,2,3,2,1,1,1,2,1,1,1,2,2,1,0,0,0,3,4,1,1,3,3,3,3,2,2,2,3,3,2,1,0,1,3,6,4,1,0,2,3,2,2,4,4,3,1,1,2,3,3,2,1,2,3,3,2,2,1,1,1,1,1,2,3,3,3,3,3,2,2,2,2,5,6,4,1,1,2,2,3,2,2,2,2,1,1,1,2,3,3,3,3,3,2,2,1,2,3,3,3,3,5,5,3,3,1,2,4,5,4,2,1,1,1,1,2,2,2,3,4,3,3,3,3,3,3
338,3,1,1,1,1,2,5,6,4,3,1,0,0,3,4,3,3,2,3,3,3,2,2,3,4,3,3,3,3,3,3,4,4,4,4,3,3,3,3,3,3,4,3,3,4,4,3,2,3,5,5,4,4,2,2,3,5,3,2,2,2,2,2,2,2,1,2,3,3,3,3,3,3,3,4,4,3,3,3,2,3,3,2,2,3,4,4,2,4,5,5,4,3,3,3,2,2,3,2,1,2,2,2,3,1,3,4,2,2,4,5,5,4,3,3,3,3,3,3,3,3,2,2,2,3,3,4,5,4,4,2,3,1,3,5,4,3,3,2,3,4,4,3,4,4,2,2,1,2,3,3,4,2,4,3,3,4,4,3,3,3,6,5,4,3,5,5,5,5,2,2,2,3,3,4,4,4,2,1,1,2,2,3,4,2,5,6,5,5,5,4,3,4,0,1,2,2,2,3,3,2,4,4,4,3,3,3,4,4,1,1,1,1,1,1,3,4,3,3,3,4,4,3,3,3,1,1,2,3,3,3,2,2,2,2,2,2,2,2,2,2,3,1,0,1,3,4,2,0,0,2,3,2,4,3,3,4,3,3,3,3,3,3,3,2,2,3,4,3,1,1,2,5,5,4,4,4,3,4,3,3,2,3,3,4,4,3,3,3,2,2,3,5,5,4,3,3,2,1,1,2,3,2,2,2,4,5,2,2,4,5,3,2,2,3,4,3,3,4,3,2,1,4,6,3,2,3,2,4,4,2,3,2,3,3,4,5,3,4,4,3,2,2,3,4,3,2,3,3,2,2,2,0,0,3,3,2,4,7,9,9,3,1,4,7,8,7,5,3,2,3,2,2,2,2,2,2,3,4,3,3,3,4,4,3,4,4,4,3,3,4,3,2,1,1,1,1,1,1,1,0,0,3,4,5,4,3,3,3,4,3,4,3,2,1,1,2,4,4,5,5,4,4,4,3,3,2,2,2,1,2,3,3,6,6,3,3,4,4,4,3,2,3,4,3,3,2,3,4,3,3,4,5,3,1,2,2,1,1,1,1,1,1,2,2,4,4,3,2,1,1,2,2,1,1,3,4,1,1,6,5,4,5,5,6,4,4,5,7,3,3,3,3,2,0,1,1,1,1,2,4,4,3,1,1,4,4,5,5,4,2,3,3,6,4,3,5,5,3,4,4,1,1,2,4,4,3,2,2,2,2,2,2,2,2,2,3,2,4,4,5,4,3,4,6,1,3,4,4,2,2,4,1,3,5,5,5,5,5,5,4,3,2,3,2,2,1,2,1,1,2,4,6,6,4,4,3,3,2,3,3,3,4,5,6,4,3,4,3,3,4,4,2,3,3,4,5,5,4,3,3,2,1,1,1,1,1,2,4,2,3,3,3,3,2,2,4,2,3,4,4,5,4,2,3,5,2,2,1,2,4,2,2,2,2,2,1,1,1,1,1,1,2,3,2,2,2,4,2,3,4,4,3,4,4,5,3,4,4,5,5,6,7,5,4,3,3,3,2,1,1,0,0,1,1,2,3,4,4,5,4,3,3,3,3,3,3,3,4,2,3,3,3,2,2,2,2,2,0,2,3,4,3,1,3,3,3,4,3,2,2,3,3,4,2,0,2,3,4,3,1,1,2,2,1,1,0,0,1,0,0,1,4,3,3,3,3,2,2,4,3,1,1,3,4,0,0,0,1,4,2,2,1,2,3,5,4,2,1,1,1,5,4,3,2,1,1,3,4,3,2,2,3,3,4,3,3,2,1,2,2,3,3,3,3,4,5,4,4,2,0,2,2,2,2,1,1,2,2,2,1,2,2,2,2,2,2,2,2,3,3,3,3,3,3,3,3,3,3,2,2,2,2,2,3,2,1,2,2,3,3,3,3,2,2,2,2,2,2,2,2,3,2,3,3,2,3,3,4,2,1,3,5,5,4,4,2,1,1,1,1,1,1,1,1,2,2,3,3,2,2,1,1,4,4,3,3,3,3,2,2,3,4,4,2,3,4,4,3,0,1,2,1,1,2,3,2,2,4,4,4,4,3,3,2,2,2,3,2,1,2,1,0,2,1,3,4,5,3,2,4,1,0,1,4,5,2,1,2,4,3,2,2,3,3,2,2,2,1,4,5,3,2,3,5,2,2,2,2,2,2,2,1,4,5,3,3,3,4,4,4,3,1,2,3,2,2,2,2,4,4,3,3,3,3,5,5,2,2,3,1,2,3,3,4,2,1,2,2,2,3,2,1,1,2,4,4,4,3,2,3,4,4,4,3,3,3,2,2,1,2,4,3,3,2,4,4,4,4,3,3,3,3,3,1,1,1,3,3,3,3
339,4,3,4,5,5,4,3,4,3,3,2,3,3,4,6,7,6,2,1,2,1,2,2,2,1,2,1,4,4,4,4,1,1,2,3,4,3,1,3,4,3,0,1,3,6,4,3,2,2,3,2,1,0,0,1,1,1,3,4,4,3,3,3,2,2,5,6,8,9,8,7,5,5,4,3,1,3,4,1,2,6,4,4,4,5,4,4,2,1,1,3,4,4,4,4,3,4,2,1,1,2,1,1,1,3,5,4,2,3,2,1,1,3,4,2,2,2,2,3,4,3,1,2,2,3,3,2,2,2,3,3,4,4,4,5,4,1,3,3,3,4,3,3,2,4,1,2,3,4,4,4,4,1,0,2,4,4,4,3,2,1,5,4,0,0,0,0,2,5,3,2,2,3,4,3,2,2,5,5,4,4,4,5,4,4,1,1,3,4,4,4,3,2,1,1,2,2,2,3,3,3,4,4,2,1,1,1,1,1,2,2,2,2,2,2,2,2,2,2,2,3,3,3,3,3,3,2,2,3,4,4,5,3,1,5,6,6,6,6,6,5,1,2,3,3,3,3,2,3,3,2,2,2,1,1,1,1,3,2,3,3,3,3,3,2,2,2,2,2,2,2,2,2,3,3,3,3,2,2,2,1,4,4,3,3,2,2,1,0,2,2,1,1,1,1,1,0,1,2,1,1,1,1,2,3,5,4,4,6,5,2,1,1,1,2,3,3,5,4,3,4,3,4,4,5,3,3,3,3,1,1,1,3,4,4,4,2,2,3,5,4,3,3,5,6,5,5,5,5,5,6,5,6,5,5,4,3,3,3,3,3,3,3,3,3,3,3,3,4,4,4,3,4,3,4,5,4,5,4,2,2,3,3,3,2,0,1,2,1,1,2,4,4,5,4,3,4,5,4,5,5,3,3,1,1,1,1,1,1,2,1,2,5,5,2,1,2,5,3,2,2,2,2,3,3,3,3,3,3,1,1,2,1,3,1,2,4,4,3,3,4,3,3,3,3,2,2,1,1,5,4,2,1,0,1,2,4,5,4,2,2,3,4,4,4,4,4,4,3,2,3,3,2,4,4,4,5,4,4,3,2,2,2,5,4,4,4,1,1,3,4,3,2,1,1,3,4,2,1,1,1,2,1,3,5,4,3,2,2,2,3,2,3,1,2,2,2,2,2,2,2,1,4,4,5,5,4,4,5,3,2,3,4,4,4,4,5,3,0,1,3,3,3,2,1,5,5,4,2,2,4,4,3,1,2,2,3,3,3,3,3,4,4,3,1,1,3,3,2,3,3,3,3,3,2,2,2,0,2,3,3,3,2,3,4,5,3,3,3,2,3,4,2,3,3,4,3,3,2,2,3,3,3,2,2,2,1,3,6,4,2,3,3,2,2,1,3,3,4,5,4,2,2,2,3,4,3,4,4,4,4,4,2,2,2,2,2,2,2,2,1,1,1,1,2,3,2,3,4,6,3,3,4,4,6,5,5,1,1,1,2,2,2,3,1,1,3,2,3,3,3,3,2,3,4,4,3,2,3,5,4,3,3,2,1,1,2,3,3,3,4,4,3,2,2,2,1,2,3,2,3,3,2,2,4,3,2,2,1,2,2,1,2,2,2,3,5,4,4,2,1,5,4,4,3,3,3,3,2,1,2,3,3,4,4,3,3,1,1,1,1,1,1,1,0,0,1,3,3,2,2,1,1,2,2,2,2,2,1,1,1,1,1,1,1,1,1,1,2,3,5,4,3,2,1,2,1,5,3,3,3,3,3,3,3,4,4,4,6,5,4,2,2,5,4,4,3,3,3,3,3,4,3,3,3,2,2,5,5,3,1,3,3,3,3,3,3,2,2,2,2,2,3,3,3,2,1,0,3,4,5,5,4,5,1,1,1,2,1,2,1,1,1,1,2,3,4,4,4,2,4,2,1,1,2,2,4,3,3,2,3,4,3,4,4,2,2,3,3,3,4,4,4,2,3,3,4,4,2,2,2,7,2,3,4,4,4,2,3,3,2,3,3,3,4,4,4,3,4,4,4,3,3,4,3,1,1,0,0,1,2,3,5,4,2,2,2,2,2,1,1,2,1,2,3,2,2,2,1,6,5,5,4,3,4,4,4,4,3,2,2,3,4,1,0,1,1,1,1,3,5,3,2,1,1,1,1,3,4,5,5,2,1,2,1,1,2,2,3,2,1,2,3,4,4,5,5,3,1,2,3,3,3,4,3,0,2,4,1,2,5,6,2,2,2,1,2,2,2,1,1,1,1,2,2,2,2,2,3,1,1,2,3,3,2,2,3,5,4,4,5,5,5,5,4,2,2,2,2,2,2
340,4,6,4,0,1,2,4,3,2,2,2,2,2,2,3,3,4,2,0,1,1,1,1,2,3,4,2,1,1,3,4,4,3,2,3,2,3,3,3,2,1,1,2,5,4,3,3,3,3,1,2,4,4,2,2,2,2,3,2,3,4,5,6,5,3,4,4,2,3,3,4,4,3,3,3,5,5,5,4,4,4,2,2,2,3,2,2,2,3,3,3,4,4,3,4,5,3,3,3,3,3,3,3,3,3,5,6,4,3,3,5,6,5,2,2,1,2,1,2,3,3,1,4,2,1,1,1,1,1,3,3,2,3,4,3,1,2,3,4,6,7,6,4,3,3,4,2,2,3,3,3,3,3,3,4,3,2,3,3,2,1,3,6,5,4,3,2,4,5,3,3,3,2,1,1,2,5,6,5,3,2,2,2,3,5,4,2,3,3,3,3,3,3,4,4,4,3,2,3,3,1,4,4,4,4,5,4,3,4,2,3,1,2,2,3,5,5,5,6,6,6,4,3,5,4,1,2,3,3,2,1,2,3,2,2,2,2,3,2,3,3,2,1,3,4,5,5,3,3,3,3,3,3,3,3,4,4,2,5,5,4,5,4,3,3,3,3,2,2,2,1,2,2,3,4,4,3,4,4,2,2,1,1,1,1,1,1,3,3,3,4,5,5,5,4,3,3,4,4,4,4,4,4,3,3,1,1,1,1,1,1,1,2,3,3,3,1,1,1,2,3,3,2,2,2,4,3,2,1,2,3,3,4,3,2,4,3,1,3,6,3,3,4,4,3,6,6,6,6,6,5,5,5,3,3,2,1,2,4,6,4,2,3,4,4,5,8,7,4,3,4,2,3,3,2,5,5,1,3,6,5,3,3,4,2,2,3,3,3,2,2,4,4,3,3,1,1,2,2,2,1,1,2,1,2,3,3,3,2,2,1,2,3,3,2,1,4,3,3,2,2,3,3,4,6,2,0,1,2,2,3,4,3,3,3,6,5,4,4,3,3,2,1,3,5,5,4,3,4,5,5,2,1,1,1,3,4,5,4,3,2,2,1,1,3,4,4,7,4,4,5,4,1,2,2,1,3,4,4,5,5,4,2,1,2,1,2,4,4,3,2,2,3,4,6,5,4,2,2,2,2,3,3,3,3,3,3,3,3,3,3,3,3,3,3,2,2,2,3,4,6,4,3,2,0,3,2,2,2,3,3,3,3,3,2,2,2,3,3,3,3,3,3,2,4,2,4,5,4,4,3,4,4,6,5,4,2,2,2,2,3,2,2,2,4,4,3,1,2,2,2,1,1,3,5,6,4,4,4,5,4,4,5,5,5,2,2,3,3,2,2,2,0,0,2,3,3,2,1,1,2,3,3,3,4,4,4,4,3,4,2,3,2,3,4,4,4,1,1,5,7,7,6,5,3,5,3,3,2,2,2,2,2,4,3,3,4,3,2,1,0,4,5,6,4,4,4,3,4,5,3,3,3,3,2,1,2,4,2,2,2,2,2,3,3,2,2,2,2,3,4,3,4,7,8,7,5,3,3,5,7,6,4,2,2,3,4,4,3,7,6,4,5,2,3,2,1,2,2,3,2,3,4,4,5,4,2,1,1,1,1,3,3,1,1,2,1,1,1,3,4,3,3,1,1,3,3,2,2,1,2,2,2,2,2,2,2,3,3,3,3,3,3,3,3,2,2,1,1,1,2,1,2,3,2,2,2,2,2,2,2,1,1,2,3,2,3,2,1,4,4,4,4,5,4,3,6,6,4,2,2,2,4,5,4,2,1,2,3,3,2,2,2,5,5,5,5,5,5,5,6,6,6,6,5,4,2,2,2,1,2,2,1,2,4,3,2,0,2,2,2,3,2,1,0,1,2,2,3,3,2,4,4,2,2,4,4,3,3,1,1,4,4,5,5,4,4,5,5,1,1,2,2,3,3,4,3,0,1,2,2,5,5,7,7,4,3,4,3,1,1,2,1,2,2,0,0,1,3,4,2,1,2,2,2,4,5,4,5,2,2,2,1,1,2,3,1,3,3,4,3,3,3,3,4,3,2,2,1,2,3,4,4,2,4,4,4,3,2,3,3,3,2,2,2,2,2,2,3,2,2,3,2,3,4,4,4,4,4,4,3,3,2,1,1,2,1,1,2,2,2,2,2,1,1,3,2,1,2,1,1,2,3,3,4,4,3,3,1,3,3,3,3,4,4,4,6,3,2,3,3,3,3,4,4,0,1,2,1,3,3,3,4,2,2,2,2,2,2,2,3,2,2,3,3,3,4,4,4,5,5,4,4,3,2,4,5,1,1,2,2,2,2,3,3,2,2,2,2,2,2
341,5,2,1,1,3,3,3,1,0,1,1,3,5,6,6,5,4,4,5,4,4,2,2,1,1,2,3,2,2,3,4,3,2,2,2,3,2,3,5,5,3,4,3,5,5,5,6,6,4,2,1,1,2,2,2,2,2,3,2,2,2,2,3,4,2,1,3,5,5,3,1,2,3,4,3,3,3,3,3,3,3,2,3,3,3,2,1,2,3,3,2,2,1,1,2,2,3,2,2,2,3,4,3,2,2,4,4,4,4,4,4,4,3,1,2,3,4,5,5,4,3,4,3,3,3,3,3,2,4,6,3,1,4,5,4,3,4,1,2,1,1,3,3,2,1,1,2,4,4,2,2,3,3,3,3,3,4,3,2,3,3,2,3,4,3,2,1,1,1,5,6,5,4,4,5,4,2,2,2,5,7,5,3,2,5,3,0,2,2,1,1,1,1,4,3,4,4,4,4,2,2,2,2,3,3,3,3,5,4,2,2,2,2,1,1,3,3,4,4,3,3,3,3,2,2,3,3,4,4,3,3,1,1,3,4,3,3,3,4,5,5,4,3,2,3,3,3,5,4,2,3,2,3,3,2,2,4,4,3,4,2,3,3,3,1,3,3,3,3,4,4,3,5,4,4,4,3,4,4,2,4,4,4,4,3,3,2,2,3,3,2,3,3,2,2,2,3,5,4,3,4,4,4,3,4,3,4,4,4,3,3,3,3,4,5,5,3,2,2,2,1,2,2,3,3,3,3,4,5,5,4,3,4,4,4,4,4,6,6,7,7,7,6,6,6,2,2,2,2,2,2,2,2,5,5,1,3,3,3,5,5,5,5,4,5,5,3,1,2,3,2,3,3,3,3,3,2,2,3,1,1,2,3,3,4,4,3,3,2,3,3,5,4,2,3,3,3,4,4,4,5,4,3,4,5,6,6,4,3,4,4,4,4,4,4,4,4,7,4,1,1,3,5,4,1,4,5,4,2,2,3,4,5,3,3,6,6,5,4,6,6,8,6,6,3,2,3,2,1,1,1,1,2,3,4,2,2,4,2,1,1,3,3,2,1,2,3,2,3,2,4,3,3,2,4,4,3,3,4,5,3,1,3,5,5,5,6,4,4,7,6,5,3,3,2,2,3,2,3,2,1,1,1,1,1,1,2,2,2,1,1,1,1,1,2,5,6,6,5,4,5,5,3,4,4,5,4,3,3,5,4,4,4,4,4,4,4,2,2,2,2,2,2,2,2,3,3,4,4,3,3,3,2,3,2,3,3,3,5,4,4,1,1,1,3,2,3,5,5,3,3,5,5,5,6,4,4,2,1,1,1,1,2,1,1,3,4,4,2,3,3,3,4,4,3,3,3,5,7,4,3,2,2,2,2,2,1,1,1,1,1,2,2,2,3,4,3,1,2,2,2,5,5,3,0,3,3,3,1,1,2,3,3,3,3,3,3,3,3,3,4,2,3,6,7,7,7,3,1,0,1,1,1,1,2,2,2,3,2,3,2,2,3,3,2,4,4,3,3,2,4,3,1,2,2,3,3,3,4,4,4,3,2,2,2,2,2,2,2,1,2,4,4,2,1,1,1,1,3,2,2,2,2,3,4,2,2,2,3,3,2,2,3,1,2,3,3,3,2,2,3,3,4,3,3,3,3,3,4,3,2,2,3,4,3,2,3,1,2,1,1,2,2,2,2,2,3,3,2,2,2,2,1,1,1,1,1,3,3,2,3,1,0,1,1,1,2,2,2,3,3,2,2,2,2,2,2,3,3,2,2,3,3,3,3,4,2,1,1,1,1,1,1,1,1,2,2,1,1,1,1,1,1,2,2,3,3,2,3,2,1,1,1,2,3,3,3,3,4,5,3,3,5,5,2,0,1,1,2,2,2,3,6,5,5,4,4,4,3,2,1,2,2,2,2,2,2,1,4,5,2,2,2,2,3,3,4,4,4,4,3,1,2,2,2,3,2,2,3,2,1,1,1,1,0,1,3,4,2,1,2,3,4,5,5,5,3,3,4,1,1,2,2,2,3,4,3,2,4,3,3,3,3,6,5,3,2,2,3,3,3,3,5,2,1,3,3,2,1,1,1,2,3,1,1,3,4,4,2,3,2,3,3,2,2,2,3,5,3,3,3,3,3,4,4,6,6,4,3,4,3,2,1,2,2,2,2,2,2,2,2,1,1,2,2,1,1,1,1,2,2,4,4,3,2,1,2,1,1,2,2,1,1,1,2,3,3,3,2,2,3,4,2,4,2,3,3,3,2,3,3,3,3,4,3,3,3,3,2,1,1,1,2,2,2,2,2,3,3,3,3,3,4,4,3,3,2,2,1,1,1
342,5,5,3,2,4,5,3,3,5,3,2,1,2,5,6,5,4,4,2,1,3,5,5,1,3,4,2,1,2,1,3,5,3,4,6,5,4,2,2,3,6,5,4,4,4,4,4,4,5,2,4,5,5,5,5,4,4,2,2,2,3,4,2,1,1,3,4,4,5,5,2,2,4,4,1,3,3,4,4,2,3,5,5,4,4,5,5,5,3,1,1,1,0,1,1,2,4,3,3,3,3,5,5,2,1,1,2,4,4,4,2,3,4,1,3,2,1,2,3,3,4,7,5,3,2,3,4,3,2,1,5,7,2,2,4,3,1,2,5,4,4,2,0,1,2,3,3,2,2,3,1,1,2,1,3,3,3,3,3,3,1,1,2,3,4,3,2,1,2,2,2,2,3,5,4,2,3,7,5,1,1,0,1,2,3,2,2,0,2,2,2,2,2,1,2,2,2,4,3,4,3,2,4,3,2,2,2,1,2,1,1,3,5,3,3,3,3,3,3,1,2,2,2,3,4,2,2,4,4,2,1,2,2,3,2,2,2,2,2,2,2,0,2,2,2,3,3,3,2,2,2,2,2,2,2,1,3,3,1,2,3,2,2,1,2,5,3,2,1,2,2,3,4,2,2,3,3,2,2,2,3,3,3,3,4,4,4,4,4,4,4,2,2,1,1,1,2,4,2,1,1,1,3,4,3,5,6,5,4,4,4,1,3,2,2,3,3,2,2,2,3,7,5,3,2,2,4,5,5,3,3,4,5,6,4,4,3,5,3,4,5,5,4,4,4,1,0,1,2,2,2,2,2,5,3,4,3,4,3,3,2,3,3,4,4,3,3,3,1,3,2,2,2,2,2,2,2,2,3,2,1,2,1,1,3,2,5,6,5,3,3,2,2,3,4,4,3,3,4,4,3,5,4,1,1,1,1,4,5,2,3,3,3,2,1,2,2,1,1,1,2,3,3,1,1,3,2,2,3,3,2,3,5,3,3,5,5,5,3,3,4,1,4,5,4,6,7,6,3,3,4,2,1,1,1,2,1,2,4,4,4,3,2,3,3,1,4,4,4,2,0,1,5,5,3,3,3,3,3,4,4,3,4,4,4,4,3,3,0,2,3,2,1,1,2,2,3,3,4,4,5,5,4,3,2,3,3,2,2,1,0,3,5,3,3,2,2,2,2,3,2,2,3,4,3,3,3,3,3,2,4,4,2,1,1,1,3,5,4,3,2,2,3,3,4,0,1,2,1,1,2,3,2,3,3,1,2,3,3,4,4,4,4,5,6,6,4,3,2,2,2,2,2,1,1,2,2,2,2,2,3,3,4,4,3,2,4,4,5,4,3,2,3,4,3,3,3,3,4,3,3,1,1,1,4,4,4,3,2,4,3,3,2,2,2,2,2,6,4,4,3,4,3,4,3,2,2,2,3,3,3,3,3,2,1,2,2,2,2,3,3,1,1,2,2,2,3,2,1,3,4,3,3,3,3,4,5,2,3,3,2,2,3,4,4,2,1,1,2,4,5,7,6,3,3,3,2,1,2,2,2,2,2,1,1,1,1,2,3,2,1,3,3,3,3,3,2,2,2,1,1,2,2,4,6,5,4,3,1,1,1,2,3,5,3,3,3,2,1,1,3,4,2,2,3,3,3,2,3,3,2,3,3,2,0,1,2,2,1,4,5,5,4,3,3,2,2,3,3,5,4,3,3,2,2,2,3,3,3,3,4,3,2,2,2,2,2,2,2,1,2,4,4,5,4,3,2,2,1,2,2,3,5,4,3,4,3,3,3,3,4,4,2,1,2,1,2,3,3,2,2,2,1,4,4,3,3,1,2,3,1,1,1,2,2,2,1,1,2,4,3,2,4,4,4,2,1,3,3,2,2,1,1,2,3,2,0,0,0,1,1,2,3,2,2,2,2,2,1,3,2,2,2,2,4,4,4,4,2,2,2,3,3,3,4,2,1,3,6,6,4,2,1,3,3,2,3,2,2,1,1,4,3,3,3,3,3,3,3,5,5,3,3,5,6,6,7,4,3,4,4,4,4,4,3,1,1,3,3,3,1,1,3,2,2,2,2,2,3,3,3,4,3,4,3,3,2,2,1,6,4,1,1,2,3,5,4,2,4,3,2,1,1,1,2,2,4,4,4,5,4,1,2,1,1,2,3,4,4,5,5,3,2,2,2,2,2,2,3,1,1,2,2,3,2,2,2,3,5,2,3,2,2,3,5,6,7,6,5,4,4,6,6,2,3,2,2,3,2,3,3,2,3,3,3,2,3,3,3,2,3,3,3,3,3,2,2,3,3,3,3,3,3,3,3,3,3,3,3,3,3
343,3,5,3,2,3,2,3,4,3,3,4,5,5,5,5,4,4,2,3,3,3,4,5,4,4,4,4,3,2,2,2,2,3,2,4,3,3,5,6,4,3,4,5,5,6,6,3,3,5,4,6,4,4,4,4,2,1,1,3,3,3,2,2,4,2,3,3,2,4,4,4,3,3,3,2,3,5,4,3,3,2,3,4,4,3,3,2,2,2,1,1,1,4,4,3,2,2,3,2,3,4,4,4,4,3,3,5,5,6,7,5,5,5,4,1,1,3,5,6,3,1,3,5,3,2,4,4,1,2,4,5,4,5,5,5,4,6,6,4,2,2,3,5,5,3,3,4,3,3,3,3,3,3,5,5,4,4,2,4,3,2,4,3,3,4,4,6,6,6,4,3,3,3,3,3,4,4,3,3,3,4,4,3,2,2,2,3,5,5,4,4,2,1,3,1,1,2,2,1,2,2,3,3,3,4,4,5,5,3,3,2,2,3,4,4,3,5,4,2,1,3,5,6,5,3,3,3,3,2,1,2,4,3,1,3,4,4,4,2,3,4,6,6,4,5,4,5,5,6,5,2,2,3,4,4,5,6,2,2,2,2,2,4,4,2,2,3,4,3,3,4,4,4,4,2,2,4,4,3,4,3,2,0,1,2,3,4,4,4,3,3,4,6,6,5,1,1,1,3,4,4,3,5,4,3,2,5,4,4,3,3,2,2,1,3,4,4,2,2,2,2,3,4,5,5,3,3,3,2,3,3,2,2,2,2,2,4,4,5,4,1,3,6,6,7,7,6,3,2,2,3,3,3,2,2,4,4,5,5,4,4,4,4,3,5,6,6,7,4,1,2,2,1,1,2,1,1,5,4,3,3,3,3,2,3,4,4,4,4,4,5,4,4,4,3,4,4,4,4,3,3,3,4,4,3,3,3,4,4,4,4,4,4,3,3,4,4,4,4,4,3,3,3,3,3,2,1,2,2,2,3,4,3,4,3,2,2,2,2,3,2,3,3,3,3,3,4,5,3,4,4,3,2,1,1,2,1,1,2,5,5,4,4,4,4,4,3,4,4,3,3,3,4,2,2,3,4,4,3,2,1,2,3,3,4,4,4,4,5,5,2,0,2,3,4,3,4,3,4,3,2,3,4,3,4,5,5,4,4,4,3,4,4,4,3,5,5,4,5,4,3,4,4,4,4,3,3,5,4,3,3,3,2,2,3,4,2,2,3,4,5,6,5,3,1,0,1,3,2,1,2,4,3,4,4,4,4,3,2,2,2,2,2,3,3,5,6,5,3,4,2,3,3,4,4,3,4,5,3,3,4,5,5,4,4,5,4,3,3,2,2,1,1,4,4,2,2,2,4,6,5,0,2,4,2,2,3,4,3,5,5,3,4,3,3,4,3,3,3,3,5,7,5,4,5,3,2,5,6,3,2,3,4,4,3,3,3,3,3,3,2,4,4,4,4,4,3,3,3,3,4,4,3,2,2,3,4,3,3,3,2,2,2,2,2,3,2,3,5,4,4,3,4,3,3,2,2,2,1,2,1,2,3,2,3,2,2,1,1,2,2,2,2,2,3,2,2,2,1,2,2,2,3,3,2,3,1,2,2,2,2,1,2,3,3,2,1,1,2,4,5,3,2,2,2,2,2,1,1,0,1,3,4,3,2,1,1,1,2,1,1,1,1,3,4,4,2,2,3,5,6,4,2,2,3,2,2,2,1,1,1,4,5,4,2,2,3,3,4,1,1,2,3,5,6,3,1,1,1,1,2,2,2,3,4,2,2,2,1,1,1,1,1,1,1,4,4,4,4,4,5,4,4,2,1,1,1,1,1,3,3,3,2,2,2,2,2,1,1,2,2,3,3,3,1,3,5,5,5,3,2,2,2,0,2,4,4,4,3,1,3,4,2,2,2,2,3,3,2,3,3,2,2,2,4,4,3,1,2,4,3,2,2,3,4,5,4,4,5,4,4,4,3,3,2,1,1,3,3,3,4,5,2,4,4,3,3,3,3,2,2,3,3,3,3,3,3,1,3,6,3,2,4,5,2,0,2,5,5,4,4,5,6,3,4,4,4,4,3,3,3,3,2,4,5,5,4,4,4,3,4,4,4,4,5,5,7,9,7,5,4,3,5,2,1,3,3,3,1,3,6,6,4,3,1,1,1,3,3,3,1,3,3,1,2,4,2,1,2,2,2,3,4,3,2,1,1,1,3,4,4,3,3,3,2,2,2,4,4,4,4,3,1,3,3,2,2,2,1,2,3,3,3,3,1,2,2,2,2,3,3,3,3,3,3,3,3,1,1,1,1,2,2,1,2,2,2,2,2,2,2
344,3,2,3,5,6,5,5,3,5,6,5,5,5,5,7,6,3,1,1,2,2,2,1,2,3,3,3,3,3,3,4,5,3,5,4,1,3,3,3,4,3,1,1,1,2,3,4,4,5,2,4,6,6,2,2,2,1,1,3,3,2,1,1,3,2,3,2,5,5,3,3,2,2,4,4,2,2,2,2,2,2,1,1,3,2,2,3,3,4,1,0,1,1,2,2,2,2,2,3,5,5,5,3,2,5,5,4,2,0,2,2,1,1,3,3,4,4,3,2,3,3,2,3,5,4,3,4,2,3,1,1,3,3,5,6,3,2,3,4,4,5,4,4,5,2,3,3,0,1,1,2,6,6,5,4,4,2,3,2,1,2,3,3,3,3,3,3,3,3,1,2,2,4,5,6,8,8,5,4,3,1,1,2,5,5,3,3,3,3,3,3,3,3,3,4,4,4,4,3,4,2,2,4,5,6,6,4,4,3,1,1,1,1,3,3,1,2,4,3,3,3,3,3,3,3,0,1,3,2,3,3,2,2,3,3,3,3,3,3,2,2,2,3,5,2,0,3,2,1,1,1,1,1,2,2,2,1,2,2,4,4,4,4,4,4,4,3,3,3,4,6,7,4,5,4,3,3,2,2,2,1,0,3,4,4,4,3,4,6,2,3,4,4,4,5,4,4,3,1,3,4,5,5,5,4,2,3,3,2,2,2,2,1,3,3,3,4,4,4,3,4,3,2,1,2,2,2,3,3,3,4,4,4,4,4,4,5,4,6,5,5,3,3,4,5,5,3,1,3,5,3,0,2,6,5,3,3,4,4,3,2,3,2,1,1,1,3,3,2,2,0,1,2,3,2,1,3,2,1,4,3,3,4,0,2,5,2,2,3,2,1,1,3,4,4,1,1,1,1,1,0,1,1,2,2,3,2,2,2,1,2,3,5,7,5,1,1,1,1,2,2,4,5,5,3,3,3,3,3,4,3,2,4,3,3,3,3,3,3,4,4,3,1,3,3,3,3,4,4,4,4,2,1,2,3,4,5,2,3,6,3,1,1,1,2,3,7,4,4,3,3,4,4,3,2,2,2,2,3,3,2,3,2,3,3,3,3,4,4,4,5,3,2,4,2,2,3,1,1,2,2,2,2,2,1,1,2,3,4,4,3,3,3,2,2,4,4,3,3,1,1,1,2,4,4,6,6,5,5,5,5,5,4,4,5,6,5,4,4,4,4,4,4,3,3,3,3,3,2,3,3,3,3,1,0,1,3,3,3,5,5,2,3,3,3,2,2,1,1,3,3,1,2,6,6,6,5,5,5,2,2,3,4,4,4,2,2,3,2,2,3,2,5,2,3,3,3,2,1,1,2,3,3,2,3,5,4,2,2,5,4,3,3,3,4,4,3,3,3,4,6,5,4,3,2,2,4,5,4,4,3,1,1,4,6,6,6,4,4,5,4,4,4,3,3,3,4,4,3,3,4,4,3,2,4,3,3,1,1,3,3,2,2,2,3,4,2,1,1,1,3,6,5,2,5,7,5,5,6,4,2,1,1,1,1,1,1,2,2,4,3,5,5,4,3,3,4,0,2,5,5,4,4,4,4,5,5,4,4,4,3,4,4,1,1,4,5,5,6,3,4,4,2,1,1,4,5,4,1,1,1,1,2,3,4,4,4,3,4,2,2,2,3,2,3,3,3,3,3,2,2,3,3,2,2,2,2,2,2,2,2,3,2,3,3,3,3,2,3,2,4,3,2,1,3,4,3,3,3,2,2,2,2,3,3,4,2,3,4,4,5,6,4,1,2,1,1,3,4,3,2,3,6,4,2,2,3,3,2,3,4,4,4,4,3,4,5,2,3,3,3,3,3,2,3,3,3,3,2,2,2,3,2,1,2,3,2,1,2,4,4,2,2,2,2,2,2,2,3,2,4,6,5,6,5,4,3,2,1,0,2,3,2,2,2,6,5,5,5,4,4,4,4,5,4,5,4,3,2,2,2,4,2,3,3,3,5,6,4,1,2,3,3,3,3,2,2,3,2,4,4,4,5,5,5,2,1,1,2,3,3,1,2,3,3,1,2,3,3,4,4,3,3,3,4,4,2,2,3,0,2,4,3,4,4,3,2,1,0,2,7,8,5,2,2,2,3,3,3,5,5,3,3,4,3,2,2,3,5,6,4,2,2,1,1,1,2,3,1,1,2,1,1,1,1,2,2,5,7,6,5,3,3,1,1,2,3,3,3,3,4,4,1,2,2,1,1,1,2,3,3,3,3,3,3,3,3,3,2,3,2,2,3,3,3,2,2,1,2,3,3,3,3,3,1,1,1,1,1,1,1
345,5,6,3,3,3,2,3,3,2,3,3,3,3,3,4,4,3,3,3,3,3,3,3,3,2,3,3,3,4,4,3,3,5,4,5,4,5,5,5,6,3,1,2,4,5,4,3,3,3,1,2,2,2,1,1,1,3,3,1,3,4,4,4,5,4,6,3,2,3,4,4,4,7,5,3,4,4,3,3,3,2,4,5,4,3,5,6,4,3,3,3,4,3,4,4,4,5,3,2,3,3,3,3,1,1,2,3,4,6,7,6,5,3,1,1,2,3,3,4,4,4,3,2,2,2,3,2,2,2,3,4,4,2,1,2,3,4,3,3,3,3,4,4,4,4,3,2,1,1,1,1,1,1,1,1,2,3,3,3,3,3,2,2,2,2,3,4,3,2,4,3,3,4,3,4,5,5,4,6,6,6,6,6,4,3,1,1,2,1,1,1,1,1,4,4,3,3,4,5,4,3,3,5,4,2,2,2,2,3,5,4,3,3,3,4,3,4,2,1,2,3,3,3,3,3,6,5,5,5,4,4,4,4,4,3,3,4,4,4,3,3,3,3,3,3,3,3,3,3,3,2,3,3,2,2,3,4,4,2,1,2,2,3,3,3,2,2,3,4,4,3,2,5,2,1,2,2,2,1,0,1,1,1,2,1,1,4,4,5,6,4,3,3,4,4,6,5,1,1,1,2,4,4,3,2,5,3,3,4,4,3,3,3,3,3,2,3,2,2,3,4,3,4,4,4,4,3,2,2,1,1,2,2,2,3,4,2,6,4,4,4,5,5,4,4,2,2,2,2,2,2,2,3,4,4,3,2,3,5,6,6,4,3,3,4,4,4,4,5,2,2,2,2,2,4,4,3,4,3,3,3,2,2,2,1,3,4,4,4,4,4,3,4,4,3,2,2,2,1,1,2,4,5,4,4,3,2,3,2,1,3,3,3,3,3,2,1,4,4,3,3,3,4,2,4,4,3,3,2,3,3,3,4,3,3,3,2,2,3,4,4,3,2,2,3,3,3,3,3,2,2,2,2,3,4,2,2,1,1,1,1,1,2,3,2,3,4,3,2,3,4,5,4,2,3,5,5,5,5,3,1,6,5,5,5,5,4,4,3,3,4,4,4,4,3,1,2,2,2,3,2,2,1,2,2,2,2,2,3,3,3,4,4,2,2,3,3,4,6,5,5,3,3,3,3,3,2,3,2,3,4,3,4,5,4,6,6,6,5,4,4,4,3,5,5,3,2,2,3,3,3,2,4,3,2,3,3,4,3,3,4,4,3,3,3,3,3,2,3,3,2,2,2,2,3,3,2,1,2,3,5,5,5,6,6,3,2,2,2,2,2,2,1,1,3,2,3,2,2,4,2,1,3,4,4,2,1,2,2,2,4,4,3,4,4,3,3,2,2,3,1,2,1,1,1,4,4,4,4,2,1,1,2,2,1,2,2,3,2,2,2,3,3,3,3,3,3,3,3,1,1,1,4,4,3,2,2,4,4,4,2,2,4,6,7,4,2,2,2,2,2,3,3,1,1,4,6,5,4,3,3,3,4,5,3,3,2,3,4,1,2,2,2,2,2,2,2,1,1,1,1,2,2,2,1,1,1,2,2,2,3,2,1,0,2,4,5,4,3,5,6,4,3,3,2,1,0,0,3,5,3,2,2,4,5,3,2,2,3,2,3,3,2,4,3,3,4,4,3,3,5,1,0,0,2,4,2,2,3,1,3,4,2,1,1,1,1,1,4,7,4,4,5,6,3,0,0,2,2,3,4,5,6,6,5,2,1,1,2,2,2,2,2,3,4,3,1,3,3,5,4,5,6,6,4,4,5,3,3,5,4,2,3,4,3,2,3,4,4,3,3,4,5,4,5,3,2,2,2,2,2,2,1,4,3,3,3,3,3,3,3,4,4,4,4,3,3,3,4,4,2,3,4,5,5,5,7,2,1,1,1,2,3,2,4,4,2,2,4,4,4,4,3,1,0,1,1,3,4,5,4,4,4,3,3,3,4,4,4,3,2,2,4,5,6,6,5,2,2,2,2,2,2,3,3,3,4,4,4,2,3,4,2,3,1,1,3,4,3,2,2,1,3,4,1,3,6,6,5,5,4,3,3,3,3,3,3,2,4,4,4,4,4,4,4,5,4,2,1,1,2,2,3,1,1,2,4,5,6,4,4,4,3,2,1,1,1,2,3,2,1,1,2,2,2,4,5,3,3,4,3,3,3,4,3,0,1,3,4,4,4,2,1,2,3,4,4,3,2,4,4,2,2,3,2,3,2,3,4,4,2,3,4,3,3,5,5,5,5,6,6,6,7,6,7,4,4,4,4,4,4
346,6,3,5,4,2,2,2,1,1,4,3,4,2,1,2,3,4,3,2,3,2,2,2,1,2,1,1,2,3,3,3,5,4,3,4,4,4,4,3,3,2,1,0,2,4,4,2,2,5,4,1,0,1,2,5,6,6,4,5,5,3,1,2,2,2,4,4,4,2,1,0,0,2,3,3,3,2,2,2,3,2,5,4,3,3,2,2,1,1,3,5,5,4,4,5,5,5,4,2,2,2,1,1,2,3,6,5,4,5,4,3,0,0,7,5,3,3,3,3,0,2,7,5,4,3,2,2,3,3,5,4,3,2,1,3,4,4,3,4,4,4,4,4,4,5,4,1,3,3,4,5,4,3,2,1,3,3,3,3,3,2,3,4,4,4,3,4,4,3,3,3,2,3,4,6,7,5,3,3,3,2,2,2,0,1,3,3,5,6,4,3,1,2,4,3,3,3,3,3,3,3,2,4,4,4,4,4,4,3,2,1,2,1,1,3,3,5,3,1,1,1,1,1,1,1,4,4,4,4,3,3,2,2,2,2,3,3,1,1,2,3,4,3,1,2,3,4,4,1,1,2,3,3,3,3,3,3,2,2,2,3,4,4,5,4,1,2,4,5,3,2,3,2,2,3,2,2,4,5,3,2,3,3,3,3,3,3,3,3,2,3,4,5,5,2,1,4,2,1,1,1,1,2,3,4,3,2,3,3,2,2,3,2,4,4,2,3,4,4,4,3,3,2,4,7,6,3,3,4,2,2,2,2,1,1,1,4,6,4,6,8,4,6,7,4,2,3,4,4,5,6,5,3,3,5,3,1,0,1,7,6,1,1,1,1,1,1,2,2,3,3,2,3,4,3,1,0,4,6,3,3,3,3,4,6,2,2,3,3,4,4,4,2,3,2,2,3,3,2,2,2,2,2,2,3,3,3,4,4,2,2,2,3,3,3,2,2,2,3,2,2,2,2,2,2,3,2,3,3,3,3,3,5,5,3,5,6,6,6,4,4,3,2,4,3,3,3,2,3,1,1,2,2,2,3,3,3,3,3,3,5,4,3,2,2,2,2,4,5,5,2,1,3,4,4,4,4,4,4,4,5,2,2,1,3,3,4,5,5,4,2,3,3,3,4,4,4,3,3,2,2,4,5,5,4,2,2,4,7,9,9,8,6,5,5,6,5,4,2,5,8,4,5,5,3,2,2,3,4,2,1,1,1,1,2,2,1,4,4,1,1,3,5,6,3,4,3,1,2,4,3,2,2,1,4,5,5,5,3,3,3,3,3,3,3,3,3,2,3,4,4,3,2,2,3,4,3,3,3,6,6,4,3,4,2,3,4,3,3,3,3,3,4,5,4,2,4,5,6,5,3,2,3,3,3,2,2,2,2,2,2,3,2,2,2,2,3,4,3,4,4,2,1,3,3,2,3,3,3,2,2,1,1,2,2,2,2,2,2,3,4,4,5,2,1,2,2,2,2,2,4,3,1,2,5,6,4,4,4,4,4,2,4,4,2,2,5,5,4,2,1,2,3,2,0,2,3,4,5,4,1,1,3,3,3,2,1,1,1,2,4,4,3,3,3,3,3,1,1,2,2,1,1,2,2,2,2,3,3,2,1,1,1,1,2,2,1,1,4,4,2,2,3,4,3,3,4,4,2,5,7,6,5,4,5,3,2,4,6,6,6,4,1,1,5,3,2,2,2,2,3,2,1,1,2,2,1,0,0,0,2,1,0,0,1,1,1,1,2,2,1,2,2,2,2,2,2,1,2,3,4,5,4,4,3,3,3,3,2,2,4,3,3,5,5,4,3,4,5,2,1,2,2,3,3,3,6,6,3,0,1,4,2,1,2,3,2,1,0,0,1,2,3,3,1,1,2,3,2,1,0,1,2,3,2,2,2,2,4,3,1,2,3,1,1,2,2,1,1,1,1,3,2,2,3,3,3,2,1,1,2,1,1,1,2,4,4,6,4,3,3,3,4,3,3,3,1,1,3,3,2,3,4,3,3,4,4,3,3,4,6,4,3,2,3,4,3,1,1,1,1,2,2,1,1,2,2,2,2,3,3,4,3,4,2,3,2,2,2,2,2,2,2,2,2,2,2,2,2,2,3,3,2,2,2,2,3,3,4,7,6,4,3,2,2,5,4,3,2,1,1,1,0,0,1,1,2,2,3,4,4,2,2,2,2,2,1,1,1,3,4,2,1,1,3,3,2,1,3,6,6,5,4,3,3,4,4,4,4,4,4,4,4,2,3,4,3,4,3,3,3,2,2,1,2,2,3,2,3,2,2,2,1,1,1,1,1,2,2,2,2,2,2,2,2,3,3,3,3,3,3
347,1,2,3,4,4,3,4,4,3,2,2,3,2,3,4,5,4,5,4,2,1,2,2,3,3,3,5,3,3,5,6,7,6,2,2,3,3,3,3,2,3,4,3,2,3,4,4,5,4,3,2,3,1,1,2,5,5,4,4,4,5,5,5,5,5,4,4,5,5,4,3,3,2,4,4,4,2,2,2,4,6,4,5,4,4,4,4,2,1,4,5,4,3,3,3,3,3,3,4,3,4,4,4,3,4,5,2,2,1,2,3,3,4,1,3,1,1,2,1,1,4,6,4,4,4,3,3,4,4,2,2,3,4,5,6,3,2,3,3,3,3,4,5,5,5,2,1,1,1,3,3,3,4,2,2,5,5,4,6,5,3,3,2,2,4,5,4,5,3,3,3,3,2,3,3,4,1,4,3,3,4,4,3,3,3,3,2,1,1,2,1,1,2,2,2,1,3,3,1,2,3,3,2,2,2,1,2,3,2,2,3,4,4,4,4,5,4,4,4,4,5,5,5,5,4,4,3,3,2,2,2,2,4,3,2,2,2,4,5,6,2,0,4,4,3,2,3,3,1,1,2,1,2,4,3,2,2,3,3,3,3,3,3,3,2,3,4,4,4,5,4,4,4,3,4,5,5,5,4,4,3,2,2,2,2,2,2,2,4,2,3,3,3,3,2,4,5,4,2,1,3,3,3,3,5,6,5,5,4,3,3,4,4,3,3,3,3,3,4,4,4,3,5,6,4,3,2,2,2,0,1,2,1,2,1,1,2,2,2,1,2,2,2,2,3,4,3,3,2,1,1,2,3,5,4,3,2,2,4,7,8,5,4,4,4,3,2,3,4,3,1,2,3,2,3,2,2,3,2,2,2,3,3,4,4,9,7,5,6,6,3,3,4,4,4,2,0,1,4,5,5,6,6,5,5,7,7,4,3,2,1,2,2,2,2,3,2,3,5,4,4,4,4,4,4,4,4,2,2,1,1,3,4,4,5,4,3,3,4,4,3,5,5,4,4,5,5,4,3,2,1,2,3,4,4,3,3,3,3,4,4,3,2,2,5,1,2,4,4,4,3,3,2,1,2,5,6,5,4,2,2,3,4,4,3,2,3,2,3,5,1,1,3,3,4,2,1,2,2,2,2,2,2,2,2,3,5,5,4,4,4,4,3,2,4,4,4,4,3,2,4,3,2,4,5,6,4,1,2,5,3,5,3,3,2,1,1,2,2,3,2,2,3,3,3,1,3,2,2,3,2,2,2,1,2,2,4,4,2,2,3,4,3,2,3,3,2,3,2,1,2,2,2,2,3,3,2,4,4,5,5,4,3,4,4,2,3,3,3,2,3,4,3,3,5,4,2,1,2,3,3,0,1,3,2,3,3,4,3,1,2,2,3,4,4,4,2,1,2,4,4,2,1,3,3,2,3,3,3,3,3,3,4,4,3,3,3,3,4,4,2,1,1,3,3,2,3,3,2,2,3,3,2,2,3,4,4,5,5,5,4,4,5,4,4,2,1,1,2,1,2,2,2,4,4,4,3,4,6,4,2,4,4,3,2,2,2,3,2,4,2,2,2,2,3,3,3,2,3,3,3,4,6,6,5,4,4,4,3,3,2,2,3,3,4,2,2,3,3,5,3,2,4,2,3,4,3,5,5,3,2,2,2,2,2,3,4,1,2,2,2,2,2,2,2,4,4,3,4,5,6,6,4,4,5,4,3,3,3,3,4,3,2,1,1,2,4,4,3,5,5,5,5,5,5,5,5,1,2,3,4,4,5,4,5,4,4,4,4,3,3,2,2,1,3,3,3,2,2,4,6,3,4,6,5,5,4,2,2,6,6,5,4,3,4,5,5,4,4,4,6,6,5,3,3,1,1,2,4,5,3,1,3,3,4,3,2,2,3,3,3,2,2,3,3,4,4,2,1,1,3,4,5,4,3,4,3,4,3,4,6,4,2,3,5,3,2,2,2,2,2,2,2,0,0,0,2,3,4,4,3,1,5,6,5,4,2,1,2,2,2,2,2,4,5,3,1,2,3,4,3,3,2,3,3,3,3,2,1,2,1,2,3,4,3,3,3,3,3,3,2,1,2,5,3,1,2,3,1,1,3,4,4,3,3,3,2,4,4,2,2,3,4,3,2,2,5,4,3,4,3,2,3,3,3,5,5,4,3,2,2,2,2,2,3,3,3,3,4,5,4,1,1,2,2,2,1,1,2,3,3,4,3,2,1,2,4,4,4,2,2,3,3,3,2,2,2,3,3,3,3,3,2,2,2,3,4,1,1,2,3,3,3,1,1,2,2,3,2,2,3,4,3,2,2,4,4,4,3,3,3
348,4,5,2,2,3,2,2,2,1,2,3,5,5,4,4,3,4,1,1,3,5,5,5,4,2,2,2,2,1,2,2,1,1,1,1,2,2,3,4,4,2,2,3,3,2,3,4,5,6,3,2,3,3,3,4,3,3,5,5,5,5,5,4,4,5,3,3,3,3,3,3,3,4,4,3,3,2,1,1,2,1,3,3,3,3,3,3,5,4,3,3,4,3,3,4,5,1,1,3,4,4,6,5,3,5,5,2,3,4,4,4,4,5,2,4,5,4,5,4,3,3,2,2,2,2,2,1,4,6,3,1,2,4,5,4,2,2,4,4,2,3,3,3,2,2,4,4,5,5,4,4,4,3,4,3,2,3,3,3,2,2,5,5,4,4,4,4,5,5,3,3,5,5,4,6,4,3,2,4,4,4,4,4,3,3,1,1,2,4,4,4,2,2,3,3,3,3,3,3,3,3,4,3,3,3,3,3,3,3,3,3,3,3,3,3,3,3,2,3,4,4,4,4,3,3,1,1,1,2,2,1,2,1,0,1,2,2,2,0,0,1,1,2,5,5,5,6,7,3,2,3,2,2,2,2,2,3,3,3,3,3,3,3,4,3,3,4,3,2,2,2,2,3,0,1,4,4,4,4,3,2,1,2,2,0,0,0,0,1,3,2,3,2,1,0,1,3,3,3,3,2,2,2,2,3,3,2,1,3,5,4,2,2,2,2,2,1,1,2,2,1,1,1,1,2,2,2,1,1,3,3,3,4,4,4,4,4,3,3,2,3,3,4,2,1,0,0,0,1,2,2,3,3,5,6,7,6,6,5,5,4,3,5,5,5,5,5,3,4,2,2,2,2,2,2,2,2,2,3,4,3,3,4,4,3,2,4,4,4,3,4,6,5,3,3,2,2,3,3,3,3,6,5,4,3,3,3,2,2,3,1,3,5,5,4,1,2,3,5,4,4,4,5,5,3,2,3,4,4,4,4,3,3,3,3,6,5,6,5,5,5,3,1,1,1,2,3,2,1,1,6,4,4,4,1,1,5,5,3,3,3,2,2,2,2,3,4,4,4,4,4,4,3,2,2,2,3,3,4,3,3,2,2,2,3,4,3,2,2,4,5,3,1,1,1,1,1,4,3,4,4,4,4,2,1,4,4,3,3,3,4,4,3,5,6,3,2,4,3,3,4,1,2,3,4,3,4,4,3,3,2,2,2,3,3,4,3,2,2,2,1,0,0,2,2,2,3,1,1,2,0,1,1,3,3,3,3,3,3,2,3,5,5,4,5,5,3,2,4,5,5,4,3,4,4,3,3,5,6,5,4,3,4,3,2,3,5,5,3,2,4,3,3,3,2,1,1,1,0,1,2,3,2,2,3,2,3,2,4,3,4,4,5,5,4,3,2,5,5,4,4,2,2,4,5,3,2,2,2,2,2,2,2,4,4,4,3,4,4,3,3,5,4,4,2,2,5,5,3,2,2,3,3,3,5,5,3,3,2,2,3,5,5,3,2,3,3,3,4,4,4,3,3,2,2,2,2,2,2,2,1,0,2,3,3,3,2,1,2,3,2,2,2,2,2,2,1,1,1,1,3,3,4,3,4,5,3,4,4,4,4,4,4,3,1,1,4,4,3,3,2,1,2,2,3,3,2,4,5,3,3,3,3,2,2,3,2,3,2,1,3,5,6,6,4,6,5,1,1,1,3,3,2,6,5,4,3,4,3,3,3,3,3,3,3,3,3,3,3,2,2,2,2,2,2,2,2,4,4,4,4,4,4,4,4,3,3,3,3,2,1,1,1,2,3,3,3,4,4,2,2,3,3,2,1,2,4,6,4,2,3,2,2,2,2,1,1,1,1,2,3,3,4,4,2,3,4,1,1,1,2,4,3,3,2,2,2,1,2,2,2,4,4,2,1,0,2,4,4,4,4,3,2,3,3,2,2,4,4,2,1,2,2,2,4,3,4,4,4,3,2,2,3,2,3,5,4,3,4,3,3,1,2,4,4,3,3,4,5,2,1,2,1,3,4,4,4,1,2,2,3,3,3,4,2,1,2,3,3,2,1,1,1,3,3,4,4,4,4,4,4,3,3,3,2,1,3,6,5,3,3,5,5,3,2,3,3,1,1,1,0,0,3,4,2,3,2,2,3,4,5,4,2,1,2,2,3,2,1,2,3,2,3,1,2,2,2,3,3,2,1,2,3,3,3,1,2,6,4,4,3,4,1,1,3,4,2,2,4,4,4,5,4,3,2,2,3,3,4,4,2,3,3,3,3,3,3,4,3,3,3,3,4,4,4,2,3,4,3,3,3,2,2,2,2,3,3,2,3,4,4
349,4,3,3,3,3,3,3,2,2,3,2,1,3,3,3,1,1,2,3,3,2,2,3,2,2,3,2,2,3,3,4,5,3,1,1,1,3,3,1,1,3,3,2,1,1,3,5,4,3,3,3,1,2,3,3,3,3,2,2,3,3,3,3,5,5,3,3,4,3,4,5,5,4,4,6,5,3,2,2,1,3,1,3,3,3,3,4,2,3,4,2,3,3,3,3,5,5,3,4,3,3,4,4,4,3,2,3,3,4,5,5,5,5,4,4,2,1,2,2,2,3,3,3,4,2,1,4,6,5,3,4,5,4,3,4,4,5,3,4,5,3,3,4,4,2,2,2,1,1,2,2,2,1,2,2,5,5,6,5,3,1,3,3,3,3,3,3,3,3,3,4,4,4,4,4,4,4,5,6,3,1,1,1,1,1,2,4,5,5,4,2,2,4,2,4,4,4,4,2,1,2,2,3,3,3,4,4,5,5,3,2,3,4,4,4,4,4,6,6,3,2,2,3,5,4,1,2,2,1,2,3,4,3,1,2,3,4,4,5,5,4,3,3,2,1,1,4,5,4,4,4,3,3,3,3,2,3,1,4,5,5,4,3,4,4,2,1,1,1,1,1,1,1,1,1,3,4,3,2,3,2,2,3,3,2,2,3,4,3,1,2,4,3,3,4,4,4,4,4,3,3,4,4,2,3,1,3,3,2,1,0,0,3,4,1,1,3,1,0,1,1,2,2,2,2,1,1,1,1,2,3,4,3,2,4,2,2,2,2,2,3,3,3,2,3,2,2,3,2,2,3,4,4,4,2,2,1,2,3,4,4,4,4,3,3,3,2,2,2,4,4,4,4,4,5,4,2,3,3,3,3,3,3,3,4,3,4,5,6,5,4,5,6,4,2,4,5,4,3,0,1,2,4,4,4,5,5,4,3,2,2,3,3,3,3,2,1,1,3,3,3,2,1,1,2,5,4,3,3,3,3,3,3,4,4,8,10,8,4,2,4,3,3,3,4,3,3,3,4,4,3,3,4,4,5,6,4,2,2,1,1,2,2,1,2,2,2,3,3,3,3,2,2,1,1,1,1,2,2,2,3,1,4,5,2,1,3,5,4,5,4,4,6,6,7,7,5,4,3,4,4,4,4,3,5,5,5,4,4,4,3,5,4,2,2,2,2,2,2,2,1,2,3,3,3,3,2,1,2,2,2,2,2,4,4,3,4,2,2,2,2,2,2,2,1,2,3,3,3,3,1,2,2,2,2,2,2,2,2,1,1,3,3,2,2,4,4,3,4,4,2,2,3,4,4,4,3,2,2,3,3,2,2,3,4,3,2,2,2,2,2,2,2,3,3,3,2,2,1,1,1,3,3,3,2,2,4,4,3,3,2,2,2,2,2,1,1,3,3,4,3,3,3,3,4,4,2,4,4,3,3,2,2,3,1,1,1,2,1,1,2,3,3,3,3,3,3,3,3,5,4,4,4,3,2,3,3,5,5,4,3,2,2,4,6,5,2,4,4,4,6,6,4,4,3,2,2,1,2,1,2,3,3,3,3,4,4,4,4,3,3,1,2,3,2,3,3,3,2,3,3,3,5,6,7,5,4,3,2,2,2,3,3,4,4,4,3,4,5,6,4,4,4,3,4,4,4,4,3,3,2,3,5,4,4,4,4,3,4,3,3,3,5,6,3,3,4,3,4,4,4,5,4,2,2,3,3,2,1,3,3,3,2,3,2,2,2,3,5,3,2,3,3,3,2,1,1,1,1,1,2,3,3,4,4,2,2,3,4,5,4,2,1,1,2,3,4,3,4,2,1,3,3,3,3,3,3,3,3,2,2,2,2,3,3,2,2,4,4,4,4,3,3,2,2,3,2,3,3,3,4,4,3,1,1,1,1,1,1,1,1,2,2,2,2,2,2,2,2,0,1,1,1,2,3,4,4,3,3,5,5,5,2,2,3,4,3,5,5,3,2,3,3,3,2,3,2,2,3,3,3,1,2,1,3,4,4,3,2,3,4,4,6,6,5,4,3,2,2,4,4,3,4,5,4,3,5,3,1,1,4,6,5,2,2,3,4,4,4,3,2,5,5,4,6,5,4,2,2,3,2,2,2,1,1,1,2,3,3,2,3,3,2,2,1,3,3,3,3,2,4,4,2,1,1,3,4,2,2,3,2,2,2,3,4,4,4,4,2,1,1,2,3,4,3,1,1,3,4,5,6,5,3,2,3,3,1,2,2,1,1,0,1,3,3,2,3,3,3,3,2,4,3,3,2,3,1,2,1,6,5,5,5,5,4,4,4,2,3,3,1,1,1,3,4,2,3,3,3,3,3
350,3,7,4,3,4,5,5,5,4,2,2,3,3,3,3,3,3,3,2,2,3,4,4,3,3,2,1,2,4,3,2,2,2,4,4,4,3,2,2,4,5,3,2,4,5,4,4,4,2,2,2,3,2,2,2,2,5,4,3,4,6,6,4,3,3,3,3,3,3,3,3,3,3,1,1,2,3,3,4,4,4,2,3,3,3,3,4,5,3,2,3,2,1,1,2,4,3,4,5,4,2,1,3,3,4,1,0,0,1,2,2,3,3,4,3,3,3,2,2,4,4,3,4,4,4,4,4,3,3,2,0,2,5,2,3,6,3,2,4,2,2,2,2,2,2,2,2,1,2,2,4,6,7,4,3,3,3,3,3,3,3,2,2,2,3,3,3,3,3,2,2,2,3,3,1,2,2,3,2,2,2,2,2,4,4,2,2,2,2,2,2,2,2,2,3,2,3,2,1,1,0,2,4,4,5,5,5,5,4,4,4,3,2,2,2,2,1,1,3,3,3,3,3,3,3,4,2,3,5,5,4,4,3,4,2,3,2,4,4,4,2,3,4,6,7,4,2,3,3,5,4,2,2,2,2,3,3,3,3,2,1,1,1,2,2,3,2,4,4,4,3,4,3,5,4,4,4,4,4,4,4,3,2,2,4,5,4,3,2,2,3,4,5,4,3,2,2,2,3,3,4,4,3,3,3,5,5,3,2,1,1,1,3,3,1,1,1,3,4,4,4,1,1,1,1,1,1,1,1,2,3,3,3,3,3,3,3,3,3,4,3,3,4,4,4,2,2,2,2,2,2,3,3,3,4,3,5,7,6,3,2,2,1,1,2,2,2,2,2,3,5,5,4,3,3,4,4,2,3,3,3,2,3,3,1,1,2,3,5,5,3,3,4,3,3,4,3,4,5,4,3,4,5,4,4,3,3,3,4,3,2,3,4,3,3,3,5,3,3,4,2,1,3,4,3,1,1,4,3,1,1,1,2,6,7,6,5,3,2,2,1,3,3,1,1,1,2,2,2,4,4,4,2,1,1,4,2,3,6,6,4,4,1,2,5,3,2,2,1,3,3,3,3,5,5,3,3,2,1,2,2,2,3,3,3,3,3,4,5,5,5,3,3,3,2,0,1,2,3,3,3,2,2,1,2,4,4,4,4,4,4,4,3,2,3,3,4,6,5,4,4,3,5,3,3,2,2,4,6,5,6,3,3,5,4,3,4,3,2,3,3,2,4,4,2,2,2,3,3,4,4,4,6,5,4,5,5,5,5,4,4,4,4,5,4,3,3,4,4,2,2,2,2,1,2,2,2,1,3,5,4,3,4,2,2,2,1,2,2,2,3,4,5,6,6,5,6,6,4,2,1,1,1,2,2,2,1,2,2,1,3,3,2,4,4,4,3,1,2,3,4,4,5,3,4,1,2,1,1,2,2,1,1,3,1,3,4,3,3,4,5,3,3,3,3,4,3,3,4,3,2,2,2,3,4,2,2,2,2,3,3,2,2,2,2,1,2,2,1,1,1,1,3,3,2,2,2,2,1,1,3,1,2,2,3,3,3,2,2,4,4,4,2,2,1,1,0,1,1,2,2,2,3,3,3,4,4,4,4,3,3,3,3,5,3,2,2,2,2,3,2,4,3,3,4,4,4,4,4,3,1,3,4,4,4,5,6,5,4,5,5,3,4,4,1,0,1,1,1,1,1,0,1,1,2,1,1,1,1,2,2,2,2,2,1,1,1,1,3,3,2,5,5,4,3,3,5,5,3,1,2,1,1,2,3,3,2,3,3,3,3,2,3,2,1,3,3,3,5,4,2,3,3,1,1,3,3,4,5,3,1,1,3,3,3,1,2,3,1,2,3,3,3,3,3,1,1,3,3,2,1,2,4,2,1,1,2,2,3,3,3,2,2,2,3,3,3,4,4,3,4,4,3,2,3,3,2,3,3,2,1,1,4,5,3,3,5,5,6,6,4,2,2,1,1,2,1,2,3,3,5,6,4,3,4,5,4,4,2,1,1,2,2,1,2,5,4,2,1,2,1,1,2,2,2,1,1,2,3,2,3,3,3,2,5,3,1,2,2,3,5,5,4,3,3,3,3,2,1,2,3,3,3,4,4,4,2,1,1,1,1,2,2,2,1,3,3,3,3,3,3,3,3,3,3,4,4,4,4,4,3,2,4,4,5,3,4,3,3,3,3,4,2,3,3,2,4,4,3,3,3,3,2,1,3,3,3,3,3,3,4,3,2,3,2,3,3,3,3,4,5,1,0,2,4,3,3,3,1,0,1,2,1,2,4,1,1,1,1,3,3,3,4,3,3,4,4,4,3,3,3
351,2,2,2,4,4,4,4,1,1,2,2,2,1,1,2,4,4,3,4,4,5,5,5,4,4,6,5,5,5,5,5,5,4,2,2,2,2,2,2,4,4,1,2,6,7,5,3,3,1,1,1,2,2,2,4,2,2,4,3,3,1,1,2,1,2,4,3,5,5,4,4,5,4,2,3,3,3,3,3,4,5,5,5,4,3,3,2,2,3,4,3,3,3,3,3,3,2,2,2,2,2,2,2,2,2,2,4,4,3,2,3,3,3,4,3,4,3,2,3,3,3,3,5,4,2,3,4,6,6,2,2,4,5,5,4,3,2,2,3,4,3,3,3,3,2,3,3,3,2,2,3,4,2,2,2,4,5,5,4,3,3,1,0,1,3,5,5,5,5,3,1,0,1,3,7,8,6,3,3,3,4,3,3,0,0,4,6,6,4,4,5,6,5,3,2,3,3,3,3,3,3,2,2,4,4,4,3,3,2,2,5,5,4,4,4,4,6,6,4,2,2,3,3,4,3,3,5,3,3,1,0,2,5,4,2,2,2,2,2,2,2,2,2,3,4,3,2,3,2,1,2,4,5,5,5,5,5,3,2,2,3,3,3,2,3,2,1,1,2,2,2,3,4,4,4,1,2,3,4,3,3,5,4,4,4,4,3,4,4,3,2,2,2,2,2,2,2,1,1,2,2,1,1,1,1,3,3,4,4,2,2,2,3,4,5,5,3,2,2,1,2,2,2,3,2,1,1,1,2,4,5,5,5,5,6,3,3,5,4,4,3,2,3,2,3,5,2,2,4,5,4,3,3,3,3,4,4,5,5,5,5,4,3,4,4,3,4,4,4,3,2,3,4,4,3,2,2,3,5,7,7,5,3,2,4,3,6,6,4,3,4,5,3,2,3,3,3,3,2,2,2,4,3,2,2,2,3,3,4,5,4,4,4,4,4,3,1,2,1,2,2,2,2,2,3,3,3,5,5,4,2,3,5,1,1,1,2,2,3,3,3,3,4,3,2,2,3,4,2,2,2,2,2,3,4,6,5,4,2,1,1,0,2,4,3,2,2,3,3,3,4,5,4,2,3,3,3,3,2,1,1,2,4,4,2,2,3,4,4,4,2,3,3,3,3,4,4,4,4,4,3,4,4,4,6,3,2,4,4,4,4,4,4,1,1,3,4,3,3,2,2,3,4,3,2,2,2,3,3,2,3,2,2,2,2,1,2,4,4,4,4,4,4,4,4,4,4,3,3,3,5,4,4,6,4,4,4,4,4,3,3,1,1,2,2,3,2,2,4,1,1,1,1,1,1,2,2,3,3,5,4,4,5,5,5,2,3,4,3,3,3,2,2,3,3,2,2,2,2,2,3,2,2,2,2,2,2,2,1,3,5,6,5,3,1,3,3,2,3,4,5,5,2,3,5,2,2,4,4,3,4,4,4,2,1,2,2,2,2,3,2,1,2,2,2,3,3,4,4,5,5,3,2,3,5,3,1,1,2,6,4,4,2,3,4,3,3,5,4,3,2,1,1,3,4,5,5,4,3,3,3,1,2,4,2,1,2,4,2,4,5,3,3,3,2,2,1,2,3,3,4,4,4,5,6,3,3,3,3,3,2,2,2,1,2,2,2,2,2,2,1,2,3,4,4,4,4,3,1,1,2,4,4,3,3,3,2,2,3,7,6,3,2,1,5,4,1,1,2,3,5,5,6,3,5,4,3,4,5,5,4,3,4,4,4,4,4,5,4,3,2,2,3,7,6,3,3,5,5,4,4,4,4,6,6,4,4,3,3,3,3,2,2,3,3,2,3,5,5,5,5,2,3,2,2,2,2,3,3,1,1,1,1,1,1,2,2,2,1,1,1,3,4,5,5,4,4,4,3,2,3,3,0,4,2,2,2,3,3,2,2,1,1,1,2,2,2,3,2,1,2,4,4,4,4,3,3,2,1,2,3,3,2,2,5,5,2,4,5,5,5,4,4,3,3,3,3,2,3,3,3,3,4,3,3,3,3,3,2,1,2,3,3,4,5,7,6,4,2,3,4,4,4,4,3,5,5,4,3,2,2,3,6,5,3,4,4,4,4,4,2,2,2,2,2,2,2,2,2,1,3,3,3,2,1,2,4,4,4,5,6,6,5,7,5,2,3,5,5,3,5,4,2,3,3,3,4,3,3,3,2,3,4,3,3,3,3,4,5,2,2,4,3,3,5,5,3,1,4,7,5,3,4,5,4,4,3,3,3,3,3,3,2,2,2,1,1,1,0,1,1,1,4,2,2,2,2,3,2,3,2,2,3,2,2,2,1,1,2,1,2,3,3,4,3,3,3,3,3,3,4
352,6,2,3,2,3,3,3,3,2,0,0,0,1,3,4,4,1,1,1,2,3,2,3,3,1,2,2,2,2,1,1,1,3,1,0,1,4,5,3,4,6,3,2,2,3,4,4,4,4,4,3,2,2,2,2,2,3,4,4,5,4,4,4,4,4,6,4,4,4,4,4,6,7,4,4,4,3,3,4,5,4,3,3,4,3,2,3,4,3,2,3,2,3,5,5,3,1,3,5,5,3,2,3,1,2,4,3,3,3,3,4,4,5,3,5,5,2,3,3,3,3,4,4,4,4,3,3,3,3,3,3,4,4,4,2,2,5,5,2,3,4,3,4,4,5,4,3,3,3,2,2,2,2,3,3,2,2,2,2,1,1,1,1,1,2,3,2,2,2,2,2,2,2,2,2,2,5,5,2,3,3,4,4,4,2,2,4,2,1,3,5,2,2,3,4,4,3,4,4,2,2,4,2,1,1,1,2,4,4,3,3,3,3,3,3,3,5,6,5,5,4,4,5,6,6,6,7,3,2,2,3,3,3,3,3,4,4,5,5,6,6,5,4,2,2,4,4,4,3,2,2,3,2,2,1,1,1,5,6,5,5,4,3,2,1,1,4,4,4,4,4,3,5,2,2,2,4,4,2,2,2,2,2,2,2,2,2,2,2,3,3,3,3,3,3,3,2,3,2,3,4,4,5,5,4,2,3,4,3,2,2,2,2,2,3,4,5,5,4,5,5,2,2,2,3,3,3,2,2,1,1,2,1,2,3,5,4,4,3,3,3,4,5,4,5,4,1,3,4,4,4,4,5,6,6,5,5,6,5,5,5,5,5,5,4,4,4,4,6,5,2,3,3,2,3,3,3,3,3,4,4,3,2,2,2,3,3,4,4,3,2,4,4,4,4,3,3,5,5,3,1,2,4,2,2,2,2,1,1,3,6,5,4,3,2,1,0,1,1,1,1,1,1,2,2,1,2,3,3,3,3,3,3,4,4,5,5,5,5,6,6,4,3,3,3,3,3,3,4,2,2,2,3,2,3,4,4,2,2,1,1,3,3,3,5,6,5,2,2,2,2,4,4,5,5,3,3,2,3,2,2,4,5,6,6,4,4,3,2,3,4,4,4,4,3,3,4,3,3,3,3,3,3,3,3,3,3,4,5,6,4,3,1,2,2,4,4,4,2,1,2,2,3,3,3,3,3,3,3,4,3,3,3,3,2,3,3,3,4,4,3,4,4,3,3,4,3,3,2,4,5,3,3,2,1,1,1,1,1,1,1,3,3,3,3,4,4,3,4,3,1,2,2,2,2,3,1,2,2,2,3,4,5,4,2,1,1,2,3,3,2,2,3,4,5,5,3,3,3,4,4,2,2,2,2,2,1,2,3,1,1,1,1,2,4,3,3,1,1,2,3,4,5,4,4,5,3,4,7,4,3,2,3,4,3,3,3,3,3,4,4,5,3,3,4,4,5,6,7,6,2,2,3,3,2,4,4,2,3,2,3,4,4,4,4,4,3,4,4,3,2,3,3,3,4,4,2,2,2,2,3,1,2,2,2,1,1,3,3,1,2,2,2,2,2,0,1,2,2,3,3,4,4,4,6,6,5,4,2,2,3,3,4,4,4,3,3,3,3,5,4,2,2,2,2,2,3,3,3,3,4,4,4,4,4,4,4,2,2,2,1,1,1,2,2,2,2,2,2,2,2,2,2,3,4,4,4,3,3,4,3,2,2,2,2,2,2,2,2,2,1,1,3,5,3,1,4,5,5,4,4,4,4,5,4,3,3,2,2,3,5,5,3,2,4,4,4,2,2,4,4,5,5,3,3,2,3,4,4,4,4,4,4,2,3,6,4,3,3,1,3,4,5,4,2,2,2,3,2,3,3,4,4,3,3,3,3,3,3,3,3,4,4,3,3,3,3,3,3,3,4,6,9,9,8,6,5,3,1,1,1,2,3,5,4,5,5,5,6,6,6,5,3,3,2,2,2,2,3,3,2,3,2,4,5,5,6,5,3,2,2,4,4,4,5,3,3,4,5,4,4,2,4,5,4,0,1,1,3,4,4,3,1,2,2,2,2,2,2,2,1,1,2,2,2,3,3,3,5,5,4,4,4,3,4,3,4,3,3,3,4,3,4,5,4,2,1,2,2,2,3,3,3,2,2,2,1,1,1,3,5,5,3,2,1,1,2,3,5,4,1,2,2,2,2,2,2,2,1,3,3,2,1,1,1,2,3,3,3,3,3,3,2,3,6,6,3,1,1,2,2,1,1,1,1,2,2,2,4,4,4,3,3,3,3,2,1,1,2,2,2,2,3,4,1,1,1,1,1,1,1
353,3,5,2,3,5,5,3,1,1,1,2,4,4,3,3,2,3,3,3,3,3,3,3,4,2,1,2,2,3,3,3,4,5,6,5,3,3,4,3,2,1,3,3,2,4,6,8,8,7,4,2,3,5,7,7,5,4,3,4,4,4,5,4,3,3,3,2,2,5,6,6,3,0,1,3,5,5,4,5,6,4,3,3,3,4,4,4,5,4,5,5,4,4,2,3,3,3,3,1,3,4,4,4,3,3,4,4,3,3,4,4,3,4,4,3,2,1,1,2,2,4,6,4,3,4,4,4,4,4,3,3,3,4,6,5,2,4,3,2,3,3,3,4,4,4,1,2,3,4,5,4,3,3,3,3,3,3,3,3,3,3,3,4,4,5,5,4,3,5,5,6,5,2,2,5,6,5,6,8,5,6,5,4,3,2,5,5,1,2,3,3,2,3,4,2,3,4,5,5,3,3,3,2,2,2,2,2,2,2,3,3,3,3,3,3,2,1,1,2,2,1,2,2,2,2,2,1,3,3,4,3,4,3,2,2,2,2,2,3,3,4,3,3,3,3,3,3,4,3,2,2,2,3,3,3,3,2,3,4,2,1,2,2,3,4,3,2,3,2,2,2,1,1,3,2,2,2,2,2,2,3,2,2,2,3,3,3,3,1,2,2,1,2,3,4,4,4,3,2,2,4,4,4,3,4,5,3,1,0,1,2,3,2,2,2,2,2,2,2,2,4,3,3,3,3,3,3,4,4,3,3,4,4,4,4,4,5,3,5,3,2,4,4,4,4,3,2,1,3,3,3,4,5,5,5,4,4,5,5,5,5,4,4,3,1,0,1,3,5,2,2,2,2,3,3,4,4,4,1,3,3,3,4,3,4,6,6,4,4,5,5,6,6,4,6,6,4,3,4,4,3,1,1,2,2,2,4,4,3,3,4,4,4,4,3,3,3,5,4,4,4,4,4,4,5,3,3,3,4,3,5,4,3,2,2,4,5,4,4,2,1,3,3,1,3,3,5,6,6,4,2,4,5,5,4,3,2,2,1,2,4,4,2,1,1,3,2,1,1,2,2,2,2,3,2,2,4,5,5,5,7,4,2,4,4,3,2,5,6,3,1,2,2,2,3,3,3,2,2,3,3,2,2,2,3,2,1,1,2,2,3,3,3,4,4,4,2,2,3,3,3,3,3,3,3,3,3,3,3,4,6,5,4,4,3,4,4,5,4,4,3,3,4,4,4,2,3,3,2,2,2,2,5,5,3,4,3,4,4,3,1,5,6,5,4,3,4,5,5,3,3,3,3,4,4,4,4,2,2,3,4,5,6,6,3,2,4,5,4,4,4,4,5,4,2,1,2,2,2,3,2,1,2,2,2,2,3,3,3,5,4,5,4,3,5,6,6,4,3,3,2,3,4,4,2,1,1,1,1,2,1,1,1,4,5,5,3,3,4,5,6,1,1,3,3,3,3,5,5,6,5,3,4,3,3,5,6,5,4,4,2,1,2,3,3,3,2,1,2,1,1,1,3,6,5,3,3,3,1,0,0,3,3,2,2,4,5,5,3,3,4,4,4,4,4,4,4,3,2,1,2,2,2,3,3,4,4,4,3,4,3,3,2,1,2,3,3,4,4,4,4,4,4,3,3,4,3,3,3,3,2,3,4,3,4,5,5,1,1,1,2,3,3,3,2,3,2,2,2,1,2,2,3,3,4,3,3,3,3,3,5,4,4,4,4,4,4,4,4,3,3,3,3,3,3,1,2,2,1,1,1,1,2,3,5,3,4,3,2,2,2,1,2,2,2,4,4,3,3,3,2,3,3,3,2,2,2,2,3,5,4,3,3,3,3,5,6,2,1,1,3,3,4,4,2,2,0,1,2,1,1,2,2,2,2,3,3,2,2,2,3,4,3,2,2,3,3,4,3,3,3,3,3,3,3,4,4,3,3,3,2,2,3,2,3,5,3,3,3,3,3,3,3,4,2,2,2,1,2,2,4,4,5,4,4,4,3,2,2,2,2,2,3,4,5,5,4,1,1,2,2,4,5,5,4,1,1,2,2,3,3,3,3,3,3,3,2,2,2,2,2,3,4,4,5,3,2,1,1,3,2,2,3,3,3,3,3,3,4,2,2,4,4,5,5,3,2,3,3,2,3,2,2,1,1,2,3,3,3,1,2,3,3,2,3,2,2,2,3,3,3,2,3,2,4,5,5,5,5,4,4,4,4,4,4,2,3,4,4,4,4,2,1,4,2,3,5,4,3,4,5,3,1,4,5,5,3,4,3,1,3,3,3,3,3,2,2,2,2,2,2,2,2,2,3,2,1,1,2,2,2
354,4,5,4,5,4,3,5,5,5,4,3,3,3,3,3,3,3,2,2,3,3,2,2,2,2,3,3,3,3,3,3,4,4,4,4,4,5,4,5,3,1,2,4,4,4,4,2,2,3,1,1,2,4,4,3,1,1,2,3,4,3,3,2,2,2,1,2,2,3,4,3,2,2,4,6,3,1,0,1,1,1,2,4,4,3,3,2,2,2,2,4,4,3,3,4,4,4,2,2,2,2,2,1,1,2,4,4,4,2,2,4,4,3,3,1,2,3,3,3,3,2,3,2,1,1,1,3,2,2,2,2,6,8,5,3,3,6,3,3,4,5,5,5,5,4,3,2,3,4,4,2,0,1,2,2,4,4,1,1,3,4,3,3,2,2,3,4,6,7,4,2,2,2,3,7,6,5,6,3,3,3,2,3,2,3,4,4,3,3,2,2,4,3,3,4,4,4,4,4,3,3,1,3,4,4,4,3,3,2,4,4,2,1,1,2,4,1,0,2,1,0,1,3,4,1,4,3,2,0,0,2,2,3,3,3,3,3,3,3,3,2,3,3,5,5,4,4,4,4,2,1,1,1,1,1,3,3,3,2,1,3,3,3,2,1,3,3,3,3,3,3,2,2,4,3,4,4,4,3,3,2,2,1,1,1,3,4,4,4,3,1,0,1,3,5,8,7,4,4,6,4,5,7,6,7,4,4,4,4,3,2,4,3,5,5,4,5,5,4,5,6,4,3,2,1,2,4,4,3,3,5,4,3,2,2,3,5,4,3,3,4,4,4,3,2,3,4,4,2,1,1,3,3,2,3,3,3,3,3,4,5,5,4,4,3,3,3,2,0,1,2,2,3,3,4,2,2,1,1,4,5,5,4,1,2,4,4,3,1,1,3,5,4,4,4,3,2,1,2,1,1,5,3,1,3,5,5,6,5,3,3,4,4,4,4,4,4,3,3,3,3,3,3,3,3,2,4,4,5,3,1,1,2,4,4,3,3,5,5,5,5,5,5,4,4,4,4,4,4,3,3,4,3,2,2,2,3,4,1,1,3,3,3,4,4,1,3,4,5,4,3,2,3,4,4,5,5,4,4,5,4,2,2,2,3,4,5,5,5,2,2,2,1,1,1,1,1,7,7,6,5,5,3,3,4,4,3,3,4,4,3,3,3,1,2,4,5,5,4,3,3,2,3,4,4,3,3,2,1,1,1,2,3,3,5,6,3,4,6,4,3,4,3,3,3,2,1,1,1,3,3,3,3,1,1,2,2,3,3,3,2,1,1,1,2,3,3,1,1,4,3,4,6,5,7,5,4,3,4,5,3,3,3,3,1,3,4,3,3,2,2,2,4,4,3,2,2,2,2,3,3,2,2,2,2,1,1,2,1,3,3,3,3,3,3,3,3,3,3,4,3,4,4,3,5,4,3,3,3,3,4,3,1,1,1,1,3,3,1,3,3,4,2,1,2,3,3,3,2,2,4,3,3,3,1,2,4,1,2,2,2,2,2,1,1,3,4,3,1,3,3,2,2,4,1,0,0,2,2,2,1,0,3,4,3,3,3,3,3,3,4,4,4,4,3,2,1,1,2,2,2,3,3,3,3,3,4,4,3,3,2,3,4,2,1,1,2,2,2,2,2,5,5,4,3,2,4,4,4,3,3,2,2,1,0,2,3,3,3,2,3,3,2,0,2,3,2,2,2,2,1,1,3,2,3,3,3,4,5,6,6,4,2,1,1,2,2,2,1,1,2,3,3,2,2,4,4,3,3,3,3,3,3,3,4,3,3,3,3,3,3,3,3,4,4,4,4,4,4,4,3,2,1,1,2,3,5,3,1,0,1,3,4,5,5,5,4,6,6,5,6,7,6,6,6,4,3,3,4,3,3,4,5,4,3,3,3,3,2,2,2,2,2,3,3,3,4,4,3,1,0,1,2,2,2,2,3,5,2,3,5,4,2,1,2,1,3,5,5,4,2,1,2,3,3,2,2,2,2,6,3,2,2,2,2,2,2,3,2,3,4,4,5,4,3,3,5,3,5,6,3,3,3,1,1,2,2,1,1,2,3,2,3,3,3,3,3,2,3,4,4,3,3,3,4,4,4,5,3,1,3,5,5,3,2,5,4,4,5,3,4,5,4,5,4,3,3,3,3,3,4,4,6,4,3,3,2,2,4,5,3,2,2,3,3,4,5,5,4,2,1,1,2,2,2,2,2,2,2,3,4,3,2,2,1,1,1,2,2,2,2,3,3,1,2,1,2,2,2,2,2,3,3,0,0,4,6,2,2,2,2,1,4,5,4,2,1,2,2,3,3,3,2,2,1,3,3,3,2,2,1
355,4,4,2,2,2,3,4,3,4,2,2,1,1,2,1,2,2,3,4,4,4,4,3,2,2,2,2,1,1,2,3,3,2,2,4,4,2,2,3,3,1,3,4,3,4,5,4,4,4,2,1,3,5,4,3,3,3,2,2,3,5,5,3,1,1,3,3,4,4,3,2,3,3,3,4,4,3,3,4,2,2,2,2,3,3,3,2,3,3,3,3,3,3,3,3,3,2,1,3,3,3,2,1,1,1,1,2,3,4,4,3,3,2,2,1,3,3,3,3,3,3,3,3,4,4,4,4,4,3,1,1,2,5,7,5,2,2,3,2,1,1,1,1,1,1,5,5,5,4,4,5,5,5,2,3,3,2,2,3,2,1,2,3,4,4,3,3,4,4,3,4,3,4,4,5,6,6,3,3,4,4,4,4,3,3,4,4,2,4,4,4,4,3,4,4,3,5,4,4,3,2,3,5,5,4,2,3,4,5,4,3,3,2,3,3,4,4,3,1,2,3,3,2,1,2,1,1,1,2,2,2,2,2,3,4,4,3,2,2,3,4,4,4,5,5,5,5,5,5,3,3,4,2,2,2,2,3,3,5,4,3,3,2,3,3,1,1,3,3,2,2,3,3,2,4,6,3,1,2,3,4,3,2,1,1,1,2,2,2,4,4,3,4,4,3,2,3,2,1,2,4,5,5,4,4,3,2,2,2,3,4,4,4,2,1,3,3,2,3,4,3,3,4,4,3,4,4,5,4,2,3,3,3,4,4,4,4,5,5,4,3,2,1,1,1,2,2,3,2,4,3,3,3,3,2,5,6,6,6,5,3,5,6,5,5,4,5,6,7,3,2,4,4,4,3,3,2,3,3,3,3,3,2,4,5,7,6,6,6,7,6,4,5,6,3,2,4,5,5,4,4,4,2,1,3,4,5,5,4,4,4,3,3,2,2,4,3,2,3,5,5,5,5,2,2,3,2,2,3,2,2,4,2,2,4,4,4,6,6,5,4,4,2,2,3,3,3,1,2,2,2,5,4,3,4,5,4,4,3,1,1,1,2,3,4,4,3,2,1,0,2,2,3,4,4,4,3,4,3,3,3,3,5,5,4,3,3,4,3,3,5,3,2,2,1,1,1,3,3,2,1,1,0,0,2,2,2,2,3,4,4,4,2,5,5,4,3,4,3,2,2,0,1,4,4,4,3,2,3,4,4,2,1,2,1,2,2,2,3,4,4,3,2,2,3,4,4,6,6,4,3,3,3,3,3,3,4,4,5,5,5,2,1,1,1,1,1,2,2,3,3,3,4,4,3,2,1,3,2,1,2,2,1,1,1,3,2,2,3,3,3,2,3,4,4,4,3,3,3,3,4,5,3,2,2,3,3,3,3,4,3,4,4,3,2,3,2,2,3,3,3,2,3,3,2,5,6,5,2,2,5,6,5,3,4,3,3,4,4,4,3,1,1,3,3,1,2,4,3,2,2,3,2,1,4,4,1,3,4,1,1,3,4,4,3,4,3,3,2,1,1,1,1,2,2,2,3,2,2,2,2,2,3,3,2,1,1,1,1,3,2,4,4,3,2,2,1,0,1,3,4,6,6,5,4,4,5,4,3,3,2,1,2,3,3,3,3,3,3,4,4,2,2,1,1,1,1,1,1,3,4,4,3,2,2,3,3,3,2,3,3,2,2,2,1,1,1,1,2,4,5,5,3,2,3,3,2,2,2,1,1,4,4,2,4,5,4,3,3,4,5,6,5,3,2,3,4,4,4,4,3,4,3,3,3,2,2,2,2,2,2,2,2,5,4,4,4,4,4,4,4,3,4,4,3,2,1,2,4,3,2,1,2,3,3,3,1,3,3,4,5,6,5,3,2,2,3,4,4,2,2,1,1,1,1,1,2,2,1,1,0,0,1,1,1,1,1,1,1,4,4,3,3,3,3,3,3,1,1,1,1,2,4,4,5,4,4,4,5,5,4,3,3,2,1,2,2,2,3,4,4,2,2,2,2,2,2,3,3,2,2,2,3,4,5,4,3,3,5,4,3,3,3,2,2,3,4,3,3,3,3,5,5,3,3,2,2,2,2,3,2,3,1,2,3,4,3,3,4,2,1,3,4,3,2,2,3,2,2,3,3,3,2,2,1,3,3,3,3,4,5,4,4,4,4,4,4,4,4,4,4,3,3,1,1,1,2,3,3,3,3,4,2,1,1,2,3,4,4,5,5,5,6,4,5,5,3,3,2,3,2,1,0,2,3,3,3,4,3,3,4,3,3,3,3,4,4,4,4,5,4,4,4,4,4,4,4,3,4,3,3,4,3,2,1,1,1,2,2,2,2
356,5,3,4,3,3,3,3,3,3,2,4,4,2,3,3,3,5,5,3,4,4,3,2,3,3,3,3,3,2,1,0,1,2,3,3,3,4,5,4,5,7,4,1,2,4,1,2,5,4,2,3,4,3,3,3,2,2,4,5,4,4,3,3,2,4,2,4,3,2,2,2,3,3,4,5,2,1,2,2,1,1,4,3,2,1,1,1,1,1,1,1,3,3,1,4,5,5,1,1,1,1,1,1,0,3,5,4,4,4,4,4,5,4,4,3,3,4,4,3,2,5,4,3,4,4,5,4,3,3,7,7,2,2,3,2,4,4,4,5,4,4,4,4,4,4,3,4,4,4,3,3,3,3,3,2,2,2,2,2,2,3,3,3,3,3,3,3,3,3,4,4,3,3,4,4,6,7,6,8,8,6,4,4,3,6,5,4,4,5,4,4,4,3,2,2,2,2,2,3,4,4,3,3,3,3,3,3,3,3,2,1,2,2,2,2,2,1,2,2,2,2,2,2,2,2,2,2,3,3,3,2,2,3,3,3,3,3,3,3,3,3,2,1,2,2,2,2,3,2,3,5,3,2,2,2,3,3,3,4,3,2,3,2,1,1,1,4,4,2,2,2,2,5,4,3,4,4,4,4,4,3,2,2,2,2,2,2,4,3,1,2,2,2,1,3,3,3,3,3,2,4,5,5,3,3,4,2,1,2,2,2,1,3,5,5,3,4,3,2,3,3,3,3,3,3,3,3,3,3,3,3,4,4,4,4,4,4,3,3,4,4,3,3,3,3,2,2,1,1,1,1,2,2,2,1,1,2,3,3,6,6,2,1,3,4,4,4,4,4,3,3,3,3,3,3,1,2,3,1,1,1,1,1,1,1,4,4,4,5,4,4,5,2,3,4,3,2,2,1,1,1,3,5,3,2,4,4,1,3,6,5,2,1,1,2,1,2,4,4,4,4,3,2,2,1,2,3,3,4,3,3,4,6,7,5,5,6,6,5,3,3,3,4,4,3,3,3,1,1,3,3,3,2,2,2,3,4,5,5,4,3,3,4,4,2,3,4,4,4,5,2,1,2,5,6,6,5,4,4,2,0,3,3,3,1,2,4,4,2,1,2,2,2,2,2,2,2,2,3,3,3,3,2,1,1,3,3,3,3,3,3,3,3,5,3,3,5,5,5,6,5,3,3,2,3,3,3,3,4,4,5,5,5,3,2,3,4,3,3,3,3,3,3,5,6,5,5,2,1,1,2,1,1,3,4,5,5,4,4,5,5,2,2,2,4,4,4,4,3,3,3,2,2,2,2,3,3,3,3,3,4,4,4,4,3,1,1,1,1,1,2,2,3,4,4,4,3,3,5,3,2,3,3,3,2,2,4,5,1,4,1,1,1,2,3,3,4,4,2,2,3,3,3,3,3,3,4,3,3,3,3,3,3,2,2,2,2,1,1,1,2,3,3,2,1,2,2,3,4,4,5,3,2,1,1,1,2,3,3,3,2,2,3,2,4,4,3,3,3,3,3,3,3,1,1,3,4,3,4,4,3,1,1,2,3,2,2,2,2,2,2,1,2,2,3,3,3,4,2,3,3,5,4,4,3,2,2,1,1,1,2,3,3,2,3,3,3,3,4,3,3,4,4,1,3,3,2,0,0,2,5,4,2,4,7,6,4,2,1,1,1,2,2,2,3,3,2,2,3,4,4,3,1,1,2,3,3,2,3,5,4,5,5,4,5,5,4,2,1,1,1,3,4,4,3,1,1,5,4,4,2,1,2,4,5,2,1,2,2,2,2,2,3,4,4,3,3,3,3,3,2,1,1,1,1,1,1,1,1,2,2,2,2,3,3,2,1,1,1,3,3,3,2,1,2,3,4,4,3,1,0,1,3,3,2,2,3,3,3,4,4,3,3,3,3,3,3,3,3,2,2,2,2,2,2,2,3,3,2,3,3,4,5,6,5,1,0,1,2,2,3,4,3,0,1,2,4,5,6,5,4,2,2,4,4,2,3,3,5,4,1,0,2,5,5,1,1,3,4,4,4,4,3,1,1,2,3,2,2,2,2,5,5,4,2,4,4,2,1,1,1,2,4,3,2,3,3,3,4,2,3,2,1,2,4,5,2,3,3,2,3,4,4,4,1,1,1,3,2,2,3,2,2,2,1,1,2,2,2,2,2,4,3,3,3,3,3,3,3,2,1,1,1,2,3,4,3,1,5,6,4,4,4,3,3,3,3,2,2,1,2,3,2,2,1,0,0,2,2,0,1,3,2,3,3,3,3,2,3,2,1,2,1,1,2,2,2,2,1,2,3,4,3,3,3,4,4,4,4,4,4
357,6,6,4,3,3,3,2,2,3,4,4,3,4,4,4,4,3,4,3,4,3,4,4,3,3,3,2,1,2,3,2,3,3,5,5,3,3,3,3,3,3,3,3,1,1,5,8,6,5,3,2,2,2,2,3,3,1,2,4,5,5,5,5,5,5,4,3,2,3,3,4,6,5,3,3,3,3,5,5,3,3,2,3,4,3,4,4,2,3,3,2,3,3,2,2,1,0,2,2,2,3,3,3,3,5,6,4,3,5,7,7,4,3,3,3,3,2,4,5,6,6,3,3,4,4,3,2,3,3,3,4,5,4,6,4,0,0,4,4,4,4,4,4,4,4,4,3,2,2,2,3,2,3,6,4,2,3,4,4,4,3,4,5,3,3,1,0,2,4,3,2,3,3,2,3,4,2,3,2,1,3,3,5,5,3,2,3,2,2,2,2,4,3,2,2,2,4,4,4,3,2,3,3,2,2,2,2,2,2,4,3,1,1,2,2,2,3,4,4,4,4,4,4,5,3,1,1,1,2,3,3,4,3,3,2,2,3,4,4,4,5,1,1,3,3,3,3,4,3,3,3,2,3,3,3,4,4,4,3,2,2,2,3,4,3,2,2,2,2,2,2,2,2,1,1,2,5,5,5,4,4,5,4,1,1,0,1,3,3,0,1,1,2,4,5,5,4,2,0,1,2,5,6,4,2,3,3,3,3,3,3,3,4,2,2,3,3,3,2,1,0,4,3,3,3,3,3,4,3,2,4,5,6,5,4,2,2,4,5,6,7,7,6,5,4,1,1,3,4,3,3,3,2,4,3,3,3,3,3,3,3,3,4,4,4,1,1,1,1,5,4,3,3,2,2,2,4,3,4,4,4,4,4,4,6,4,3,2,2,3,3,4,4,4,4,4,4,2,1,2,5,2,3,2,2,2,2,3,3,3,1,1,1,1,1,2,1,5,5,2,4,3,2,3,3,3,3,5,5,3,4,5,4,3,2,2,3,3,3,3,3,3,3,3,2,2,2,1,1,2,2,2,2,2,2,2,2,2,2,2,2,2,2,3,3,5,3,2,2,3,4,4,5,5,4,4,4,4,4,3,3,5,4,4,4,4,4,4,3,2,4,2,1,1,1,2,1,2,3,3,3,4,3,4,4,3,4,4,4,3,3,3,3,1,2,4,3,1,1,1,2,4,3,4,4,3,3,3,3,2,1,3,3,5,6,5,5,2,3,5,5,4,3,5,3,1,2,2,2,3,3,4,4,3,4,4,3,2,3,2,2,5,5,4,4,3,3,3,3,2,2,2,2,2,2,2,3,3,3,2,3,4,4,4,6,5,3,4,3,3,2,2,3,4,3,3,3,4,4,4,4,4,3,4,5,6,5,5,4,3,2,3,6,5,3,4,5,4,5,6,5,5,4,5,4,4,5,5,3,3,2,2,3,4,2,2,3,3,3,3,4,3,4,3,1,2,3,3,1,0,1,1,1,1,0,3,5,2,4,4,3,2,3,5,5,4,5,5,3,2,3,3,5,2,2,2,2,3,3,3,4,4,4,4,4,3,3,3,2,2,4,4,5,6,3,1,0,1,3,2,1,3,3,6,5,2,2,3,3,3,4,4,4,4,4,6,5,3,3,8,9,4,4,4,3,3,2,2,2,2,2,2,2,2,3,3,4,2,3,3,3,4,4,3,1,2,4,5,4,4,4,1,2,2,1,2,2,2,2,3,3,1,2,3,2,3,3,4,3,3,3,3,2,2,2,1,1,1,1,1,1,1,2,2,2,2,2,2,1,1,2,2,2,1,1,3,4,3,2,2,3,5,4,2,1,0,0,1,4,4,5,4,5,5,4,4,3,2,3,3,5,5,4,3,3,2,3,3,4,5,4,3,2,2,4,3,3,2,2,2,2,3,3,1,1,2,1,2,2,2,4,4,3,3,3,3,3,2,1,2,2,3,4,4,5,3,3,3,3,4,4,3,3,5,5,4,4,4,3,1,3,4,5,2,2,4,5,4,2,2,2,2,1,2,2,1,3,3,3,3,4,3,3,3,4,5,3,2,3,2,1,2,4,3,3,3,4,4,4,4,2,1,2,2,2,2,4,4,4,1,1,3,3,2,3,5,5,2,2,5,3,2,3,5,5,5,4,3,3,3,3,3,2,1,1,1,2,4,4,3,2,3,4,4,3,3,2,1,1,3,3,3,3,4,3,3,3,3,3,3,3,3,2,1,1,3,3,2,2,2,3,3,2,2,3,2,2,2,4,2,3,1,1,2,2,2,2,3,3,3,2,1,0,1,2,4,4,3,1,1,1,3,4,3,3,3,3,3,3,3,3
358,4,3,4,4,2,4,6,5,2,2,2,2,2,3,5,5,3,5,5,2,2,3,5,4,1,1,2,3,3,2,2,3,3,5,4,3,3,5,7,4,2,1,1,3,3,2,3,4,5,2,4,3,3,4,2,1,2,2,3,3,3,3,3,3,4,2,1,2,2,3,5,5,6,3,2,1,4,5,5,5,4,4,4,4,5,5,4,4,3,2,3,2,2,2,3,1,1,4,3,3,3,3,3,3,2,4,3,3,3,2,4,5,3,2,2,2,2,3,3,3,4,4,3,4,5,5,2,1,3,3,4,1,1,4,4,2,2,4,4,2,3,4,4,3,2,4,4,2,2,2,2,4,4,2,2,2,2,2,2,2,3,2,1,3,5,5,5,5,6,3,3,2,3,3,3,5,4,1,2,3,2,1,2,3,1,1,1,1,1,1,1,1,1,3,3,2,3,2,2,2,2,2,2,1,1,2,3,6,4,2,2,3,2,2,3,3,3,5,5,4,4,3,3,4,5,1,2,8,6,3,4,5,3,3,5,5,4,4,3,3,2,2,2,2,3,3,3,3,3,2,1,1,1,1,2,3,3,3,5,5,4,3,2,3,4,5,4,3,2,2,2,2,2,2,2,2,3,3,4,5,5,4,3,3,3,3,3,3,3,1,1,1,2,1,1,2,2,1,1,4,5,5,3,1,3,5,4,3,3,5,6,6,4,1,1,1,2,2,2,4,4,2,3,4,2,2,3,4,4,3,3,3,3,4,3,3,4,7,6,4,3,3,3,2,2,3,4,4,3,3,2,3,3,1,1,5,5,7,6,3,3,4,3,3,3,2,3,3,3,5,4,3,4,4,4,6,6,4,4,4,4,4,4,4,4,3,5,5,4,3,4,4,4,5,4,3,2,1,2,1,1,0,0,2,3,3,5,6,4,4,4,3,3,3,2,3,3,1,1,1,2,2,2,2,2,1,1,2,3,4,4,2,3,3,1,1,2,5,5,4,3,3,3,3,3,3,3,3,3,3,3,2,3,2,4,4,4,4,2,3,5,4,4,5,5,3,3,3,3,3,3,3,2,3,4,6,7,7,6,5,4,3,3,3,3,1,0,3,5,4,1,2,4,4,4,5,4,3,3,3,3,3,3,2,3,3,3,4,4,5,5,3,2,2,2,3,5,2,1,2,2,2,3,3,4,4,2,2,4,4,4,3,3,4,3,3,3,2,1,1,1,2,3,2,3,4,4,3,3,2,2,2,2,1,2,3,3,3,5,5,6,4,4,4,5,4,2,4,5,3,3,3,2,2,2,4,5,2,3,3,3,4,5,5,5,2,1,2,2,1,1,2,3,2,1,3,3,3,3,3,4,3,3,4,4,4,4,5,4,2,2,2,3,3,3,2,1,1,2,3,2,4,6,4,1,3,4,3,4,4,5,5,3,2,4,4,3,3,4,3,1,4,5,4,4,3,3,3,3,2,3,5,4,4,4,3,1,2,3,3,2,3,2,1,2,3,3,2,3,3,3,2,3,2,2,3,3,3,4,4,5,4,3,3,1,1,1,1,2,3,2,3,3,4,4,2,4,4,3,1,2,2,2,4,4,3,3,4,4,3,1,3,3,2,2,4,4,4,3,4,6,3,3,5,5,5,5,3,3,6,4,1,1,3,4,3,3,3,3,3,3,3,3,2,3,4,4,4,4,4,4,4,3,3,2,1,1,2,1,3,5,4,3,3,3,3,3,3,3,3,2,1,1,2,3,2,4,2,1,3,3,3,2,1,2,4,3,3,2,2,2,2,2,4,4,4,5,6,6,4,3,3,3,4,3,1,2,5,4,3,3,2,2,2,3,4,6,5,3,2,1,1,1,3,4,4,3,3,3,3,3,3,4,2,1,1,2,3,3,3,3,4,5,5,4,3,3,4,5,4,3,4,4,4,5,5,4,3,3,3,3,4,4,5,5,3,2,1,1,3,3,3,6,4,3,4,2,2,3,4,4,2,3,4,4,3,4,5,4,2,3,2,2,3,3,2,3,3,4,3,4,4,2,2,3,2,3,3,5,5,1,2,2,4,2,2,2,2,2,2,2,5,4,4,5,4,4,5,4,3,3,3,3,3,3,3,3,2,2,3,3,1,1,2,1,2,3,3,4,4,4,4,5,5,4,2,3,2,3,4,4,2,3,3,3,4,4,4,3,2,2,2,3,3,3,3,4,3,3,3,2,2,1,2,5,5,3,3,6,7,6,4,3,2,2,1,1,2,3,4,4,2,2,2,2,1,2,2,2,4,4,3,3,2,2,1,1,1,2,3,3,4,4,4,5,4,3,3,3,3,3
359,6,2,1,2,3,4,2,2,2,2,3,3,3,3,3,4,3,3,2,2,2,2,2,2,3,2,2,2,2,2,1,2,2,2,3,2,3,3,4,3,3,3,3,4,3,4,4,5,4,2,3,3,1,1,1,3,5,4,4,4,4,3,3,3,3,2,2,2,2,2,2,2,2,4,4,3,3,2,2,1,1,6,6,5,4,4,4,4,4,1,1,3,2,2,2,3,3,3,3,4,3,3,2,4,5,5,3,2,2,1,2,4,1,3,2,3,4,3,4,4,2,6,6,4,4,3,3,2,1,5,7,4,2,3,5,3,4,6,4,5,4,4,4,2,2,3,3,2,2,3,3,3,3,2,3,3,3,3,3,3,4,4,4,5,5,5,5,4,3,2,2,2,2,2,2,2,3,5,4,3,4,5,3,0,1,2,1,2,2,2,2,2,1,3,4,4,3,4,3,3,4,3,2,2,2,2,2,2,2,2,2,2,2,2,2,2,1,1,2,2,2,2,1,1,3,3,3,3,4,4,4,6,7,5,4,4,4,3,3,4,4,3,3,4,4,5,5,4,4,2,3,3,3,3,3,4,3,2,2,1,1,1,1,1,2,4,4,3,3,3,4,5,5,5,3,3,2,3,2,3,1,0,0,1,1,1,2,3,2,2,2,4,4,4,3,2,2,1,1,1,1,1,1,1,2,3,4,5,4,4,3,2,2,2,3,3,4,4,5,4,4,1,3,5,5,5,3,2,2,1,2,2,4,3,4,4,3,3,3,3,3,3,3,3,3,4,4,4,5,5,4,4,4,3,3,3,3,3,3,3,4,3,4,4,3,2,3,2,1,5,3,2,2,4,5,4,3,3,3,4,4,4,3,3,4,5,5,5,4,4,4,4,4,2,2,3,2,2,2,1,3,3,3,3,3,3,3,3,3,5,4,2,2,2,3,2,3,3,3,5,5,4,2,3,4,3,3,3,2,2,2,3,3,1,1,1,2,3,3,5,4,3,1,1,1,2,3,5,2,4,3,1,1,1,2,4,3,2,2,2,1,1,1,1,1,3,4,4,4,2,1,1,2,4,4,4,4,3,4,4,4,4,4,4,4,3,3,4,4,2,2,2,2,3,3,4,4,3,3,4,4,4,4,4,4,1,1,2,3,4,5,4,3,3,2,1,2,2,2,2,2,2,1,1,3,5,5,4,2,2,2,3,3,3,3,3,3,2,3,3,3,3,3,3,3,4,4,2,1,1,2,3,4,4,3,3,3,3,4,4,4,4,3,3,3,3,2,2,2,1,1,2,4,4,3,3,4,0,2,2,2,3,3,4,3,3,3,3,2,1,1,0,1,2,2,2,1,1,1,2,2,3,2,4,5,4,5,6,4,4,3,3,3,4,3,3,2,3,4,3,3,2,2,3,3,2,3,1,1,2,2,2,4,1,0,2,4,4,4,2,0,2,1,1,1,1,1,1,0,4,5,4,4,5,5,5,7,6,3,2,3,2,2,2,2,5,6,3,2,1,2,1,1,2,3,3,3,1,2,3,2,2,3,3,1,1,3,3,5,2,0,2,4,4,4,2,0,2,3,2,1,2,2,3,4,7,6,3,3,1,2,1,2,4,3,3,3,3,4,2,2,4,4,3,3,3,2,2,2,3,4,3,3,3,3,3,2,0,1,3,3,3,3,4,4,4,2,3,4,3,3,3,2,3,5,2,2,4,3,4,3,3,4,4,4,3,2,2,3,3,2,2,2,2,2,2,2,1,1,2,3,3,3,1,2,2,2,3,3,3,3,3,3,3,3,4,3,3,4,4,4,5,6,5,4,4,4,4,3,1,1,3,4,4,3,2,1,2,2,3,3,3,3,3,3,2,2,4,5,4,5,5,3,2,2,3,4,3,3,3,3,3,2,2,2,2,4,3,3,3,2,2,4,6,8,8,4,5,5,4,3,2,3,2,4,3,2,3,3,2,2,2,2,3,3,2,3,3,4,3,3,0,0,1,2,4,5,5,6,7,5,3,3,4,4,3,1,2,2,2,2,2,1,1,1,0,1,2,2,2,2,6,7,6,6,6,4,4,2,2,3,1,2,2,2,2,4,5,3,2,2,3,3,3,3,3,2,4,5,4,4,4,3,2,2,2,1,2,1,2,2,3,2,4,2,2,1,3,3,3,1,1,1,1,2,2,3,3,5,4,5,4,2,1,0,0,2,5,4,2,3,3,5,6,5,3,3,3,3,3,3,3,3,2,2,1,1,1,2,3,4,1,1,2,2,3,4,2,2,1,1,1,2,2,2,3,4,2,1,1,1,1,1,1,2,5,5,5,5,5,5
